ISO-10303-21;
HEADER;
FILE_DESCRIPTION(('Open CASCADE Model'),'2;1');
FILE_NAME('Open CASCADE Shape Model','2026-09-29T20:38:19',('Author'),(
    'Open CASCADE'),'Open CASCADE STEP processor 7.9','build123d',
  'Unknown');
FILE_SCHEMA(('AUTOMOTIVE_DESIGN { 1 0 10303 214 1 1 1 1 }'));
ENDSEC;
DATA;
#1 = APPLICATION_PROTOCOL_DEFINITION('international standard',
  'automotive_design',2000,#2);
#2 = APPLICATION_CONTEXT(
  'core data for automotive mechanical design processes');
#3 = SHAPE_DEFINITION_REPRESENTATION(#4,#10);
#4 = PRODUCT_DEFINITION_SHAPE('','',#5);
#5 = PRODUCT_DEFINITION('design','',#6,#9);
#6 = PRODUCT_DEFINITION_FORMATION('','',#7);
#7 = PRODUCT('COMPOUND','COMPOUND','',(#8));
#8 = PRODUCT_CONTEXT('',#2,'mechanical');
#9 = PRODUCT_DEFINITION_CONTEXT('part definition',#2,'design');
#10 = ADVANCED_BREP_SHAPE_REPRESENTATION('',(#11,#15),#6424);
#11 = AXIS2_PLACEMENT_3D('',#12,#13,#14);
#12 = CARTESIAN_POINT('',(0.,0.,0.));
#13 = DIRECTION('',(0.,0.,1.));
#14 = DIRECTION('',(1.,0.,-0.));
#15 = MANIFOLD_SOLID_BREP('',#16);
#16 = CLOSED_SHELL('',(#17,#854,#966,#1019,#1067,#1222,#1296,#1343,#1391
    ,#1536,#1616,#1671,#1719,#1768,#1843,#1898,#1946,#1995,#2074,#2129,
    #2177,#2320,#2399,#2446,#2494,#2667,#2747,#2795,#2843,#2917,#2992,
    #3017,#3712,#3739,#3770,#3843,#3870,#3877,#4000,#4007,#4034,#4089,
    #4116,#4123,#4178,#4205,#4232,#4279,#4306,#4333,#4340,#4404,#4446,
    #4488,#4530,#4572,#4614,#4656,#4677,#4753,#4802,#4851,#4905,#4954,
    #5003,#5052,#5106,#5155,#5187,#5191,#5195,#5243,#5351,#5420,#5489,
    #5558,#5622,#5662,#5767,#5809,#5917,#5988,#6052,#6094,#6168,#6242,
    #6301,#6345,#6350,#6357,#6361,#6420));
#17 = ADVANCED_FACE('',(#18),#32,.T.);
#18 = FACE_BOUND('',#19,.T.);
#19 = EDGE_LOOP('',(#20,#55,#82,#108,#134,#161,#188,#215,#241,#267,#294,
    #320,#346,#373,#400,#427,#453,#479,#506,#534,#560,#586,#620,#646,
    #680,#706,#740,#766,#792,#820));
#20 = ORIENTED_EDGE('',*,*,#21,.T.);
#21 = EDGE_CURVE('',#22,#24,#26,.T.);
#22 = VERTEX_POINT('',#23);
#23 = CARTESIAN_POINT('',(-99.2,3.,8.992593003887));
#24 = VERTEX_POINT('',#25);
#25 = CARTESIAN_POINT('',(-99.2,90.05,12.84));
#26 = SURFACE_CURVE('',#27,(#31,#43),.PCURVE_S1.);
#27 = LINE('',#28,#29);
#28 = CARTESIAN_POINT('',(-99.2,0.,8.86));
#29 = VECTOR('',#30,1.);
#30 = DIRECTION('',(0.,0.999024711712,4.415456249432E-02));
#31 = PCURVE('',#32,#37);
#32 = PLANE('',#33);
#33 = AXIS2_PLACEMENT_3D('',#34,#35,#36);
#34 = CARTESIAN_POINT('',(0.,0.,8.86));
#35 = DIRECTION('',(0.,4.415456249432E-02,-0.999024711712));
#36 = DIRECTION('',(0.,0.999024711712,4.415456249432E-02));
#37 = DEFINITIONAL_REPRESENTATION('',(#38),#42);
#38 = LINE('',#39,#40);
#39 = CARTESIAN_POINT('',(0.,-99.2));
#40 = VECTOR('',#41,1.);
#41 = DIRECTION('',(1.,0.));
#42 = ( GEOMETRIC_REPRESENTATION_CONTEXT(2) 
PARAMETRIC_REPRESENTATION_CONTEXT() REPRESENTATION_CONTEXT('2D SPACE',''
  ) );
#43 = PCURVE('',#44,#49);
#44 = PLANE('',#45);
#45 = AXIS2_PLACEMENT_3D('',#46,#47,#48);
#46 = CARTESIAN_POINT('',(-99.2,45.025,16.05));
#47 = DIRECTION('',(1.,0.,0.));
#48 = DIRECTION('',(0.,1.,0.));
#49 = DEFINITIONAL_REPRESENTATION('',(#50),#54);
#50 = LINE('',#51,#52);
#51 = CARTESIAN_POINT('',(-45.025,-7.19));
#52 = VECTOR('',#53,1.);
#53 = DIRECTION('',(0.999024711712,4.415456249432E-02));
#54 = ( GEOMETRIC_REPRESENTATION_CONTEXT(2) 
PARAMETRIC_REPRESENTATION_CONTEXT() REPRESENTATION_CONTEXT('2D SPACE',''
  ) );
#55 = ORIENTED_EDGE('',*,*,#56,.T.);
#56 = EDGE_CURVE('',#24,#57,#59,.T.);
#57 = VERTEX_POINT('',#58);
#58 = CARTESIAN_POINT('',(-96.8,90.05,12.84));
#59 = SURFACE_CURVE('',#60,(#64,#71),.PCURVE_S1.);
#60 = LINE('',#61,#62);
#61 = CARTESIAN_POINT('',(-99.2,90.05,12.84));
#62 = VECTOR('',#63,1.);
#63 = DIRECTION('',(1.,0.,0.));
#64 = PCURVE('',#32,#65);
#65 = DEFINITIONAL_REPRESENTATION('',(#66),#70);
#66 = LINE('',#67,#68);
#67 = CARTESIAN_POINT('',(90.137910448379,-99.2));
#68 = VECTOR('',#69,1.);
#69 = DIRECTION('',(0.,1.));
#70 = ( GEOMETRIC_REPRESENTATION_CONTEXT(2) 
PARAMETRIC_REPRESENTATION_CONTEXT() REPRESENTATION_CONTEXT('2D SPACE',''
  ) );
#71 = PCURVE('',#72,#77);
#72 = CYLINDRICAL_SURFACE('',#73,5.2);
#73 = AXIS2_PLACEMENT_3D('',#74,#75,#76);
#74 = CARTESIAN_POINT('',(-99.2,90.05,18.04));
#75 = DIRECTION('',(1.,0.,2.22044604925E-16));
#76 = DIRECTION('',(2.22044604925E-16,0.,-1.));
#77 = DEFINITIONAL_REPRESENTATION('',(#78),#81);
#78 = B_SPLINE_CURVE_WITH_KNOTS('',1,(#79,#80),.UNSPECIFIED.,.F.,.F.,(2,
    2),(0.,198.4),.PIECEWISE_BEZIER_KNOTS.);
#79 = CARTESIAN_POINT('',(0.,0.));
#80 = CARTESIAN_POINT('',(0.,198.4));
#81 = ( GEOMETRIC_REPRESENTATION_CONTEXT(2) 
PARAMETRIC_REPRESENTATION_CONTEXT() REPRESENTATION_CONTEXT('2D SPACE',''
  ) );
#82 = ORIENTED_EDGE('',*,*,#83,.T.);
#83 = EDGE_CURVE('',#57,#84,#86,.T.);
#84 = VERTEX_POINT('',#85);
#85 = CARTESIAN_POINT('',(-96.8,86.898493911094,12.700710780302));
#86 = SURFACE_CURVE('',#87,(#91,#97),.PCURVE_S1.);
#87 = LINE('',#88,#89);
#88 = CARTESIAN_POINT('',(-96.8,45.139689897573,10.855069026012));
#89 = VECTOR('',#90,1.);
#90 = DIRECTION('',(9.804282384688E-18,-0.999024711712,
    -4.415456249432E-02));
#91 = PCURVE('',#32,#92);
#92 = DEFINITIONAL_REPRESENTATION('',(#93),#96);
#93 = B_SPLINE_CURVE_WITH_KNOTS('',1,(#94,#95),.UNSPECIFIED.,.F.,.F.,(2,
    2),(-44.9541533617,-38.7481006712),.PIECEWISE_BEZIER_KNOTS.);
#94 = CARTESIAN_POINT('',(90.137910448379,-96.8));
#95 = CARTESIAN_POINT('',(83.931857757874,-96.8));
#96 = ( GEOMETRIC_REPRESENTATION_CONTEXT(2) 
PARAMETRIC_REPRESENTATION_CONTEXT() REPRESENTATION_CONTEXT('2D SPACE',''
  ) );
#97 = PCURVE('',#98,#103);
#98 = PLANE('',#99);
#99 = AXIS2_PLACEMENT_3D('',#100,#101,#102);
#100 = CARTESIAN_POINT('',(-96.8,90.05,18.04));
#101 = DIRECTION('',(1.,0.,2.22044604925E-16));
#102 = DIRECTION('',(2.22044604925E-16,0.,-1.));
#103 = DEFINITIONAL_REPRESENTATION('',(#104),#107);
#104 = B_SPLINE_CURVE_WITH_KNOTS('',1,(#105,#106),.UNSPECIFIED.,.F.,.F.,
  (2,2),(-44.9541533617,-38.7481006712),.PIECEWISE_BEZIER_KNOTS.);
#105 = CARTESIAN_POINT('',(5.2,2.41836936667E-15));
#106 = CARTESIAN_POINT('',(5.474025541366,-6.2));
#107 = ( GEOMETRIC_REPRESENTATION_CONTEXT(2) 
PARAMETRIC_REPRESENTATION_CONTEXT() REPRESENTATION_CONTEXT('2D SPACE',''
  ) );
#108 = ORIENTED_EDGE('',*,*,#109,.T.);
#109 = EDGE_CURVE('',#84,#110,#112,.T.);
#110 = VERTEX_POINT('',#111);
#111 = CARTESIAN_POINT('',(-90.4,86.898493911094,12.700710780302));
#112 = SURFACE_CURVE('',#113,(#117,#123),.PCURVE_S1.);
#113 = LINE('',#114,#115);
#114 = CARTESIAN_POINT('',(-96.8,86.898493911094,12.700710780302));
#115 = VECTOR('',#116,1.);
#116 = DIRECTION('',(1.,0.,2.22044604925E-16));
#117 = PCURVE('',#32,#118);
#118 = DEFINITIONAL_REPRESENTATION('',(#119),#122);
#119 = B_SPLINE_CURVE_WITH_KNOTS('',1,(#120,#121),.UNSPECIFIED.,.F.,.F.,
  (2,2),(-5.999999928008E-07,6.4000006),.PIECEWISE_BEZIER_KNOTS.);
#120 = CARTESIAN_POINT('',(86.983327731896,-96.8000006));
#121 = CARTESIAN_POINT('',(86.983327731896,-90.3999994));
#122 = ( GEOMETRIC_REPRESENTATION_CONTEXT(2) 
PARAMETRIC_REPRESENTATION_CONTEXT() REPRESENTATION_CONTEXT('2D SPACE',''
  ) );
#123 = PCURVE('',#124,#129);
#124 = CYLINDRICAL_SURFACE('',#125,6.2);
#125 = AXIS2_PLACEMENT_3D('',#126,#127,#128);
#126 = CARTESIAN_POINT('',(-96.8,90.05,18.04));
#127 = DIRECTION('',(1.,0.,2.22044604925E-16));
#128 = DIRECTION('',(2.22044604925E-16,0.,-1.));
#129 = DEFINITIONAL_REPRESENTATION('',(#130),#133);
#130 = B_SPLINE_CURVE_WITH_KNOTS('',1,(#131,#132),.UNSPECIFIED.,.F.,.F.,
  (2,2),(-5.999999928008E-07,6.4000006),.PIECEWISE_BEZIER_KNOTS.);
#131 = CARTESIAN_POINT('',(5.749967073014,-5.999999939864E-07));
#132 = CARTESIAN_POINT('',(5.749967073014,6.4000006));
#133 = ( GEOMETRIC_REPRESENTATION_CONTEXT(2) 
PARAMETRIC_REPRESENTATION_CONTEXT() REPRESENTATION_CONTEXT('2D SPACE',''
  ) );
#134 = ORIENTED_EDGE('',*,*,#135,.F.);
#135 = EDGE_CURVE('',#136,#110,#138,.T.);
#136 = VERTEX_POINT('',#137);
#137 = CARTESIAN_POINT('',(-90.4,90.05,12.84));
#138 = SURFACE_CURVE('',#139,(#143,#149),.PCURVE_S1.);
#139 = LINE('',#140,#141);
#140 = CARTESIAN_POINT('',(-90.4,45.139689897573,10.855069026012));
#141 = VECTOR('',#142,1.);
#142 = DIRECTION('',(9.804282384688E-18,-0.999024711712,
    -4.415456249432E-02));
#143 = PCURVE('',#32,#144);
#144 = DEFINITIONAL_REPRESENTATION('',(#145),#148);
#145 = B_SPLINE_CURVE_WITH_KNOTS('',1,(#146,#147),.UNSPECIFIED.,.F.,.F.,
  (2,2),(-44.9541533617,-38.7481006712),.PIECEWISE_BEZIER_KNOTS.);
#146 = CARTESIAN_POINT('',(90.137910448379,-90.4));
#147 = CARTESIAN_POINT('',(83.931857757874,-90.4));
#148 = ( GEOMETRIC_REPRESENTATION_CONTEXT(2) 
PARAMETRIC_REPRESENTATION_CONTEXT() REPRESENTATION_CONTEXT('2D SPACE',''
  ) );
#149 = PCURVE('',#150,#155);
#150 = PLANE('',#151);
#151 = AXIS2_PLACEMENT_3D('',#152,#153,#154);
#152 = CARTESIAN_POINT('',(-90.4,90.05,18.04));
#153 = DIRECTION('',(1.,0.,2.22044604925E-16));
#154 = DIRECTION('',(2.22044604925E-16,0.,-1.));
#155 = DEFINITIONAL_REPRESENTATION('',(#156),#160);
#156 = LINE('',#157,#158);
#157 = CARTESIAN_POINT('',(7.184930973988,-44.91031010242));
#158 = VECTOR('',#159,1.);
#159 = DIRECTION('',(4.415456249432E-02,-0.999024711712));
#160 = ( GEOMETRIC_REPRESENTATION_CONTEXT(2) 
PARAMETRIC_REPRESENTATION_CONTEXT() REPRESENTATION_CONTEXT('2D SPACE',''
  ) );
#161 = ORIENTED_EDGE('',*,*,#162,.T.);
#162 = EDGE_CURVE('',#136,#163,#165,.T.);
#163 = VERTEX_POINT('',#164);
#164 = CARTESIAN_POINT('',(-84.6,90.05,12.84));
#165 = SURFACE_CURVE('',#166,(#170,#177),.PCURVE_S1.);
#166 = LINE('',#167,#168);
#167 = CARTESIAN_POINT('',(-99.2,90.05,12.84));
#168 = VECTOR('',#169,1.);
#169 = DIRECTION('',(1.,0.,0.));
#170 = PCURVE('',#32,#171);
#171 = DEFINITIONAL_REPRESENTATION('',(#172),#176);
#172 = LINE('',#173,#174);
#173 = CARTESIAN_POINT('',(90.137910448379,-99.2));
#174 = VECTOR('',#175,1.);
#175 = DIRECTION('',(0.,1.));
#176 = ( GEOMETRIC_REPRESENTATION_CONTEXT(2) 
PARAMETRIC_REPRESENTATION_CONTEXT() REPRESENTATION_CONTEXT('2D SPACE',''
  ) );
#177 = PCURVE('',#178,#183);
#178 = CYLINDRICAL_SURFACE('',#179,5.2);
#179 = AXIS2_PLACEMENT_3D('',#180,#181,#182);
#180 = CARTESIAN_POINT('',(-99.2,90.05,18.04));
#181 = DIRECTION('',(1.,0.,2.22044604925E-16));
#182 = DIRECTION('',(2.22044604925E-16,0.,-1.));
#183 = DEFINITIONAL_REPRESENTATION('',(#184),#187);
#184 = B_SPLINE_CURVE_WITH_KNOTS('',1,(#185,#186),.UNSPECIFIED.,.F.,.F.,
  (2,2),(0.,198.4),.PIECEWISE_BEZIER_KNOTS.);
#185 = CARTESIAN_POINT('',(0.,0.));
#186 = CARTESIAN_POINT('',(0.,198.4));
#187 = ( GEOMETRIC_REPRESENTATION_CONTEXT(2) 
PARAMETRIC_REPRESENTATION_CONTEXT() REPRESENTATION_CONTEXT('2D SPACE',''
  ) );
#188 = ORIENTED_EDGE('',*,*,#189,.T.);
#189 = EDGE_CURVE('',#163,#190,#192,.T.);
#190 = VERTEX_POINT('',#191);
#191 = CARTESIAN_POINT('',(-84.6,86.898493911094,12.700710780302));
#192 = SURFACE_CURVE('',#193,(#197,#203),.PCURVE_S1.);
#193 = LINE('',#194,#195);
#194 = CARTESIAN_POINT('',(-84.6,45.139689897573,10.855069026012));
#195 = VECTOR('',#196,1.);
#196 = DIRECTION('',(9.804282384688E-18,-0.999024711712,
    -4.415456249432E-02));
#197 = PCURVE('',#32,#198);
#198 = DEFINITIONAL_REPRESENTATION('',(#199),#202);
#199 = B_SPLINE_CURVE_WITH_KNOTS('',1,(#200,#201),.UNSPECIFIED.,.F.,.F.,
  (2,2),(-44.9541533617,-38.7481006712),.PIECEWISE_BEZIER_KNOTS.);
#200 = CARTESIAN_POINT('',(90.137910448379,-84.6));
#201 = CARTESIAN_POINT('',(83.931857757874,-84.6));
#202 = ( GEOMETRIC_REPRESENTATION_CONTEXT(2) 
PARAMETRIC_REPRESENTATION_CONTEXT() REPRESENTATION_CONTEXT('2D SPACE',''
  ) );
#203 = PCURVE('',#204,#209);
#204 = PLANE('',#205);
#205 = AXIS2_PLACEMENT_3D('',#206,#207,#208);
#206 = CARTESIAN_POINT('',(-84.6,90.05,18.04));
#207 = DIRECTION('',(1.,0.,2.22044604925E-16));
#208 = DIRECTION('',(2.22044604925E-16,0.,-1.));
#209 = DEFINITIONAL_REPRESENTATION('',(#210),#214);
#210 = LINE('',#211,#212);
#211 = CARTESIAN_POINT('',(7.184930973988,-44.91031010242));
#212 = VECTOR('',#213,1.);
#213 = DIRECTION('',(4.415456249432E-02,-0.999024711712));
#214 = ( GEOMETRIC_REPRESENTATION_CONTEXT(2) 
PARAMETRIC_REPRESENTATION_CONTEXT() REPRESENTATION_CONTEXT('2D SPACE',''
  ) );
#215 = ORIENTED_EDGE('',*,*,#216,.T.);
#216 = EDGE_CURVE('',#190,#217,#219,.T.);
#217 = VERTEX_POINT('',#218);
#218 = CARTESIAN_POINT('',(-78.2,86.898493911094,12.700710780302));
#219 = SURFACE_CURVE('',#220,(#224,#230),.PCURVE_S1.);
#220 = LINE('',#221,#222);
#221 = CARTESIAN_POINT('',(-84.6,86.898493911094,12.700710780302));
#222 = VECTOR('',#223,1.);
#223 = DIRECTION('',(1.,0.,2.22044604925E-16));
#224 = PCURVE('',#32,#225);
#225 = DEFINITIONAL_REPRESENTATION('',(#226),#229);
#226 = B_SPLINE_CURVE_WITH_KNOTS('',1,(#227,#228),.UNSPECIFIED.,.F.,.F.,
  (2,2),(-5.999999928008E-07,6.4000006),.PIECEWISE_BEZIER_KNOTS.);
#227 = CARTESIAN_POINT('',(86.983327731896,-84.6000006));
#228 = CARTESIAN_POINT('',(86.983327731896,-78.1999994));
#229 = ( GEOMETRIC_REPRESENTATION_CONTEXT(2) 
PARAMETRIC_REPRESENTATION_CONTEXT() REPRESENTATION_CONTEXT('2D SPACE',''
  ) );
#230 = PCURVE('',#231,#236);
#231 = CYLINDRICAL_SURFACE('',#232,6.2);
#232 = AXIS2_PLACEMENT_3D('',#233,#234,#235);
#233 = CARTESIAN_POINT('',(-84.6,90.05,18.04));
#234 = DIRECTION('',(1.,0.,2.22044604925E-16));
#235 = DIRECTION('',(2.22044604925E-16,0.,-1.));
#236 = DEFINITIONAL_REPRESENTATION('',(#237),#240);
#237 = B_SPLINE_CURVE_WITH_KNOTS('',1,(#238,#239),.UNSPECIFIED.,.F.,.F.,
  (2,2),(-5.999999928008E-07,6.4000006),.PIECEWISE_BEZIER_KNOTS.);
#238 = CARTESIAN_POINT('',(5.749967073014,-5.999999939864E-07));
#239 = CARTESIAN_POINT('',(5.749967073014,6.4000006));
#240 = ( GEOMETRIC_REPRESENTATION_CONTEXT(2) 
PARAMETRIC_REPRESENTATION_CONTEXT() REPRESENTATION_CONTEXT('2D SPACE',''
  ) );
#241 = ORIENTED_EDGE('',*,*,#242,.F.);
#242 = EDGE_CURVE('',#243,#217,#245,.T.);
#243 = VERTEX_POINT('',#244);
#244 = CARTESIAN_POINT('',(-78.2,90.05,12.84));
#245 = SURFACE_CURVE('',#246,(#250,#256),.PCURVE_S1.);
#246 = LINE('',#247,#248);
#247 = CARTESIAN_POINT('',(-78.2,45.139689897573,10.855069026012));
#248 = VECTOR('',#249,1.);
#249 = DIRECTION('',(9.804282384688E-18,-0.999024711712,
    -4.415456249432E-02));
#250 = PCURVE('',#32,#251);
#251 = DEFINITIONAL_REPRESENTATION('',(#252),#255);
#252 = B_SPLINE_CURVE_WITH_KNOTS('',1,(#253,#254),.UNSPECIFIED.,.F.,.F.,
  (2,2),(-44.9541533617,-38.7481006712),.PIECEWISE_BEZIER_KNOTS.);
#253 = CARTESIAN_POINT('',(90.137910448379,-78.2));
#254 = CARTESIAN_POINT('',(83.931857757874,-78.2));
#255 = ( GEOMETRIC_REPRESENTATION_CONTEXT(2) 
PARAMETRIC_REPRESENTATION_CONTEXT() REPRESENTATION_CONTEXT('2D SPACE',''
  ) );
#256 = PCURVE('',#257,#262);
#257 = PLANE('',#258);
#258 = AXIS2_PLACEMENT_3D('',#259,#260,#261);
#259 = CARTESIAN_POINT('',(-78.2,90.05,18.04));
#260 = DIRECTION('',(1.,0.,2.22044604925E-16));
#261 = DIRECTION('',(2.22044604925E-16,0.,-1.));
#262 = DEFINITIONAL_REPRESENTATION('',(#263),#266);
#263 = B_SPLINE_CURVE_WITH_KNOTS('',1,(#264,#265),.UNSPECIFIED.,.F.,.F.,
  (2,2),(-44.9541533617,-38.7481006712),.PIECEWISE_BEZIER_KNOTS.);
#264 = CARTESIAN_POINT('',(5.2,2.41836936667E-15));
#265 = CARTESIAN_POINT('',(5.474025541366,-6.2));
#266 = ( GEOMETRIC_REPRESENTATION_CONTEXT(2) 
PARAMETRIC_REPRESENTATION_CONTEXT() REPRESENTATION_CONTEXT('2D SPACE',''
  ) );
#267 = ORIENTED_EDGE('',*,*,#268,.T.);
#268 = EDGE_CURVE('',#243,#269,#271,.T.);
#269 = VERTEX_POINT('',#270);
#270 = CARTESIAN_POINT('',(78.2,90.05,12.84));
#271 = SURFACE_CURVE('',#272,(#276,#283),.PCURVE_S1.);
#272 = LINE('',#273,#274);
#273 = CARTESIAN_POINT('',(-99.2,90.05,12.84));
#274 = VECTOR('',#275,1.);
#275 = DIRECTION('',(1.,0.,0.));
#276 = PCURVE('',#32,#277);
#277 = DEFINITIONAL_REPRESENTATION('',(#278),#282);
#278 = LINE('',#279,#280);
#279 = CARTESIAN_POINT('',(90.137910448379,-99.2));
#280 = VECTOR('',#281,1.);
#281 = DIRECTION('',(0.,1.));
#282 = ( GEOMETRIC_REPRESENTATION_CONTEXT(2) 
PARAMETRIC_REPRESENTATION_CONTEXT() REPRESENTATION_CONTEXT('2D SPACE',''
  ) );
#283 = PCURVE('',#284,#289);
#284 = CYLINDRICAL_SURFACE('',#285,5.2);
#285 = AXIS2_PLACEMENT_3D('',#286,#287,#288);
#286 = CARTESIAN_POINT('',(-99.2,90.05,18.04));
#287 = DIRECTION('',(1.,0.,2.22044604925E-16));
#288 = DIRECTION('',(2.22044604925E-16,0.,-1.));
#289 = DEFINITIONAL_REPRESENTATION('',(#290),#293);
#290 = B_SPLINE_CURVE_WITH_KNOTS('',1,(#291,#292),.UNSPECIFIED.,.F.,.F.,
  (2,2),(0.,198.4),.PIECEWISE_BEZIER_KNOTS.);
#291 = CARTESIAN_POINT('',(0.,0.));
#292 = CARTESIAN_POINT('',(0.,198.4));
#293 = ( GEOMETRIC_REPRESENTATION_CONTEXT(2) 
PARAMETRIC_REPRESENTATION_CONTEXT() REPRESENTATION_CONTEXT('2D SPACE',''
  ) );
#294 = ORIENTED_EDGE('',*,*,#295,.T.);
#295 = EDGE_CURVE('',#269,#296,#298,.T.);
#296 = VERTEX_POINT('',#297);
#297 = CARTESIAN_POINT('',(78.2,86.898493911094,12.700710780302));
#298 = SURFACE_CURVE('',#299,(#303,#309),.PCURVE_S1.);
#299 = LINE('',#300,#301);
#300 = CARTESIAN_POINT('',(78.2,45.139689897573,10.855069026012));
#301 = VECTOR('',#302,1.);
#302 = DIRECTION('',(9.804282384688E-18,-0.999024711712,
    -4.415456249432E-02));
#303 = PCURVE('',#32,#304);
#304 = DEFINITIONAL_REPRESENTATION('',(#305),#308);
#305 = B_SPLINE_CURVE_WITH_KNOTS('',1,(#306,#307),.UNSPECIFIED.,.F.,.F.,
  (2,2),(-44.9541533617,-38.7481006712),.PIECEWISE_BEZIER_KNOTS.);
#306 = CARTESIAN_POINT('',(90.137910448379,78.2));
#307 = CARTESIAN_POINT('',(83.931857757874,78.2));
#308 = ( GEOMETRIC_REPRESENTATION_CONTEXT(2) 
PARAMETRIC_REPRESENTATION_CONTEXT() REPRESENTATION_CONTEXT('2D SPACE',''
  ) );
#309 = PCURVE('',#310,#315);
#310 = PLANE('',#311);
#311 = AXIS2_PLACEMENT_3D('',#312,#313,#314);
#312 = CARTESIAN_POINT('',(78.2,90.05,18.04));
#313 = DIRECTION('',(1.,0.,2.22044604925E-16));
#314 = DIRECTION('',(2.22044604925E-16,0.,-1.));
#315 = DEFINITIONAL_REPRESENTATION('',(#316),#319);
#316 = B_SPLINE_CURVE_WITH_KNOTS('',1,(#317,#318),.UNSPECIFIED.,.F.,.F.,
  (2,2),(-44.9541533617,-38.7481006712),.PIECEWISE_BEZIER_KNOTS.);
#317 = CARTESIAN_POINT('',(5.2,2.41836936667E-15));
#318 = CARTESIAN_POINT('',(5.474025541366,-6.2));
#319 = ( GEOMETRIC_REPRESENTATION_CONTEXT(2) 
PARAMETRIC_REPRESENTATION_CONTEXT() REPRESENTATION_CONTEXT('2D SPACE',''
  ) );
#320 = ORIENTED_EDGE('',*,*,#321,.T.);
#321 = EDGE_CURVE('',#296,#322,#324,.T.);
#322 = VERTEX_POINT('',#323);
#323 = CARTESIAN_POINT('',(84.6,86.898493911094,12.700710780302));
#324 = SURFACE_CURVE('',#325,(#329,#335),.PCURVE_S1.);
#325 = LINE('',#326,#327);
#326 = CARTESIAN_POINT('',(78.2,86.898493911094,12.700710780302));
#327 = VECTOR('',#328,1.);
#328 = DIRECTION('',(1.,0.,2.22044604925E-16));
#329 = PCURVE('',#32,#330);
#330 = DEFINITIONAL_REPRESENTATION('',(#331),#334);
#331 = B_SPLINE_CURVE_WITH_KNOTS('',1,(#332,#333),.UNSPECIFIED.,.F.,.F.,
  (2,2),(-5.999999928008E-07,6.4000006),.PIECEWISE_BEZIER_KNOTS.);
#332 = CARTESIAN_POINT('',(86.983327731896,78.1999994));
#333 = CARTESIAN_POINT('',(86.983327731896,84.6000006));
#334 = ( GEOMETRIC_REPRESENTATION_CONTEXT(2) 
PARAMETRIC_REPRESENTATION_CONTEXT() REPRESENTATION_CONTEXT('2D SPACE',''
  ) );
#335 = PCURVE('',#336,#341);
#336 = CYLINDRICAL_SURFACE('',#337,6.2);
#337 = AXIS2_PLACEMENT_3D('',#338,#339,#340);
#338 = CARTESIAN_POINT('',(78.2,90.05,18.04));
#339 = DIRECTION('',(1.,0.,2.22044604925E-16));
#340 = DIRECTION('',(2.22044604925E-16,0.,-1.));
#341 = DEFINITIONAL_REPRESENTATION('',(#342),#345);
#342 = B_SPLINE_CURVE_WITH_KNOTS('',1,(#343,#344),.UNSPECIFIED.,.F.,.F.,
  (2,2),(-5.999999928008E-07,6.4000006),.PIECEWISE_BEZIER_KNOTS.);
#343 = CARTESIAN_POINT('',(5.749967073014,-5.999999939864E-07));
#344 = CARTESIAN_POINT('',(5.749967073014,6.4000006));
#345 = ( GEOMETRIC_REPRESENTATION_CONTEXT(2) 
PARAMETRIC_REPRESENTATION_CONTEXT() REPRESENTATION_CONTEXT('2D SPACE',''
  ) );
#346 = ORIENTED_EDGE('',*,*,#347,.F.);
#347 = EDGE_CURVE('',#348,#322,#350,.T.);
#348 = VERTEX_POINT('',#349);
#349 = CARTESIAN_POINT('',(84.6,90.05,12.84));
#350 = SURFACE_CURVE('',#351,(#355,#361),.PCURVE_S1.);
#351 = LINE('',#352,#353);
#352 = CARTESIAN_POINT('',(84.6,45.139689897573,10.855069026012));
#353 = VECTOR('',#354,1.);
#354 = DIRECTION('',(9.804282384688E-18,-0.999024711712,
    -4.415456249432E-02));
#355 = PCURVE('',#32,#356);
#356 = DEFINITIONAL_REPRESENTATION('',(#357),#360);
#357 = B_SPLINE_CURVE_WITH_KNOTS('',1,(#358,#359),.UNSPECIFIED.,.F.,.F.,
  (2,2),(-44.9541533617,-38.7481006712),.PIECEWISE_BEZIER_KNOTS.);
#358 = CARTESIAN_POINT('',(90.137910448379,84.6));
#359 = CARTESIAN_POINT('',(83.931857757874,84.6));
#360 = ( GEOMETRIC_REPRESENTATION_CONTEXT(2) 
PARAMETRIC_REPRESENTATION_CONTEXT() REPRESENTATION_CONTEXT('2D SPACE',''
  ) );
#361 = PCURVE('',#362,#367);
#362 = PLANE('',#363);
#363 = AXIS2_PLACEMENT_3D('',#364,#365,#366);
#364 = CARTESIAN_POINT('',(84.6,90.05,18.04));
#365 = DIRECTION('',(1.,0.,2.22044604925E-16));
#366 = DIRECTION('',(2.22044604925E-16,0.,-1.));
#367 = DEFINITIONAL_REPRESENTATION('',(#368),#372);
#368 = LINE('',#369,#370);
#369 = CARTESIAN_POINT('',(7.184930973988,-44.91031010242));
#370 = VECTOR('',#371,1.);
#371 = DIRECTION('',(4.415456249432E-02,-0.999024711712));
#372 = ( GEOMETRIC_REPRESENTATION_CONTEXT(2) 
PARAMETRIC_REPRESENTATION_CONTEXT() REPRESENTATION_CONTEXT('2D SPACE',''
  ) );
#373 = ORIENTED_EDGE('',*,*,#374,.T.);
#374 = EDGE_CURVE('',#348,#375,#377,.T.);
#375 = VERTEX_POINT('',#376);
#376 = CARTESIAN_POINT('',(90.4,90.05,12.84));
#377 = SURFACE_CURVE('',#378,(#382,#389),.PCURVE_S1.);
#378 = LINE('',#379,#380);
#379 = CARTESIAN_POINT('',(-99.2,90.05,12.84));
#380 = VECTOR('',#381,1.);
#381 = DIRECTION('',(1.,0.,0.));
#382 = PCURVE('',#32,#383);
#383 = DEFINITIONAL_REPRESENTATION('',(#384),#388);
#384 = LINE('',#385,#386);
#385 = CARTESIAN_POINT('',(90.137910448379,-99.2));
#386 = VECTOR('',#387,1.);
#387 = DIRECTION('',(0.,1.));
#388 = ( GEOMETRIC_REPRESENTATION_CONTEXT(2) 
PARAMETRIC_REPRESENTATION_CONTEXT() REPRESENTATION_CONTEXT('2D SPACE',''
  ) );
#389 = PCURVE('',#390,#395);
#390 = CYLINDRICAL_SURFACE('',#391,5.2);
#391 = AXIS2_PLACEMENT_3D('',#392,#393,#394);
#392 = CARTESIAN_POINT('',(-99.2,90.05,18.04));
#393 = DIRECTION('',(1.,0.,2.22044604925E-16));
#394 = DIRECTION('',(2.22044604925E-16,0.,-1.));
#395 = DEFINITIONAL_REPRESENTATION('',(#396),#399);
#396 = B_SPLINE_CURVE_WITH_KNOTS('',1,(#397,#398),.UNSPECIFIED.,.F.,.F.,
  (2,2),(0.,198.4),.PIECEWISE_BEZIER_KNOTS.);
#397 = CARTESIAN_POINT('',(0.,0.));
#398 = CARTESIAN_POINT('',(0.,198.4));
#399 = ( GEOMETRIC_REPRESENTATION_CONTEXT(2) 
PARAMETRIC_REPRESENTATION_CONTEXT() REPRESENTATION_CONTEXT('2D SPACE',''
  ) );
#400 = ORIENTED_EDGE('',*,*,#401,.T.);
#401 = EDGE_CURVE('',#375,#402,#404,.T.);
#402 = VERTEX_POINT('',#403);
#403 = CARTESIAN_POINT('',(90.4,86.898493911094,12.700710780302));
#404 = SURFACE_CURVE('',#405,(#409,#415),.PCURVE_S1.);
#405 = LINE('',#406,#407);
#406 = CARTESIAN_POINT('',(90.4,45.139689897573,10.855069026012));
#407 = VECTOR('',#408,1.);
#408 = DIRECTION('',(9.804282384688E-18,-0.999024711712,
    -4.415456249432E-02));
#409 = PCURVE('',#32,#410);
#410 = DEFINITIONAL_REPRESENTATION('',(#411),#414);
#411 = B_SPLINE_CURVE_WITH_KNOTS('',1,(#412,#413),.UNSPECIFIED.,.F.,.F.,
  (2,2),(-44.9541533617,-38.7481006712),.PIECEWISE_BEZIER_KNOTS.);
#412 = CARTESIAN_POINT('',(90.137910448379,90.4));
#413 = CARTESIAN_POINT('',(83.931857757874,90.4));
#414 = ( GEOMETRIC_REPRESENTATION_CONTEXT(2) 
PARAMETRIC_REPRESENTATION_CONTEXT() REPRESENTATION_CONTEXT('2D SPACE',''
  ) );
#415 = PCURVE('',#416,#421);
#416 = PLANE('',#417);
#417 = AXIS2_PLACEMENT_3D('',#418,#419,#420);
#418 = CARTESIAN_POINT('',(90.4,90.05,18.04));
#419 = DIRECTION('',(1.,0.,2.22044604925E-16));
#420 = DIRECTION('',(2.22044604925E-16,0.,-1.));
#421 = DEFINITIONAL_REPRESENTATION('',(#422),#426);
#422 = LINE('',#423,#424);
#423 = CARTESIAN_POINT('',(7.184930973988,-44.91031010242));
#424 = VECTOR('',#425,1.);
#425 = DIRECTION('',(4.415456249432E-02,-0.999024711712));
#426 = ( GEOMETRIC_REPRESENTATION_CONTEXT(2) 
PARAMETRIC_REPRESENTATION_CONTEXT() REPRESENTATION_CONTEXT('2D SPACE',''
  ) );
#427 = ORIENTED_EDGE('',*,*,#428,.T.);
#428 = EDGE_CURVE('',#402,#429,#431,.T.);
#429 = VERTEX_POINT('',#430);
#430 = CARTESIAN_POINT('',(96.8,86.898493911094,12.700710780302));
#431 = SURFACE_CURVE('',#432,(#436,#442),.PCURVE_S1.);
#432 = LINE('',#433,#434);
#433 = CARTESIAN_POINT('',(90.4,86.898493911094,12.700710780302));
#434 = VECTOR('',#435,1.);
#435 = DIRECTION('',(1.,0.,2.22044604925E-16));
#436 = PCURVE('',#32,#437);
#437 = DEFINITIONAL_REPRESENTATION('',(#438),#441);
#438 = B_SPLINE_CURVE_WITH_KNOTS('',1,(#439,#440),.UNSPECIFIED.,.F.,.F.,
  (2,2),(-5.999999928008E-07,6.4000006),.PIECEWISE_BEZIER_KNOTS.);
#439 = CARTESIAN_POINT('',(86.983327731896,90.3999994));
#440 = CARTESIAN_POINT('',(86.983327731896,96.8000006));
#441 = ( GEOMETRIC_REPRESENTATION_CONTEXT(2) 
PARAMETRIC_REPRESENTATION_CONTEXT() REPRESENTATION_CONTEXT('2D SPACE',''
  ) );
#442 = PCURVE('',#443,#448);
#443 = CYLINDRICAL_SURFACE('',#444,6.2);
#444 = AXIS2_PLACEMENT_3D('',#445,#446,#447);
#445 = CARTESIAN_POINT('',(90.4,90.05,18.04));
#446 = DIRECTION('',(1.,0.,2.22044604925E-16));
#447 = DIRECTION('',(2.22044604925E-16,0.,-1.));
#448 = DEFINITIONAL_REPRESENTATION('',(#449),#452);
#449 = B_SPLINE_CURVE_WITH_KNOTS('',1,(#450,#451),.UNSPECIFIED.,.F.,.F.,
  (2,2),(-5.999999928008E-07,6.4000006),.PIECEWISE_BEZIER_KNOTS.);
#450 = CARTESIAN_POINT('',(5.749967073014,-5.999999939864E-07));
#451 = CARTESIAN_POINT('',(5.749967073014,6.4000006));
#452 = ( GEOMETRIC_REPRESENTATION_CONTEXT(2) 
PARAMETRIC_REPRESENTATION_CONTEXT() REPRESENTATION_CONTEXT('2D SPACE',''
  ) );
#453 = ORIENTED_EDGE('',*,*,#454,.F.);
#454 = EDGE_CURVE('',#455,#429,#457,.T.);
#455 = VERTEX_POINT('',#456);
#456 = CARTESIAN_POINT('',(96.8,90.05,12.84));
#457 = SURFACE_CURVE('',#458,(#462,#468),.PCURVE_S1.);
#458 = LINE('',#459,#460);
#459 = CARTESIAN_POINT('',(96.8,45.139689897573,10.855069026012));
#460 = VECTOR('',#461,1.);
#461 = DIRECTION('',(9.804282384688E-18,-0.999024711712,
    -4.415456249432E-02));
#462 = PCURVE('',#32,#463);
#463 = DEFINITIONAL_REPRESENTATION('',(#464),#467);
#464 = B_SPLINE_CURVE_WITH_KNOTS('',1,(#465,#466),.UNSPECIFIED.,.F.,.F.,
  (2,2),(-44.9541533617,-38.7481006712),.PIECEWISE_BEZIER_KNOTS.);
#465 = CARTESIAN_POINT('',(90.137910448379,96.8));
#466 = CARTESIAN_POINT('',(83.931857757874,96.8));
#467 = ( GEOMETRIC_REPRESENTATION_CONTEXT(2) 
PARAMETRIC_REPRESENTATION_CONTEXT() REPRESENTATION_CONTEXT('2D SPACE',''
  ) );
#468 = PCURVE('',#469,#474);
#469 = PLANE('',#470);
#470 = AXIS2_PLACEMENT_3D('',#471,#472,#473);
#471 = CARTESIAN_POINT('',(96.8,90.05,18.04));
#472 = DIRECTION('',(1.,0.,2.22044604925E-16));
#473 = DIRECTION('',(2.22044604925E-16,0.,-1.));
#474 = DEFINITIONAL_REPRESENTATION('',(#475),#478);
#475 = B_SPLINE_CURVE_WITH_KNOTS('',1,(#476,#477),.UNSPECIFIED.,.F.,.F.,
  (2,2),(-44.9541533617,-38.7481006712),.PIECEWISE_BEZIER_KNOTS.);
#476 = CARTESIAN_POINT('',(5.2,2.41836936667E-15));
#477 = CARTESIAN_POINT('',(5.474025541366,-6.2));
#478 = ( GEOMETRIC_REPRESENTATION_CONTEXT(2) 
PARAMETRIC_REPRESENTATION_CONTEXT() REPRESENTATION_CONTEXT('2D SPACE',''
  ) );
#479 = ORIENTED_EDGE('',*,*,#480,.T.);
#480 = EDGE_CURVE('',#455,#481,#483,.T.);
#481 = VERTEX_POINT('',#482);
#482 = CARTESIAN_POINT('',(99.2,90.05,12.84));
#483 = SURFACE_CURVE('',#484,(#488,#495),.PCURVE_S1.);
#484 = LINE('',#485,#486);
#485 = CARTESIAN_POINT('',(-99.2,90.05,12.84));
#486 = VECTOR('',#487,1.);
#487 = DIRECTION('',(1.,0.,0.));
#488 = PCURVE('',#32,#489);
#489 = DEFINITIONAL_REPRESENTATION('',(#490),#494);
#490 = LINE('',#491,#492);
#491 = CARTESIAN_POINT('',(90.137910448379,-99.2));
#492 = VECTOR('',#493,1.);
#493 = DIRECTION('',(0.,1.));
#494 = ( GEOMETRIC_REPRESENTATION_CONTEXT(2) 
PARAMETRIC_REPRESENTATION_CONTEXT() REPRESENTATION_CONTEXT('2D SPACE',''
  ) );
#495 = PCURVE('',#496,#501);
#496 = CYLINDRICAL_SURFACE('',#497,5.2);
#497 = AXIS2_PLACEMENT_3D('',#498,#499,#500);
#498 = CARTESIAN_POINT('',(-99.2,90.05,18.04));
#499 = DIRECTION('',(1.,0.,2.22044604925E-16));
#500 = DIRECTION('',(2.22044604925E-16,0.,-1.));
#501 = DEFINITIONAL_REPRESENTATION('',(#502),#505);
#502 = B_SPLINE_CURVE_WITH_KNOTS('',1,(#503,#504),.UNSPECIFIED.,.F.,.F.,
  (2,2),(0.,198.4),.PIECEWISE_BEZIER_KNOTS.);
#503 = CARTESIAN_POINT('',(0.,0.));
#504 = CARTESIAN_POINT('',(0.,198.4));
#505 = ( GEOMETRIC_REPRESENTATION_CONTEXT(2) 
PARAMETRIC_REPRESENTATION_CONTEXT() REPRESENTATION_CONTEXT('2D SPACE',''
  ) );
#506 = ORIENTED_EDGE('',*,*,#507,.F.);
#507 = EDGE_CURVE('',#508,#481,#510,.T.);
#508 = VERTEX_POINT('',#509);
#509 = CARTESIAN_POINT('',(99.2,48.35,10.996957245974));
#510 = SURFACE_CURVE('',#511,(#515,#522),.PCURVE_S1.);
#511 = LINE('',#512,#513);
#512 = CARTESIAN_POINT('',(99.2,0.,8.86));
#513 = VECTOR('',#514,1.);
#514 = DIRECTION('',(0.,0.999024711712,4.415456249432E-02));
#515 = PCURVE('',#32,#516);
#516 = DEFINITIONAL_REPRESENTATION('',(#517),#521);
#517 = LINE('',#518,#519);
#518 = CARTESIAN_POINT('',(0.,99.2));
#519 = VECTOR('',#520,1.);
#520 = DIRECTION('',(1.,0.));
#521 = ( GEOMETRIC_REPRESENTATION_CONTEXT(2) 
PARAMETRIC_REPRESENTATION_CONTEXT() REPRESENTATION_CONTEXT('2D SPACE',''
  ) );
#522 = PCURVE('',#523,#528);
#523 = PLANE('',#524);
#524 = AXIS2_PLACEMENT_3D('',#525,#526,#527);
#525 = CARTESIAN_POINT('',(99.2,45.025,16.05));
#526 = DIRECTION('',(1.,0.,0.));
#527 = DIRECTION('',(0.,1.,0.));
#528 = DEFINITIONAL_REPRESENTATION('',(#529),#533);
#529 = LINE('',#530,#531);
#530 = CARTESIAN_POINT('',(-45.025,-7.19));
#531 = VECTOR('',#532,1.);
#532 = DIRECTION('',(0.999024711712,4.415456249432E-02));
#533 = ( GEOMETRIC_REPRESENTATION_CONTEXT(2) 
PARAMETRIC_REPRESENTATION_CONTEXT() REPRESENTATION_CONTEXT('2D SPACE',''
  ) );
#534 = ORIENTED_EDGE('',*,*,#535,.F.);
#535 = EDGE_CURVE('',#536,#508,#538,.T.);
#536 = VERTEX_POINT('',#537);
#537 = CARTESIAN_POINT('',(81.35,48.35,10.996957245974));
#538 = SURFACE_CURVE('',#539,(#543,#549),.PCURVE_S1.);
#539 = LINE('',#540,#541);
#540 = CARTESIAN_POINT('',(40.175,48.35,10.996957245974));
#541 = VECTOR('',#542,1.);
#542 = DIRECTION('',(1.,0.,0.));
#543 = PCURVE('',#32,#544);
#544 = DEFINITIONAL_REPRESENTATION('',(#545),#548);
#545 = B_SPLINE_CURVE_WITH_KNOTS('',1,(#546,#547),.UNSPECIFIED.,.F.,.F.,
  (2,2),(40.175,59.025),.PIECEWISE_BEZIER_KNOTS.);
#546 = CARTESIAN_POINT('',(48.397201223533,80.35));
#547 = CARTESIAN_POINT('',(48.397201223533,99.2));
#548 = ( GEOMETRIC_REPRESENTATION_CONTEXT(2) 
PARAMETRIC_REPRESENTATION_CONTEXT() REPRESENTATION_CONTEXT('2D SPACE',''
  ) );
#549 = PCURVE('',#550,#555);
#550 = PLANE('',#551);
#551 = AXIS2_PLACEMENT_3D('',#552,#553,#554);
#552 = CARTESIAN_POINT('',(80.35,48.35,7.731771238201));
#553 = DIRECTION('',(-0.,1.,0.));
#554 = DIRECTION('',(0.,0.,1.));
#555 = DEFINITIONAL_REPRESENTATION('',(#556),#559);
#556 = B_SPLINE_CURVE_WITH_KNOTS('',1,(#557,#558),.UNSPECIFIED.,.F.,.F.,
  (2,2),(40.175,59.025),.PIECEWISE_BEZIER_KNOTS.);
#557 = CARTESIAN_POINT('',(3.265186007773,0.));
#558 = CARTESIAN_POINT('',(3.265186007773,18.85));
#559 = ( GEOMETRIC_REPRESENTATION_CONTEXT(2) 
PARAMETRIC_REPRESENTATION_CONTEXT() REPRESENTATION_CONTEXT('2D SPACE',''
  ) );
#560 = ORIENTED_EDGE('',*,*,#561,.F.);
#561 = EDGE_CURVE('',#562,#536,#564,.T.);
#562 = VERTEX_POINT('',#563);
#563 = CARTESIAN_POINT('',(81.35,70.,11.953836757357));
#564 = SURFACE_CURVE('',#565,(#569,#575),.PCURVE_S1.);
#565 = LINE('',#566,#567);
#566 = CARTESIAN_POINT('',(81.35,21.265428573087,9.799882351148));
#567 = VECTOR('',#568,1.);
#568 = DIRECTION('',(0.,-0.999024711712,-4.415456249432E-02));
#569 = PCURVE('',#32,#570);
#570 = DEFINITIONAL_REPRESENTATION('',(#571),#574);
#571 = B_SPLINE_CURVE_WITH_KNOTS('',1,(#572,#573),.UNSPECIFIED.,.F.,.F.,
  (2,2),(-48.78214808461,8.113341419951),.PIECEWISE_BEZIER_KNOTS.);
#572 = CARTESIAN_POINT('',(70.068336828279,81.35));
#573 = CARTESIAN_POINT('',(13.172847323716,81.35));
#574 = ( GEOMETRIC_REPRESENTATION_CONTEXT(2) 
PARAMETRIC_REPRESENTATION_CONTEXT() REPRESENTATION_CONTEXT('2D SPACE',''
  ) );
#575 = PCURVE('',#576,#581);
#576 = PLANE('',#577);
#577 = AXIS2_PLACEMENT_3D('',#578,#579,#580);
#578 = CARTESIAN_POINT('',(81.35,42.35,14.831771238201));
#579 = DIRECTION('',(1.,0.,0.));
#580 = DIRECTION('',(0.,1.,0.));
#581 = DEFINITIONAL_REPRESENTATION('',(#582),#585);
#582 = B_SPLINE_CURVE_WITH_KNOTS('',1,(#583,#584),.UNSPECIFIED.,.F.,.F.,
  (2,2),(-48.78214808461,8.113341419951),.PIECEWISE_BEZIER_KNOTS.);
#583 = CARTESIAN_POINT('',(27.65,-2.877934480844));
#584 = CARTESIAN_POINT('',(-29.19,-5.390129927818));
#585 = ( GEOMETRIC_REPRESENTATION_CONTEXT(2) 
PARAMETRIC_REPRESENTATION_CONTEXT() REPRESENTATION_CONTEXT('2D SPACE',''
  ) );
#586 = ORIENTED_EDGE('',*,*,#587,.F.);
#587 = EDGE_CURVE('',#588,#562,#590,.T.);
#588 = VERTEX_POINT('',#589);
#589 = CARTESIAN_POINT('',(70.65,80.7,12.426751804553));
#590 = SURFACE_CURVE('',#591,(#596,#603),.PCURVE_S1.);
#591 = ELLIPSE('',#592,10.710445772323,10.7);
#592 = AXIS2_PLACEMENT_3D('',#593,#594,#595);
#593 = CARTESIAN_POINT('',(70.65,70.,11.953836757357));
#594 = DIRECTION('',(0.,4.415456249432E-02,-0.999024711712));
#595 = DIRECTION('',(0.,-0.999024711712,-4.415456249432E-02));
#596 = PCURVE('',#32,#597);
#597 = DEFINITIONAL_REPRESENTATION('',(#598),#602);
#598 = ELLIPSE('',#599,10.710445772323,10.7);
#599 = AXIS2_PLACEMENT_2D('',#600,#601);
#600 = CARTESIAN_POINT('',(70.068336828279,70.65));
#601 = DIRECTION('',(-1.,0.));
#602 = ( GEOMETRIC_REPRESENTATION_CONTEXT(2) 
PARAMETRIC_REPRESENTATION_CONTEXT() REPRESENTATION_CONTEXT('2D SPACE',''
  ) );
#603 = PCURVE('',#604,#609);
#604 = CYLINDRICAL_SURFACE('',#605,10.7);
#605 = AXIS2_PLACEMENT_3D('',#606,#607,#608);
#606 = CARTESIAN_POINT('',(70.65,70.,-50.));
#607 = DIRECTION('',(-0.,-0.,-1.));
#608 = DIRECTION('',(1.,1.328117263103E-15,-0.));
#609 = DEFINITIONAL_REPRESENTATION('',(#610),#619);
#610 = B_SPLINE_CURVE_WITH_KNOTS('',7,(#611,#612,#613,#614,#615,#616,
    #617,#618),.UNSPECIFIED.,.F.,.F.,(8,8),(3.14159265359,4.712388980385
    ),.PIECEWISE_BEZIER_KNOTS.);
#611 = CARTESIAN_POINT('',(-1.570796326795,-62.42675180455));
#612 = CARTESIAN_POINT('',(-1.346396851538,-62.42675180455));
#613 = CARTESIAN_POINT('',(-1.121997376282,-62.39896867327));
#614 = CARTESIAN_POINT('',(-0.897597901026,-62.34340644111));
#615 = CARTESIAN_POINT('',(-0.67319842577,-62.26347638337));
#616 = CARTESIAN_POINT('',(-0.448798950513,-62.1660801033));
#617 = CARTESIAN_POINT('',(-0.224399475256,-62.05995864578));
#618 = CARTESIAN_POINT('',(0.,-61.95383675735));
#619 = ( GEOMETRIC_REPRESENTATION_CONTEXT(2) 
PARAMETRIC_REPRESENTATION_CONTEXT() REPRESENTATION_CONTEXT('2D SPACE',''
  ) );
#620 = ORIENTED_EDGE('',*,*,#621,.F.);
#621 = EDGE_CURVE('',#622,#588,#624,.T.);
#622 = VERTEX_POINT('',#623);
#623 = CARTESIAN_POINT('',(-70.65,80.7,12.426751804553));
#624 = SURFACE_CURVE('',#625,(#629,#635),.PCURVE_S1.);
#625 = LINE('',#626,#627);
#626 = CARTESIAN_POINT('',(0.,80.7,12.426751804553));
#627 = VECTOR('',#628,1.);
#628 = DIRECTION('',(1.,-0.,0.));
#629 = PCURVE('',#32,#630);
#630 = DEFINITIONAL_REPRESENTATION('',(#631),#634);
#631 = B_SPLINE_CURVE_WITH_KNOTS('',1,(#632,#633),.UNSPECIFIED.,.F.,.F.,
  (2,2),(-70.65,70.65),.PIECEWISE_BEZIER_KNOTS.);
#632 = CARTESIAN_POINT('',(80.778782600602,-70.65));
#633 = CARTESIAN_POINT('',(80.778782600602,70.65));
#634 = ( GEOMETRIC_REPRESENTATION_CONTEXT(2) 
PARAMETRIC_REPRESENTATION_CONTEXT() REPRESENTATION_CONTEXT('2D SPACE',''
  ) );
#635 = PCURVE('',#636,#641);
#636 = PLANE('',#637);
#637 = AXIS2_PLACEMENT_3D('',#638,#639,#640);
#638 = CARTESIAN_POINT('',(0.,80.7,11.426751804553));
#639 = DIRECTION('',(0.,1.,0.));
#640 = DIRECTION('',(0.,-0.,1.));
#641 = DEFINITIONAL_REPRESENTATION('',(#642),#645);
#642 = B_SPLINE_CURVE_WITH_KNOTS('',1,(#643,#644),.UNSPECIFIED.,.F.,.F.,
  (2,2),(-70.65,70.65),.PIECEWISE_BEZIER_KNOTS.);
#643 = CARTESIAN_POINT('',(1.,-70.65));
#644 = CARTESIAN_POINT('',(1.,70.65));
#645 = ( GEOMETRIC_REPRESENTATION_CONTEXT(2) 
PARAMETRIC_REPRESENTATION_CONTEXT() REPRESENTATION_CONTEXT('2D SPACE',''
  ) );
#646 = ORIENTED_EDGE('',*,*,#647,.F.);
#647 = EDGE_CURVE('',#648,#622,#650,.T.);
#648 = VERTEX_POINT('',#649);
#649 = CARTESIAN_POINT('',(-81.35,70.,11.953836757357));
#650 = SURFACE_CURVE('',#651,(#656,#663),.PCURVE_S1.);
#651 = ELLIPSE('',#652,10.710445772323,10.7);
#652 = AXIS2_PLACEMENT_3D('',#653,#654,#655);
#653 = CARTESIAN_POINT('',(-70.65,70.,11.953836757357));
#654 = DIRECTION('',(0.,4.415456249432E-02,-0.999024711712));
#655 = DIRECTION('',(0.,-0.999024711712,-4.415456249432E-02));
#656 = PCURVE('',#32,#657);
#657 = DEFINITIONAL_REPRESENTATION('',(#658),#662);
#658 = ELLIPSE('',#659,10.710445772323,10.7);
#659 = AXIS2_PLACEMENT_2D('',#660,#661);
#660 = CARTESIAN_POINT('',(70.068336828279,-70.65));
#661 = DIRECTION('',(-1.,0.));
#662 = ( GEOMETRIC_REPRESENTATION_CONTEXT(2) 
PARAMETRIC_REPRESENTATION_CONTEXT() REPRESENTATION_CONTEXT('2D SPACE',''
  ) );
#663 = PCURVE('',#664,#669);
#664 = CYLINDRICAL_SURFACE('',#665,10.7);
#665 = AXIS2_PLACEMENT_3D('',#666,#667,#668);
#666 = CARTESIAN_POINT('',(-70.65,70.,-50.));
#667 = DIRECTION('',(-0.,-0.,-1.));
#668 = DIRECTION('',(-1.328117263103E-15,1.,0.));
#669 = DEFINITIONAL_REPRESENTATION('',(#670),#679);
#670 = B_SPLINE_CURVE_WITH_KNOTS('',7,(#671,#672,#673,#674,#675,#676,
    #677,#678),.UNSPECIFIED.,.F.,.F.,(8,8),(1.570796326795,3.14159265359
    ),.PIECEWISE_BEZIER_KNOTS.);
#671 = CARTESIAN_POINT('',(-1.570796326795,-61.95383675735));
#672 = CARTESIAN_POINT('',(-1.346396851538,-62.05995864578));
#673 = CARTESIAN_POINT('',(-1.121997376282,-62.16608010329));
#674 = CARTESIAN_POINT('',(-0.897597901025,-62.26347638338));
#675 = CARTESIAN_POINT('',(-0.67319842577,-62.34340644109));
#676 = CARTESIAN_POINT('',(-0.448798950513,-62.39896867327));
#677 = CARTESIAN_POINT('',(-0.224399475256,-62.42675180455));
#678 = CARTESIAN_POINT('',(0.,-62.42675180455));
#679 = ( GEOMETRIC_REPRESENTATION_CONTEXT(2) 
PARAMETRIC_REPRESENTATION_CONTEXT() REPRESENTATION_CONTEXT('2D SPACE',''
  ) );
#680 = ORIENTED_EDGE('',*,*,#681,.T.);
#681 = EDGE_CURVE('',#648,#682,#684,.T.);
#682 = VERTEX_POINT('',#683);
#683 = CARTESIAN_POINT('',(-81.35,13.16,9.441641310383));
#684 = SURFACE_CURVE('',#685,(#689,#695),.PCURVE_S1.);
#685 = LINE('',#686,#687);
#686 = CARTESIAN_POINT('',(-81.35,21.265428573087,9.799882351148));
#687 = VECTOR('',#688,1.);
#688 = DIRECTION('',(0.,-0.999024711712,-4.415456249432E-02));
#689 = PCURVE('',#32,#690);
#690 = DEFINITIONAL_REPRESENTATION('',(#691),#694);
#691 = B_SPLINE_CURVE_WITH_KNOTS('',1,(#692,#693),.UNSPECIFIED.,.F.,.F.,
  (2,2),(-48.78214808461,8.113341419951),.PIECEWISE_BEZIER_KNOTS.);
#692 = CARTESIAN_POINT('',(70.068336828279,-81.35));
#693 = CARTESIAN_POINT('',(13.172847323716,-81.35));
#694 = ( GEOMETRIC_REPRESENTATION_CONTEXT(2) 
PARAMETRIC_REPRESENTATION_CONTEXT() REPRESENTATION_CONTEXT('2D SPACE',''
  ) );
#695 = PCURVE('',#696,#701);
#696 = PLANE('',#697);
#697 = AXIS2_PLACEMENT_3D('',#698,#699,#700);
#698 = CARTESIAN_POINT('',(-81.35,42.35,14.831771238201));
#699 = DIRECTION('',(1.,0.,0.));
#700 = DIRECTION('',(0.,1.,0.));
#701 = DEFINITIONAL_REPRESENTATION('',(#702),#705);
#702 = B_SPLINE_CURVE_WITH_KNOTS('',1,(#703,#704),.UNSPECIFIED.,.F.,.F.,
  (2,2),(-48.78214808461,8.113341419951),.PIECEWISE_BEZIER_KNOTS.);
#703 = CARTESIAN_POINT('',(27.65,-2.877934480844));
#704 = CARTESIAN_POINT('',(-29.19,-5.390129927818));
#705 = ( GEOMETRIC_REPRESENTATION_CONTEXT(2) 
PARAMETRIC_REPRESENTATION_CONTEXT() REPRESENTATION_CONTEXT('2D SPACE',''
  ) );
#706 = ORIENTED_EDGE('',*,*,#707,.F.);
#707 = EDGE_CURVE('',#708,#682,#710,.T.);
#708 = VERTEX_POINT('',#709);
#709 = CARTESIAN_POINT('',(-72.19,4.,9.036790671849));
#710 = SURFACE_CURVE('',#711,(#716,#723),.PCURVE_S1.);
#711 = ELLIPSE('',#712,9.168942362101,9.16);
#712 = AXIS2_PLACEMENT_3D('',#713,#714,#715);
#713 = CARTESIAN_POINT('',(-72.19,13.16,9.441641310383));
#714 = DIRECTION('',(0.,4.415456249432E-02,-0.999024711712));
#715 = DIRECTION('',(0.,-0.999024711712,-4.415456249432E-02));
#716 = PCURVE('',#32,#717);
#717 = DEFINITIONAL_REPRESENTATION('',(#718),#722);
#718 = ELLIPSE('',#719,9.168942362101,9.16);
#719 = AXIS2_PLACEMENT_2D('',#720,#721);
#720 = CARTESIAN_POINT('',(13.172847323716,-72.19));
#721 = DIRECTION('',(-1.,0.));
#722 = ( GEOMETRIC_REPRESENTATION_CONTEXT(2) 
PARAMETRIC_REPRESENTATION_CONTEXT() REPRESENTATION_CONTEXT('2D SPACE',''
  ) );
#723 = PCURVE('',#724,#729);
#724 = CYLINDRICAL_SURFACE('',#725,9.16);
#725 = AXIS2_PLACEMENT_3D('',#726,#727,#728);
#726 = CARTESIAN_POINT('',(-72.19,13.16,-50.));
#727 = DIRECTION('',(-0.,-0.,-1.));
#728 = DIRECTION('',(-1.,-1.939254191485E-15,0.));
#729 = DEFINITIONAL_REPRESENTATION('',(#730),#739);
#730 = B_SPLINE_CURVE_WITH_KNOTS('',7,(#731,#732,#733,#734,#735,#736,
    #737,#738),.UNSPECIFIED.,.F.,.F.,(8,8),(3.102806805012E-15,
    1.570796326795),.PIECEWISE_BEZIER_KNOTS.);
#731 = CARTESIAN_POINT('',(-1.570796326795,-59.03679067184));
#732 = CARTESIAN_POINT('',(-1.346396851538,-59.03679067184));
#733 = CARTESIAN_POINT('',(-1.121997376282,-59.06057510947));
#734 = CARTESIAN_POINT('',(-0.897597901026,-59.10814053437));
#735 = CARTESIAN_POINT('',(-0.673198425769,-59.1765666399));
#736 = CARTESIAN_POINT('',(-0.448798950513,-59.25994513758));
#737 = CARTESIAN_POINT('',(-0.224399475256,-59.35079303953));
#738 = CARTESIAN_POINT('',(-1.939254191485E-16,-59.44164131038));
#739 = ( GEOMETRIC_REPRESENTATION_CONTEXT(2) 
PARAMETRIC_REPRESENTATION_CONTEXT() REPRESENTATION_CONTEXT('2D SPACE',''
  ) );
#740 = ORIENTED_EDGE('',*,*,#741,.F.);
#741 = EDGE_CURVE('',#742,#708,#744,.T.);
#742 = VERTEX_POINT('',#743);
#743 = CARTESIAN_POINT('',(-48.6,4.,9.036790671849));
#744 = SURFACE_CURVE('',#745,(#749,#755),.PCURVE_S1.);
#745 = LINE('',#746,#747);
#746 = CARTESIAN_POINT('',(0.,4.,9.036790671849));
#747 = VECTOR('',#748,1.);
#748 = DIRECTION('',(-1.,-0.,-0.));
#749 = PCURVE('',#32,#750);
#750 = DEFINITIONAL_REPRESENTATION('',(#751),#754);
#751 = B_SPLINE_CURVE_WITH_KNOTS('',1,(#752,#753),.UNSPECIFIED.,.F.,.F.,
  (2,2),(-72.19,72.19),.PIECEWISE_BEZIER_KNOTS.);
#752 = CARTESIAN_POINT('',(4.003904961616,72.19));
#753 = CARTESIAN_POINT('',(4.003904961616,-72.19));
#754 = ( GEOMETRIC_REPRESENTATION_CONTEXT(2) 
PARAMETRIC_REPRESENTATION_CONTEXT() REPRESENTATION_CONTEXT('2D SPACE',''
  ) );
#755 = PCURVE('',#756,#761);
#756 = PLANE('',#757);
#757 = AXIS2_PLACEMENT_3D('',#758,#759,#760);
#758 = CARTESIAN_POINT('',(0.,4.,18.236790671849));
#759 = DIRECTION('',(0.,-1.,0.));
#760 = DIRECTION('',(0.,0.,-1.));
#761 = DEFINITIONAL_REPRESENTATION('',(#762),#765);
#762 = B_SPLINE_CURVE_WITH_KNOTS('',1,(#763,#764),.UNSPECIFIED.,.F.,.F.,
  (2,2),(-72.19,72.19),.PIECEWISE_BEZIER_KNOTS.);
#763 = CARTESIAN_POINT('',(9.2,72.19));
#764 = CARTESIAN_POINT('',(9.2,-72.19));
#765 = ( GEOMETRIC_REPRESENTATION_CONTEXT(2) 
PARAMETRIC_REPRESENTATION_CONTEXT() REPRESENTATION_CONTEXT('2D SPACE',''
  ) );
#766 = ORIENTED_EDGE('',*,*,#767,.T.);
#767 = EDGE_CURVE('',#742,#768,#770,.T.);
#768 = VERTEX_POINT('',#769);
#769 = CARTESIAN_POINT('',(-48.6,0.,8.86));
#770 = SURFACE_CURVE('',#771,(#775,#781),.PCURVE_S1.);
#771 = LINE('',#772,#773);
#772 = CARTESIAN_POINT('',(-48.6,0.956594026883,8.902279225175));
#773 = VECTOR('',#774,1.);
#774 = DIRECTION('',(0.,-0.999024711712,-4.415456249432E-02));
#775 = PCURVE('',#32,#776);
#776 = DEFINITIONAL_REPRESENTATION('',(#777),#780);
#777 = B_SPLINE_CURVE_WITH_KNOTS('',1,(#778,#779),.UNSPECIFIED.,.F.,.F.,
  (2,2),(-3.546865189196,0.957527892622),.PIECEWISE_BEZIER_KNOTS.);
#778 = CARTESIAN_POINT('',(4.504393081818,-48.6));
#779 = CARTESIAN_POINT('',(0.,-48.6));
#780 = ( GEOMETRIC_REPRESENTATION_CONTEXT(2) 
PARAMETRIC_REPRESENTATION_CONTEXT() REPRESENTATION_CONTEXT('2D SPACE',''
  ) );
#781 = PCURVE('',#782,#787);
#782 = PLANE('',#783);
#783 = AXIS2_PLACEMENT_3D('',#784,#785,#786);
#784 = CARTESIAN_POINT('',(-48.6,1.75,12.636790671849));
#785 = DIRECTION('',(1.,0.,0.));
#786 = DIRECTION('',(0.,1.,0.));
#787 = DEFINITIONAL_REPRESENTATION('',(#788),#791);
#788 = B_SPLINE_CURVE_WITH_KNOTS('',1,(#789,#790),.UNSPECIFIED.,.F.,.F.,
  (2,2),(-3.546865189196,0.957527892622),.PIECEWISE_BEZIER_KNOTS.);
#789 = CARTESIAN_POINT('',(2.75,-3.577901166019));
#790 = CARTESIAN_POINT('',(-1.75,-3.776790671849));
#791 = ( GEOMETRIC_REPRESENTATION_CONTEXT(2) 
PARAMETRIC_REPRESENTATION_CONTEXT() REPRESENTATION_CONTEXT('2D SPACE',''
  ) );
#792 = ORIENTED_EDGE('',*,*,#793,.T.);
#793 = EDGE_CURVE('',#768,#794,#796,.T.);
#794 = VERTEX_POINT('',#795);
#795 = CARTESIAN_POINT('',(-96.2,-4.440892098501E-16,8.86));
#796 = SURFACE_CURVE('',#797,(#801,#808),.PCURVE_S1.);
#797 = LINE('',#798,#799);
#798 = CARTESIAN_POINT('',(99.2,0.,8.86));
#799 = VECTOR('',#800,1.);
#800 = DIRECTION('',(-1.,0.,0.));
#801 = PCURVE('',#32,#802);
#802 = DEFINITIONAL_REPRESENTATION('',(#803),#807);
#803 = LINE('',#804,#805);
#804 = CARTESIAN_POINT('',(0.,99.2));
#805 = VECTOR('',#806,1.);
#806 = DIRECTION('',(0.,-1.));
#807 = ( GEOMETRIC_REPRESENTATION_CONTEXT(2) 
PARAMETRIC_REPRESENTATION_CONTEXT() REPRESENTATION_CONTEXT('2D SPACE',''
  ) );
#808 = PCURVE('',#809,#814);
#809 = PLANE('',#810);
#810 = AXIS2_PLACEMENT_3D('',#811,#812,#813);
#811 = CARTESIAN_POINT('',(0.,0.,19.26));
#812 = DIRECTION('',(0.,-1.,0.));
#813 = DIRECTION('',(0.,0.,-1.));
#814 = DEFINITIONAL_REPRESENTATION('',(#815),#819);
#815 = LINE('',#816,#817);
#816 = CARTESIAN_POINT('',(10.4,99.2));
#817 = VECTOR('',#818,1.);
#818 = DIRECTION('',(0.,-1.));
#819 = ( GEOMETRIC_REPRESENTATION_CONTEXT(2) 
PARAMETRIC_REPRESENTATION_CONTEXT() REPRESENTATION_CONTEXT('2D SPACE',''
  ) );
#820 = ORIENTED_EDGE('',*,*,#821,.F.);
#821 = EDGE_CURVE('',#22,#794,#822,.T.);
#822 = SURFACE_CURVE('',#823,(#828,#839),.PCURVE_S1.);
#823 = ELLIPSE('',#824,3.002928721212,3.);
#824 = AXIS2_PLACEMENT_3D('',#825,#826,#827);
#825 = CARTESIAN_POINT('',(-96.2,3.,8.992593003887));
#826 = DIRECTION('',(0.,-4.415456249432E-02,0.999024711712));
#827 = DIRECTION('',(0.,-0.999024711712,-4.415456249432E-02));
#828 = PCURVE('',#32,#829);
#829 = DEFINITIONAL_REPRESENTATION('',(#830),#838);
#830 = ( BOUNDED_CURVE() B_SPLINE_CURVE(2,(#831,#832,#833,#834,#835,#836
,#837),.UNSPECIFIED.,.T.,.F.) B_SPLINE_CURVE_WITH_KNOTS((1,2,2,2,2,1),(
    -2.094395102393,0.,2.094395102393,4.188790204786,6.28318530718,
8.377580409573),.UNSPECIFIED.) CURVE() GEOMETRIC_REPRESENTATION_ITEM() 
RATIONAL_B_SPLINE_CURVE((1.,0.5,1.,0.5,1.,0.5,1.)) REPRESENTATION_ITEM(
  '') );
#831 = CARTESIAN_POINT('',(0.,-96.2));
#832 = CARTESIAN_POINT('',(0.,-91.00384757729));
#833 = CARTESIAN_POINT('',(4.504393081818,-93.60192378864));
#834 = CARTESIAN_POINT('',(9.008786163636,-96.2));
#835 = CARTESIAN_POINT('',(4.504393081818,-98.79807621135));
#836 = CARTESIAN_POINT('',(4.884981308351E-15,-101.3961524227));
#837 = CARTESIAN_POINT('',(0.,-96.2));
#838 = ( GEOMETRIC_REPRESENTATION_CONTEXT(2) 
PARAMETRIC_REPRESENTATION_CONTEXT() REPRESENTATION_CONTEXT('2D SPACE',''
  ) );
#839 = PCURVE('',#840,#845);
#840 = CYLINDRICAL_SURFACE('',#841,3.);
#841 = AXIS2_PLACEMENT_3D('',#842,#843,#844);
#842 = CARTESIAN_POINT('',(-96.2,3.,19.26));
#843 = DIRECTION('',(0.,0.,-1.));
#844 = DIRECTION('',(-1.,-0.,-0.));
#845 = DEFINITIONAL_REPRESENTATION('',(#846),#853);
#846 = B_SPLINE_CURVE_WITH_KNOTS('',5,(#847,#848,#849,#850,#851,#852),
  .UNSPECIFIED.,.F.,.F.,(6,6),(4.712388980385,6.28318530718),
  .PIECEWISE_BEZIER_KNOTS.);
#847 = CARTESIAN_POINT('',(1.110223024625E-16,10.267406996113));
#848 = CARTESIAN_POINT('',(-0.314159265359,10.309062316806));
#849 = CARTESIAN_POINT('',(-0.628318504333,10.350755334802));
#850 = CARTESIAN_POINT('',(-0.942477857877,10.383687058766));
#851 = CARTESIAN_POINT('',(-1.256637061436,10.4));
#852 = CARTESIAN_POINT('',(-1.570796326795,10.4));
#853 = ( GEOMETRIC_REPRESENTATION_CONTEXT(2) 
PARAMETRIC_REPRESENTATION_CONTEXT() REPRESENTATION_CONTEXT('2D SPACE',''
  ) );
#854 = ADVANCED_FACE('',(#855,#935),#44,.F.);
#855 = FACE_BOUND('',#856,.F.);
#856 = EDGE_LOOP('',(#857,#887,#908,#909));
#857 = ORIENTED_EDGE('',*,*,#858,.T.);
#858 = EDGE_CURVE('',#859,#861,#863,.T.);
#859 = VERTEX_POINT('',#860);
#860 = CARTESIAN_POINT('',(-99.2,89.591240409707,23.219723895954));
#861 = VERTEX_POINT('',#862);
#862 = CARTESIAN_POINT('',(-99.2,3.,19.392593003887));
#863 = SURFACE_CURVE('',#864,(#868,#875),.PCURVE_S1.);
#864 = LINE('',#865,#866);
#865 = CARTESIAN_POINT('',(-99.2,90.05,23.24));
#866 = VECTOR('',#867,1.);
#867 = DIRECTION('',(0.,-0.999024711712,-4.415456249432E-02));
#868 = PCURVE('',#44,#869);
#869 = DEFINITIONAL_REPRESENTATION('',(#870),#874);
#870 = LINE('',#871,#872);
#871 = CARTESIAN_POINT('',(45.025,7.19));
#872 = VECTOR('',#873,1.);
#873 = DIRECTION('',(-0.999024711712,-4.415456249432E-02));
#874 = ( GEOMETRIC_REPRESENTATION_CONTEXT(2) 
PARAMETRIC_REPRESENTATION_CONTEXT() REPRESENTATION_CONTEXT('2D SPACE',''
  ) );
#875 = PCURVE('',#876,#881);
#876 = PLANE('',#877);
#877 = AXIS2_PLACEMENT_3D('',#878,#879,#880);
#878 = CARTESIAN_POINT('',(0.,90.05,23.24));
#879 = DIRECTION('',(0.,-4.415456249432E-02,0.999024711712));
#880 = DIRECTION('',(0.,-0.999024711712,-4.415456249432E-02));
#881 = DEFINITIONAL_REPRESENTATION('',(#882),#886);
#882 = LINE('',#883,#884);
#883 = CARTESIAN_POINT('',(-0.,-99.2));
#884 = VECTOR('',#885,1.);
#885 = DIRECTION('',(1.,0.));
#886 = ( GEOMETRIC_REPRESENTATION_CONTEXT(2) 
PARAMETRIC_REPRESENTATION_CONTEXT() REPRESENTATION_CONTEXT('2D SPACE',''
  ) );
#887 = ORIENTED_EDGE('',*,*,#888,.T.);
#888 = EDGE_CURVE('',#861,#22,#889,.T.);
#889 = SURFACE_CURVE('',#890,(#894,#901),.PCURVE_S1.);
#890 = LINE('',#891,#892);
#891 = CARTESIAN_POINT('',(-99.2,3.,19.26));
#892 = VECTOR('',#893,1.);
#893 = DIRECTION('',(0.,0.,-1.));
#894 = PCURVE('',#44,#895);
#895 = DEFINITIONAL_REPRESENTATION('',(#896),#900);
#896 = LINE('',#897,#898);
#897 = CARTESIAN_POINT('',(-42.025,3.21));
#898 = VECTOR('',#899,1.);
#899 = DIRECTION('',(0.,-1.));
#900 = ( GEOMETRIC_REPRESENTATION_CONTEXT(2) 
PARAMETRIC_REPRESENTATION_CONTEXT() REPRESENTATION_CONTEXT('2D SPACE',''
  ) );
#901 = PCURVE('',#840,#902);
#902 = DEFINITIONAL_REPRESENTATION('',(#903),#907);
#903 = LINE('',#904,#905);
#904 = CARTESIAN_POINT('',(-0.,0.));
#905 = VECTOR('',#906,1.);
#906 = DIRECTION('',(-0.,1.));
#907 = ( GEOMETRIC_REPRESENTATION_CONTEXT(2) 
PARAMETRIC_REPRESENTATION_CONTEXT() REPRESENTATION_CONTEXT('2D SPACE',''
  ) );
#908 = ORIENTED_EDGE('',*,*,#21,.T.);
#909 = ORIENTED_EDGE('',*,*,#910,.F.);
#910 = EDGE_CURVE('',#859,#24,#911,.T.);
#911 = SURFACE_CURVE('',#912,(#917,#928),.PCURVE_S1.);
#912 = CIRCLE('',#913,5.2);
#913 = AXIS2_PLACEMENT_3D('',#914,#915,#916);
#914 = CARTESIAN_POINT('',(-99.2,90.05,18.04));
#915 = DIRECTION('',(-1.,0.,0.));
#916 = DIRECTION('',(0.,-8.822299813319E-02,0.996100749222));
#917 = PCURVE('',#44,#918);
#918 = DEFINITIONAL_REPRESENTATION('',(#919),#927);
#919 = ( BOUNDED_CURVE() B_SPLINE_CURVE(2,(#920,#921,#922,#923,#924,#925
,#926),.UNSPECIFIED.,.T.,.F.) B_SPLINE_CURVE_WITH_KNOTS((1,2,2,2,2,1),(
    -2.094395102393,0.,2.094395102393,4.188790204786,6.28318530718,
8.377580409573),.UNSPECIFIED.) CURVE() GEOMETRIC_REPRESENTATION_ITEM() 
RATIONAL_B_SPLINE_CURVE((1.,0.5,1.,0.5,1.,0.5,1.)) REPRESENTATION_ITEM(
  '') );
#920 = CARTESIAN_POINT('',(44.566240409707,7.169723895954));
#921 = CARTESIAN_POINT('',(53.537785366678,7.9643188148));
#922 = CARTESIAN_POINT('',(49.740152273632,-0.202564488554));
#923 = CARTESIAN_POINT('',(45.942519180585,-8.369447791908));
#924 = CARTESIAN_POINT('',(40.768607316661,-0.9971594074));
#925 = CARTESIAN_POINT('',(35.594695452737,6.375128977107));
#926 = CARTESIAN_POINT('',(44.566240409707,7.169723895954));
#927 = ( GEOMETRIC_REPRESENTATION_CONTEXT(2) 
PARAMETRIC_REPRESENTATION_CONTEXT() REPRESENTATION_CONTEXT('2D SPACE',''
  ) );
#928 = PCURVE('',#72,#929);
#929 = DEFINITIONAL_REPRESENTATION('',(#930),#934);
#930 = LINE('',#931,#932);
#931 = CARTESIAN_POINT('',(3.229930498735,0.));
#932 = VECTOR('',#933,1.);
#933 = DIRECTION('',(-1.,-0.));
#934 = ( GEOMETRIC_REPRESENTATION_CONTEXT(2) 
PARAMETRIC_REPRESENTATION_CONTEXT() REPRESENTATION_CONTEXT('2D SPACE',''
  ) );
#935 = FACE_BOUND('',#936,.F.);
#936 = EDGE_LOOP('',(#937));
#937 = ORIENTED_EDGE('',*,*,#938,.F.);
#938 = EDGE_CURVE('',#939,#939,#941,.T.);
#939 = VERTEX_POINT('',#940);
#940 = CARTESIAN_POINT('',(-99.2,90.05,14.84));
#941 = SURFACE_CURVE('',#942,(#947,#954),.PCURVE_S1.);
#942 = CIRCLE('',#943,3.2);
#943 = AXIS2_PLACEMENT_3D('',#944,#945,#946);
#944 = CARTESIAN_POINT('',(-99.2,90.05,18.04));
#945 = DIRECTION('',(1.,0.,2.22044604925E-16));
#946 = DIRECTION('',(2.22044604925E-16,0.,-1.));
#947 = PCURVE('',#44,#948);
#948 = DEFINITIONAL_REPRESENTATION('',(#949),#953);
#949 = CIRCLE('',#950,3.2);
#950 = AXIS2_PLACEMENT_2D('',#951,#952);
#951 = CARTESIAN_POINT('',(45.025,1.99));
#952 = DIRECTION('',(0.,-1.));
#953 = ( GEOMETRIC_REPRESENTATION_CONTEXT(2) 
PARAMETRIC_REPRESENTATION_CONTEXT() REPRESENTATION_CONTEXT('2D SPACE',''
  ) );
#954 = PCURVE('',#955,#960);
#955 = CYLINDRICAL_SURFACE('',#956,3.2);
#956 = AXIS2_PLACEMENT_3D('',#957,#958,#959);
#957 = CARTESIAN_POINT('',(-102.2,90.05,18.04));
#958 = DIRECTION('',(1.,0.,2.22044604925E-16));
#959 = DIRECTION('',(2.22044604925E-16,0.,-1.));
#960 = DEFINITIONAL_REPRESENTATION('',(#961),#965);
#961 = LINE('',#962,#963);
#962 = CARTESIAN_POINT('',(0.,3.));
#963 = VECTOR('',#964,1.);
#964 = DIRECTION('',(1.,0.));
#965 = ( GEOMETRIC_REPRESENTATION_CONTEXT(2) 
PARAMETRIC_REPRESENTATION_CONTEXT() REPRESENTATION_CONTEXT('2D SPACE',''
  ) );
#966 = ADVANCED_FACE('',(#967),#840,.T.);
#967 = FACE_BOUND('',#968,.F.);
#968 = EDGE_LOOP('',(#969,#996,#1017,#1018));
#969 = ORIENTED_EDGE('',*,*,#970,.T.);
#970 = EDGE_CURVE('',#861,#971,#973,.T.);
#971 = VERTEX_POINT('',#972);
#972 = CARTESIAN_POINT('',(-96.2,-4.440892098501E-16,19.26));
#973 = SURFACE_CURVE('',#974,(#979,#989),.PCURVE_S1.);
#974 = ELLIPSE('',#975,3.002928721212,3.);
#975 = AXIS2_PLACEMENT_3D('',#976,#977,#978);
#976 = CARTESIAN_POINT('',(-96.2,3.,19.392593003887));
#977 = DIRECTION('',(0.,-4.415456249432E-02,0.999024711712));
#978 = DIRECTION('',(0.,-0.999024711712,-4.415456249432E-02));
#979 = PCURVE('',#840,#980);
#980 = DEFINITIONAL_REPRESENTATION('',(#981),#988);
#981 = B_SPLINE_CURVE_WITH_KNOTS('',5,(#982,#983,#984,#985,#986,#987),
  .UNSPECIFIED.,.F.,.F.,(6,6),(4.712388980385,6.28318530718),
  .PIECEWISE_BEZIER_KNOTS.);
#982 = CARTESIAN_POINT('',(0.,-0.132593003887));
#983 = CARTESIAN_POINT('',(-0.314159265359,-9.093768319393E-02));
#984 = CARTESIAN_POINT('',(-0.628318504333,-4.924466519831E-02));
#985 = CARTESIAN_POINT('',(-0.942477857877,-1.631294123425E-02));
#986 = CARTESIAN_POINT('',(-1.256637061436,-4.645781575655E-17));
#987 = CARTESIAN_POINT('',(-1.570796326795,6.938893903907E-18));
#988 = ( GEOMETRIC_REPRESENTATION_CONTEXT(2) 
PARAMETRIC_REPRESENTATION_CONTEXT() REPRESENTATION_CONTEXT('2D SPACE',''
  ) );
#989 = PCURVE('',#876,#990);
#990 = DEFINITIONAL_REPRESENTATION('',(#991),#995);
#991 = ELLIPSE('',#992,3.002928721212,3.);
#992 = AXIS2_PLACEMENT_2D('',#993,#994);
#993 = CARTESIAN_POINT('',(87.134981727167,-96.2));
#994 = DIRECTION('',(1.,0.));
#995 = ( GEOMETRIC_REPRESENTATION_CONTEXT(2) 
PARAMETRIC_REPRESENTATION_CONTEXT() REPRESENTATION_CONTEXT('2D SPACE',''
  ) );
#996 = ORIENTED_EDGE('',*,*,#997,.T.);
#997 = EDGE_CURVE('',#971,#794,#998,.T.);
#998 = SURFACE_CURVE('',#999,(#1003,#1010),.PCURVE_S1.);
#999 = LINE('',#1000,#1001);
#1000 = CARTESIAN_POINT('',(-96.2,-4.440892098501E-16,19.26));
#1001 = VECTOR('',#1002,1.);
#1002 = DIRECTION('',(0.,0.,-1.));
#1003 = PCURVE('',#840,#1004);
#1004 = DEFINITIONAL_REPRESENTATION('',(#1005),#1009);
#1005 = LINE('',#1006,#1007);
#1006 = CARTESIAN_POINT('',(-1.570796326795,0.));
#1007 = VECTOR('',#1008,1.);
#1008 = DIRECTION('',(-0.,1.));
#1009 = ( GEOMETRIC_REPRESENTATION_CONTEXT(2) 
PARAMETRIC_REPRESENTATION_CONTEXT() REPRESENTATION_CONTEXT('2D SPACE',''
  ) );
#1010 = PCURVE('',#809,#1011);
#1011 = DEFINITIONAL_REPRESENTATION('',(#1012),#1016);
#1012 = LINE('',#1013,#1014);
#1013 = CARTESIAN_POINT('',(0.,-96.2));
#1014 = VECTOR('',#1015,1.);
#1015 = DIRECTION('',(1.,0.));
#1016 = ( GEOMETRIC_REPRESENTATION_CONTEXT(2) 
PARAMETRIC_REPRESENTATION_CONTEXT() REPRESENTATION_CONTEXT('2D SPACE',''
  ) );
#1017 = ORIENTED_EDGE('',*,*,#821,.F.);
#1018 = ORIENTED_EDGE('',*,*,#888,.F.);
#1019 = ADVANCED_FACE('',(#1020),#72,.T.);
#1020 = FACE_BOUND('',#1021,.T.);
#1021 = EDGE_LOOP('',(#1022,#1023,#1024,#1045));
#1022 = ORIENTED_EDGE('',*,*,#56,.F.);
#1023 = ORIENTED_EDGE('',*,*,#910,.F.);
#1024 = ORIENTED_EDGE('',*,*,#1025,.T.);
#1025 = EDGE_CURVE('',#859,#1026,#1028,.T.);
#1026 = VERTEX_POINT('',#1027);
#1027 = CARTESIAN_POINT('',(-96.8,89.591240409707,23.219723895954));
#1028 = SURFACE_CURVE('',#1029,(#1033,#1039),.PCURVE_S1.);
#1029 = LINE('',#1030,#1031);
#1030 = CARTESIAN_POINT('',(-99.2,89.591240409707,23.219723895954));
#1031 = VECTOR('',#1032,1.);
#1032 = DIRECTION('',(1.,0.,2.22044604925E-16));
#1033 = PCURVE('',#72,#1034);
#1034 = DEFINITIONAL_REPRESENTATION('',(#1035),#1038);
#1035 = B_SPLINE_CURVE_WITH_KNOTS('',1,(#1036,#1037),.UNSPECIFIED.,.F.,
  .F.,(2,2),(-2.399999999625E-06,198.4000024),.PIECEWISE_BEZIER_KNOTS.);
#1036 = CARTESIAN_POINT('',(3.229930498735,-2.399999998475E-06));
#1037 = CARTESIAN_POINT('',(3.229930498735,198.4000024));
#1038 = ( GEOMETRIC_REPRESENTATION_CONTEXT(2) 
PARAMETRIC_REPRESENTATION_CONTEXT() REPRESENTATION_CONTEXT('2D SPACE',''
  ) );
#1039 = PCURVE('',#876,#1040);
#1040 = DEFINITIONAL_REPRESENTATION('',(#1041),#1044);
#1041 = B_SPLINE_CURVE_WITH_KNOTS('',1,(#1042,#1043),.UNSPECIFIED.,.F.,
  .F.,(2,2),(-2.399999999625E-06,198.4000024),.PIECEWISE_BEZIER_KNOTS.);
#1042 = CARTESIAN_POINT('',(0.45920744994,-99.2000024));
#1043 = CARTESIAN_POINT('',(0.45920744994,99.2000024));
#1044 = ( GEOMETRIC_REPRESENTATION_CONTEXT(2) 
PARAMETRIC_REPRESENTATION_CONTEXT() REPRESENTATION_CONTEXT('2D SPACE',''
  ) );
#1045 = ORIENTED_EDGE('',*,*,#1046,.F.);
#1046 = EDGE_CURVE('',#57,#1026,#1047,.T.);
#1047 = SURFACE_CURVE('',#1048,(#1053,#1060),.PCURVE_S1.);
#1048 = CIRCLE('',#1049,5.2);
#1049 = AXIS2_PLACEMENT_3D('',#1050,#1051,#1052);
#1050 = CARTESIAN_POINT('',(-96.8,90.05,18.04));
#1051 = DIRECTION('',(1.,0.,2.22044604925E-16));
#1052 = DIRECTION('',(2.22044604925E-16,0.,-1.));
#1053 = PCURVE('',#72,#1054);
#1054 = DEFINITIONAL_REPRESENTATION('',(#1055),#1059);
#1055 = LINE('',#1056,#1057);
#1056 = CARTESIAN_POINT('',(0.,2.4));
#1057 = VECTOR('',#1058,1.);
#1058 = DIRECTION('',(1.,0.));
#1059 = ( GEOMETRIC_REPRESENTATION_CONTEXT(2) 
PARAMETRIC_REPRESENTATION_CONTEXT() REPRESENTATION_CONTEXT('2D SPACE',''
  ) );
#1060 = PCURVE('',#98,#1061);
#1061 = DEFINITIONAL_REPRESENTATION('',(#1062),#1066);
#1062 = CIRCLE('',#1063,5.2);
#1063 = AXIS2_PLACEMENT_2D('',#1064,#1065);
#1064 = CARTESIAN_POINT('',(2.13162820728E-14,0.));
#1065 = DIRECTION('',(1.,0.));
#1066 = ( GEOMETRIC_REPRESENTATION_CONTEXT(2) 
PARAMETRIC_REPRESENTATION_CONTEXT() REPRESENTATION_CONTEXT('2D SPACE',''
  ) );
#1067 = ADVANCED_FACE('',(#1068),#809,.T.);
#1068 = FACE_BOUND('',#1069,.T.);
#1069 = EDGE_LOOP('',(#1070,#1093,#1094,#1095,#1116,#1142,#1168,#1196));
#1070 = ORIENTED_EDGE('',*,*,#1071,.T.);
#1071 = EDGE_CURVE('',#1072,#971,#1074,.T.);
#1072 = VERTEX_POINT('',#1073);
#1073 = CARTESIAN_POINT('',(96.2,-4.440892098501E-16,19.26));
#1074 = SURFACE_CURVE('',#1075,(#1079,#1086),.PCURVE_S1.);
#1075 = LINE('',#1076,#1077);
#1076 = CARTESIAN_POINT('',(99.2,0.,19.26));
#1077 = VECTOR('',#1078,1.);
#1078 = DIRECTION('',(-1.,0.,0.));
#1079 = PCURVE('',#809,#1080);
#1080 = DEFINITIONAL_REPRESENTATION('',(#1081),#1085);
#1081 = LINE('',#1082,#1083);
#1082 = CARTESIAN_POINT('',(0.,99.2));
#1083 = VECTOR('',#1084,1.);
#1084 = DIRECTION('',(0.,-1.));
#1085 = ( GEOMETRIC_REPRESENTATION_CONTEXT(2) 
PARAMETRIC_REPRESENTATION_CONTEXT() REPRESENTATION_CONTEXT('2D SPACE',''
  ) );
#1086 = PCURVE('',#876,#1087);
#1087 = DEFINITIONAL_REPRESENTATION('',(#1088),#1092);
#1088 = LINE('',#1089,#1090);
#1089 = CARTESIAN_POINT('',(90.137910448379,99.2));
#1090 = VECTOR('',#1091,1.);
#1091 = DIRECTION('',(-0.,-1.));
#1092 = ( GEOMETRIC_REPRESENTATION_CONTEXT(2) 
PARAMETRIC_REPRESENTATION_CONTEXT() REPRESENTATION_CONTEXT('2D SPACE',''
  ) );
#1093 = ORIENTED_EDGE('',*,*,#997,.T.);
#1094 = ORIENTED_EDGE('',*,*,#793,.F.);
#1095 = ORIENTED_EDGE('',*,*,#1096,.T.);
#1096 = EDGE_CURVE('',#768,#1097,#1099,.T.);
#1097 = VERTEX_POINT('',#1098);
#1098 = CARTESIAN_POINT('',(-48.6,0.,17.236790671849));
#1099 = SURFACE_CURVE('',#1100,(#1104,#1110),.PCURVE_S1.);
#1100 = LINE('',#1101,#1102);
#1101 = CARTESIAN_POINT('',(-48.6,0.,15.948395335924));
#1102 = VECTOR('',#1103,1.);
#1103 = DIRECTION('',(-0.,0.,1.));
#1104 = PCURVE('',#809,#1105);
#1105 = DEFINITIONAL_REPRESENTATION('',(#1106),#1109);
#1106 = B_SPLINE_CURVE_WITH_KNOTS('',1,(#1107,#1108),.UNSPECIFIED.,.F.,
  .F.,(2,2),(-7.088395335924,1.288395335924),.PIECEWISE_BEZIER_KNOTS.);
#1107 = CARTESIAN_POINT('',(10.4,-48.6));
#1108 = CARTESIAN_POINT('',(2.023209328151,-48.6));
#1109 = ( GEOMETRIC_REPRESENTATION_CONTEXT(2) 
PARAMETRIC_REPRESENTATION_CONTEXT() REPRESENTATION_CONTEXT('2D SPACE',''
  ) );
#1110 = PCURVE('',#782,#1111);
#1111 = DEFINITIONAL_REPRESENTATION('',(#1112),#1115);
#1112 = B_SPLINE_CURVE_WITH_KNOTS('',1,(#1113,#1114),.UNSPECIFIED.,.F.,
  .F.,(2,2),(-7.088395335924,1.288395335924),.PIECEWISE_BEZIER_KNOTS.);
#1113 = CARTESIAN_POINT('',(-1.75,-3.776790671849));
#1114 = CARTESIAN_POINT('',(-1.75,4.6));
#1115 = ( GEOMETRIC_REPRESENTATION_CONTEXT(2) 
PARAMETRIC_REPRESENTATION_CONTEXT() REPRESENTATION_CONTEXT('2D SPACE',''
  ) );
#1116 = ORIENTED_EDGE('',*,*,#1117,.F.);
#1117 = EDGE_CURVE('',#1118,#1097,#1120,.T.);
#1118 = VERTEX_POINT('',#1119);
#1119 = CARTESIAN_POINT('',(5.,0.,17.236790671849));
#1120 = SURFACE_CURVE('',#1121,(#1125,#1131),.PCURVE_S1.);
#1121 = LINE('',#1122,#1123);
#1122 = CARTESIAN_POINT('',(-10.9,0.,17.236790671849));
#1123 = VECTOR('',#1124,1.);
#1124 = DIRECTION('',(-1.,-0.,0.));
#1125 = PCURVE('',#809,#1126);
#1126 = DEFINITIONAL_REPRESENTATION('',(#1127),#1130);
#1127 = B_SPLINE_CURVE_WITH_KNOTS('',1,(#1128,#1129),.UNSPECIFIED.,.F.,
  .F.,(2,2),(-15.9,37.7),.PIECEWISE_BEZIER_KNOTS.);
#1128 = CARTESIAN_POINT('',(2.023209328151,5.));
#1129 = CARTESIAN_POINT('',(2.023209328151,-48.6));
#1130 = ( GEOMETRIC_REPRESENTATION_CONTEXT(2) 
PARAMETRIC_REPRESENTATION_CONTEXT() REPRESENTATION_CONTEXT('2D SPACE',''
  ) );
#1131 = PCURVE('',#1132,#1137);
#1132 = PLANE('',#1133);
#1133 = AXIS2_PLACEMENT_3D('',#1134,#1135,#1136);
#1134 = CARTESIAN_POINT('',(-21.8,4.5,17.236790671849));
#1135 = DIRECTION('',(-0.,0.,1.));
#1136 = DIRECTION('',(0.,-1.,0.));
#1137 = DEFINITIONAL_REPRESENTATION('',(#1138),#1141);
#1138 = B_SPLINE_CURVE_WITH_KNOTS('',1,(#1139,#1140),.UNSPECIFIED.,.F.,
  .F.,(2,2),(-15.9,37.7),.PIECEWISE_BEZIER_KNOTS.);
#1139 = CARTESIAN_POINT('',(4.5,26.8));
#1140 = CARTESIAN_POINT('',(4.5,-26.8));
#1141 = ( GEOMETRIC_REPRESENTATION_CONTEXT(2) 
PARAMETRIC_REPRESENTATION_CONTEXT() REPRESENTATION_CONTEXT('2D SPACE',''
  ) );
#1142 = ORIENTED_EDGE('',*,*,#1143,.F.);
#1143 = EDGE_CURVE('',#1144,#1118,#1146,.T.);
#1144 = VERTEX_POINT('',#1145);
#1145 = CARTESIAN_POINT('',(5.,0.,8.86));
#1146 = SURFACE_CURVE('',#1147,(#1151,#1157),.PCURVE_S1.);
#1147 = LINE('',#1148,#1149);
#1148 = CARTESIAN_POINT('',(5.,0.,15.948395335924));
#1149 = VECTOR('',#1150,1.);
#1150 = DIRECTION('',(-0.,0.,1.));
#1151 = PCURVE('',#809,#1152);
#1152 = DEFINITIONAL_REPRESENTATION('',(#1153),#1156);
#1153 = B_SPLINE_CURVE_WITH_KNOTS('',1,(#1154,#1155),.UNSPECIFIED.,.F.,
  .F.,(2,2),(-7.088395335924,1.288395335924),.PIECEWISE_BEZIER_KNOTS.);
#1154 = CARTESIAN_POINT('',(10.4,5.));
#1155 = CARTESIAN_POINT('',(2.023209328151,5.));
#1156 = ( GEOMETRIC_REPRESENTATION_CONTEXT(2) 
PARAMETRIC_REPRESENTATION_CONTEXT() REPRESENTATION_CONTEXT('2D SPACE',''
  ) );
#1157 = PCURVE('',#1158,#1163);
#1158 = PLANE('',#1159);
#1159 = AXIS2_PLACEMENT_3D('',#1160,#1161,#1162);
#1160 = CARTESIAN_POINT('',(5.,1.75,12.636790671849));
#1161 = DIRECTION('',(1.,0.,0.));
#1162 = DIRECTION('',(0.,1.,0.));
#1163 = DEFINITIONAL_REPRESENTATION('',(#1164),#1167);
#1164 = B_SPLINE_CURVE_WITH_KNOTS('',1,(#1165,#1166),.UNSPECIFIED.,.F.,
  .F.,(2,2),(-7.088395335924,1.288395335924),.PIECEWISE_BEZIER_KNOTS.);
#1165 = CARTESIAN_POINT('',(-1.75,-3.776790671849));
#1166 = CARTESIAN_POINT('',(-1.75,4.6));
#1167 = ( GEOMETRIC_REPRESENTATION_CONTEXT(2) 
PARAMETRIC_REPRESENTATION_CONTEXT() REPRESENTATION_CONTEXT('2D SPACE',''
  ) );
#1168 = ORIENTED_EDGE('',*,*,#1169,.F.);
#1169 = EDGE_CURVE('',#1170,#1144,#1172,.T.);
#1170 = VERTEX_POINT('',#1171);
#1171 = CARTESIAN_POINT('',(96.2,-4.440892098501E-16,8.86));
#1172 = SURFACE_CURVE('',#1173,(#1177,#1184),.PCURVE_S1.);
#1173 = LINE('',#1174,#1175);
#1174 = CARTESIAN_POINT('',(99.2,0.,8.86));
#1175 = VECTOR('',#1176,1.);
#1176 = DIRECTION('',(-1.,0.,0.));
#1177 = PCURVE('',#809,#1178);
#1178 = DEFINITIONAL_REPRESENTATION('',(#1179),#1183);
#1179 = LINE('',#1180,#1181);
#1180 = CARTESIAN_POINT('',(10.4,99.2));
#1181 = VECTOR('',#1182,1.);
#1182 = DIRECTION('',(0.,-1.));
#1183 = ( GEOMETRIC_REPRESENTATION_CONTEXT(2) 
PARAMETRIC_REPRESENTATION_CONTEXT() REPRESENTATION_CONTEXT('2D SPACE',''
  ) );
#1184 = PCURVE('',#1185,#1190);
#1185 = PLANE('',#1186);
#1186 = AXIS2_PLACEMENT_3D('',#1187,#1188,#1189);
#1187 = CARTESIAN_POINT('',(0.,0.,8.86));
#1188 = DIRECTION('',(0.,4.415456249432E-02,-0.999024711712));
#1189 = DIRECTION('',(0.,0.999024711712,4.415456249432E-02));
#1190 = DEFINITIONAL_REPRESENTATION('',(#1191),#1195);
#1191 = LINE('',#1192,#1193);
#1192 = CARTESIAN_POINT('',(0.,99.2));
#1193 = VECTOR('',#1194,1.);
#1194 = DIRECTION('',(0.,-1.));
#1195 = ( GEOMETRIC_REPRESENTATION_CONTEXT(2) 
PARAMETRIC_REPRESENTATION_CONTEXT() REPRESENTATION_CONTEXT('2D SPACE',''
  ) );
#1196 = ORIENTED_EDGE('',*,*,#1197,.F.);
#1197 = EDGE_CURVE('',#1072,#1170,#1198,.T.);
#1198 = SURFACE_CURVE('',#1199,(#1203,#1210),.PCURVE_S1.);
#1199 = LINE('',#1200,#1201);
#1200 = CARTESIAN_POINT('',(96.2,-4.440892098501E-16,19.26));
#1201 = VECTOR('',#1202,1.);
#1202 = DIRECTION('',(0.,0.,-1.));
#1203 = PCURVE('',#809,#1204);
#1204 = DEFINITIONAL_REPRESENTATION('',(#1205),#1209);
#1205 = LINE('',#1206,#1207);
#1206 = CARTESIAN_POINT('',(0.,96.2));
#1207 = VECTOR('',#1208,1.);
#1208 = DIRECTION('',(1.,0.));
#1209 = ( GEOMETRIC_REPRESENTATION_CONTEXT(2) 
PARAMETRIC_REPRESENTATION_CONTEXT() REPRESENTATION_CONTEXT('2D SPACE',''
  ) );
#1210 = PCURVE('',#1211,#1216);
#1211 = CYLINDRICAL_SURFACE('',#1212,3.);
#1212 = AXIS2_PLACEMENT_3D('',#1213,#1214,#1215);
#1213 = CARTESIAN_POINT('',(96.2,3.,19.26));
#1214 = DIRECTION('',(0.,0.,-1.));
#1215 = DIRECTION('',(1.,0.,0.));
#1216 = DEFINITIONAL_REPRESENTATION('',(#1217),#1221);
#1217 = LINE('',#1218,#1219);
#1218 = CARTESIAN_POINT('',(1.570796326795,0.));
#1219 = VECTOR('',#1220,1.);
#1220 = DIRECTION('',(0.,1.));
#1221 = ( GEOMETRIC_REPRESENTATION_CONTEXT(2) 
PARAMETRIC_REPRESENTATION_CONTEXT() REPRESENTATION_CONTEXT('2D SPACE',''
  ) );
#1222 = ADVANCED_FACE('',(#1223,#1270),#98,.T.);
#1223 = FACE_BOUND('',#1224,.T.);
#1224 = EDGE_LOOP('',(#1225,#1246,#1268,#1269));
#1225 = ORIENTED_EDGE('',*,*,#1226,.F.);
#1226 = EDGE_CURVE('',#1227,#1026,#1229,.T.);
#1227 = VERTEX_POINT('',#1228);
#1228 = CARTESIAN_POINT('',(-96.8,86.439734320801,23.080434676255));
#1229 = SURFACE_CURVE('',#1230,(#1234,#1240),.PCURVE_S1.);
#1230 = LINE('',#1231,#1232);
#1231 = CARTESIAN_POINT('',(-96.8,89.935310102427,23.234930973988));
#1232 = VECTOR('',#1233,1.);
#1233 = DIRECTION('',(-9.804282384688E-18,0.999024711712,
    4.415456249432E-02));
#1234 = PCURVE('',#98,#1235);
#1235 = DEFINITIONAL_REPRESENTATION('',(#1236),#1239);
#1236 = B_SPLINE_CURVE_WITH_KNOTS('',1,(#1237,#1238),.UNSPECIFIED.,.F.,
  .F.,(2,2),(-6.091250828019,-0.344405587455),.PIECEWISE_BEZIER_KNOTS.);
#1237 = CARTESIAN_POINT('',(-4.925974458634,-6.2));
#1238 = CARTESIAN_POINT('',(-5.179723895954,-0.458759590293));
#1239 = ( GEOMETRIC_REPRESENTATION_CONTEXT(2) 
PARAMETRIC_REPRESENTATION_CONTEXT() REPRESENTATION_CONTEXT('2D SPACE',''
  ) );
#1240 = PCURVE('',#876,#1241);
#1241 = DEFINITIONAL_REPRESENTATION('',(#1242),#1245);
#1242 = B_SPLINE_CURVE_WITH_KNOTS('',1,(#1243,#1244),.UNSPECIFIED.,.F.,
  .F.,(2,2),(-6.091250828019,-0.344405587455),.PIECEWISE_BEZIER_KNOTS.);
#1243 = CARTESIAN_POINT('',(6.206052690505,-96.8));
#1244 = CARTESIAN_POINT('',(0.45920744994,-96.8));
#1245 = ( GEOMETRIC_REPRESENTATION_CONTEXT(2) 
PARAMETRIC_REPRESENTATION_CONTEXT() REPRESENTATION_CONTEXT('2D SPACE',''
  ) );
#1246 = ORIENTED_EDGE('',*,*,#1247,.T.);
#1247 = EDGE_CURVE('',#1227,#84,#1248,.T.);
#1248 = SURFACE_CURVE('',#1249,(#1254,#1261),.PCURVE_S1.);
#1249 = CIRCLE('',#1250,6.2);
#1250 = AXIS2_PLACEMENT_3D('',#1251,#1252,#1253);
#1251 = CARTESIAN_POINT('',(-96.8,90.05,18.04));
#1252 = DIRECTION('',(1.,-0.,2.22044604925E-16));
#1253 = DIRECTION('',(2.22044604925E-16,0.,-1.));
#1254 = PCURVE('',#98,#1255);
#1255 = DEFINITIONAL_REPRESENTATION('',(#1256),#1260);
#1256 = CIRCLE('',#1257,6.2);
#1257 = AXIS2_PLACEMENT_2D('',#1258,#1259);
#1258 = CARTESIAN_POINT('',(0.,0.));
#1259 = DIRECTION('',(1.,0.));
#1260 = ( GEOMETRIC_REPRESENTATION_CONTEXT(2) 
PARAMETRIC_REPRESENTATION_CONTEXT() REPRESENTATION_CONTEXT('2D SPACE',''
  ) );
#1261 = PCURVE('',#124,#1262);
#1262 = DEFINITIONAL_REPRESENTATION('',(#1263),#1267);
#1263 = LINE('',#1264,#1265);
#1264 = CARTESIAN_POINT('',(0.,0.));
#1265 = VECTOR('',#1266,1.);
#1266 = DIRECTION('',(1.,0.));
#1267 = ( GEOMETRIC_REPRESENTATION_CONTEXT(2) 
PARAMETRIC_REPRESENTATION_CONTEXT() REPRESENTATION_CONTEXT('2D SPACE',''
  ) );
#1268 = ORIENTED_EDGE('',*,*,#83,.F.);
#1269 = ORIENTED_EDGE('',*,*,#1046,.T.);
#1270 = FACE_BOUND('',#1271,.T.);
#1271 = EDGE_LOOP('',(#1272));
#1272 = ORIENTED_EDGE('',*,*,#1273,.F.);
#1273 = EDGE_CURVE('',#1274,#1274,#1276,.T.);
#1274 = VERTEX_POINT('',#1275);
#1275 = CARTESIAN_POINT('',(-96.8,90.05,14.84));
#1276 = SURFACE_CURVE('',#1277,(#1282,#1289),.PCURVE_S1.);
#1277 = CIRCLE('',#1278,3.2);
#1278 = AXIS2_PLACEMENT_3D('',#1279,#1280,#1281);
#1279 = CARTESIAN_POINT('',(-96.8,90.05,18.04));
#1280 = DIRECTION('',(1.,0.,2.22044604925E-16));
#1281 = DIRECTION('',(2.22044604925E-16,0.,-1.));
#1282 = PCURVE('',#98,#1283);
#1283 = DEFINITIONAL_REPRESENTATION('',(#1284),#1288);
#1284 = CIRCLE('',#1285,3.2);
#1285 = AXIS2_PLACEMENT_2D('',#1286,#1287);
#1286 = CARTESIAN_POINT('',(0.,0.));
#1287 = DIRECTION('',(1.,0.));
#1288 = ( GEOMETRIC_REPRESENTATION_CONTEXT(2) 
PARAMETRIC_REPRESENTATION_CONTEXT() REPRESENTATION_CONTEXT('2D SPACE',''
  ) );
#1289 = PCURVE('',#955,#1290);
#1290 = DEFINITIONAL_REPRESENTATION('',(#1291),#1295);
#1291 = LINE('',#1292,#1293);
#1292 = CARTESIAN_POINT('',(0.,5.4));
#1293 = VECTOR('',#1294,1.);
#1294 = DIRECTION('',(1.,0.));
#1295 = ( GEOMETRIC_REPRESENTATION_CONTEXT(2) 
PARAMETRIC_REPRESENTATION_CONTEXT() REPRESENTATION_CONTEXT('2D SPACE',''
  ) );
#1296 = ADVANCED_FACE('',(#1297),#782,.T.);
#1297 = FACE_BOUND('',#1298,.T.);
#1298 = EDGE_LOOP('',(#1299,#1322,#1323,#1324));
#1299 = ORIENTED_EDGE('',*,*,#1300,.T.);
#1300 = EDGE_CURVE('',#1301,#1097,#1303,.T.);
#1301 = VERTEX_POINT('',#1302);
#1302 = CARTESIAN_POINT('',(-48.6,4.,17.236790671849));
#1303 = SURFACE_CURVE('',#1304,(#1308,#1315),.PCURVE_S1.);
#1304 = LINE('',#1305,#1306);
#1305 = CARTESIAN_POINT('',(-48.6,4.5,17.236790671849));
#1306 = VECTOR('',#1307,1.);
#1307 = DIRECTION('',(0.,-1.,0.));
#1308 = PCURVE('',#782,#1309);
#1309 = DEFINITIONAL_REPRESENTATION('',(#1310),#1314);
#1310 = LINE('',#1311,#1312);
#1311 = CARTESIAN_POINT('',(2.75,4.6));
#1312 = VECTOR('',#1313,1.);
#1313 = DIRECTION('',(-1.,0.));
#1314 = ( GEOMETRIC_REPRESENTATION_CONTEXT(2) 
PARAMETRIC_REPRESENTATION_CONTEXT() REPRESENTATION_CONTEXT('2D SPACE',''
  ) );
#1315 = PCURVE('',#1132,#1316);
#1316 = DEFINITIONAL_REPRESENTATION('',(#1317),#1321);
#1317 = LINE('',#1318,#1319);
#1318 = CARTESIAN_POINT('',(0.,-26.8));
#1319 = VECTOR('',#1320,1.);
#1320 = DIRECTION('',(1.,0.));
#1321 = ( GEOMETRIC_REPRESENTATION_CONTEXT(2) 
PARAMETRIC_REPRESENTATION_CONTEXT() REPRESENTATION_CONTEXT('2D SPACE',''
  ) );
#1322 = ORIENTED_EDGE('',*,*,#1096,.F.);
#1323 = ORIENTED_EDGE('',*,*,#767,.F.);
#1324 = ORIENTED_EDGE('',*,*,#1325,.T.);
#1325 = EDGE_CURVE('',#742,#1301,#1326,.T.);
#1326 = SURFACE_CURVE('',#1327,(#1331,#1337),.PCURVE_S1.);
#1327 = LINE('',#1328,#1329);
#1328 = CARTESIAN_POINT('',(-48.6,4.,15.436790671849));
#1329 = VECTOR('',#1330,1.);
#1330 = DIRECTION('',(-0.,0.,1.));
#1331 = PCURVE('',#782,#1332);
#1332 = DEFINITIONAL_REPRESENTATION('',(#1333),#1336);
#1333 = B_SPLINE_CURVE_WITH_KNOTS('',1,(#1334,#1335),.UNSPECIFIED.,.F.,
  .F.,(2,2),(-6.4,1.8),.PIECEWISE_BEZIER_KNOTS.);
#1334 = CARTESIAN_POINT('',(2.25,-3.6));
#1335 = CARTESIAN_POINT('',(2.25,4.6));
#1336 = ( GEOMETRIC_REPRESENTATION_CONTEXT(2) 
PARAMETRIC_REPRESENTATION_CONTEXT() REPRESENTATION_CONTEXT('2D SPACE',''
  ) );
#1337 = PCURVE('',#756,#1338);
#1338 = DEFINITIONAL_REPRESENTATION('',(#1339),#1342);
#1339 = B_SPLINE_CURVE_WITH_KNOTS('',1,(#1340,#1341),.UNSPECIFIED.,.F.,
  .F.,(2,2),(-6.4,1.8),.PIECEWISE_BEZIER_KNOTS.);
#1340 = CARTESIAN_POINT('',(9.2,-48.6));
#1341 = CARTESIAN_POINT('',(1.,-48.6));
#1342 = ( GEOMETRIC_REPRESENTATION_CONTEXT(2) 
PARAMETRIC_REPRESENTATION_CONTEXT() REPRESENTATION_CONTEXT('2D SPACE',''
  ) );
#1343 = ADVANCED_FACE('',(#1344),#124,.F.);
#1344 = FACE_BOUND('',#1345,.F.);
#1345 = EDGE_LOOP('',(#1346,#1370,#1389,#1390));
#1346 = ORIENTED_EDGE('',*,*,#1347,.F.);
#1347 = EDGE_CURVE('',#1348,#110,#1350,.T.);
#1348 = VERTEX_POINT('',#1349);
#1349 = CARTESIAN_POINT('',(-90.4,86.439734320801,23.080434676255));
#1350 = SURFACE_CURVE('',#1351,(#1356,#1363),.PCURVE_S1.);
#1351 = CIRCLE('',#1352,6.2);
#1352 = AXIS2_PLACEMENT_3D('',#1353,#1354,#1355);
#1353 = CARTESIAN_POINT('',(-90.4,90.05,18.04));
#1354 = DIRECTION('',(1.,-0.,2.22044604925E-16));
#1355 = DIRECTION('',(2.22044604925E-16,0.,-1.));
#1356 = PCURVE('',#124,#1357);
#1357 = DEFINITIONAL_REPRESENTATION('',(#1358),#1362);
#1358 = LINE('',#1359,#1360);
#1359 = CARTESIAN_POINT('',(0.,6.4));
#1360 = VECTOR('',#1361,1.);
#1361 = DIRECTION('',(1.,0.));
#1362 = ( GEOMETRIC_REPRESENTATION_CONTEXT(2) 
PARAMETRIC_REPRESENTATION_CONTEXT() REPRESENTATION_CONTEXT('2D SPACE',''
  ) );
#1363 = PCURVE('',#150,#1364);
#1364 = DEFINITIONAL_REPRESENTATION('',(#1365),#1369);
#1365 = CIRCLE('',#1366,6.2);
#1366 = AXIS2_PLACEMENT_2D('',#1367,#1368);
#1367 = CARTESIAN_POINT('',(0.,0.));
#1368 = DIRECTION('',(1.,0.));
#1369 = ( GEOMETRIC_REPRESENTATION_CONTEXT(2) 
PARAMETRIC_REPRESENTATION_CONTEXT() REPRESENTATION_CONTEXT('2D SPACE',''
  ) );
#1370 = ORIENTED_EDGE('',*,*,#1371,.F.);
#1371 = EDGE_CURVE('',#1227,#1348,#1372,.T.);
#1372 = SURFACE_CURVE('',#1373,(#1377,#1383),.PCURVE_S1.);
#1373 = LINE('',#1374,#1375);
#1374 = CARTESIAN_POINT('',(-96.8,86.439734320801,23.080434676255));
#1375 = VECTOR('',#1376,1.);
#1376 = DIRECTION('',(1.,0.,2.22044604925E-16));
#1377 = PCURVE('',#124,#1378);
#1378 = DEFINITIONAL_REPRESENTATION('',(#1379),#1382);
#1379 = B_SPLINE_CURVE_WITH_KNOTS('',1,(#1380,#1381),.UNSPECIFIED.,.F.,
  .F.,(2,2),(-6.000000070117E-07,6.4000006),.PIECEWISE_BEZIER_KNOTS.);
#1380 = CARTESIAN_POINT('',(3.7631487329,-6.000000058925E-07));
#1381 = CARTESIAN_POINT('',(3.7631487329,6.4000006));
#1382 = ( GEOMETRIC_REPRESENTATION_CONTEXT(2) 
PARAMETRIC_REPRESENTATION_CONTEXT() REPRESENTATION_CONTEXT('2D SPACE',''
  ) );
#1383 = PCURVE('',#876,#1384);
#1384 = DEFINITIONAL_REPRESENTATION('',(#1385),#1388);
#1385 = B_SPLINE_CURVE_WITH_KNOTS('',1,(#1386,#1387),.UNSPECIFIED.,.F.,
  .F.,(2,2),(-6.000000070117E-07,6.4000006),.PIECEWISE_BEZIER_KNOTS.);
#1386 = CARTESIAN_POINT('',(3.613790166424,-96.8000006));
#1387 = CARTESIAN_POINT('',(3.613790166424,-90.3999994));
#1388 = ( GEOMETRIC_REPRESENTATION_CONTEXT(2) 
PARAMETRIC_REPRESENTATION_CONTEXT() REPRESENTATION_CONTEXT('2D SPACE',''
  ) );
#1389 = ORIENTED_EDGE('',*,*,#1247,.T.);
#1390 = ORIENTED_EDGE('',*,*,#109,.T.);
#1391 = ADVANCED_FACE('',(#1392),#756,.F.);
#1392 = FACE_BOUND('',#1393,.F.);
#1393 = EDGE_LOOP('',(#1394,#1417,#1445,#1473,#1494,#1495,#1496,#1517));
#1394 = ORIENTED_EDGE('',*,*,#1395,.F.);
#1395 = EDGE_CURVE('',#1396,#1398,#1400,.T.);
#1396 = VERTEX_POINT('',#1397);
#1397 = CARTESIAN_POINT('',(72.19,4.,9.036790671849));
#1398 = VERTEX_POINT('',#1399);
#1399 = CARTESIAN_POINT('',(5.,4.,9.036790671849));
#1400 = SURFACE_CURVE('',#1401,(#1405,#1411),.PCURVE_S1.);
#1401 = LINE('',#1402,#1403);
#1402 = CARTESIAN_POINT('',(0.,4.,9.036790671849));
#1403 = VECTOR('',#1404,1.);
#1404 = DIRECTION('',(-1.,-0.,-0.));
#1405 = PCURVE('',#756,#1406);
#1406 = DEFINITIONAL_REPRESENTATION('',(#1407),#1410);
#1407 = B_SPLINE_CURVE_WITH_KNOTS('',1,(#1408,#1409),.UNSPECIFIED.,.F.,
  .F.,(2,2),(-72.19,72.19),.PIECEWISE_BEZIER_KNOTS.);
#1408 = CARTESIAN_POINT('',(9.2,72.19));
#1409 = CARTESIAN_POINT('',(9.2,-72.19));
#1410 = ( GEOMETRIC_REPRESENTATION_CONTEXT(2) 
PARAMETRIC_REPRESENTATION_CONTEXT() REPRESENTATION_CONTEXT('2D SPACE',''
  ) );
#1411 = PCURVE('',#1185,#1412);
#1412 = DEFINITIONAL_REPRESENTATION('',(#1413),#1416);
#1413 = B_SPLINE_CURVE_WITH_KNOTS('',1,(#1414,#1415),.UNSPECIFIED.,.F.,
  .F.,(2,2),(-72.19,72.19),.PIECEWISE_BEZIER_KNOTS.);
#1414 = CARTESIAN_POINT('',(4.003904961616,72.19));
#1415 = CARTESIAN_POINT('',(4.003904961616,-72.19));
#1416 = ( GEOMETRIC_REPRESENTATION_CONTEXT(2) 
PARAMETRIC_REPRESENTATION_CONTEXT() REPRESENTATION_CONTEXT('2D SPACE',''
  ) );
#1417 = ORIENTED_EDGE('',*,*,#1418,.T.);
#1418 = EDGE_CURVE('',#1396,#1419,#1421,.T.);
#1419 = VERTEX_POINT('',#1420);
#1420 = CARTESIAN_POINT('',(72.19,4.,18.236790671849));
#1421 = SURFACE_CURVE('',#1422,(#1426,#1433),.PCURVE_S1.);
#1422 = LINE('',#1423,#1424);
#1423 = CARTESIAN_POINT('',(72.19,4.,-50.));
#1424 = VECTOR('',#1425,1.);
#1425 = DIRECTION('',(0.,0.,1.));
#1426 = PCURVE('',#756,#1427);
#1427 = DEFINITIONAL_REPRESENTATION('',(#1428),#1432);
#1428 = LINE('',#1429,#1430);
#1429 = CARTESIAN_POINT('',(68.236790671849,72.19));
#1430 = VECTOR('',#1431,1.);
#1431 = DIRECTION('',(-1.,0.));
#1432 = ( GEOMETRIC_REPRESENTATION_CONTEXT(2) 
PARAMETRIC_REPRESENTATION_CONTEXT() REPRESENTATION_CONTEXT('2D SPACE',''
  ) );
#1433 = PCURVE('',#1434,#1439);
#1434 = CYLINDRICAL_SURFACE('',#1435,9.16);
#1435 = AXIS2_PLACEMENT_3D('',#1436,#1437,#1438);
#1436 = CARTESIAN_POINT('',(72.19,13.16,-50.));
#1437 = DIRECTION('',(-0.,-0.,-1.));
#1438 = DIRECTION('',(3.102806706376E-15,-1.,0.));
#1439 = DEFINITIONAL_REPRESENTATION('',(#1440),#1444);
#1440 = LINE('',#1441,#1442);
#1441 = CARTESIAN_POINT('',(-0.,0.));
#1442 = VECTOR('',#1443,1.);
#1443 = DIRECTION('',(-0.,-1.));
#1444 = ( GEOMETRIC_REPRESENTATION_CONTEXT(2) 
PARAMETRIC_REPRESENTATION_CONTEXT() REPRESENTATION_CONTEXT('2D SPACE',''
  ) );
#1445 = ORIENTED_EDGE('',*,*,#1446,.T.);
#1446 = EDGE_CURVE('',#1419,#1447,#1449,.T.);
#1447 = VERTEX_POINT('',#1448);
#1448 = CARTESIAN_POINT('',(-72.19,4.,18.236790671849));
#1449 = SURFACE_CURVE('',#1450,(#1454,#1461),.PCURVE_S1.);
#1450 = LINE('',#1451,#1452);
#1451 = CARTESIAN_POINT('',(81.35,4.,18.236790671849));
#1452 = VECTOR('',#1453,1.);
#1453 = DIRECTION('',(-1.,0.,0.));
#1454 = PCURVE('',#756,#1455);
#1455 = DEFINITIONAL_REPRESENTATION('',(#1456),#1460);
#1456 = LINE('',#1457,#1458);
#1457 = CARTESIAN_POINT('',(0.,81.35));
#1458 = VECTOR('',#1459,1.);
#1459 = DIRECTION('',(0.,-1.));
#1460 = ( GEOMETRIC_REPRESENTATION_CONTEXT(2) 
PARAMETRIC_REPRESENTATION_CONTEXT() REPRESENTATION_CONTEXT('2D SPACE',''
  ) );
#1461 = PCURVE('',#1462,#1467);
#1462 = PLANE('',#1463);
#1463 = AXIS2_PLACEMENT_3D('',#1464,#1465,#1466);
#1464 = CARTESIAN_POINT('',(0.,80.7,21.626751804553));
#1465 = DIRECTION('',(0.,-4.415456249432E-02,0.999024711712));
#1466 = DIRECTION('',(0.,-0.999024711712,-4.415456249432E-02));
#1467 = DEFINITIONAL_REPRESENTATION('',(#1468),#1472);
#1468 = LINE('',#1469,#1470);
#1469 = CARTESIAN_POINT('',(76.774877638986,81.35));
#1470 = VECTOR('',#1471,1.);
#1471 = DIRECTION('',(-0.,-1.));
#1472 = ( GEOMETRIC_REPRESENTATION_CONTEXT(2) 
PARAMETRIC_REPRESENTATION_CONTEXT() REPRESENTATION_CONTEXT('2D SPACE',''
  ) );
#1473 = ORIENTED_EDGE('',*,*,#1474,.F.);
#1474 = EDGE_CURVE('',#708,#1447,#1475,.T.);
#1475 = SURFACE_CURVE('',#1476,(#1480,#1487),.PCURVE_S1.);
#1476 = LINE('',#1477,#1478);
#1477 = CARTESIAN_POINT('',(-72.19,4.,-50.));
#1478 = VECTOR('',#1479,1.);
#1479 = DIRECTION('',(0.,0.,1.));
#1480 = PCURVE('',#756,#1481);
#1481 = DEFINITIONAL_REPRESENTATION('',(#1482),#1486);
#1482 = LINE('',#1483,#1484);
#1483 = CARTESIAN_POINT('',(68.236790671849,-72.19));
#1484 = VECTOR('',#1485,1.);
#1485 = DIRECTION('',(-1.,0.));
#1486 = ( GEOMETRIC_REPRESENTATION_CONTEXT(2) 
PARAMETRIC_REPRESENTATION_CONTEXT() REPRESENTATION_CONTEXT('2D SPACE',''
  ) );
#1487 = PCURVE('',#724,#1488);
#1488 = DEFINITIONAL_REPRESENTATION('',(#1489),#1493);
#1489 = LINE('',#1490,#1491);
#1490 = CARTESIAN_POINT('',(-1.570796326795,0.));
#1491 = VECTOR('',#1492,1.);
#1492 = DIRECTION('',(-0.,-1.));
#1493 = ( GEOMETRIC_REPRESENTATION_CONTEXT(2) 
PARAMETRIC_REPRESENTATION_CONTEXT() REPRESENTATION_CONTEXT('2D SPACE',''
  ) );
#1494 = ORIENTED_EDGE('',*,*,#741,.F.);
#1495 = ORIENTED_EDGE('',*,*,#1325,.T.);
#1496 = ORIENTED_EDGE('',*,*,#1497,.F.);
#1497 = EDGE_CURVE('',#1498,#1301,#1500,.T.);
#1498 = VERTEX_POINT('',#1499);
#1499 = CARTESIAN_POINT('',(5.,4.,17.236790671849));
#1500 = SURFACE_CURVE('',#1501,(#1505,#1511),.PCURVE_S1.);
#1501 = LINE('',#1502,#1503);
#1502 = CARTESIAN_POINT('',(-10.9,4.,17.236790671849));
#1503 = VECTOR('',#1504,1.);
#1504 = DIRECTION('',(-1.,-0.,0.));
#1505 = PCURVE('',#756,#1506);
#1506 = DEFINITIONAL_REPRESENTATION('',(#1507),#1510);
#1507 = B_SPLINE_CURVE_WITH_KNOTS('',1,(#1508,#1509),.UNSPECIFIED.,.F.,
  .F.,(2,2),(-15.9,37.7),.PIECEWISE_BEZIER_KNOTS.);
#1508 = CARTESIAN_POINT('',(1.,5.));
#1509 = CARTESIAN_POINT('',(1.,-48.6));
#1510 = ( GEOMETRIC_REPRESENTATION_CONTEXT(2) 
PARAMETRIC_REPRESENTATION_CONTEXT() REPRESENTATION_CONTEXT('2D SPACE',''
  ) );
#1511 = PCURVE('',#1132,#1512);
#1512 = DEFINITIONAL_REPRESENTATION('',(#1513),#1516);
#1513 = B_SPLINE_CURVE_WITH_KNOTS('',1,(#1514,#1515),.UNSPECIFIED.,.F.,
  .F.,(2,2),(-15.9,37.7),.PIECEWISE_BEZIER_KNOTS.);
#1514 = CARTESIAN_POINT('',(0.5,26.8));
#1515 = CARTESIAN_POINT('',(0.5,-26.8));
#1516 = ( GEOMETRIC_REPRESENTATION_CONTEXT(2) 
PARAMETRIC_REPRESENTATION_CONTEXT() REPRESENTATION_CONTEXT('2D SPACE',''
  ) );
#1517 = ORIENTED_EDGE('',*,*,#1518,.F.);
#1518 = EDGE_CURVE('',#1398,#1498,#1519,.T.);
#1519 = SURFACE_CURVE('',#1520,(#1524,#1530),.PCURVE_S1.);
#1520 = LINE('',#1521,#1522);
#1521 = CARTESIAN_POINT('',(5.,4.,15.436790671849));
#1522 = VECTOR('',#1523,1.);
#1523 = DIRECTION('',(-0.,0.,1.));
#1524 = PCURVE('',#756,#1525);
#1525 = DEFINITIONAL_REPRESENTATION('',(#1526),#1529);
#1526 = B_SPLINE_CURVE_WITH_KNOTS('',1,(#1527,#1528),.UNSPECIFIED.,.F.,
  .F.,(2,2),(-6.4,1.8),.PIECEWISE_BEZIER_KNOTS.);
#1527 = CARTESIAN_POINT('',(9.2,5.));
#1528 = CARTESIAN_POINT('',(1.,5.));
#1529 = ( GEOMETRIC_REPRESENTATION_CONTEXT(2) 
PARAMETRIC_REPRESENTATION_CONTEXT() REPRESENTATION_CONTEXT('2D SPACE',''
  ) );
#1530 = PCURVE('',#1158,#1531);
#1531 = DEFINITIONAL_REPRESENTATION('',(#1532),#1535);
#1532 = B_SPLINE_CURVE_WITH_KNOTS('',1,(#1533,#1534),.UNSPECIFIED.,.F.,
  .F.,(2,2),(-6.4,1.8),.PIECEWISE_BEZIER_KNOTS.);
#1533 = CARTESIAN_POINT('',(2.25,-3.6));
#1534 = CARTESIAN_POINT('',(2.25,4.6));
#1535 = ( GEOMETRIC_REPRESENTATION_CONTEXT(2) 
PARAMETRIC_REPRESENTATION_CONTEXT() REPRESENTATION_CONTEXT('2D SPACE',''
  ) );
#1536 = ADVANCED_FACE('',(#1537,#1585),#150,.F.);
#1537 = FACE_BOUND('',#1538,.F.);
#1538 = EDGE_LOOP('',(#1539,#1561,#1562,#1563));
#1539 = ORIENTED_EDGE('',*,*,#1540,.F.);
#1540 = EDGE_CURVE('',#1348,#1541,#1543,.T.);
#1541 = VERTEX_POINT('',#1542);
#1542 = CARTESIAN_POINT('',(-90.4,89.591240409707,23.219723895954));
#1543 = SURFACE_CURVE('',#1544,(#1548,#1555),.PCURVE_S1.);
#1544 = LINE('',#1545,#1546);
#1545 = CARTESIAN_POINT('',(-90.4,89.935310102427,23.234930973988));
#1546 = VECTOR('',#1547,1.);
#1547 = DIRECTION('',(-9.804282384688E-18,0.999024711712,
    4.415456249432E-02));
#1548 = PCURVE('',#150,#1549);
#1549 = DEFINITIONAL_REPRESENTATION('',(#1550),#1554);
#1550 = LINE('',#1551,#1552);
#1551 = CARTESIAN_POINT('',(-5.194930973988,-0.114689897573));
#1552 = VECTOR('',#1553,1.);
#1553 = DIRECTION('',(-4.415456249432E-02,0.999024711712));
#1554 = ( GEOMETRIC_REPRESENTATION_CONTEXT(2) 
PARAMETRIC_REPRESENTATION_CONTEXT() REPRESENTATION_CONTEXT('2D SPACE',''
  ) );
#1555 = PCURVE('',#876,#1556);
#1556 = DEFINITIONAL_REPRESENTATION('',(#1557),#1560);
#1557 = B_SPLINE_CURVE_WITH_KNOTS('',1,(#1558,#1559),.UNSPECIFIED.,.F.,
  .F.,(2,2),(-6.091250828019,-0.344405587455),.PIECEWISE_BEZIER_KNOTS.);
#1558 = CARTESIAN_POINT('',(6.206052690505,-90.4));
#1559 = CARTESIAN_POINT('',(0.45920744994,-90.4));
#1560 = ( GEOMETRIC_REPRESENTATION_CONTEXT(2) 
PARAMETRIC_REPRESENTATION_CONTEXT() REPRESENTATION_CONTEXT('2D SPACE',''
  ) );
#1561 = ORIENTED_EDGE('',*,*,#1347,.T.);
#1562 = ORIENTED_EDGE('',*,*,#135,.F.);
#1563 = ORIENTED_EDGE('',*,*,#1564,.T.);
#1564 = EDGE_CURVE('',#136,#1541,#1565,.T.);
#1565 = SURFACE_CURVE('',#1566,(#1571,#1578),.PCURVE_S1.);
#1566 = CIRCLE('',#1567,5.2);
#1567 = AXIS2_PLACEMENT_3D('',#1568,#1569,#1570);
#1568 = CARTESIAN_POINT('',(-90.4,90.05,18.04));
#1569 = DIRECTION('',(1.,0.,2.22044604925E-16));
#1570 = DIRECTION('',(2.22044604925E-16,0.,-1.));
#1571 = PCURVE('',#150,#1572);
#1572 = DEFINITIONAL_REPRESENTATION('',(#1573),#1577);
#1573 = CIRCLE('',#1574,5.2);
#1574 = AXIS2_PLACEMENT_2D('',#1575,#1576);
#1575 = CARTESIAN_POINT('',(1.7763568394E-14,0.));
#1576 = DIRECTION('',(1.,0.));
#1577 = ( GEOMETRIC_REPRESENTATION_CONTEXT(2) 
PARAMETRIC_REPRESENTATION_CONTEXT() REPRESENTATION_CONTEXT('2D SPACE',''
  ) );
#1578 = PCURVE('',#178,#1579);
#1579 = DEFINITIONAL_REPRESENTATION('',(#1580),#1584);
#1580 = LINE('',#1581,#1582);
#1581 = CARTESIAN_POINT('',(0.,8.8));
#1582 = VECTOR('',#1583,1.);
#1583 = DIRECTION('',(1.,0.));
#1584 = ( GEOMETRIC_REPRESENTATION_CONTEXT(2) 
PARAMETRIC_REPRESENTATION_CONTEXT() REPRESENTATION_CONTEXT('2D SPACE',''
  ) );
#1585 = FACE_BOUND('',#1586,.F.);
#1586 = EDGE_LOOP('',(#1587));
#1587 = ORIENTED_EDGE('',*,*,#1588,.F.);
#1588 = EDGE_CURVE('',#1589,#1589,#1591,.T.);
#1589 = VERTEX_POINT('',#1590);
#1590 = CARTESIAN_POINT('',(-90.4,90.05,16.29));
#1591 = SURFACE_CURVE('',#1592,(#1597,#1604),.PCURVE_S1.);
#1592 = CIRCLE('',#1593,1.75);
#1593 = AXIS2_PLACEMENT_3D('',#1594,#1595,#1596);
#1594 = CARTESIAN_POINT('',(-90.4,90.05,18.04));
#1595 = DIRECTION('',(1.,0.,2.22044604925E-16));
#1596 = DIRECTION('',(2.22044604925E-16,0.,-1.));
#1597 = PCURVE('',#150,#1598);
#1598 = DEFINITIONAL_REPRESENTATION('',(#1599),#1603);
#1599 = CIRCLE('',#1600,1.75);
#1600 = AXIS2_PLACEMENT_2D('',#1601,#1602);
#1601 = CARTESIAN_POINT('',(0.,0.));
#1602 = DIRECTION('',(1.,0.));
#1603 = ( GEOMETRIC_REPRESENTATION_CONTEXT(2) 
PARAMETRIC_REPRESENTATION_CONTEXT() REPRESENTATION_CONTEXT('2D SPACE',''
  ) );
#1604 = PCURVE('',#1605,#1610);
#1605 = CYLINDRICAL_SURFACE('',#1606,1.75);
#1606 = AXIS2_PLACEMENT_3D('',#1607,#1608,#1609);
#1607 = CARTESIAN_POINT('',(-98.6,90.05,18.04));
#1608 = DIRECTION('',(1.,0.,2.22044604925E-16));
#1609 = DIRECTION('',(2.22044604925E-16,0.,-1.));
#1610 = DEFINITIONAL_REPRESENTATION('',(#1611),#1615);
#1611 = LINE('',#1612,#1613);
#1612 = CARTESIAN_POINT('',(0.,8.2));
#1613 = VECTOR('',#1614,1.);
#1614 = DIRECTION('',(1.,0.));
#1615 = ( GEOMETRIC_REPRESENTATION_CONTEXT(2) 
PARAMETRIC_REPRESENTATION_CONTEXT() REPRESENTATION_CONTEXT('2D SPACE',''
  ) );
#1616 = ADVANCED_FACE('',(#1617),#724,.F.);
#1617 = FACE_BOUND('',#1618,.T.);
#1618 = EDGE_LOOP('',(#1619,#1620,#1621,#1644));
#1619 = ORIENTED_EDGE('',*,*,#1474,.F.);
#1620 = ORIENTED_EDGE('',*,*,#707,.T.);
#1621 = ORIENTED_EDGE('',*,*,#1622,.T.);
#1622 = EDGE_CURVE('',#682,#1623,#1625,.T.);
#1623 = VERTEX_POINT('',#1624);
#1624 = CARTESIAN_POINT('',(-81.35,13.16,18.641641310383));
#1625 = SURFACE_CURVE('',#1626,(#1630,#1637),.PCURVE_S1.);
#1626 = LINE('',#1627,#1628);
#1627 = CARTESIAN_POINT('',(-81.35,13.16,-50.));
#1628 = VECTOR('',#1629,1.);
#1629 = DIRECTION('',(0.,0.,1.));
#1630 = PCURVE('',#724,#1631);
#1631 = DEFINITIONAL_REPRESENTATION('',(#1632),#1636);
#1632 = LINE('',#1633,#1634);
#1633 = CARTESIAN_POINT('',(-0.,0.));
#1634 = VECTOR('',#1635,1.);
#1635 = DIRECTION('',(-0.,-1.));
#1636 = ( GEOMETRIC_REPRESENTATION_CONTEXT(2) 
PARAMETRIC_REPRESENTATION_CONTEXT() REPRESENTATION_CONTEXT('2D SPACE',''
  ) );
#1637 = PCURVE('',#696,#1638);
#1638 = DEFINITIONAL_REPRESENTATION('',(#1639),#1643);
#1639 = LINE('',#1640,#1641);
#1640 = CARTESIAN_POINT('',(-29.19,-64.8317712382));
#1641 = VECTOR('',#1642,1.);
#1642 = DIRECTION('',(0.,1.));
#1643 = ( GEOMETRIC_REPRESENTATION_CONTEXT(2) 
PARAMETRIC_REPRESENTATION_CONTEXT() REPRESENTATION_CONTEXT('2D SPACE',''
  ) );
#1644 = ORIENTED_EDGE('',*,*,#1645,.T.);
#1645 = EDGE_CURVE('',#1623,#1447,#1646,.T.);
#1646 = SURFACE_CURVE('',#1647,(#1652,#1664),.PCURVE_S1.);
#1647 = ELLIPSE('',#1648,9.168942362101,9.16);
#1648 = AXIS2_PLACEMENT_3D('',#1649,#1650,#1651);
#1649 = CARTESIAN_POINT('',(-72.19,13.16,18.641641310383));
#1650 = DIRECTION('',(0.,-4.415456249432E-02,0.999024711712));
#1651 = DIRECTION('',(0.,-0.999024711712,-4.415456249432E-02));
#1652 = PCURVE('',#724,#1653);
#1653 = DEFINITIONAL_REPRESENTATION('',(#1654),#1663);
#1654 = B_SPLINE_CURVE_WITH_KNOTS('',7,(#1655,#1656,#1657,#1658,#1659,
    #1660,#1661,#1662),.UNSPECIFIED.,.F.,.F.,(8,8),(4.712388980385,
    6.28318530718),.PIECEWISE_BEZIER_KNOTS.);
#1655 = CARTESIAN_POINT('',(0.,-68.64164131038));
#1656 = CARTESIAN_POINT('',(-0.224399475256,-68.55079303953));
#1657 = CARTESIAN_POINT('',(-0.448798950513,-68.45994513758));
#1658 = CARTESIAN_POINT('',(-0.673198425769,-68.3765666399));
#1659 = CARTESIAN_POINT('',(-0.897597901026,-68.30814053437));
#1660 = CARTESIAN_POINT('',(-1.121997376282,-68.26057510947));
#1661 = CARTESIAN_POINT('',(-1.346396851538,-68.23679067184));
#1662 = CARTESIAN_POINT('',(-1.570796326795,-68.23679067184));
#1663 = ( GEOMETRIC_REPRESENTATION_CONTEXT(2) 
PARAMETRIC_REPRESENTATION_CONTEXT() REPRESENTATION_CONTEXT('2D SPACE',''
  ) );
#1664 = PCURVE('',#1462,#1665);
#1665 = DEFINITIONAL_REPRESENTATION('',(#1666),#1670);
#1666 = ELLIPSE('',#1667,9.168942362101,9.16);
#1667 = AXIS2_PLACEMENT_2D('',#1668,#1669);
#1668 = CARTESIAN_POINT('',(67.605935276885,-72.19));
#1669 = DIRECTION('',(1.,0.));
#1670 = ( GEOMETRIC_REPRESENTATION_CONTEXT(2) 
PARAMETRIC_REPRESENTATION_CONTEXT() REPRESENTATION_CONTEXT('2D SPACE',''
  ) );
#1671 = ADVANCED_FACE('',(#1672),#178,.T.);
#1672 = FACE_BOUND('',#1673,.T.);
#1673 = EDGE_LOOP('',(#1674,#1675,#1676,#1697));
#1674 = ORIENTED_EDGE('',*,*,#162,.F.);
#1675 = ORIENTED_EDGE('',*,*,#1564,.T.);
#1676 = ORIENTED_EDGE('',*,*,#1677,.T.);
#1677 = EDGE_CURVE('',#1541,#1678,#1680,.T.);
#1678 = VERTEX_POINT('',#1679);
#1679 = CARTESIAN_POINT('',(-84.6,89.591240409707,23.219723895954));
#1680 = SURFACE_CURVE('',#1681,(#1685,#1691),.PCURVE_S1.);
#1681 = LINE('',#1682,#1683);
#1682 = CARTESIAN_POINT('',(-99.2,89.591240409707,23.219723895954));
#1683 = VECTOR('',#1684,1.);
#1684 = DIRECTION('',(1.,0.,2.22044604925E-16));
#1685 = PCURVE('',#178,#1686);
#1686 = DEFINITIONAL_REPRESENTATION('',(#1687),#1690);
#1687 = B_SPLINE_CURVE_WITH_KNOTS('',1,(#1688,#1689),.UNSPECIFIED.,.F.,
  .F.,(2,2),(-2.399999999625E-06,198.4000024),.PIECEWISE_BEZIER_KNOTS.);
#1688 = CARTESIAN_POINT('',(3.229930498735,-2.399999998475E-06));
#1689 = CARTESIAN_POINT('',(3.229930498735,198.4000024));
#1690 = ( GEOMETRIC_REPRESENTATION_CONTEXT(2) 
PARAMETRIC_REPRESENTATION_CONTEXT() REPRESENTATION_CONTEXT('2D SPACE',''
  ) );
#1691 = PCURVE('',#876,#1692);
#1692 = DEFINITIONAL_REPRESENTATION('',(#1693),#1696);
#1693 = B_SPLINE_CURVE_WITH_KNOTS('',1,(#1694,#1695),.UNSPECIFIED.,.F.,
  .F.,(2,2),(-2.399999999625E-06,198.4000024),.PIECEWISE_BEZIER_KNOTS.);
#1694 = CARTESIAN_POINT('',(0.45920744994,-99.2000024));
#1695 = CARTESIAN_POINT('',(0.45920744994,99.2000024));
#1696 = ( GEOMETRIC_REPRESENTATION_CONTEXT(2) 
PARAMETRIC_REPRESENTATION_CONTEXT() REPRESENTATION_CONTEXT('2D SPACE',''
  ) );
#1697 = ORIENTED_EDGE('',*,*,#1698,.F.);
#1698 = EDGE_CURVE('',#163,#1678,#1699,.T.);
#1699 = SURFACE_CURVE('',#1700,(#1705,#1712),.PCURVE_S1.);
#1700 = CIRCLE('',#1701,5.2);
#1701 = AXIS2_PLACEMENT_3D('',#1702,#1703,#1704);
#1702 = CARTESIAN_POINT('',(-84.6,90.05,18.04));
#1703 = DIRECTION('',(1.,0.,2.22044604925E-16));
#1704 = DIRECTION('',(2.22044604925E-16,0.,-1.));
#1705 = PCURVE('',#178,#1706);
#1706 = DEFINITIONAL_REPRESENTATION('',(#1707),#1711);
#1707 = LINE('',#1708,#1709);
#1708 = CARTESIAN_POINT('',(0.,14.6));
#1709 = VECTOR('',#1710,1.);
#1710 = DIRECTION('',(1.,0.));
#1711 = ( GEOMETRIC_REPRESENTATION_CONTEXT(2) 
PARAMETRIC_REPRESENTATION_CONTEXT() REPRESENTATION_CONTEXT('2D SPACE',''
  ) );
#1712 = PCURVE('',#204,#1713);
#1713 = DEFINITIONAL_REPRESENTATION('',(#1714),#1718);
#1714 = CIRCLE('',#1715,5.2);
#1715 = AXIS2_PLACEMENT_2D('',#1716,#1717);
#1716 = CARTESIAN_POINT('',(1.7763568394E-14,0.));
#1717 = DIRECTION('',(1.,0.));
#1718 = ( GEOMETRIC_REPRESENTATION_CONTEXT(2) 
PARAMETRIC_REPRESENTATION_CONTEXT() REPRESENTATION_CONTEXT('2D SPACE',''
  ) );
#1719 = ADVANCED_FACE('',(#1720),#696,.T.);
#1720 = FACE_BOUND('',#1721,.T.);
#1721 = EDGE_LOOP('',(#1722,#1723,#1724,#1747));
#1722 = ORIENTED_EDGE('',*,*,#1622,.F.);
#1723 = ORIENTED_EDGE('',*,*,#681,.F.);
#1724 = ORIENTED_EDGE('',*,*,#1725,.T.);
#1725 = EDGE_CURVE('',#648,#1726,#1728,.T.);
#1726 = VERTEX_POINT('',#1727);
#1727 = CARTESIAN_POINT('',(-81.35,70.,21.153836757357));
#1728 = SURFACE_CURVE('',#1729,(#1733,#1740),.PCURVE_S1.);
#1729 = LINE('',#1730,#1731);
#1730 = CARTESIAN_POINT('',(-81.35,70.,-50.));
#1731 = VECTOR('',#1732,1.);
#1732 = DIRECTION('',(0.,0.,1.));
#1733 = PCURVE('',#696,#1734);
#1734 = DEFINITIONAL_REPRESENTATION('',(#1735),#1739);
#1735 = LINE('',#1736,#1737);
#1736 = CARTESIAN_POINT('',(27.65,-64.8317712382));
#1737 = VECTOR('',#1738,1.);
#1738 = DIRECTION('',(0.,1.));
#1739 = ( GEOMETRIC_REPRESENTATION_CONTEXT(2) 
PARAMETRIC_REPRESENTATION_CONTEXT() REPRESENTATION_CONTEXT('2D SPACE',''
  ) );
#1740 = PCURVE('',#664,#1741);
#1741 = DEFINITIONAL_REPRESENTATION('',(#1742),#1746);
#1742 = LINE('',#1743,#1744);
#1743 = CARTESIAN_POINT('',(-1.570796326795,0.));
#1744 = VECTOR('',#1745,1.);
#1745 = DIRECTION('',(-0.,-1.));
#1746 = ( GEOMETRIC_REPRESENTATION_CONTEXT(2) 
PARAMETRIC_REPRESENTATION_CONTEXT() REPRESENTATION_CONTEXT('2D SPACE',''
  ) );
#1747 = ORIENTED_EDGE('',*,*,#1748,.T.);
#1748 = EDGE_CURVE('',#1726,#1623,#1749,.T.);
#1749 = SURFACE_CURVE('',#1750,(#1754,#1761),.PCURVE_S1.);
#1750 = LINE('',#1751,#1752);
#1751 = CARTESIAN_POINT('',(-81.35,80.7,21.626751804553));
#1752 = VECTOR('',#1753,1.);
#1753 = DIRECTION('',(0.,-0.999024711712,-4.415456249432E-02));
#1754 = PCURVE('',#696,#1755);
#1755 = DEFINITIONAL_REPRESENTATION('',(#1756),#1760);
#1756 = LINE('',#1757,#1758);
#1757 = CARTESIAN_POINT('',(38.35,6.794980566352));
#1758 = VECTOR('',#1759,1.);
#1759 = DIRECTION('',(-0.999024711712,-4.415456249432E-02));
#1760 = ( GEOMETRIC_REPRESENTATION_CONTEXT(2) 
PARAMETRIC_REPRESENTATION_CONTEXT() REPRESENTATION_CONTEXT('2D SPACE',''
  ) );
#1761 = PCURVE('',#1462,#1762);
#1762 = DEFINITIONAL_REPRESENTATION('',(#1763),#1767);
#1763 = LINE('',#1764,#1765);
#1764 = CARTESIAN_POINT('',(-0.,-81.35));
#1765 = VECTOR('',#1766,1.);
#1766 = DIRECTION('',(1.,0.));
#1767 = ( GEOMETRIC_REPRESENTATION_CONTEXT(2) 
PARAMETRIC_REPRESENTATION_CONTEXT() REPRESENTATION_CONTEXT('2D SPACE',''
  ) );
#1768 = ADVANCED_FACE('',(#1769,#1817),#204,.T.);
#1769 = FACE_BOUND('',#1770,.T.);
#1770 = EDGE_LOOP('',(#1771,#1793,#1815,#1816));
#1771 = ORIENTED_EDGE('',*,*,#1772,.F.);
#1772 = EDGE_CURVE('',#1773,#1678,#1775,.T.);
#1773 = VERTEX_POINT('',#1774);
#1774 = CARTESIAN_POINT('',(-84.6,86.439734320801,23.080434676255));
#1775 = SURFACE_CURVE('',#1776,(#1780,#1787),.PCURVE_S1.);
#1776 = LINE('',#1777,#1778);
#1777 = CARTESIAN_POINT('',(-84.6,89.935310102427,23.234930973988));
#1778 = VECTOR('',#1779,1.);
#1779 = DIRECTION('',(-9.804282384688E-18,0.999024711712,
    4.415456249432E-02));
#1780 = PCURVE('',#204,#1781);
#1781 = DEFINITIONAL_REPRESENTATION('',(#1782),#1786);
#1782 = LINE('',#1783,#1784);
#1783 = CARTESIAN_POINT('',(-5.194930973988,-0.114689897573));
#1784 = VECTOR('',#1785,1.);
#1785 = DIRECTION('',(-4.415456249432E-02,0.999024711712));
#1786 = ( GEOMETRIC_REPRESENTATION_CONTEXT(2) 
PARAMETRIC_REPRESENTATION_CONTEXT() REPRESENTATION_CONTEXT('2D SPACE',''
  ) );
#1787 = PCURVE('',#876,#1788);
#1788 = DEFINITIONAL_REPRESENTATION('',(#1789),#1792);
#1789 = B_SPLINE_CURVE_WITH_KNOTS('',1,(#1790,#1791),.UNSPECIFIED.,.F.,
  .F.,(2,2),(-6.091250828019,-0.344405587455),.PIECEWISE_BEZIER_KNOTS.);
#1790 = CARTESIAN_POINT('',(6.206052690505,-84.6));
#1791 = CARTESIAN_POINT('',(0.45920744994,-84.6));
#1792 = ( GEOMETRIC_REPRESENTATION_CONTEXT(2) 
PARAMETRIC_REPRESENTATION_CONTEXT() REPRESENTATION_CONTEXT('2D SPACE',''
  ) );
#1793 = ORIENTED_EDGE('',*,*,#1794,.T.);
#1794 = EDGE_CURVE('',#1773,#190,#1795,.T.);
#1795 = SURFACE_CURVE('',#1796,(#1801,#1808),.PCURVE_S1.);
#1796 = CIRCLE('',#1797,6.2);
#1797 = AXIS2_PLACEMENT_3D('',#1798,#1799,#1800);
#1798 = CARTESIAN_POINT('',(-84.6,90.05,18.04));
#1799 = DIRECTION('',(1.,-0.,2.22044604925E-16));
#1800 = DIRECTION('',(2.22044604925E-16,0.,-1.));
#1801 = PCURVE('',#204,#1802);
#1802 = DEFINITIONAL_REPRESENTATION('',(#1803),#1807);
#1803 = CIRCLE('',#1804,6.2);
#1804 = AXIS2_PLACEMENT_2D('',#1805,#1806);
#1805 = CARTESIAN_POINT('',(0.,0.));
#1806 = DIRECTION('',(1.,0.));
#1807 = ( GEOMETRIC_REPRESENTATION_CONTEXT(2) 
PARAMETRIC_REPRESENTATION_CONTEXT() REPRESENTATION_CONTEXT('2D SPACE',''
  ) );
#1808 = PCURVE('',#231,#1809);
#1809 = DEFINITIONAL_REPRESENTATION('',(#1810),#1814);
#1810 = LINE('',#1811,#1812);
#1811 = CARTESIAN_POINT('',(0.,0.));
#1812 = VECTOR('',#1813,1.);
#1813 = DIRECTION('',(1.,0.));
#1814 = ( GEOMETRIC_REPRESENTATION_CONTEXT(2) 
PARAMETRIC_REPRESENTATION_CONTEXT() REPRESENTATION_CONTEXT('2D SPACE',''
  ) );
#1815 = ORIENTED_EDGE('',*,*,#189,.F.);
#1816 = ORIENTED_EDGE('',*,*,#1698,.T.);
#1817 = FACE_BOUND('',#1818,.T.);
#1818 = EDGE_LOOP('',(#1819));
#1819 = ORIENTED_EDGE('',*,*,#1820,.F.);
#1820 = EDGE_CURVE('',#1821,#1821,#1823,.T.);
#1821 = VERTEX_POINT('',#1822);
#1822 = CARTESIAN_POINT('',(-84.6,90.05,16.29));
#1823 = SURFACE_CURVE('',#1824,(#1829,#1836),.PCURVE_S1.);
#1824 = CIRCLE('',#1825,1.75);
#1825 = AXIS2_PLACEMENT_3D('',#1826,#1827,#1828);
#1826 = CARTESIAN_POINT('',(-84.6,90.05,18.04));
#1827 = DIRECTION('',(1.,0.,2.22044604925E-16));
#1828 = DIRECTION('',(2.22044604925E-16,0.,-1.));
#1829 = PCURVE('',#204,#1830);
#1830 = DEFINITIONAL_REPRESENTATION('',(#1831),#1835);
#1831 = CIRCLE('',#1832,1.75);
#1832 = AXIS2_PLACEMENT_2D('',#1833,#1834);
#1833 = CARTESIAN_POINT('',(0.,0.));
#1834 = DIRECTION('',(1.,0.));
#1835 = ( GEOMETRIC_REPRESENTATION_CONTEXT(2) 
PARAMETRIC_REPRESENTATION_CONTEXT() REPRESENTATION_CONTEXT('2D SPACE',''
  ) );
#1836 = PCURVE('',#1605,#1837);
#1837 = DEFINITIONAL_REPRESENTATION('',(#1838),#1842);
#1838 = LINE('',#1839,#1840);
#1839 = CARTESIAN_POINT('',(0.,14.));
#1840 = VECTOR('',#1841,1.);
#1841 = DIRECTION('',(1.,0.));
#1842 = ( GEOMETRIC_REPRESENTATION_CONTEXT(2) 
PARAMETRIC_REPRESENTATION_CONTEXT() REPRESENTATION_CONTEXT('2D SPACE',''
  ) );
#1843 = ADVANCED_FACE('',(#1844),#664,.F.);
#1844 = FACE_BOUND('',#1845,.T.);
#1845 = EDGE_LOOP('',(#1846,#1847,#1848,#1871));
#1846 = ORIENTED_EDGE('',*,*,#1725,.F.);
#1847 = ORIENTED_EDGE('',*,*,#647,.T.);
#1848 = ORIENTED_EDGE('',*,*,#1849,.T.);
#1849 = EDGE_CURVE('',#622,#1850,#1852,.T.);
#1850 = VERTEX_POINT('',#1851);
#1851 = CARTESIAN_POINT('',(-70.65,80.7,21.626751804553));
#1852 = SURFACE_CURVE('',#1853,(#1857,#1864),.PCURVE_S1.);
#1853 = LINE('',#1854,#1855);
#1854 = CARTESIAN_POINT('',(-70.65,80.7,-50.));
#1855 = VECTOR('',#1856,1.);
#1856 = DIRECTION('',(0.,0.,1.));
#1857 = PCURVE('',#664,#1858);
#1858 = DEFINITIONAL_REPRESENTATION('',(#1859),#1863);
#1859 = LINE('',#1860,#1861);
#1860 = CARTESIAN_POINT('',(-0.,0.));
#1861 = VECTOR('',#1862,1.);
#1862 = DIRECTION('',(-0.,-1.));
#1863 = ( GEOMETRIC_REPRESENTATION_CONTEXT(2) 
PARAMETRIC_REPRESENTATION_CONTEXT() REPRESENTATION_CONTEXT('2D SPACE',''
  ) );
#1864 = PCURVE('',#636,#1865);
#1865 = DEFINITIONAL_REPRESENTATION('',(#1866),#1870);
#1866 = LINE('',#1867,#1868);
#1867 = CARTESIAN_POINT('',(-61.42675180455,-70.65));
#1868 = VECTOR('',#1869,1.);
#1869 = DIRECTION('',(1.,0.));
#1870 = ( GEOMETRIC_REPRESENTATION_CONTEXT(2) 
PARAMETRIC_REPRESENTATION_CONTEXT() REPRESENTATION_CONTEXT('2D SPACE',''
  ) );
#1871 = ORIENTED_EDGE('',*,*,#1872,.T.);
#1872 = EDGE_CURVE('',#1850,#1726,#1873,.T.);
#1873 = SURFACE_CURVE('',#1874,(#1879,#1891),.PCURVE_S1.);
#1874 = ELLIPSE('',#1875,10.710445772323,10.7);
#1875 = AXIS2_PLACEMENT_3D('',#1876,#1877,#1878);
#1876 = CARTESIAN_POINT('',(-70.65,70.,21.153836757357));
#1877 = DIRECTION('',(0.,-4.415456249432E-02,0.999024711712));
#1878 = DIRECTION('',(0.,-0.999024711712,-4.415456249432E-02));
#1879 = PCURVE('',#664,#1880);
#1880 = DEFINITIONAL_REPRESENTATION('',(#1881),#1890);
#1881 = B_SPLINE_CURVE_WITH_KNOTS('',7,(#1882,#1883,#1884,#1885,#1886,
    #1887,#1888,#1889),.UNSPECIFIED.,.F.,.F.,(8,8),(3.14159265359,
    4.712388980385),.PIECEWISE_BEZIER_KNOTS.);
#1882 = CARTESIAN_POINT('',(0.,-71.62675180455));
#1883 = CARTESIAN_POINT('',(-0.224399475256,-71.62675180455));
#1884 = CARTESIAN_POINT('',(-0.448798950513,-71.59896867328));
#1885 = CARTESIAN_POINT('',(-0.67319842577,-71.5434064411));
#1886 = CARTESIAN_POINT('',(-0.897597901025,-71.46347638338));
#1887 = CARTESIAN_POINT('',(-1.121997376282,-71.3660801033));
#1888 = CARTESIAN_POINT('',(-1.346396851538,-71.25995864578));
#1889 = CARTESIAN_POINT('',(-1.570796326795,-71.15383675735));
#1890 = ( GEOMETRIC_REPRESENTATION_CONTEXT(2) 
PARAMETRIC_REPRESENTATION_CONTEXT() REPRESENTATION_CONTEXT('2D SPACE',''
  ) );
#1891 = PCURVE('',#1462,#1892);
#1892 = DEFINITIONAL_REPRESENTATION('',(#1893),#1897);
#1893 = ELLIPSE('',#1894,10.710445772323,10.7);
#1894 = AXIS2_PLACEMENT_2D('',#1895,#1896);
#1895 = CARTESIAN_POINT('',(10.710445772323,-70.65));
#1896 = DIRECTION('',(1.,0.));
#1897 = ( GEOMETRIC_REPRESENTATION_CONTEXT(2) 
PARAMETRIC_REPRESENTATION_CONTEXT() REPRESENTATION_CONTEXT('2D SPACE',''
  ) );
#1898 = ADVANCED_FACE('',(#1899),#231,.F.);
#1899 = FACE_BOUND('',#1900,.F.);
#1900 = EDGE_LOOP('',(#1901,#1925,#1944,#1945));
#1901 = ORIENTED_EDGE('',*,*,#1902,.F.);
#1902 = EDGE_CURVE('',#1903,#217,#1905,.T.);
#1903 = VERTEX_POINT('',#1904);
#1904 = CARTESIAN_POINT('',(-78.2,86.439734320801,23.080434676255));
#1905 = SURFACE_CURVE('',#1906,(#1911,#1918),.PCURVE_S1.);
#1906 = CIRCLE('',#1907,6.2);
#1907 = AXIS2_PLACEMENT_3D('',#1908,#1909,#1910);
#1908 = CARTESIAN_POINT('',(-78.2,90.05,18.04));
#1909 = DIRECTION('',(1.,-0.,2.22044604925E-16));
#1910 = DIRECTION('',(2.22044604925E-16,0.,-1.));
#1911 = PCURVE('',#231,#1912);
#1912 = DEFINITIONAL_REPRESENTATION('',(#1913),#1917);
#1913 = LINE('',#1914,#1915);
#1914 = CARTESIAN_POINT('',(0.,6.4));
#1915 = VECTOR('',#1916,1.);
#1916 = DIRECTION('',(1.,0.));
#1917 = ( GEOMETRIC_REPRESENTATION_CONTEXT(2) 
PARAMETRIC_REPRESENTATION_CONTEXT() REPRESENTATION_CONTEXT('2D SPACE',''
  ) );
#1918 = PCURVE('',#257,#1919);
#1919 = DEFINITIONAL_REPRESENTATION('',(#1920),#1924);
#1920 = CIRCLE('',#1921,6.2);
#1921 = AXIS2_PLACEMENT_2D('',#1922,#1923);
#1922 = CARTESIAN_POINT('',(0.,0.));
#1923 = DIRECTION('',(1.,0.));
#1924 = ( GEOMETRIC_REPRESENTATION_CONTEXT(2) 
PARAMETRIC_REPRESENTATION_CONTEXT() REPRESENTATION_CONTEXT('2D SPACE',''
  ) );
#1925 = ORIENTED_EDGE('',*,*,#1926,.F.);
#1926 = EDGE_CURVE('',#1773,#1903,#1927,.T.);
#1927 = SURFACE_CURVE('',#1928,(#1932,#1938),.PCURVE_S1.);
#1928 = LINE('',#1929,#1930);
#1929 = CARTESIAN_POINT('',(-84.6,86.439734320801,23.080434676255));
#1930 = VECTOR('',#1931,1.);
#1931 = DIRECTION('',(1.,0.,2.22044604925E-16));
#1932 = PCURVE('',#231,#1933);
#1933 = DEFINITIONAL_REPRESENTATION('',(#1934),#1937);
#1934 = B_SPLINE_CURVE_WITH_KNOTS('',1,(#1935,#1936),.UNSPECIFIED.,.F.,
  .F.,(2,2),(-6.000000070117E-07,6.4000006),.PIECEWISE_BEZIER_KNOTS.);
#1935 = CARTESIAN_POINT('',(3.7631487329,-6.000000058925E-07));
#1936 = CARTESIAN_POINT('',(3.7631487329,6.4000006));
#1937 = ( GEOMETRIC_REPRESENTATION_CONTEXT(2) 
PARAMETRIC_REPRESENTATION_CONTEXT() REPRESENTATION_CONTEXT('2D SPACE',''
  ) );
#1938 = PCURVE('',#876,#1939);
#1939 = DEFINITIONAL_REPRESENTATION('',(#1940),#1943);
#1940 = B_SPLINE_CURVE_WITH_KNOTS('',1,(#1941,#1942),.UNSPECIFIED.,.F.,
  .F.,(2,2),(-6.000000070117E-07,6.4000006),.PIECEWISE_BEZIER_KNOTS.);
#1941 = CARTESIAN_POINT('',(3.613790166424,-84.6000006));
#1942 = CARTESIAN_POINT('',(3.613790166424,-78.1999994));
#1943 = ( GEOMETRIC_REPRESENTATION_CONTEXT(2) 
PARAMETRIC_REPRESENTATION_CONTEXT() REPRESENTATION_CONTEXT('2D SPACE',''
  ) );
#1944 = ORIENTED_EDGE('',*,*,#1794,.T.);
#1945 = ORIENTED_EDGE('',*,*,#216,.T.);
#1946 = ADVANCED_FACE('',(#1947),#636,.F.);
#1947 = FACE_BOUND('',#1948,.F.);
#1948 = EDGE_LOOP('',(#1949,#1950,#1951,#1974));
#1949 = ORIENTED_EDGE('',*,*,#621,.F.);
#1950 = ORIENTED_EDGE('',*,*,#1849,.T.);
#1951 = ORIENTED_EDGE('',*,*,#1952,.T.);
#1952 = EDGE_CURVE('',#1850,#1953,#1955,.T.);
#1953 = VERTEX_POINT('',#1954);
#1954 = CARTESIAN_POINT('',(70.65,80.7,21.626751804553));
#1955 = SURFACE_CURVE('',#1956,(#1960,#1967),.PCURVE_S1.);
#1956 = LINE('',#1957,#1958);
#1957 = CARTESIAN_POINT('',(-81.35,80.7,21.626751804553));
#1958 = VECTOR('',#1959,1.);
#1959 = DIRECTION('',(1.,0.,0.));
#1960 = PCURVE('',#636,#1961);
#1961 = DEFINITIONAL_REPRESENTATION('',(#1962),#1966);
#1962 = LINE('',#1963,#1964);
#1963 = CARTESIAN_POINT('',(10.2,-81.35));
#1964 = VECTOR('',#1965,1.);
#1965 = DIRECTION('',(0.,1.));
#1966 = ( GEOMETRIC_REPRESENTATION_CONTEXT(2) 
PARAMETRIC_REPRESENTATION_CONTEXT() REPRESENTATION_CONTEXT('2D SPACE',''
  ) );
#1967 = PCURVE('',#1462,#1968);
#1968 = DEFINITIONAL_REPRESENTATION('',(#1969),#1973);
#1969 = LINE('',#1970,#1971);
#1970 = CARTESIAN_POINT('',(-0.,-81.35));
#1971 = VECTOR('',#1972,1.);
#1972 = DIRECTION('',(0.,1.));
#1973 = ( GEOMETRIC_REPRESENTATION_CONTEXT(2) 
PARAMETRIC_REPRESENTATION_CONTEXT() REPRESENTATION_CONTEXT('2D SPACE',''
  ) );
#1974 = ORIENTED_EDGE('',*,*,#1975,.F.);
#1975 = EDGE_CURVE('',#588,#1953,#1976,.T.);
#1976 = SURFACE_CURVE('',#1977,(#1981,#1988),.PCURVE_S1.);
#1977 = LINE('',#1978,#1979);
#1978 = CARTESIAN_POINT('',(70.65,80.7,-50.));
#1979 = VECTOR('',#1980,1.);
#1980 = DIRECTION('',(0.,0.,1.));
#1981 = PCURVE('',#636,#1982);
#1982 = DEFINITIONAL_REPRESENTATION('',(#1983),#1987);
#1983 = LINE('',#1984,#1985);
#1984 = CARTESIAN_POINT('',(-61.42675180455,70.65));
#1985 = VECTOR('',#1986,1.);
#1986 = DIRECTION('',(1.,0.));
#1987 = ( GEOMETRIC_REPRESENTATION_CONTEXT(2) 
PARAMETRIC_REPRESENTATION_CONTEXT() REPRESENTATION_CONTEXT('2D SPACE',''
  ) );
#1988 = PCURVE('',#604,#1989);
#1989 = DEFINITIONAL_REPRESENTATION('',(#1990),#1994);
#1990 = LINE('',#1991,#1992);
#1991 = CARTESIAN_POINT('',(-1.570796326795,0.));
#1992 = VECTOR('',#1993,1.);
#1993 = DIRECTION('',(-0.,-1.));
#1994 = ( GEOMETRIC_REPRESENTATION_CONTEXT(2) 
PARAMETRIC_REPRESENTATION_CONTEXT() REPRESENTATION_CONTEXT('2D SPACE',''
  ) );
#1995 = ADVANCED_FACE('',(#1996,#2043),#257,.F.);
#1996 = FACE_BOUND('',#1997,.F.);
#1997 = EDGE_LOOP('',(#1998,#2019,#2020,#2021));
#1998 = ORIENTED_EDGE('',*,*,#1999,.F.);
#1999 = EDGE_CURVE('',#1903,#2000,#2002,.T.);
#2000 = VERTEX_POINT('',#2001);
#2001 = CARTESIAN_POINT('',(-78.2,89.591240409707,23.219723895954));
#2002 = SURFACE_CURVE('',#2003,(#2007,#2013),.PCURVE_S1.);
#2003 = LINE('',#2004,#2005);
#2004 = CARTESIAN_POINT('',(-78.2,89.935310102427,23.234930973988));
#2005 = VECTOR('',#2006,1.);
#2006 = DIRECTION('',(-9.804282384688E-18,0.999024711712,
    4.415456249432E-02));
#2007 = PCURVE('',#257,#2008);
#2008 = DEFINITIONAL_REPRESENTATION('',(#2009),#2012);
#2009 = B_SPLINE_CURVE_WITH_KNOTS('',1,(#2010,#2011),.UNSPECIFIED.,.F.,
  .F.,(2,2),(-6.091250828019,-0.344405587455),.PIECEWISE_BEZIER_KNOTS.);
#2010 = CARTESIAN_POINT('',(-4.925974458634,-6.2));
#2011 = CARTESIAN_POINT('',(-5.179723895954,-0.458759590293));
#2012 = ( GEOMETRIC_REPRESENTATION_CONTEXT(2) 
PARAMETRIC_REPRESENTATION_CONTEXT() REPRESENTATION_CONTEXT('2D SPACE',''
  ) );
#2013 = PCURVE('',#876,#2014);
#2014 = DEFINITIONAL_REPRESENTATION('',(#2015),#2018);
#2015 = B_SPLINE_CURVE_WITH_KNOTS('',1,(#2016,#2017),.UNSPECIFIED.,.F.,
  .F.,(2,2),(-6.091250828019,-0.344405587455),.PIECEWISE_BEZIER_KNOTS.);
#2016 = CARTESIAN_POINT('',(6.206052690505,-78.2));
#2017 = CARTESIAN_POINT('',(0.45920744994,-78.2));
#2018 = ( GEOMETRIC_REPRESENTATION_CONTEXT(2) 
PARAMETRIC_REPRESENTATION_CONTEXT() REPRESENTATION_CONTEXT('2D SPACE',''
  ) );
#2019 = ORIENTED_EDGE('',*,*,#1902,.T.);
#2020 = ORIENTED_EDGE('',*,*,#242,.F.);
#2021 = ORIENTED_EDGE('',*,*,#2022,.T.);
#2022 = EDGE_CURVE('',#243,#2000,#2023,.T.);
#2023 = SURFACE_CURVE('',#2024,(#2029,#2036),.PCURVE_S1.);
#2024 = CIRCLE('',#2025,5.2);
#2025 = AXIS2_PLACEMENT_3D('',#2026,#2027,#2028);
#2026 = CARTESIAN_POINT('',(-78.2,90.05,18.04));
#2027 = DIRECTION('',(1.,0.,2.22044604925E-16));
#2028 = DIRECTION('',(2.22044604925E-16,0.,-1.));
#2029 = PCURVE('',#257,#2030);
#2030 = DEFINITIONAL_REPRESENTATION('',(#2031),#2035);
#2031 = CIRCLE('',#2032,5.2);
#2032 = AXIS2_PLACEMENT_2D('',#2033,#2034);
#2033 = CARTESIAN_POINT('',(1.7763568394E-14,0.));
#2034 = DIRECTION('',(1.,0.));
#2035 = ( GEOMETRIC_REPRESENTATION_CONTEXT(2) 
PARAMETRIC_REPRESENTATION_CONTEXT() REPRESENTATION_CONTEXT('2D SPACE',''
  ) );
#2036 = PCURVE('',#284,#2037);
#2037 = DEFINITIONAL_REPRESENTATION('',(#2038),#2042);
#2038 = LINE('',#2039,#2040);
#2039 = CARTESIAN_POINT('',(0.,21.));
#2040 = VECTOR('',#2041,1.);
#2041 = DIRECTION('',(1.,0.));
#2042 = ( GEOMETRIC_REPRESENTATION_CONTEXT(2) 
PARAMETRIC_REPRESENTATION_CONTEXT() REPRESENTATION_CONTEXT('2D SPACE',''
  ) );
#2043 = FACE_BOUND('',#2044,.F.);
#2044 = EDGE_LOOP('',(#2045));
#2045 = ORIENTED_EDGE('',*,*,#2046,.F.);
#2046 = EDGE_CURVE('',#2047,#2047,#2049,.T.);
#2047 = VERTEX_POINT('',#2048);
#2048 = CARTESIAN_POINT('',(-78.2,90.05,16.29));
#2049 = SURFACE_CURVE('',#2050,(#2055,#2062),.PCURVE_S1.);
#2050 = CIRCLE('',#2051,1.75);
#2051 = AXIS2_PLACEMENT_3D('',#2052,#2053,#2054);
#2052 = CARTESIAN_POINT('',(-78.2,90.05,18.04));
#2053 = DIRECTION('',(1.,0.,2.22044604925E-16));
#2054 = DIRECTION('',(2.22044604925E-16,0.,-1.));
#2055 = PCURVE('',#257,#2056);
#2056 = DEFINITIONAL_REPRESENTATION('',(#2057),#2061);
#2057 = CIRCLE('',#2058,1.75);
#2058 = AXIS2_PLACEMENT_2D('',#2059,#2060);
#2059 = CARTESIAN_POINT('',(0.,0.));
#2060 = DIRECTION('',(1.,0.));
#2061 = ( GEOMETRIC_REPRESENTATION_CONTEXT(2) 
PARAMETRIC_REPRESENTATION_CONTEXT() REPRESENTATION_CONTEXT('2D SPACE',''
  ) );
#2062 = PCURVE('',#2063,#2068);
#2063 = CYLINDRICAL_SURFACE('',#2064,1.75);
#2064 = AXIS2_PLACEMENT_3D('',#2065,#2066,#2067);
#2065 = CARTESIAN_POINT('',(-98.6,90.05,18.04));
#2066 = DIRECTION('',(1.,0.,2.22044604925E-16));
#2067 = DIRECTION('',(2.22044604925E-16,0.,-1.));
#2068 = DEFINITIONAL_REPRESENTATION('',(#2069),#2073);
#2069 = LINE('',#2070,#2071);
#2070 = CARTESIAN_POINT('',(0.,20.4));
#2071 = VECTOR('',#2072,1.);
#2072 = DIRECTION('',(1.,0.));
#2073 = ( GEOMETRIC_REPRESENTATION_CONTEXT(2) 
PARAMETRIC_REPRESENTATION_CONTEXT() REPRESENTATION_CONTEXT('2D SPACE',''
  ) );
#2074 = ADVANCED_FACE('',(#2075),#604,.F.);
#2075 = FACE_BOUND('',#2076,.T.);
#2076 = EDGE_LOOP('',(#2077,#2078,#2079,#2102));
#2077 = ORIENTED_EDGE('',*,*,#1975,.F.);
#2078 = ORIENTED_EDGE('',*,*,#587,.T.);
#2079 = ORIENTED_EDGE('',*,*,#2080,.T.);
#2080 = EDGE_CURVE('',#562,#2081,#2083,.T.);
#2081 = VERTEX_POINT('',#2082);
#2082 = CARTESIAN_POINT('',(81.35,70.,21.153836757357));
#2083 = SURFACE_CURVE('',#2084,(#2088,#2095),.PCURVE_S1.);
#2084 = LINE('',#2085,#2086);
#2085 = CARTESIAN_POINT('',(81.35,70.,-50.));
#2086 = VECTOR('',#2087,1.);
#2087 = DIRECTION('',(0.,0.,1.));
#2088 = PCURVE('',#604,#2089);
#2089 = DEFINITIONAL_REPRESENTATION('',(#2090),#2094);
#2090 = LINE('',#2091,#2092);
#2091 = CARTESIAN_POINT('',(-0.,0.));
#2092 = VECTOR('',#2093,1.);
#2093 = DIRECTION('',(-0.,-1.));
#2094 = ( GEOMETRIC_REPRESENTATION_CONTEXT(2) 
PARAMETRIC_REPRESENTATION_CONTEXT() REPRESENTATION_CONTEXT('2D SPACE',''
  ) );
#2095 = PCURVE('',#576,#2096);
#2096 = DEFINITIONAL_REPRESENTATION('',(#2097),#2101);
#2097 = LINE('',#2098,#2099);
#2098 = CARTESIAN_POINT('',(27.65,-64.8317712382));
#2099 = VECTOR('',#2100,1.);
#2100 = DIRECTION('',(0.,1.));
#2101 = ( GEOMETRIC_REPRESENTATION_CONTEXT(2) 
PARAMETRIC_REPRESENTATION_CONTEXT() REPRESENTATION_CONTEXT('2D SPACE',''
  ) );
#2102 = ORIENTED_EDGE('',*,*,#2103,.T.);
#2103 = EDGE_CURVE('',#2081,#1953,#2104,.T.);
#2104 = SURFACE_CURVE('',#2105,(#2110,#2122),.PCURVE_S1.);
#2105 = ELLIPSE('',#2106,10.710445772323,10.7);
#2106 = AXIS2_PLACEMENT_3D('',#2107,#2108,#2109);
#2107 = CARTESIAN_POINT('',(70.65,70.,21.153836757357));
#2108 = DIRECTION('',(0.,-4.415456249432E-02,0.999024711712));
#2109 = DIRECTION('',(0.,-0.999024711712,-4.415456249432E-02));
#2110 = PCURVE('',#604,#2111);
#2111 = DEFINITIONAL_REPRESENTATION('',(#2112),#2121);
#2112 = B_SPLINE_CURVE_WITH_KNOTS('',7,(#2113,#2114,#2115,#2116,#2117,
    #2118,#2119,#2120),.UNSPECIFIED.,.F.,.F.,(8,8),(1.570796326795,
    3.14159265359),.PIECEWISE_BEZIER_KNOTS.);
#2113 = CARTESIAN_POINT('',(0.,-71.15383675735));
#2114 = CARTESIAN_POINT('',(-0.224399475256,-71.25995864578));
#2115 = CARTESIAN_POINT('',(-0.448798950513,-71.36608010331));
#2116 = CARTESIAN_POINT('',(-0.67319842577,-71.46347638333));
#2117 = CARTESIAN_POINT('',(-0.897597901026,-71.54340644116));
#2118 = CARTESIAN_POINT('',(-1.121997376282,-71.59896867326));
#2119 = CARTESIAN_POINT('',(-1.346396851538,-71.62675180455));
#2120 = CARTESIAN_POINT('',(-1.570796326795,-71.62675180455));
#2121 = ( GEOMETRIC_REPRESENTATION_CONTEXT(2) 
PARAMETRIC_REPRESENTATION_CONTEXT() REPRESENTATION_CONTEXT('2D SPACE',''
  ) );
#2122 = PCURVE('',#1462,#2123);
#2123 = DEFINITIONAL_REPRESENTATION('',(#2124),#2128);
#2124 = ELLIPSE('',#2125,10.710445772323,10.7);
#2125 = AXIS2_PLACEMENT_2D('',#2126,#2127);
#2126 = CARTESIAN_POINT('',(10.710445772323,70.65));
#2127 = DIRECTION('',(1.,0.));
#2128 = ( GEOMETRIC_REPRESENTATION_CONTEXT(2) 
PARAMETRIC_REPRESENTATION_CONTEXT() REPRESENTATION_CONTEXT('2D SPACE',''
  ) );
#2129 = ADVANCED_FACE('',(#2130),#284,.T.);
#2130 = FACE_BOUND('',#2131,.T.);
#2131 = EDGE_LOOP('',(#2132,#2153,#2175,#2176));
#2132 = ORIENTED_EDGE('',*,*,#2133,.T.);
#2133 = EDGE_CURVE('',#2000,#2134,#2136,.T.);
#2134 = VERTEX_POINT('',#2135);
#2135 = CARTESIAN_POINT('',(78.2,89.591240409707,23.219723895954));
#2136 = SURFACE_CURVE('',#2137,(#2141,#2147),.PCURVE_S1.);
#2137 = LINE('',#2138,#2139);
#2138 = CARTESIAN_POINT('',(-99.2,89.591240409707,23.219723895954));
#2139 = VECTOR('',#2140,1.);
#2140 = DIRECTION('',(1.,0.,2.22044604925E-16));
#2141 = PCURVE('',#284,#2142);
#2142 = DEFINITIONAL_REPRESENTATION('',(#2143),#2146);
#2143 = B_SPLINE_CURVE_WITH_KNOTS('',1,(#2144,#2145),.UNSPECIFIED.,.F.,
  .F.,(2,2),(-2.399999999625E-06,198.4000024),.PIECEWISE_BEZIER_KNOTS.);
#2144 = CARTESIAN_POINT('',(3.229930498735,-2.399999998475E-06));
#2145 = CARTESIAN_POINT('',(3.229930498735,198.4000024));
#2146 = ( GEOMETRIC_REPRESENTATION_CONTEXT(2) 
PARAMETRIC_REPRESENTATION_CONTEXT() REPRESENTATION_CONTEXT('2D SPACE',''
  ) );
#2147 = PCURVE('',#876,#2148);
#2148 = DEFINITIONAL_REPRESENTATION('',(#2149),#2152);
#2149 = B_SPLINE_CURVE_WITH_KNOTS('',1,(#2150,#2151),.UNSPECIFIED.,.F.,
  .F.,(2,2),(-2.399999999625E-06,198.4000024),.PIECEWISE_BEZIER_KNOTS.);
#2150 = CARTESIAN_POINT('',(0.45920744994,-99.2000024));
#2151 = CARTESIAN_POINT('',(0.45920744994,99.2000024));
#2152 = ( GEOMETRIC_REPRESENTATION_CONTEXT(2) 
PARAMETRIC_REPRESENTATION_CONTEXT() REPRESENTATION_CONTEXT('2D SPACE',''
  ) );
#2153 = ORIENTED_EDGE('',*,*,#2154,.F.);
#2154 = EDGE_CURVE('',#269,#2134,#2155,.T.);
#2155 = SURFACE_CURVE('',#2156,(#2161,#2168),.PCURVE_S1.);
#2156 = CIRCLE('',#2157,5.2);
#2157 = AXIS2_PLACEMENT_3D('',#2158,#2159,#2160);
#2158 = CARTESIAN_POINT('',(78.2,90.05,18.04));
#2159 = DIRECTION('',(1.,0.,2.22044604925E-16));
#2160 = DIRECTION('',(2.22044604925E-16,0.,-1.));
#2161 = PCURVE('',#284,#2162);
#2162 = DEFINITIONAL_REPRESENTATION('',(#2163),#2167);
#2163 = LINE('',#2164,#2165);
#2164 = CARTESIAN_POINT('',(0.,177.4));
#2165 = VECTOR('',#2166,1.);
#2166 = DIRECTION('',(1.,0.));
#2167 = ( GEOMETRIC_REPRESENTATION_CONTEXT(2) 
PARAMETRIC_REPRESENTATION_CONTEXT() REPRESENTATION_CONTEXT('2D SPACE',''
  ) );
#2168 = PCURVE('',#310,#2169);
#2169 = DEFINITIONAL_REPRESENTATION('',(#2170),#2174);
#2170 = CIRCLE('',#2171,5.2);
#2171 = AXIS2_PLACEMENT_2D('',#2172,#2173);
#2172 = CARTESIAN_POINT('',(-1.7763568394E-14,0.));
#2173 = DIRECTION('',(1.,0.));
#2174 = ( GEOMETRIC_REPRESENTATION_CONTEXT(2) 
PARAMETRIC_REPRESENTATION_CONTEXT() REPRESENTATION_CONTEXT('2D SPACE',''
  ) );
#2175 = ORIENTED_EDGE('',*,*,#268,.F.);
#2176 = ORIENTED_EDGE('',*,*,#2022,.T.);
#2177 = ADVANCED_FACE('',(#2178),#576,.F.);
#2178 = FACE_BOUND('',#2179,.F.);
#2179 = EDGE_LOOP('',(#2180,#2205,#2226,#2252,#2278,#2297,#2298,#2299));
#2180 = ORIENTED_EDGE('',*,*,#2181,.F.);
#2181 = EDGE_CURVE('',#2182,#2184,#2186,.T.);
#2182 = VERTEX_POINT('',#2183);
#2183 = CARTESIAN_POINT('',(81.35,13.16,9.441641310383));
#2184 = VERTEX_POINT('',#2185);
#2185 = CARTESIAN_POINT('',(81.35,13.16,18.641641310383));
#2186 = SURFACE_CURVE('',#2187,(#2191,#2198),.PCURVE_S1.);
#2187 = LINE('',#2188,#2189);
#2188 = CARTESIAN_POINT('',(81.35,13.16,-50.));
#2189 = VECTOR('',#2190,1.);
#2190 = DIRECTION('',(0.,0.,1.));
#2191 = PCURVE('',#576,#2192);
#2192 = DEFINITIONAL_REPRESENTATION('',(#2193),#2197);
#2193 = LINE('',#2194,#2195);
#2194 = CARTESIAN_POINT('',(-29.19,-64.8317712382));
#2195 = VECTOR('',#2196,1.);
#2196 = DIRECTION('',(0.,1.));
#2197 = ( GEOMETRIC_REPRESENTATION_CONTEXT(2) 
PARAMETRIC_REPRESENTATION_CONTEXT() REPRESENTATION_CONTEXT('2D SPACE',''
  ) );
#2198 = PCURVE('',#1434,#2199);
#2199 = DEFINITIONAL_REPRESENTATION('',(#2200),#2204);
#2200 = LINE('',#2201,#2202);
#2201 = CARTESIAN_POINT('',(-1.570796326795,0.));
#2202 = VECTOR('',#2203,1.);
#2203 = DIRECTION('',(-0.,-1.));
#2204 = ( GEOMETRIC_REPRESENTATION_CONTEXT(2) 
PARAMETRIC_REPRESENTATION_CONTEXT() REPRESENTATION_CONTEXT('2D SPACE',''
  ) );
#2205 = ORIENTED_EDGE('',*,*,#2206,.F.);
#2206 = EDGE_CURVE('',#2207,#2182,#2209,.T.);
#2207 = VERTEX_POINT('',#2208);
#2208 = CARTESIAN_POINT('',(81.35,36.35,10.466585230428));
#2209 = SURFACE_CURVE('',#2210,(#2214,#2220),.PCURVE_S1.);
#2210 = LINE('',#2211,#2212);
#2211 = CARTESIAN_POINT('',(81.35,21.265428573087,9.799882351148));
#2212 = VECTOR('',#2213,1.);
#2213 = DIRECTION('',(0.,-0.999024711712,-4.415456249432E-02));
#2214 = PCURVE('',#576,#2215);
#2215 = DEFINITIONAL_REPRESENTATION('',(#2216),#2219);
#2216 = B_SPLINE_CURVE_WITH_KNOTS('',1,(#2217,#2218),.UNSPECIFIED.,.F.,
  .F.,(2,2),(-48.78214808461,8.113341419951),.PIECEWISE_BEZIER_KNOTS.);
#2217 = CARTESIAN_POINT('',(27.65,-2.877934480844));
#2218 = CARTESIAN_POINT('',(-29.19,-5.390129927818));
#2219 = ( GEOMETRIC_REPRESENTATION_CONTEXT(2) 
PARAMETRIC_REPRESENTATION_CONTEXT() REPRESENTATION_CONTEXT('2D SPACE',''
  ) );
#2220 = PCURVE('',#1185,#2221);
#2221 = DEFINITIONAL_REPRESENTATION('',(#2222),#2225);
#2222 = B_SPLINE_CURVE_WITH_KNOTS('',1,(#2223,#2224),.UNSPECIFIED.,.F.,
  .F.,(2,2),(-48.78214808461,8.113341419951),.PIECEWISE_BEZIER_KNOTS.);
#2223 = CARTESIAN_POINT('',(70.068336828279,81.35));
#2224 = CARTESIAN_POINT('',(13.172847323716,81.35));
#2225 = ( GEOMETRIC_REPRESENTATION_CONTEXT(2) 
PARAMETRIC_REPRESENTATION_CONTEXT() REPRESENTATION_CONTEXT('2D SPACE',''
  ) );
#2226 = ORIENTED_EDGE('',*,*,#2227,.T.);
#2227 = EDGE_CURVE('',#2207,#2228,#2230,.T.);
#2228 = VERTEX_POINT('',#2229);
#2229 = CARTESIAN_POINT('',(81.35,36.35,18.331771238201));
#2230 = SURFACE_CURVE('',#2231,(#2235,#2241),.PCURVE_S1.);
#2231 = LINE('',#2232,#2233);
#2232 = CARTESIAN_POINT('',(81.35,36.35,11.281771238201));
#2233 = VECTOR('',#2234,1.);
#2234 = DIRECTION('',(0.,-0.,1.));
#2235 = PCURVE('',#576,#2236);
#2236 = DEFINITIONAL_REPRESENTATION('',(#2237),#2240);
#2237 = B_SPLINE_CURVE_WITH_KNOTS('',1,(#2238,#2239),.UNSPECIFIED.,.F.,
  .F.,(2,2),(-1.840129927818,7.05),.PIECEWISE_BEZIER_KNOTS.);
#2238 = CARTESIAN_POINT('',(-6.,-5.390129927818));
#2239 = CARTESIAN_POINT('',(-6.,3.5));
#2240 = ( GEOMETRIC_REPRESENTATION_CONTEXT(2) 
PARAMETRIC_REPRESENTATION_CONTEXT() REPRESENTATION_CONTEXT('2D SPACE',''
  ) );
#2241 = PCURVE('',#2242,#2247);
#2242 = PLANE('',#2243);
#2243 = AXIS2_PLACEMENT_3D('',#2244,#2245,#2246);
#2244 = CARTESIAN_POINT('',(80.35,36.35,7.731771238201));
#2245 = DIRECTION('',(-0.,1.,0.));
#2246 = DIRECTION('',(0.,0.,1.));
#2247 = DEFINITIONAL_REPRESENTATION('',(#2248),#2251);
#2248 = B_SPLINE_CURVE_WITH_KNOTS('',1,(#2249,#2250),.UNSPECIFIED.,.F.,
  .F.,(2,2),(-1.840129927818,7.05),.PIECEWISE_BEZIER_KNOTS.);
#2249 = CARTESIAN_POINT('',(1.709870072182,1.));
#2250 = CARTESIAN_POINT('',(10.6,1.));
#2251 = ( GEOMETRIC_REPRESENTATION_CONTEXT(2) 
PARAMETRIC_REPRESENTATION_CONTEXT() REPRESENTATION_CONTEXT('2D SPACE',''
  ) );
#2252 = ORIENTED_EDGE('',*,*,#2253,.F.);
#2253 = EDGE_CURVE('',#2254,#2228,#2256,.T.);
#2254 = VERTEX_POINT('',#2255);
#2255 = CARTESIAN_POINT('',(81.35,48.35,18.331771238201));
#2256 = SURFACE_CURVE('',#2257,(#2261,#2267),.PCURVE_S1.);
#2257 = LINE('',#2258,#2259);
#2258 = CARTESIAN_POINT('',(81.35,39.35,18.331771238201));
#2259 = VECTOR('',#2260,1.);
#2260 = DIRECTION('',(0.,-1.,0.));
#2261 = PCURVE('',#576,#2262);
#2262 = DEFINITIONAL_REPRESENTATION('',(#2263),#2266);
#2263 = B_SPLINE_CURVE_WITH_KNOTS('',1,(#2264,#2265),.UNSPECIFIED.,.F.,
  .F.,(2,2),(-9.,3.),.PIECEWISE_BEZIER_KNOTS.);
#2264 = CARTESIAN_POINT('',(6.,3.5));
#2265 = CARTESIAN_POINT('',(-6.,3.5));
#2266 = ( GEOMETRIC_REPRESENTATION_CONTEXT(2) 
PARAMETRIC_REPRESENTATION_CONTEXT() REPRESENTATION_CONTEXT('2D SPACE',''
  ) );
#2267 = PCURVE('',#2268,#2273);
#2268 = PLANE('',#2269);
#2269 = AXIS2_PLACEMENT_3D('',#2270,#2271,#2272);
#2270 = CARTESIAN_POINT('',(80.35,36.35,18.331771238201));
#2271 = DIRECTION('',(0.,0.,1.));
#2272 = DIRECTION('',(1.,0.,-0.));
#2273 = DEFINITIONAL_REPRESENTATION('',(#2274),#2277);
#2274 = B_SPLINE_CURVE_WITH_KNOTS('',1,(#2275,#2276),.UNSPECIFIED.,.F.,
  .F.,(2,2),(-9.,3.),.PIECEWISE_BEZIER_KNOTS.);
#2275 = CARTESIAN_POINT('',(1.,12.));
#2276 = CARTESIAN_POINT('',(1.,0.));
#2277 = ( GEOMETRIC_REPRESENTATION_CONTEXT(2) 
PARAMETRIC_REPRESENTATION_CONTEXT() REPRESENTATION_CONTEXT('2D SPACE',''
  ) );
#2278 = ORIENTED_EDGE('',*,*,#2279,.F.);
#2279 = EDGE_CURVE('',#536,#2254,#2280,.T.);
#2280 = SURFACE_CURVE('',#2281,(#2285,#2291),.PCURVE_S1.);
#2281 = LINE('',#2282,#2283);
#2282 = CARTESIAN_POINT('',(81.35,48.35,11.281771238201));
#2283 = VECTOR('',#2284,1.);
#2284 = DIRECTION('',(0.,-0.,1.));
#2285 = PCURVE('',#576,#2286);
#2286 = DEFINITIONAL_REPRESENTATION('',(#2287),#2290);
#2287 = B_SPLINE_CURVE_WITH_KNOTS('',1,(#2288,#2289),.UNSPECIFIED.,.F.,
  .F.,(2,2),(-1.840129927818,7.05),.PIECEWISE_BEZIER_KNOTS.);
#2288 = CARTESIAN_POINT('',(6.,-5.390129927818));
#2289 = CARTESIAN_POINT('',(6.,3.5));
#2290 = ( GEOMETRIC_REPRESENTATION_CONTEXT(2) 
PARAMETRIC_REPRESENTATION_CONTEXT() REPRESENTATION_CONTEXT('2D SPACE',''
  ) );
#2291 = PCURVE('',#550,#2292);
#2292 = DEFINITIONAL_REPRESENTATION('',(#2293),#2296);
#2293 = B_SPLINE_CURVE_WITH_KNOTS('',1,(#2294,#2295),.UNSPECIFIED.,.F.,
  .F.,(2,2),(-1.840129927818,7.05),.PIECEWISE_BEZIER_KNOTS.);
#2294 = CARTESIAN_POINT('',(1.709870072182,1.));
#2295 = CARTESIAN_POINT('',(10.6,1.));
#2296 = ( GEOMETRIC_REPRESENTATION_CONTEXT(2) 
PARAMETRIC_REPRESENTATION_CONTEXT() REPRESENTATION_CONTEXT('2D SPACE',''
  ) );
#2297 = ORIENTED_EDGE('',*,*,#561,.F.);
#2298 = ORIENTED_EDGE('',*,*,#2080,.T.);
#2299 = ORIENTED_EDGE('',*,*,#2300,.T.);
#2300 = EDGE_CURVE('',#2081,#2184,#2301,.T.);
#2301 = SURFACE_CURVE('',#2302,(#2306,#2313),.PCURVE_S1.);
#2302 = LINE('',#2303,#2304);
#2303 = CARTESIAN_POINT('',(81.35,80.7,21.626751804553));
#2304 = VECTOR('',#2305,1.);
#2305 = DIRECTION('',(0.,-0.999024711712,-4.415456249432E-02));
#2306 = PCURVE('',#576,#2307);
#2307 = DEFINITIONAL_REPRESENTATION('',(#2308),#2312);
#2308 = LINE('',#2309,#2310);
#2309 = CARTESIAN_POINT('',(38.35,6.794980566352));
#2310 = VECTOR('',#2311,1.);
#2311 = DIRECTION('',(-0.999024711712,-4.415456249432E-02));
#2312 = ( GEOMETRIC_REPRESENTATION_CONTEXT(2) 
PARAMETRIC_REPRESENTATION_CONTEXT() REPRESENTATION_CONTEXT('2D SPACE',''
  ) );
#2313 = PCURVE('',#1462,#2314);
#2314 = DEFINITIONAL_REPRESENTATION('',(#2315),#2319);
#2315 = LINE('',#2316,#2317);
#2316 = CARTESIAN_POINT('',(0.,81.35));
#2317 = VECTOR('',#2318,1.);
#2318 = DIRECTION('',(1.,0.));
#2319 = ( GEOMETRIC_REPRESENTATION_CONTEXT(2) 
PARAMETRIC_REPRESENTATION_CONTEXT() REPRESENTATION_CONTEXT('2D SPACE',''
  ) );
#2320 = ADVANCED_FACE('',(#2321,#2368),#310,.T.);
#2321 = FACE_BOUND('',#2322,.T.);
#2322 = EDGE_LOOP('',(#2323,#2344,#2366,#2367));
#2323 = ORIENTED_EDGE('',*,*,#2324,.F.);
#2324 = EDGE_CURVE('',#2325,#2134,#2327,.T.);
#2325 = VERTEX_POINT('',#2326);
#2326 = CARTESIAN_POINT('',(78.2,86.439734320801,23.080434676255));
#2327 = SURFACE_CURVE('',#2328,(#2332,#2338),.PCURVE_S1.);
#2328 = LINE('',#2329,#2330);
#2329 = CARTESIAN_POINT('',(78.2,89.935310102427,23.234930973988));
#2330 = VECTOR('',#2331,1.);
#2331 = DIRECTION('',(-9.804282384688E-18,0.999024711712,
    4.415456249432E-02));
#2332 = PCURVE('',#310,#2333);
#2333 = DEFINITIONAL_REPRESENTATION('',(#2334),#2337);
#2334 = B_SPLINE_CURVE_WITH_KNOTS('',1,(#2335,#2336),.UNSPECIFIED.,.F.,
  .F.,(2,2),(-6.091250828019,-0.344405587455),.PIECEWISE_BEZIER_KNOTS.);
#2335 = CARTESIAN_POINT('',(-4.925974458634,-6.2));
#2336 = CARTESIAN_POINT('',(-5.179723895954,-0.458759590293));
#2337 = ( GEOMETRIC_REPRESENTATION_CONTEXT(2) 
PARAMETRIC_REPRESENTATION_CONTEXT() REPRESENTATION_CONTEXT('2D SPACE',''
  ) );
#2338 = PCURVE('',#876,#2339);
#2339 = DEFINITIONAL_REPRESENTATION('',(#2340),#2343);
#2340 = B_SPLINE_CURVE_WITH_KNOTS('',1,(#2341,#2342),.UNSPECIFIED.,.F.,
  .F.,(2,2),(-6.091250828019,-0.344405587455),.PIECEWISE_BEZIER_KNOTS.);
#2341 = CARTESIAN_POINT('',(6.206052690505,78.2));
#2342 = CARTESIAN_POINT('',(0.45920744994,78.2));
#2343 = ( GEOMETRIC_REPRESENTATION_CONTEXT(2) 
PARAMETRIC_REPRESENTATION_CONTEXT() REPRESENTATION_CONTEXT('2D SPACE',''
  ) );
#2344 = ORIENTED_EDGE('',*,*,#2345,.T.);
#2345 = EDGE_CURVE('',#2325,#296,#2346,.T.);
#2346 = SURFACE_CURVE('',#2347,(#2352,#2359),.PCURVE_S1.);
#2347 = CIRCLE('',#2348,6.2);
#2348 = AXIS2_PLACEMENT_3D('',#2349,#2350,#2351);
#2349 = CARTESIAN_POINT('',(78.2,90.05,18.04));
#2350 = DIRECTION('',(1.,-0.,2.22044604925E-16));
#2351 = DIRECTION('',(2.22044604925E-16,0.,-1.));
#2352 = PCURVE('',#310,#2353);
#2353 = DEFINITIONAL_REPRESENTATION('',(#2354),#2358);
#2354 = CIRCLE('',#2355,6.2);
#2355 = AXIS2_PLACEMENT_2D('',#2356,#2357);
#2356 = CARTESIAN_POINT('',(0.,0.));
#2357 = DIRECTION('',(1.,0.));
#2358 = ( GEOMETRIC_REPRESENTATION_CONTEXT(2) 
PARAMETRIC_REPRESENTATION_CONTEXT() REPRESENTATION_CONTEXT('2D SPACE',''
  ) );
#2359 = PCURVE('',#336,#2360);
#2360 = DEFINITIONAL_REPRESENTATION('',(#2361),#2365);
#2361 = LINE('',#2362,#2363);
#2362 = CARTESIAN_POINT('',(0.,0.));
#2363 = VECTOR('',#2364,1.);
#2364 = DIRECTION('',(1.,0.));
#2365 = ( GEOMETRIC_REPRESENTATION_CONTEXT(2) 
PARAMETRIC_REPRESENTATION_CONTEXT() REPRESENTATION_CONTEXT('2D SPACE',''
  ) );
#2366 = ORIENTED_EDGE('',*,*,#295,.F.);
#2367 = ORIENTED_EDGE('',*,*,#2154,.T.);
#2368 = FACE_BOUND('',#2369,.T.);
#2369 = EDGE_LOOP('',(#2370));
#2370 = ORIENTED_EDGE('',*,*,#2371,.F.);
#2371 = EDGE_CURVE('',#2372,#2372,#2374,.T.);
#2372 = VERTEX_POINT('',#2373);
#2373 = CARTESIAN_POINT('',(78.2,90.05,16.29));
#2374 = SURFACE_CURVE('',#2375,(#2380,#2387),.PCURVE_S1.);
#2375 = CIRCLE('',#2376,1.75);
#2376 = AXIS2_PLACEMENT_3D('',#2377,#2378,#2379);
#2377 = CARTESIAN_POINT('',(78.2,90.05,18.04));
#2378 = DIRECTION('',(1.,0.,2.22044604925E-16));
#2379 = DIRECTION('',(2.22044604925E-16,0.,-1.));
#2380 = PCURVE('',#310,#2381);
#2381 = DEFINITIONAL_REPRESENTATION('',(#2382),#2386);
#2382 = CIRCLE('',#2383,1.75);
#2383 = AXIS2_PLACEMENT_2D('',#2384,#2385);
#2384 = CARTESIAN_POINT('',(3.552713678801E-15,0.));
#2385 = DIRECTION('',(1.,0.));
#2386 = ( GEOMETRIC_REPRESENTATION_CONTEXT(2) 
PARAMETRIC_REPRESENTATION_CONTEXT() REPRESENTATION_CONTEXT('2D SPACE',''
  ) );
#2387 = PCURVE('',#2388,#2393);
#2388 = CYLINDRICAL_SURFACE('',#2389,1.75);
#2389 = AXIS2_PLACEMENT_3D('',#2390,#2391,#2392);
#2390 = CARTESIAN_POINT('',(76.4,90.05,18.04));
#2391 = DIRECTION('',(1.,0.,2.22044604925E-16));
#2392 = DIRECTION('',(2.22044604925E-16,0.,-1.));
#2393 = DEFINITIONAL_REPRESENTATION('',(#2394),#2398);
#2394 = LINE('',#2395,#2396);
#2395 = CARTESIAN_POINT('',(0.,1.8));
#2396 = VECTOR('',#2397,1.);
#2397 = DIRECTION('',(1.,0.));
#2398 = ( GEOMETRIC_REPRESENTATION_CONTEXT(2) 
PARAMETRIC_REPRESENTATION_CONTEXT() REPRESENTATION_CONTEXT('2D SPACE',''
  ) );
#2399 = ADVANCED_FACE('',(#2400),#550,.F.);
#2400 = FACE_BOUND('',#2401,.F.);
#2401 = EDGE_LOOP('',(#2402,#2425,#2444,#2445));
#2402 = ORIENTED_EDGE('',*,*,#2403,.T.);
#2403 = EDGE_CURVE('',#2254,#2404,#2406,.T.);
#2404 = VERTEX_POINT('',#2405);
#2405 = CARTESIAN_POINT('',(99.2,48.35,18.331771238201));
#2406 = SURFACE_CURVE('',#2407,(#2411,#2418),.PCURVE_S1.);
#2407 = LINE('',#2408,#2409);
#2408 = CARTESIAN_POINT('',(80.35,48.35,18.331771238201));
#2409 = VECTOR('',#2410,1.);
#2410 = DIRECTION('',(1.,0.,-0.));
#2411 = PCURVE('',#550,#2412);
#2412 = DEFINITIONAL_REPRESENTATION('',(#2413),#2417);
#2413 = LINE('',#2414,#2415);
#2414 = CARTESIAN_POINT('',(10.6,0.));
#2415 = VECTOR('',#2416,1.);
#2416 = DIRECTION('',(0.,1.));
#2417 = ( GEOMETRIC_REPRESENTATION_CONTEXT(2) 
PARAMETRIC_REPRESENTATION_CONTEXT() REPRESENTATION_CONTEXT('2D SPACE',''
  ) );
#2418 = PCURVE('',#2268,#2419);
#2419 = DEFINITIONAL_REPRESENTATION('',(#2420),#2424);
#2420 = LINE('',#2421,#2422);
#2421 = CARTESIAN_POINT('',(0.,12.));
#2422 = VECTOR('',#2423,1.);
#2423 = DIRECTION('',(1.,0.));
#2424 = ( GEOMETRIC_REPRESENTATION_CONTEXT(2) 
PARAMETRIC_REPRESENTATION_CONTEXT() REPRESENTATION_CONTEXT('2D SPACE',''
  ) );
#2425 = ORIENTED_EDGE('',*,*,#2426,.F.);
#2426 = EDGE_CURVE('',#508,#2404,#2427,.T.);
#2427 = SURFACE_CURVE('',#2428,(#2432,#2438),.PCURVE_S1.);
#2428 = LINE('',#2429,#2430);
#2429 = CARTESIAN_POINT('',(99.2,48.35,11.8908856191));
#2430 = VECTOR('',#2431,1.);
#2431 = DIRECTION('',(0.,-0.,1.));
#2432 = PCURVE('',#550,#2433);
#2433 = DEFINITIONAL_REPRESENTATION('',(#2434),#2437);
#2434 = B_SPLINE_CURVE_WITH_KNOTS('',1,(#2435,#2436),.UNSPECIFIED.,.F.,
  .F.,(2,2),(-3.0308856191,6.4408856191),.PIECEWISE_BEZIER_KNOTS.);
#2435 = CARTESIAN_POINT('',(1.128228761799,18.85));
#2436 = CARTESIAN_POINT('',(10.6,18.85));
#2437 = ( GEOMETRIC_REPRESENTATION_CONTEXT(2) 
PARAMETRIC_REPRESENTATION_CONTEXT() REPRESENTATION_CONTEXT('2D SPACE',''
  ) );
#2438 = PCURVE('',#523,#2439);
#2439 = DEFINITIONAL_REPRESENTATION('',(#2440),#2443);
#2440 = B_SPLINE_CURVE_WITH_KNOTS('',1,(#2441,#2442),.UNSPECIFIED.,.F.,
  .F.,(2,2),(-3.0308856191,6.4408856191),.PIECEWISE_BEZIER_KNOTS.);
#2441 = CARTESIAN_POINT('',(3.325,-7.19));
#2442 = CARTESIAN_POINT('',(3.325,2.281771238201));
#2443 = ( GEOMETRIC_REPRESENTATION_CONTEXT(2) 
PARAMETRIC_REPRESENTATION_CONTEXT() REPRESENTATION_CONTEXT('2D SPACE',''
  ) );
#2444 = ORIENTED_EDGE('',*,*,#535,.F.);
#2445 = ORIENTED_EDGE('',*,*,#2279,.T.);
#2446 = ADVANCED_FACE('',(#2447),#336,.F.);
#2447 = FACE_BOUND('',#2448,.F.);
#2448 = EDGE_LOOP('',(#2449,#2473,#2492,#2493));
#2449 = ORIENTED_EDGE('',*,*,#2450,.F.);
#2450 = EDGE_CURVE('',#2451,#322,#2453,.T.);
#2451 = VERTEX_POINT('',#2452);
#2452 = CARTESIAN_POINT('',(84.6,86.439734320801,23.080434676255));
#2453 = SURFACE_CURVE('',#2454,(#2459,#2466),.PCURVE_S1.);
#2454 = CIRCLE('',#2455,6.2);
#2455 = AXIS2_PLACEMENT_3D('',#2456,#2457,#2458);
#2456 = CARTESIAN_POINT('',(84.6,90.05,18.04));
#2457 = DIRECTION('',(1.,-0.,2.22044604925E-16));
#2458 = DIRECTION('',(2.22044604925E-16,0.,-1.));
#2459 = PCURVE('',#336,#2460);
#2460 = DEFINITIONAL_REPRESENTATION('',(#2461),#2465);
#2461 = LINE('',#2462,#2463);
#2462 = CARTESIAN_POINT('',(0.,6.4));
#2463 = VECTOR('',#2464,1.);
#2464 = DIRECTION('',(1.,0.));
#2465 = ( GEOMETRIC_REPRESENTATION_CONTEXT(2) 
PARAMETRIC_REPRESENTATION_CONTEXT() REPRESENTATION_CONTEXT('2D SPACE',''
  ) );
#2466 = PCURVE('',#362,#2467);
#2467 = DEFINITIONAL_REPRESENTATION('',(#2468),#2472);
#2468 = CIRCLE('',#2469,6.2);
#2469 = AXIS2_PLACEMENT_2D('',#2470,#2471);
#2470 = CARTESIAN_POINT('',(0.,0.));
#2471 = DIRECTION('',(1.,0.));
#2472 = ( GEOMETRIC_REPRESENTATION_CONTEXT(2) 
PARAMETRIC_REPRESENTATION_CONTEXT() REPRESENTATION_CONTEXT('2D SPACE',''
  ) );
#2473 = ORIENTED_EDGE('',*,*,#2474,.F.);
#2474 = EDGE_CURVE('',#2325,#2451,#2475,.T.);
#2475 = SURFACE_CURVE('',#2476,(#2480,#2486),.PCURVE_S1.);
#2476 = LINE('',#2477,#2478);
#2477 = CARTESIAN_POINT('',(78.2,86.439734320801,23.080434676255));
#2478 = VECTOR('',#2479,1.);
#2479 = DIRECTION('',(1.,0.,2.22044604925E-16));
#2480 = PCURVE('',#336,#2481);
#2481 = DEFINITIONAL_REPRESENTATION('',(#2482),#2485);
#2482 = B_SPLINE_CURVE_WITH_KNOTS('',1,(#2483,#2484),.UNSPECIFIED.,.F.,
  .F.,(2,2),(-6.000000070117E-07,6.4000006),.PIECEWISE_BEZIER_KNOTS.);
#2483 = CARTESIAN_POINT('',(3.7631487329,-6.000000058925E-07));
#2484 = CARTESIAN_POINT('',(3.7631487329,6.4000006));
#2485 = ( GEOMETRIC_REPRESENTATION_CONTEXT(2) 
PARAMETRIC_REPRESENTATION_CONTEXT() REPRESENTATION_CONTEXT('2D SPACE',''
  ) );
#2486 = PCURVE('',#876,#2487);
#2487 = DEFINITIONAL_REPRESENTATION('',(#2488),#2491);
#2488 = B_SPLINE_CURVE_WITH_KNOTS('',1,(#2489,#2490),.UNSPECIFIED.,.F.,
  .F.,(2,2),(-6.000000070117E-07,6.4000006),.PIECEWISE_BEZIER_KNOTS.);
#2489 = CARTESIAN_POINT('',(3.613790166424,78.1999994));
#2490 = CARTESIAN_POINT('',(3.613790166424,84.6000006));
#2491 = ( GEOMETRIC_REPRESENTATION_CONTEXT(2) 
PARAMETRIC_REPRESENTATION_CONTEXT() REPRESENTATION_CONTEXT('2D SPACE',''
  ) );
#2492 = ORIENTED_EDGE('',*,*,#2345,.T.);
#2493 = ORIENTED_EDGE('',*,*,#321,.T.);
#2494 = ADVANCED_FACE('',(#2495,#2636),#523,.T.);
#2495 = FACE_BOUND('',#2496,.T.);
#2496 = EDGE_LOOP('',(#2497,#2522,#2545,#2568,#2589,#2608,#2609,#2610));
#2497 = ORIENTED_EDGE('',*,*,#2498,.T.);
#2498 = EDGE_CURVE('',#2499,#2501,#2503,.T.);
#2499 = VERTEX_POINT('',#2500);
#2500 = CARTESIAN_POINT('',(99.2,89.591240409706,23.219723895954));
#2501 = VERTEX_POINT('',#2502);
#2502 = CARTESIAN_POINT('',(99.2,3.,19.392593003887));
#2503 = SURFACE_CURVE('',#2504,(#2508,#2515),.PCURVE_S1.);
#2504 = LINE('',#2505,#2506);
#2505 = CARTESIAN_POINT('',(99.2,90.05,23.24));
#2506 = VECTOR('',#2507,1.);
#2507 = DIRECTION('',(0.,-0.999024711712,-4.415456249432E-02));
#2508 = PCURVE('',#523,#2509);
#2509 = DEFINITIONAL_REPRESENTATION('',(#2510),#2514);
#2510 = LINE('',#2511,#2512);
#2511 = CARTESIAN_POINT('',(45.025,7.19));
#2512 = VECTOR('',#2513,1.);
#2513 = DIRECTION('',(-0.999024711712,-4.415456249432E-02));
#2514 = ( GEOMETRIC_REPRESENTATION_CONTEXT(2) 
PARAMETRIC_REPRESENTATION_CONTEXT() REPRESENTATION_CONTEXT('2D SPACE',''
  ) );
#2515 = PCURVE('',#876,#2516);
#2516 = DEFINITIONAL_REPRESENTATION('',(#2517),#2521);
#2517 = LINE('',#2518,#2519);
#2518 = CARTESIAN_POINT('',(0.,99.2));
#2519 = VECTOR('',#2520,1.);
#2520 = DIRECTION('',(1.,0.));
#2521 = ( GEOMETRIC_REPRESENTATION_CONTEXT(2) 
PARAMETRIC_REPRESENTATION_CONTEXT() REPRESENTATION_CONTEXT('2D SPACE',''
  ) );
#2522 = ORIENTED_EDGE('',*,*,#2523,.T.);
#2523 = EDGE_CURVE('',#2501,#2524,#2526,.T.);
#2524 = VERTEX_POINT('',#2525);
#2525 = CARTESIAN_POINT('',(99.2,3.,8.992593003887));
#2526 = SURFACE_CURVE('',#2527,(#2531,#2538),.PCURVE_S1.);
#2527 = LINE('',#2528,#2529);
#2528 = CARTESIAN_POINT('',(99.2,3.,19.26));
#2529 = VECTOR('',#2530,1.);
#2530 = DIRECTION('',(0.,0.,-1.));
#2531 = PCURVE('',#523,#2532);
#2532 = DEFINITIONAL_REPRESENTATION('',(#2533),#2537);
#2533 = LINE('',#2534,#2535);
#2534 = CARTESIAN_POINT('',(-42.025,3.21));
#2535 = VECTOR('',#2536,1.);
#2536 = DIRECTION('',(0.,-1.));
#2537 = ( GEOMETRIC_REPRESENTATION_CONTEXT(2) 
PARAMETRIC_REPRESENTATION_CONTEXT() REPRESENTATION_CONTEXT('2D SPACE',''
  ) );
#2538 = PCURVE('',#1211,#2539);
#2539 = DEFINITIONAL_REPRESENTATION('',(#2540),#2544);
#2540 = LINE('',#2541,#2542);
#2541 = CARTESIAN_POINT('',(0.,0.));
#2542 = VECTOR('',#2543,1.);
#2543 = DIRECTION('',(0.,1.));
#2544 = ( GEOMETRIC_REPRESENTATION_CONTEXT(2) 
PARAMETRIC_REPRESENTATION_CONTEXT() REPRESENTATION_CONTEXT('2D SPACE',''
  ) );
#2545 = ORIENTED_EDGE('',*,*,#2546,.T.);
#2546 = EDGE_CURVE('',#2524,#2547,#2549,.T.);
#2547 = VERTEX_POINT('',#2548);
#2548 = CARTESIAN_POINT('',(99.2,36.35,10.466585230428));
#2549 = SURFACE_CURVE('',#2550,(#2554,#2561),.PCURVE_S1.);
#2550 = LINE('',#2551,#2552);
#2551 = CARTESIAN_POINT('',(99.2,0.,8.86));
#2552 = VECTOR('',#2553,1.);
#2553 = DIRECTION('',(0.,0.999024711712,4.415456249432E-02));
#2554 = PCURVE('',#523,#2555);
#2555 = DEFINITIONAL_REPRESENTATION('',(#2556),#2560);
#2556 = LINE('',#2557,#2558);
#2557 = CARTESIAN_POINT('',(-45.025,-7.19));
#2558 = VECTOR('',#2559,1.);
#2559 = DIRECTION('',(0.999024711712,4.415456249432E-02));
#2560 = ( GEOMETRIC_REPRESENTATION_CONTEXT(2) 
PARAMETRIC_REPRESENTATION_CONTEXT() REPRESENTATION_CONTEXT('2D SPACE',''
  ) );
#2561 = PCURVE('',#1185,#2562);
#2562 = DEFINITIONAL_REPRESENTATION('',(#2563),#2567);
#2563 = LINE('',#2564,#2565);
#2564 = CARTESIAN_POINT('',(0.,99.2));
#2565 = VECTOR('',#2566,1.);
#2566 = DIRECTION('',(1.,0.));
#2567 = ( GEOMETRIC_REPRESENTATION_CONTEXT(2) 
PARAMETRIC_REPRESENTATION_CONTEXT() REPRESENTATION_CONTEXT('2D SPACE',''
  ) );
#2568 = ORIENTED_EDGE('',*,*,#2569,.T.);
#2569 = EDGE_CURVE('',#2547,#2570,#2572,.T.);
#2570 = VERTEX_POINT('',#2571);
#2571 = CARTESIAN_POINT('',(99.2,36.35,18.331771238201));
#2572 = SURFACE_CURVE('',#2573,(#2577,#2583),.PCURVE_S1.);
#2573 = LINE('',#2574,#2575);
#2574 = CARTESIAN_POINT('',(99.2,36.35,11.8908856191));
#2575 = VECTOR('',#2576,1.);
#2576 = DIRECTION('',(0.,-0.,1.));
#2577 = PCURVE('',#523,#2578);
#2578 = DEFINITIONAL_REPRESENTATION('',(#2579),#2582);
#2579 = B_SPLINE_CURVE_WITH_KNOTS('',1,(#2580,#2581),.UNSPECIFIED.,.F.,
  .F.,(2,2),(-3.0308856191,6.4408856191),.PIECEWISE_BEZIER_KNOTS.);
#2580 = CARTESIAN_POINT('',(-8.675,-7.19));
#2581 = CARTESIAN_POINT('',(-8.675,2.281771238201));
#2582 = ( GEOMETRIC_REPRESENTATION_CONTEXT(2) 
PARAMETRIC_REPRESENTATION_CONTEXT() REPRESENTATION_CONTEXT('2D SPACE',''
  ) );
#2583 = PCURVE('',#2242,#2584);
#2584 = DEFINITIONAL_REPRESENTATION('',(#2585),#2588);
#2585 = B_SPLINE_CURVE_WITH_KNOTS('',1,(#2586,#2587),.UNSPECIFIED.,.F.,
  .F.,(2,2),(-3.0308856191,6.4408856191),.PIECEWISE_BEZIER_KNOTS.);
#2586 = CARTESIAN_POINT('',(1.128228761799,18.85));
#2587 = CARTESIAN_POINT('',(10.6,18.85));
#2588 = ( GEOMETRIC_REPRESENTATION_CONTEXT(2) 
PARAMETRIC_REPRESENTATION_CONTEXT() REPRESENTATION_CONTEXT('2D SPACE',''
  ) );
#2589 = ORIENTED_EDGE('',*,*,#2590,.F.);
#2590 = EDGE_CURVE('',#2404,#2570,#2591,.T.);
#2591 = SURFACE_CURVE('',#2592,(#2596,#2602),.PCURVE_S1.);
#2592 = LINE('',#2593,#2594);
#2593 = CARTESIAN_POINT('',(99.2,40.6875,18.331771238201));
#2594 = VECTOR('',#2595,1.);
#2595 = DIRECTION('',(0.,-1.,0.));
#2596 = PCURVE('',#523,#2597);
#2597 = DEFINITIONAL_REPRESENTATION('',(#2598),#2601);
#2598 = B_SPLINE_CURVE_WITH_KNOTS('',1,(#2599,#2600),.UNSPECIFIED.,.F.,
  .F.,(2,2),(-7.6625,4.3375),.PIECEWISE_BEZIER_KNOTS.);
#2599 = CARTESIAN_POINT('',(3.325,2.281771238201));
#2600 = CARTESIAN_POINT('',(-8.675,2.281771238201));
#2601 = ( GEOMETRIC_REPRESENTATION_CONTEXT(2) 
PARAMETRIC_REPRESENTATION_CONTEXT() REPRESENTATION_CONTEXT('2D SPACE',''
  ) );
#2602 = PCURVE('',#2268,#2603);
#2603 = DEFINITIONAL_REPRESENTATION('',(#2604),#2607);
#2604 = B_SPLINE_CURVE_WITH_KNOTS('',1,(#2605,#2606),.UNSPECIFIED.,.F.,
  .F.,(2,2),(-7.6625,4.3375),.PIECEWISE_BEZIER_KNOTS.);
#2605 = CARTESIAN_POINT('',(18.85,12.));
#2606 = CARTESIAN_POINT('',(18.85,0.));
#2607 = ( GEOMETRIC_REPRESENTATION_CONTEXT(2) 
PARAMETRIC_REPRESENTATION_CONTEXT() REPRESENTATION_CONTEXT('2D SPACE',''
  ) );
#2608 = ORIENTED_EDGE('',*,*,#2426,.F.);
#2609 = ORIENTED_EDGE('',*,*,#507,.T.);
#2610 = ORIENTED_EDGE('',*,*,#2611,.F.);
#2611 = EDGE_CURVE('',#2499,#481,#2612,.T.);
#2612 = SURFACE_CURVE('',#2613,(#2618,#2629),.PCURVE_S1.);
#2613 = CIRCLE('',#2614,5.2);
#2614 = AXIS2_PLACEMENT_3D('',#2615,#2616,#2617);
#2615 = CARTESIAN_POINT('',(99.2,90.05,18.04));
#2616 = DIRECTION('',(-1.,0.,0.));
#2617 = DIRECTION('',(0.,-8.822299813338E-02,0.996100749222));
#2618 = PCURVE('',#523,#2619);
#2619 = DEFINITIONAL_REPRESENTATION('',(#2620),#2628);
#2620 = ( BOUNDED_CURVE() B_SPLINE_CURVE(2,(#2621,#2622,#2623,#2624,
#2625,#2626,#2627),.UNSPECIFIED.,.T.,.F.) B_SPLINE_CURVE_WITH_KNOTS((1,2
    ,2,2,2,1),(-2.094395102393,0.,2.094395102393,4.188790204786,
6.28318530718,8.377580409573),.UNSPECIFIED.) CURVE() 
GEOMETRIC_REPRESENTATION_ITEM() RATIONAL_B_SPLINE_CURVE((1.,0.5,1.,0.5,
1.,0.5,1.)) REPRESENTATION_ITEM('') );
#2621 = CARTESIAN_POINT('',(44.566240409706,7.169723895954));
#2622 = CARTESIAN_POINT('',(53.537785366677,7.964318814802));
#2623 = CARTESIAN_POINT('',(49.740152273632,-0.202564488553));
#2624 = CARTESIAN_POINT('',(45.942519180587,-8.369447791907));
#2625 = CARTESIAN_POINT('',(40.768607316662,-0.997159407401));
#2626 = CARTESIAN_POINT('',(35.594695452736,6.375128977106));
#2627 = CARTESIAN_POINT('',(44.566240409706,7.169723895954));
#2628 = ( GEOMETRIC_REPRESENTATION_CONTEXT(2) 
PARAMETRIC_REPRESENTATION_CONTEXT() REPRESENTATION_CONTEXT('2D SPACE',''
  ) );
#2629 = PCURVE('',#496,#2630);
#2630 = DEFINITIONAL_REPRESENTATION('',(#2631),#2635);
#2631 = LINE('',#2632,#2633);
#2632 = CARTESIAN_POINT('',(3.229930498735,198.4));
#2633 = VECTOR('',#2634,1.);
#2634 = DIRECTION('',(-1.,-0.));
#2635 = ( GEOMETRIC_REPRESENTATION_CONTEXT(2) 
PARAMETRIC_REPRESENTATION_CONTEXT() REPRESENTATION_CONTEXT('2D SPACE',''
  ) );
#2636 = FACE_BOUND('',#2637,.T.);
#2637 = EDGE_LOOP('',(#2638));
#2638 = ORIENTED_EDGE('',*,*,#2639,.F.);
#2639 = EDGE_CURVE('',#2640,#2640,#2642,.T.);
#2640 = VERTEX_POINT('',#2641);
#2641 = CARTESIAN_POINT('',(99.2,90.05,14.84));
#2642 = SURFACE_CURVE('',#2643,(#2648,#2655),.PCURVE_S1.);
#2643 = CIRCLE('',#2644,3.2);
#2644 = AXIS2_PLACEMENT_3D('',#2645,#2646,#2647);
#2645 = CARTESIAN_POINT('',(99.2,90.05,18.04));
#2646 = DIRECTION('',(1.,0.,2.22044604925E-16));
#2647 = DIRECTION('',(2.22044604925E-16,0.,-1.));
#2648 = PCURVE('',#523,#2649);
#2649 = DEFINITIONAL_REPRESENTATION('',(#2650),#2654);
#2650 = CIRCLE('',#2651,3.2);
#2651 = AXIS2_PLACEMENT_2D('',#2652,#2653);
#2652 = CARTESIAN_POINT('',(45.025,1.99));
#2653 = DIRECTION('',(0.,-1.));
#2654 = ( GEOMETRIC_REPRESENTATION_CONTEXT(2) 
PARAMETRIC_REPRESENTATION_CONTEXT() REPRESENTATION_CONTEXT('2D SPACE',''
  ) );
#2655 = PCURVE('',#2656,#2661);
#2656 = CYLINDRICAL_SURFACE('',#2657,3.2);
#2657 = AXIS2_PLACEMENT_3D('',#2658,#2659,#2660);
#2658 = CARTESIAN_POINT('',(96.6,90.05,18.04));
#2659 = DIRECTION('',(1.,0.,2.22044604925E-16));
#2660 = DIRECTION('',(2.22044604925E-16,0.,-1.));
#2661 = DEFINITIONAL_REPRESENTATION('',(#2662),#2666);
#2662 = LINE('',#2663,#2664);
#2663 = CARTESIAN_POINT('',(0.,2.6));
#2664 = VECTOR('',#2665,1.);
#2665 = DIRECTION('',(1.,0.));
#2666 = ( GEOMETRIC_REPRESENTATION_CONTEXT(2) 
PARAMETRIC_REPRESENTATION_CONTEXT() REPRESENTATION_CONTEXT('2D SPACE',''
  ) );
#2667 = ADVANCED_FACE('',(#2668,#2716),#362,.F.);
#2668 = FACE_BOUND('',#2669,.F.);
#2669 = EDGE_LOOP('',(#2670,#2692,#2693,#2694));
#2670 = ORIENTED_EDGE('',*,*,#2671,.F.);
#2671 = EDGE_CURVE('',#2451,#2672,#2674,.T.);
#2672 = VERTEX_POINT('',#2673);
#2673 = CARTESIAN_POINT('',(84.6,89.591240409707,23.219723895954));
#2674 = SURFACE_CURVE('',#2675,(#2679,#2686),.PCURVE_S1.);
#2675 = LINE('',#2676,#2677);
#2676 = CARTESIAN_POINT('',(84.6,89.935310102427,23.234930973988));
#2677 = VECTOR('',#2678,1.);
#2678 = DIRECTION('',(-9.804282384688E-18,0.999024711712,
    4.415456249432E-02));
#2679 = PCURVE('',#362,#2680);
#2680 = DEFINITIONAL_REPRESENTATION('',(#2681),#2685);
#2681 = LINE('',#2682,#2683);
#2682 = CARTESIAN_POINT('',(-5.194930973988,-0.114689897573));
#2683 = VECTOR('',#2684,1.);
#2684 = DIRECTION('',(-4.415456249432E-02,0.999024711712));
#2685 = ( GEOMETRIC_REPRESENTATION_CONTEXT(2) 
PARAMETRIC_REPRESENTATION_CONTEXT() REPRESENTATION_CONTEXT('2D SPACE',''
  ) );
#2686 = PCURVE('',#876,#2687);
#2687 = DEFINITIONAL_REPRESENTATION('',(#2688),#2691);
#2688 = B_SPLINE_CURVE_WITH_KNOTS('',1,(#2689,#2690),.UNSPECIFIED.,.F.,
  .F.,(2,2),(-6.091250828019,-0.344405587455),.PIECEWISE_BEZIER_KNOTS.);
#2689 = CARTESIAN_POINT('',(6.206052690505,84.6));
#2690 = CARTESIAN_POINT('',(0.45920744994,84.6));
#2691 = ( GEOMETRIC_REPRESENTATION_CONTEXT(2) 
PARAMETRIC_REPRESENTATION_CONTEXT() REPRESENTATION_CONTEXT('2D SPACE',''
  ) );
#2692 = ORIENTED_EDGE('',*,*,#2450,.T.);
#2693 = ORIENTED_EDGE('',*,*,#347,.F.);
#2694 = ORIENTED_EDGE('',*,*,#2695,.T.);
#2695 = EDGE_CURVE('',#348,#2672,#2696,.T.);
#2696 = SURFACE_CURVE('',#2697,(#2702,#2709),.PCURVE_S1.);
#2697 = CIRCLE('',#2698,5.2);
#2698 = AXIS2_PLACEMENT_3D('',#2699,#2700,#2701);
#2699 = CARTESIAN_POINT('',(84.6,90.05,18.04));
#2700 = DIRECTION('',(1.,0.,2.22044604925E-16));
#2701 = DIRECTION('',(2.22044604925E-16,0.,-1.));
#2702 = PCURVE('',#362,#2703);
#2703 = DEFINITIONAL_REPRESENTATION('',(#2704),#2708);
#2704 = CIRCLE('',#2705,5.2);
#2705 = AXIS2_PLACEMENT_2D('',#2706,#2707);
#2706 = CARTESIAN_POINT('',(-1.7763568394E-14,0.));
#2707 = DIRECTION('',(1.,0.));
#2708 = ( GEOMETRIC_REPRESENTATION_CONTEXT(2) 
PARAMETRIC_REPRESENTATION_CONTEXT() REPRESENTATION_CONTEXT('2D SPACE',''
  ) );
#2709 = PCURVE('',#390,#2710);
#2710 = DEFINITIONAL_REPRESENTATION('',(#2711),#2715);
#2711 = LINE('',#2712,#2713);
#2712 = CARTESIAN_POINT('',(0.,183.8));
#2713 = VECTOR('',#2714,1.);
#2714 = DIRECTION('',(1.,0.));
#2715 = ( GEOMETRIC_REPRESENTATION_CONTEXT(2) 
PARAMETRIC_REPRESENTATION_CONTEXT() REPRESENTATION_CONTEXT('2D SPACE',''
  ) );
#2716 = FACE_BOUND('',#2717,.F.);
#2717 = EDGE_LOOP('',(#2718));
#2718 = ORIENTED_EDGE('',*,*,#2719,.F.);
#2719 = EDGE_CURVE('',#2720,#2720,#2722,.T.);
#2720 = VERTEX_POINT('',#2721);
#2721 = CARTESIAN_POINT('',(84.6,90.05,16.29));
#2722 = SURFACE_CURVE('',#2723,(#2728,#2735),.PCURVE_S1.);
#2723 = CIRCLE('',#2724,1.75);
#2724 = AXIS2_PLACEMENT_3D('',#2725,#2726,#2727);
#2725 = CARTESIAN_POINT('',(84.6,90.05,18.04));
#2726 = DIRECTION('',(1.,0.,2.22044604925E-16));
#2727 = DIRECTION('',(2.22044604925E-16,0.,-1.));
#2728 = PCURVE('',#362,#2729);
#2729 = DEFINITIONAL_REPRESENTATION('',(#2730),#2734);
#2730 = CIRCLE('',#2731,1.75);
#2731 = AXIS2_PLACEMENT_2D('',#2732,#2733);
#2732 = CARTESIAN_POINT('',(0.,0.));
#2733 = DIRECTION('',(1.,0.));
#2734 = ( GEOMETRIC_REPRESENTATION_CONTEXT(2) 
PARAMETRIC_REPRESENTATION_CONTEXT() REPRESENTATION_CONTEXT('2D SPACE',''
  ) );
#2735 = PCURVE('',#2736,#2741);
#2736 = CYLINDRICAL_SURFACE('',#2737,1.75);
#2737 = AXIS2_PLACEMENT_3D('',#2738,#2739,#2740);
#2738 = CARTESIAN_POINT('',(76.4,90.05,18.04));
#2739 = DIRECTION('',(1.,0.,2.22044604925E-16));
#2740 = DIRECTION('',(2.22044604925E-16,0.,-1.));
#2741 = DEFINITIONAL_REPRESENTATION('',(#2742),#2746);
#2742 = LINE('',#2743,#2744);
#2743 = CARTESIAN_POINT('',(0.,8.2));
#2744 = VECTOR('',#2745,1.);
#2745 = DIRECTION('',(1.,0.));
#2746 = ( GEOMETRIC_REPRESENTATION_CONTEXT(2) 
PARAMETRIC_REPRESENTATION_CONTEXT() REPRESENTATION_CONTEXT('2D SPACE',''
  ) );
#2747 = ADVANCED_FACE('',(#2748),#496,.T.);
#2748 = FACE_BOUND('',#2749,.T.);
#2749 = EDGE_LOOP('',(#2750,#2771,#2772,#2773));
#2750 = ORIENTED_EDGE('',*,*,#2751,.T.);
#2751 = EDGE_CURVE('',#2752,#2499,#2754,.T.);
#2752 = VERTEX_POINT('',#2753);
#2753 = CARTESIAN_POINT('',(96.8,89.591240409707,23.219723895954));
#2754 = SURFACE_CURVE('',#2755,(#2759,#2765),.PCURVE_S1.);
#2755 = LINE('',#2756,#2757);
#2756 = CARTESIAN_POINT('',(-99.2,89.591240409707,23.219723895954));
#2757 = VECTOR('',#2758,1.);
#2758 = DIRECTION('',(1.,0.,2.22044604925E-16));
#2759 = PCURVE('',#496,#2760);
#2760 = DEFINITIONAL_REPRESENTATION('',(#2761),#2764);
#2761 = B_SPLINE_CURVE_WITH_KNOTS('',1,(#2762,#2763),.UNSPECIFIED.,.F.,
  .F.,(2,2),(-2.399999999625E-06,198.4000024),.PIECEWISE_BEZIER_KNOTS.);
#2762 = CARTESIAN_POINT('',(3.229930498735,-2.399999998475E-06));
#2763 = CARTESIAN_POINT('',(3.229930498735,198.4000024));
#2764 = ( GEOMETRIC_REPRESENTATION_CONTEXT(2) 
PARAMETRIC_REPRESENTATION_CONTEXT() REPRESENTATION_CONTEXT('2D SPACE',''
  ) );
#2765 = PCURVE('',#876,#2766);
#2766 = DEFINITIONAL_REPRESENTATION('',(#2767),#2770);
#2767 = B_SPLINE_CURVE_WITH_KNOTS('',1,(#2768,#2769),.UNSPECIFIED.,.F.,
  .F.,(2,2),(-2.399999999625E-06,198.4000024),.PIECEWISE_BEZIER_KNOTS.);
#2768 = CARTESIAN_POINT('',(0.45920744994,-99.2000024));
#2769 = CARTESIAN_POINT('',(0.45920744994,99.2000024));
#2770 = ( GEOMETRIC_REPRESENTATION_CONTEXT(2) 
PARAMETRIC_REPRESENTATION_CONTEXT() REPRESENTATION_CONTEXT('2D SPACE',''
  ) );
#2771 = ORIENTED_EDGE('',*,*,#2611,.T.);
#2772 = ORIENTED_EDGE('',*,*,#480,.F.);
#2773 = ORIENTED_EDGE('',*,*,#2774,.T.);
#2774 = EDGE_CURVE('',#455,#2752,#2775,.T.);
#2775 = SURFACE_CURVE('',#2776,(#2781,#2788),.PCURVE_S1.);
#2776 = CIRCLE('',#2777,5.2);
#2777 = AXIS2_PLACEMENT_3D('',#2778,#2779,#2780);
#2778 = CARTESIAN_POINT('',(96.8,90.05,18.04));
#2779 = DIRECTION('',(1.,0.,2.22044604925E-16));
#2780 = DIRECTION('',(2.22044604925E-16,0.,-1.));
#2781 = PCURVE('',#496,#2782);
#2782 = DEFINITIONAL_REPRESENTATION('',(#2783),#2787);
#2783 = LINE('',#2784,#2785);
#2784 = CARTESIAN_POINT('',(0.,196.));
#2785 = VECTOR('',#2786,1.);
#2786 = DIRECTION('',(1.,0.));
#2787 = ( GEOMETRIC_REPRESENTATION_CONTEXT(2) 
PARAMETRIC_REPRESENTATION_CONTEXT() REPRESENTATION_CONTEXT('2D SPACE',''
  ) );
#2788 = PCURVE('',#469,#2789);
#2789 = DEFINITIONAL_REPRESENTATION('',(#2790),#2794);
#2790 = CIRCLE('',#2791,5.2);
#2791 = AXIS2_PLACEMENT_2D('',#2792,#2793);
#2792 = CARTESIAN_POINT('',(-2.13162820728E-14,0.));
#2793 = DIRECTION('',(1.,0.));
#2794 = ( GEOMETRIC_REPRESENTATION_CONTEXT(2) 
PARAMETRIC_REPRESENTATION_CONTEXT() REPRESENTATION_CONTEXT('2D SPACE',''
  ) );
#2795 = ADVANCED_FACE('',(#2796),#390,.T.);
#2796 = FACE_BOUND('',#2797,.T.);
#2797 = EDGE_LOOP('',(#2798,#2819,#2841,#2842));
#2798 = ORIENTED_EDGE('',*,*,#2799,.T.);
#2799 = EDGE_CURVE('',#2672,#2800,#2802,.T.);
#2800 = VERTEX_POINT('',#2801);
#2801 = CARTESIAN_POINT('',(90.4,89.591240409707,23.219723895954));
#2802 = SURFACE_CURVE('',#2803,(#2807,#2813),.PCURVE_S1.);
#2803 = LINE('',#2804,#2805);
#2804 = CARTESIAN_POINT('',(-99.2,89.591240409707,23.219723895954));
#2805 = VECTOR('',#2806,1.);
#2806 = DIRECTION('',(1.,0.,2.22044604925E-16));
#2807 = PCURVE('',#390,#2808);
#2808 = DEFINITIONAL_REPRESENTATION('',(#2809),#2812);
#2809 = B_SPLINE_CURVE_WITH_KNOTS('',1,(#2810,#2811),.UNSPECIFIED.,.F.,
  .F.,(2,2),(-2.399999999625E-06,198.4000024),.PIECEWISE_BEZIER_KNOTS.);
#2810 = CARTESIAN_POINT('',(3.229930498735,-2.399999998475E-06));
#2811 = CARTESIAN_POINT('',(3.229930498735,198.4000024));
#2812 = ( GEOMETRIC_REPRESENTATION_CONTEXT(2) 
PARAMETRIC_REPRESENTATION_CONTEXT() REPRESENTATION_CONTEXT('2D SPACE',''
  ) );
#2813 = PCURVE('',#876,#2814);
#2814 = DEFINITIONAL_REPRESENTATION('',(#2815),#2818);
#2815 = B_SPLINE_CURVE_WITH_KNOTS('',1,(#2816,#2817),.UNSPECIFIED.,.F.,
  .F.,(2,2),(-2.399999999625E-06,198.4000024),.PIECEWISE_BEZIER_KNOTS.);
#2816 = CARTESIAN_POINT('',(0.45920744994,-99.2000024));
#2817 = CARTESIAN_POINT('',(0.45920744994,99.2000024));
#2818 = ( GEOMETRIC_REPRESENTATION_CONTEXT(2) 
PARAMETRIC_REPRESENTATION_CONTEXT() REPRESENTATION_CONTEXT('2D SPACE',''
  ) );
#2819 = ORIENTED_EDGE('',*,*,#2820,.F.);
#2820 = EDGE_CURVE('',#375,#2800,#2821,.T.);
#2821 = SURFACE_CURVE('',#2822,(#2827,#2834),.PCURVE_S1.);
#2822 = CIRCLE('',#2823,5.2);
#2823 = AXIS2_PLACEMENT_3D('',#2824,#2825,#2826);
#2824 = CARTESIAN_POINT('',(90.4,90.05,18.04));
#2825 = DIRECTION('',(1.,0.,2.22044604925E-16));
#2826 = DIRECTION('',(2.22044604925E-16,0.,-1.));
#2827 = PCURVE('',#390,#2828);
#2828 = DEFINITIONAL_REPRESENTATION('',(#2829),#2833);
#2829 = LINE('',#2830,#2831);
#2830 = CARTESIAN_POINT('',(0.,189.6));
#2831 = VECTOR('',#2832,1.);
#2832 = DIRECTION('',(1.,0.));
#2833 = ( GEOMETRIC_REPRESENTATION_CONTEXT(2) 
PARAMETRIC_REPRESENTATION_CONTEXT() REPRESENTATION_CONTEXT('2D SPACE',''
  ) );
#2834 = PCURVE('',#416,#2835);
#2835 = DEFINITIONAL_REPRESENTATION('',(#2836),#2840);
#2836 = CIRCLE('',#2837,5.2);
#2837 = AXIS2_PLACEMENT_2D('',#2838,#2839);
#2838 = CARTESIAN_POINT('',(-2.13162820728E-14,0.));
#2839 = DIRECTION('',(1.,0.));
#2840 = ( GEOMETRIC_REPRESENTATION_CONTEXT(2) 
PARAMETRIC_REPRESENTATION_CONTEXT() REPRESENTATION_CONTEXT('2D SPACE',''
  ) );
#2841 = ORIENTED_EDGE('',*,*,#374,.F.);
#2842 = ORIENTED_EDGE('',*,*,#2695,.T.);
#2843 = ADVANCED_FACE('',(#2844,#2891),#469,.F.);
#2844 = FACE_BOUND('',#2845,.F.);
#2845 = EDGE_LOOP('',(#2846,#2867,#2889,#2890));
#2846 = ORIENTED_EDGE('',*,*,#2847,.F.);
#2847 = EDGE_CURVE('',#2848,#2752,#2850,.T.);
#2848 = VERTEX_POINT('',#2849);
#2849 = CARTESIAN_POINT('',(96.8,86.439734320801,23.080434676255));
#2850 = SURFACE_CURVE('',#2851,(#2855,#2861),.PCURVE_S1.);
#2851 = LINE('',#2852,#2853);
#2852 = CARTESIAN_POINT('',(96.8,89.935310102427,23.234930973988));
#2853 = VECTOR('',#2854,1.);
#2854 = DIRECTION('',(-9.804282384688E-18,0.999024711712,
    4.415456249432E-02));
#2855 = PCURVE('',#469,#2856);
#2856 = DEFINITIONAL_REPRESENTATION('',(#2857),#2860);
#2857 = B_SPLINE_CURVE_WITH_KNOTS('',1,(#2858,#2859),.UNSPECIFIED.,.F.,
  .F.,(2,2),(-6.091250828019,-0.344405587455),.PIECEWISE_BEZIER_KNOTS.);
#2858 = CARTESIAN_POINT('',(-4.925974458634,-6.2));
#2859 = CARTESIAN_POINT('',(-5.179723895954,-0.458759590293));
#2860 = ( GEOMETRIC_REPRESENTATION_CONTEXT(2) 
PARAMETRIC_REPRESENTATION_CONTEXT() REPRESENTATION_CONTEXT('2D SPACE',''
  ) );
#2861 = PCURVE('',#876,#2862);
#2862 = DEFINITIONAL_REPRESENTATION('',(#2863),#2866);
#2863 = B_SPLINE_CURVE_WITH_KNOTS('',1,(#2864,#2865),.UNSPECIFIED.,.F.,
  .F.,(2,2),(-6.091250828019,-0.344405587455),.PIECEWISE_BEZIER_KNOTS.);
#2864 = CARTESIAN_POINT('',(6.206052690505,96.8));
#2865 = CARTESIAN_POINT('',(0.45920744994,96.8));
#2866 = ( GEOMETRIC_REPRESENTATION_CONTEXT(2) 
PARAMETRIC_REPRESENTATION_CONTEXT() REPRESENTATION_CONTEXT('2D SPACE',''
  ) );
#2867 = ORIENTED_EDGE('',*,*,#2868,.T.);
#2868 = EDGE_CURVE('',#2848,#429,#2869,.T.);
#2869 = SURFACE_CURVE('',#2870,(#2875,#2882),.PCURVE_S1.);
#2870 = CIRCLE('',#2871,6.2);
#2871 = AXIS2_PLACEMENT_3D('',#2872,#2873,#2874);
#2872 = CARTESIAN_POINT('',(96.8,90.05,18.04));
#2873 = DIRECTION('',(1.,-0.,2.22044604925E-16));
#2874 = DIRECTION('',(2.22044604925E-16,0.,-1.));
#2875 = PCURVE('',#469,#2876);
#2876 = DEFINITIONAL_REPRESENTATION('',(#2877),#2881);
#2877 = CIRCLE('',#2878,6.2);
#2878 = AXIS2_PLACEMENT_2D('',#2879,#2880);
#2879 = CARTESIAN_POINT('',(0.,0.));
#2880 = DIRECTION('',(1.,0.));
#2881 = ( GEOMETRIC_REPRESENTATION_CONTEXT(2) 
PARAMETRIC_REPRESENTATION_CONTEXT() REPRESENTATION_CONTEXT('2D SPACE',''
  ) );
#2882 = PCURVE('',#443,#2883);
#2883 = DEFINITIONAL_REPRESENTATION('',(#2884),#2888);
#2884 = LINE('',#2885,#2886);
#2885 = CARTESIAN_POINT('',(0.,6.4));
#2886 = VECTOR('',#2887,1.);
#2887 = DIRECTION('',(1.,0.));
#2888 = ( GEOMETRIC_REPRESENTATION_CONTEXT(2) 
PARAMETRIC_REPRESENTATION_CONTEXT() REPRESENTATION_CONTEXT('2D SPACE',''
  ) );
#2889 = ORIENTED_EDGE('',*,*,#454,.F.);
#2890 = ORIENTED_EDGE('',*,*,#2774,.T.);
#2891 = FACE_BOUND('',#2892,.F.);
#2892 = EDGE_LOOP('',(#2893));
#2893 = ORIENTED_EDGE('',*,*,#2894,.F.);
#2894 = EDGE_CURVE('',#2895,#2895,#2897,.T.);
#2895 = VERTEX_POINT('',#2896);
#2896 = CARTESIAN_POINT('',(96.8,90.05,14.84));
#2897 = SURFACE_CURVE('',#2898,(#2903,#2910),.PCURVE_S1.);
#2898 = CIRCLE('',#2899,3.2);
#2899 = AXIS2_PLACEMENT_3D('',#2900,#2901,#2902);
#2900 = CARTESIAN_POINT('',(96.8,90.05,18.04));
#2901 = DIRECTION('',(1.,0.,2.22044604925E-16));
#2902 = DIRECTION('',(2.22044604925E-16,0.,-1.));
#2903 = PCURVE('',#469,#2904);
#2904 = DEFINITIONAL_REPRESENTATION('',(#2905),#2909);
#2905 = CIRCLE('',#2906,3.2);
#2906 = AXIS2_PLACEMENT_2D('',#2907,#2908);
#2907 = CARTESIAN_POINT('',(0.,0.));
#2908 = DIRECTION('',(1.,0.));
#2909 = ( GEOMETRIC_REPRESENTATION_CONTEXT(2) 
PARAMETRIC_REPRESENTATION_CONTEXT() REPRESENTATION_CONTEXT('2D SPACE',''
  ) );
#2910 = PCURVE('',#2656,#2911);
#2911 = DEFINITIONAL_REPRESENTATION('',(#2912),#2916);
#2912 = LINE('',#2913,#2914);
#2913 = CARTESIAN_POINT('',(0.,0.2));
#2914 = VECTOR('',#2915,1.);
#2915 = DIRECTION('',(1.,0.));
#2916 = ( GEOMETRIC_REPRESENTATION_CONTEXT(2) 
PARAMETRIC_REPRESENTATION_CONTEXT() REPRESENTATION_CONTEXT('2D SPACE',''
  ) );
#2917 = ADVANCED_FACE('',(#2918,#2966),#416,.T.);
#2918 = FACE_BOUND('',#2919,.T.);
#2919 = EDGE_LOOP('',(#2920,#2942,#2964,#2965));
#2920 = ORIENTED_EDGE('',*,*,#2921,.F.);
#2921 = EDGE_CURVE('',#2922,#2800,#2924,.T.);
#2922 = VERTEX_POINT('',#2923);
#2923 = CARTESIAN_POINT('',(90.4,86.439734320801,23.080434676255));
#2924 = SURFACE_CURVE('',#2925,(#2929,#2936),.PCURVE_S1.);
#2925 = LINE('',#2926,#2927);
#2926 = CARTESIAN_POINT('',(90.4,89.935310102427,23.234930973988));
#2927 = VECTOR('',#2928,1.);
#2928 = DIRECTION('',(-9.804282384688E-18,0.999024711712,
    4.415456249432E-02));
#2929 = PCURVE('',#416,#2930);
#2930 = DEFINITIONAL_REPRESENTATION('',(#2931),#2935);
#2931 = LINE('',#2932,#2933);
#2932 = CARTESIAN_POINT('',(-5.194930973988,-0.114689897573));
#2933 = VECTOR('',#2934,1.);
#2934 = DIRECTION('',(-4.415456249432E-02,0.999024711712));
#2935 = ( GEOMETRIC_REPRESENTATION_CONTEXT(2) 
PARAMETRIC_REPRESENTATION_CONTEXT() REPRESENTATION_CONTEXT('2D SPACE',''
  ) );
#2936 = PCURVE('',#876,#2937);
#2937 = DEFINITIONAL_REPRESENTATION('',(#2938),#2941);
#2938 = B_SPLINE_CURVE_WITH_KNOTS('',1,(#2939,#2940),.UNSPECIFIED.,.F.,
  .F.,(2,2),(-6.091250828019,-0.344405587455),.PIECEWISE_BEZIER_KNOTS.);
#2939 = CARTESIAN_POINT('',(6.206052690505,90.4));
#2940 = CARTESIAN_POINT('',(0.45920744994,90.4));
#2941 = ( GEOMETRIC_REPRESENTATION_CONTEXT(2) 
PARAMETRIC_REPRESENTATION_CONTEXT() REPRESENTATION_CONTEXT('2D SPACE',''
  ) );
#2942 = ORIENTED_EDGE('',*,*,#2943,.T.);
#2943 = EDGE_CURVE('',#2922,#402,#2944,.T.);
#2944 = SURFACE_CURVE('',#2945,(#2950,#2957),.PCURVE_S1.);
#2945 = CIRCLE('',#2946,6.2);
#2946 = AXIS2_PLACEMENT_3D('',#2947,#2948,#2949);
#2947 = CARTESIAN_POINT('',(90.4,90.05,18.04));
#2948 = DIRECTION('',(1.,-0.,2.22044604925E-16));
#2949 = DIRECTION('',(2.22044604925E-16,0.,-1.));
#2950 = PCURVE('',#416,#2951);
#2951 = DEFINITIONAL_REPRESENTATION('',(#2952),#2956);
#2952 = CIRCLE('',#2953,6.2);
#2953 = AXIS2_PLACEMENT_2D('',#2954,#2955);
#2954 = CARTESIAN_POINT('',(0.,0.));
#2955 = DIRECTION('',(1.,0.));
#2956 = ( GEOMETRIC_REPRESENTATION_CONTEXT(2) 
PARAMETRIC_REPRESENTATION_CONTEXT() REPRESENTATION_CONTEXT('2D SPACE',''
  ) );
#2957 = PCURVE('',#443,#2958);
#2958 = DEFINITIONAL_REPRESENTATION('',(#2959),#2963);
#2959 = LINE('',#2960,#2961);
#2960 = CARTESIAN_POINT('',(0.,0.));
#2961 = VECTOR('',#2962,1.);
#2962 = DIRECTION('',(1.,0.));
#2963 = ( GEOMETRIC_REPRESENTATION_CONTEXT(2) 
PARAMETRIC_REPRESENTATION_CONTEXT() REPRESENTATION_CONTEXT('2D SPACE',''
  ) );
#2964 = ORIENTED_EDGE('',*,*,#401,.F.);
#2965 = ORIENTED_EDGE('',*,*,#2820,.T.);
#2966 = FACE_BOUND('',#2967,.T.);
#2967 = EDGE_LOOP('',(#2968));
#2968 = ORIENTED_EDGE('',*,*,#2969,.F.);
#2969 = EDGE_CURVE('',#2970,#2970,#2972,.T.);
#2970 = VERTEX_POINT('',#2971);
#2971 = CARTESIAN_POINT('',(90.4,90.05,16.29));
#2972 = SURFACE_CURVE('',#2973,(#2978,#2985),.PCURVE_S1.);
#2973 = CIRCLE('',#2974,1.75);
#2974 = AXIS2_PLACEMENT_3D('',#2975,#2976,#2977);
#2975 = CARTESIAN_POINT('',(90.4,90.05,18.04));
#2976 = DIRECTION('',(1.,0.,2.22044604925E-16));
#2977 = DIRECTION('',(2.22044604925E-16,0.,-1.));
#2978 = PCURVE('',#416,#2979);
#2979 = DEFINITIONAL_REPRESENTATION('',(#2980),#2984);
#2980 = CIRCLE('',#2981,1.75);
#2981 = AXIS2_PLACEMENT_2D('',#2982,#2983);
#2982 = CARTESIAN_POINT('',(0.,0.));
#2983 = DIRECTION('',(1.,0.));
#2984 = ( GEOMETRIC_REPRESENTATION_CONTEXT(2) 
PARAMETRIC_REPRESENTATION_CONTEXT() REPRESENTATION_CONTEXT('2D SPACE',''
  ) );
#2985 = PCURVE('',#2736,#2986);
#2986 = DEFINITIONAL_REPRESENTATION('',(#2987),#2991);
#2987 = LINE('',#2988,#2989);
#2988 = CARTESIAN_POINT('',(0.,14.));
#2989 = VECTOR('',#2990,1.);
#2990 = DIRECTION('',(1.,0.));
#2991 = ( GEOMETRIC_REPRESENTATION_CONTEXT(2) 
PARAMETRIC_REPRESENTATION_CONTEXT() REPRESENTATION_CONTEXT('2D SPACE',''
  ) );
#2992 = ADVANCED_FACE('',(#2993),#443,.F.);
#2993 = FACE_BOUND('',#2994,.F.);
#2994 = EDGE_LOOP('',(#2995,#2996,#3015,#3016));
#2995 = ORIENTED_EDGE('',*,*,#2868,.F.);
#2996 = ORIENTED_EDGE('',*,*,#2997,.F.);
#2997 = EDGE_CURVE('',#2922,#2848,#2998,.T.);
#2998 = SURFACE_CURVE('',#2999,(#3003,#3009),.PCURVE_S1.);
#2999 = LINE('',#3000,#3001);
#3000 = CARTESIAN_POINT('',(90.4,86.439734320801,23.080434676255));
#3001 = VECTOR('',#3002,1.);
#3002 = DIRECTION('',(1.,0.,2.22044604925E-16));
#3003 = PCURVE('',#443,#3004);
#3004 = DEFINITIONAL_REPRESENTATION('',(#3005),#3008);
#3005 = B_SPLINE_CURVE_WITH_KNOTS('',1,(#3006,#3007),.UNSPECIFIED.,.F.,
  .F.,(2,2),(-6.000000070117E-07,6.4000006),.PIECEWISE_BEZIER_KNOTS.);
#3006 = CARTESIAN_POINT('',(3.7631487329,-6.000000058925E-07));
#3007 = CARTESIAN_POINT('',(3.7631487329,6.4000006));
#3008 = ( GEOMETRIC_REPRESENTATION_CONTEXT(2) 
PARAMETRIC_REPRESENTATION_CONTEXT() REPRESENTATION_CONTEXT('2D SPACE',''
  ) );
#3009 = PCURVE('',#876,#3010);
#3010 = DEFINITIONAL_REPRESENTATION('',(#3011),#3014);
#3011 = B_SPLINE_CURVE_WITH_KNOTS('',1,(#3012,#3013),.UNSPECIFIED.,.F.,
  .F.,(2,2),(-6.000000070117E-07,6.4000006),.PIECEWISE_BEZIER_KNOTS.);
#3012 = CARTESIAN_POINT('',(3.613790166424,90.3999994));
#3013 = CARTESIAN_POINT('',(3.613790166424,96.8000006));
#3014 = ( GEOMETRIC_REPRESENTATION_CONTEXT(2) 
PARAMETRIC_REPRESENTATION_CONTEXT() REPRESENTATION_CONTEXT('2D SPACE',''
  ) );
#3015 = ORIENTED_EDGE('',*,*,#2943,.T.);
#3016 = ORIENTED_EDGE('',*,*,#428,.T.);
#3017 = ADVANCED_FACE('',(#3018,#3070,#3176,#3413),#876,.T.);
#3018 = FACE_BOUND('',#3019,.T.);
#3019 = EDGE_LOOP('',(#3020,#3021,#3022,#3023,#3024,#3025,#3026,#3027,
    #3028,#3029,#3030,#3031,#3032,#3033,#3034,#3035,#3036,#3037,#3038,
    #3039,#3040,#3041));
#3020 = ORIENTED_EDGE('',*,*,#2498,.F.);
#3021 = ORIENTED_EDGE('',*,*,#2751,.F.);
#3022 = ORIENTED_EDGE('',*,*,#2847,.F.);
#3023 = ORIENTED_EDGE('',*,*,#2997,.F.);
#3024 = ORIENTED_EDGE('',*,*,#2921,.T.);
#3025 = ORIENTED_EDGE('',*,*,#2799,.F.);
#3026 = ORIENTED_EDGE('',*,*,#2671,.F.);
#3027 = ORIENTED_EDGE('',*,*,#2474,.F.);
#3028 = ORIENTED_EDGE('',*,*,#2324,.T.);
#3029 = ORIENTED_EDGE('',*,*,#2133,.F.);
#3030 = ORIENTED_EDGE('',*,*,#1999,.F.);
#3031 = ORIENTED_EDGE('',*,*,#1926,.F.);
#3032 = ORIENTED_EDGE('',*,*,#1772,.T.);
#3033 = ORIENTED_EDGE('',*,*,#1677,.F.);
#3034 = ORIENTED_EDGE('',*,*,#1540,.F.);
#3035 = ORIENTED_EDGE('',*,*,#1371,.F.);
#3036 = ORIENTED_EDGE('',*,*,#1226,.T.);
#3037 = ORIENTED_EDGE('',*,*,#1025,.F.);
#3038 = ORIENTED_EDGE('',*,*,#858,.T.);
#3039 = ORIENTED_EDGE('',*,*,#970,.T.);
#3040 = ORIENTED_EDGE('',*,*,#1071,.F.);
#3041 = ORIENTED_EDGE('',*,*,#3042,.F.);
#3042 = EDGE_CURVE('',#2501,#1072,#3043,.T.);
#3043 = SURFACE_CURVE('',#3044,(#3049,#3060),.PCURVE_S1.);
#3044 = ELLIPSE('',#3045,3.002928721212,3.);
#3045 = AXIS2_PLACEMENT_3D('',#3046,#3047,#3048);
#3046 = CARTESIAN_POINT('',(96.2,3.,19.392593003887));
#3047 = DIRECTION('',(-0.,4.415456249432E-02,-0.999024711712));
#3048 = DIRECTION('',(0.,-0.999024711712,-4.415456249432E-02));
#3049 = PCURVE('',#876,#3050);
#3050 = DEFINITIONAL_REPRESENTATION('',(#3051),#3059);
#3051 = ( BOUNDED_CURVE() B_SPLINE_CURVE(2,(#3052,#3053,#3054,#3055,
#3056,#3057,#3058),.UNSPECIFIED.,.T.,.F.) B_SPLINE_CURVE_WITH_KNOTS((1,2
    ,2,2,2,1),(-2.094395102393,0.,2.094395102393,4.188790204786,
6.28318530718,8.377580409573),.UNSPECIFIED.) CURVE() 
GEOMETRIC_REPRESENTATION_ITEM() RATIONAL_B_SPLINE_CURVE((1.,0.5,1.,0.5,
1.,0.5,1.)) REPRESENTATION_ITEM('') );
#3052 = CARTESIAN_POINT('',(90.137910448379,96.2));
#3053 = CARTESIAN_POINT('',(90.137910448379,91.003847577293));
#3054 = CARTESIAN_POINT('',(85.633517366561,93.601923788647));
#3055 = CARTESIAN_POINT('',(81.129124284743,96.2));
#3056 = CARTESIAN_POINT('',(85.633517366561,98.798076211353));
#3057 = CARTESIAN_POINT('',(90.137910448379,101.3961524227));
#3058 = CARTESIAN_POINT('',(90.137910448379,96.2));
#3059 = ( GEOMETRIC_REPRESENTATION_CONTEXT(2) 
PARAMETRIC_REPRESENTATION_CONTEXT() REPRESENTATION_CONTEXT('2D SPACE',''
  ) );
#3060 = PCURVE('',#1211,#3061);
#3061 = DEFINITIONAL_REPRESENTATION('',(#3062),#3069);
#3062 = B_SPLINE_CURVE_WITH_KNOTS('',5,(#3063,#3064,#3065,#3066,#3067,
    #3068),.UNSPECIFIED.,.F.,.F.,(6,6),(4.712388980385,6.28318530718),
  .PIECEWISE_BEZIER_KNOTS.);
#3063 = CARTESIAN_POINT('',(0.,-0.132593003887));
#3064 = CARTESIAN_POINT('',(0.314159265359,-9.093768319393E-02));
#3065 = CARTESIAN_POINT('',(0.628318504333,-4.924466519831E-02));
#3066 = CARTESIAN_POINT('',(0.942477857877,-1.631294123425E-02));
#3067 = CARTESIAN_POINT('',(1.256637061436,-4.645781575655E-17));
#3068 = CARTESIAN_POINT('',(1.570796326795,6.938893903907E-18));
#3069 = ( GEOMETRIC_REPRESENTATION_CONTEXT(2) 
PARAMETRIC_REPRESENTATION_CONTEXT() REPRESENTATION_CONTEXT('2D SPACE',''
  ) );
#3070 = FACE_BOUND('',#3071,.T.);
#3071 = EDGE_LOOP('',(#3072,#3100,#3126,#3152));
#3072 = ORIENTED_EDGE('',*,*,#3073,.T.);
#3073 = EDGE_CURVE('',#3074,#3076,#3078,.T.);
#3074 = VERTEX_POINT('',#3075);
#3075 = CARTESIAN_POINT('',(-58.6,13.15,19.841199333703));
#3076 = VERTEX_POINT('',#3077);
#3077 = CARTESIAN_POINT('',(-69.8,13.15,19.841199333703));
#3078 = SURFACE_CURVE('',#3079,(#3083,#3089),.PCURVE_S1.);
#3079 = LINE('',#3080,#3081);
#3080 = CARTESIAN_POINT('',(-34.9,13.15,19.841199333703));
#3081 = VECTOR('',#3082,1.);
#3082 = DIRECTION('',(-1.,-0.,0.));
#3083 = PCURVE('',#876,#3084);
#3084 = DEFINITIONAL_REPRESENTATION('',(#3085),#3088);
#3085 = B_SPLINE_CURVE_WITH_KNOTS('',1,(#3086,#3087),.UNSPECIFIED.,.F.,
  .F.,(2,2),(23.7,34.9),.PIECEWISE_BEZIER_KNOTS.);
#3086 = CARTESIAN_POINT('',(76.975072887067,-58.6));
#3087 = CARTESIAN_POINT('',(76.975072887067,-69.8));
#3088 = ( GEOMETRIC_REPRESENTATION_CONTEXT(2) 
PARAMETRIC_REPRESENTATION_CONTEXT() REPRESENTATION_CONTEXT('2D SPACE',''
  ) );
#3089 = PCURVE('',#3090,#3095);
#3090 = PLANE('',#3091);
#3091 = AXIS2_PLACEMENT_3D('',#3092,#3093,#3094);
#3092 = CARTESIAN_POINT('',(-69.8,13.15,18.153892282066));
#3093 = DIRECTION('',(-0.,1.,0.));
#3094 = DIRECTION('',(0.,0.,1.));
#3095 = DEFINITIONAL_REPRESENTATION('',(#3096),#3099);
#3096 = B_SPLINE_CURVE_WITH_KNOTS('',1,(#3097,#3098),.UNSPECIFIED.,.F.,
  .F.,(2,2),(23.7,34.9),.PIECEWISE_BEZIER_KNOTS.);
#3097 = CARTESIAN_POINT('',(1.687307051638,11.2));
#3098 = CARTESIAN_POINT('',(1.687307051638,0.));
#3099 = ( GEOMETRIC_REPRESENTATION_CONTEXT(2) 
PARAMETRIC_REPRESENTATION_CONTEXT() REPRESENTATION_CONTEXT('2D SPACE',''
  ) );
#3100 = ORIENTED_EDGE('',*,*,#3101,.T.);
#3101 = EDGE_CURVE('',#3076,#3102,#3104,.T.);
#3102 = VERTEX_POINT('',#3103);
#3103 = CARTESIAN_POINT('',(-69.8,36.35,20.866585230428));
#3104 = SURFACE_CURVE('',#3105,(#3109,#3115),.PCURVE_S1.);
#3105 = LINE('',#3106,#3107);
#3106 = CARTESIAN_POINT('',(-69.8,51.562785178283,21.538954858518));
#3107 = VECTOR('',#3108,1.);
#3108 = DIRECTION('',(0.,0.999024711712,4.415456249432E-02));
#3109 = PCURVE('',#876,#3110);
#3110 = DEFINITIONAL_REPRESENTATION('',(#3111),#3114);
#3111 = B_SPLINE_CURVE_WITH_KNOTS('',1,(#3112,#3113),.UNSPECIFIED.,.F.,
  .F.,(2,2),(-38.4502852912,-15.22763651383),.PIECEWISE_BEZIER_KNOTS.);
#3112 = CARTESIAN_POINT('',(76.975072887067,-69.8));
#3113 = CARTESIAN_POINT('',(53.752424109694,-69.8));
#3114 = ( GEOMETRIC_REPRESENTATION_CONTEXT(2) 
PARAMETRIC_REPRESENTATION_CONTEXT() REPRESENTATION_CONTEXT('2D SPACE',''
  ) );
#3115 = PCURVE('',#3116,#3121);
#3116 = PLANE('',#3117);
#3117 = AXIS2_PLACEMENT_3D('',#3118,#3119,#3120);
#3118 = CARTESIAN_POINT('',(-69.8,13.15,18.153892282066));
#3119 = DIRECTION('',(1.,0.,-0.));
#3120 = DIRECTION('',(0.,0.,1.));
#3121 = DEFINITIONAL_REPRESENTATION('',(#3122),#3125);
#3122 = B_SPLINE_CURVE_WITH_KNOTS('',1,(#3123,#3124),.UNSPECIFIED.,.F.,
  .F.,(2,2),(-38.4502852912,-15.22763651383),.PIECEWISE_BEZIER_KNOTS.);
#3123 = CARTESIAN_POINT('',(1.687307051638,2.277827004658E-15));
#3124 = CARTESIAN_POINT('',(2.712692948362,-23.2));
#3125 = ( GEOMETRIC_REPRESENTATION_CONTEXT(2) 
PARAMETRIC_REPRESENTATION_CONTEXT() REPRESENTATION_CONTEXT('2D SPACE',''
  ) );
#3126 = ORIENTED_EDGE('',*,*,#3127,.F.);
#3127 = EDGE_CURVE('',#3128,#3102,#3130,.T.);
#3128 = VERTEX_POINT('',#3129);
#3129 = CARTESIAN_POINT('',(-58.6,36.35,20.866585230428));
#3130 = SURFACE_CURVE('',#3131,(#3135,#3141),.PCURVE_S1.);
#3131 = LINE('',#3132,#3133);
#3132 = CARTESIAN_POINT('',(-34.9,36.35,20.866585230428));
#3133 = VECTOR('',#3134,1.);
#3134 = DIRECTION('',(-1.,-0.,0.));
#3135 = PCURVE('',#876,#3136);
#3136 = DEFINITIONAL_REPRESENTATION('',(#3137),#3140);
#3137 = B_SPLINE_CURVE_WITH_KNOTS('',1,(#3138,#3139),.UNSPECIFIED.,.F.,
  .F.,(2,2),(23.7,34.9),.PIECEWISE_BEZIER_KNOTS.);
#3138 = CARTESIAN_POINT('',(53.752424109694,-58.6));
#3139 = CARTESIAN_POINT('',(53.752424109694,-69.8));
#3140 = ( GEOMETRIC_REPRESENTATION_CONTEXT(2) 
PARAMETRIC_REPRESENTATION_CONTEXT() REPRESENTATION_CONTEXT('2D SPACE',''
  ) );
#3141 = PCURVE('',#3142,#3147);
#3142 = PLANE('',#3143);
#3143 = AXIS2_PLACEMENT_3D('',#3144,#3145,#3146);
#3144 = CARTESIAN_POINT('',(-69.8,36.35,18.153892282066));
#3145 = DIRECTION('',(-0.,1.,0.));
#3146 = DIRECTION('',(0.,0.,1.));
#3147 = DEFINITIONAL_REPRESENTATION('',(#3148),#3151);
#3148 = B_SPLINE_CURVE_WITH_KNOTS('',1,(#3149,#3150),.UNSPECIFIED.,.F.,
  .F.,(2,2),(23.7,34.9),.PIECEWISE_BEZIER_KNOTS.);
#3149 = CARTESIAN_POINT('',(2.712692948362,11.2));
#3150 = CARTESIAN_POINT('',(2.712692948362,0.));
#3151 = ( GEOMETRIC_REPRESENTATION_CONTEXT(2) 
PARAMETRIC_REPRESENTATION_CONTEXT() REPRESENTATION_CONTEXT('2D SPACE',''
  ) );
#3152 = ORIENTED_EDGE('',*,*,#3153,.F.);
#3153 = EDGE_CURVE('',#3074,#3128,#3154,.T.);
#3154 = SURFACE_CURVE('',#3155,(#3159,#3165),.PCURVE_S1.);
#3155 = LINE('',#3156,#3157);
#3156 = CARTESIAN_POINT('',(-58.6,51.562785178283,21.538954858518));
#3157 = VECTOR('',#3158,1.);
#3158 = DIRECTION('',(0.,0.999024711712,4.415456249432E-02));
#3159 = PCURVE('',#876,#3160);
#3160 = DEFINITIONAL_REPRESENTATION('',(#3161),#3164);
#3161 = B_SPLINE_CURVE_WITH_KNOTS('',1,(#3162,#3163),.UNSPECIFIED.,.F.,
  .F.,(2,2),(-38.4502852912,-15.22763651383),.PIECEWISE_BEZIER_KNOTS.);
#3162 = CARTESIAN_POINT('',(76.975072887067,-58.6));
#3163 = CARTESIAN_POINT('',(53.752424109694,-58.6));
#3164 = ( GEOMETRIC_REPRESENTATION_CONTEXT(2) 
PARAMETRIC_REPRESENTATION_CONTEXT() REPRESENTATION_CONTEXT('2D SPACE',''
  ) );
#3165 = PCURVE('',#3166,#3171);
#3166 = PLANE('',#3167);
#3167 = AXIS2_PLACEMENT_3D('',#3168,#3169,#3170);
#3168 = CARTESIAN_POINT('',(-58.6,13.15,18.153892282066));
#3169 = DIRECTION('',(1.,0.,-0.));
#3170 = DIRECTION('',(0.,0.,1.));
#3171 = DEFINITIONAL_REPRESENTATION('',(#3172),#3175);
#3172 = B_SPLINE_CURVE_WITH_KNOTS('',1,(#3173,#3174),.UNSPECIFIED.,.F.,
  .F.,(2,2),(-38.4502852912,-15.22763651383),.PIECEWISE_BEZIER_KNOTS.);
#3173 = CARTESIAN_POINT('',(1.687307051638,2.277827004658E-15));
#3174 = CARTESIAN_POINT('',(2.712692948362,-23.2));
#3175 = ( GEOMETRIC_REPRESENTATION_CONTEXT(2) 
PARAMETRIC_REPRESENTATION_CONTEXT() REPRESENTATION_CONTEXT('2D SPACE',''
  ) );
#3176 = FACE_BOUND('',#3177,.T.);
#3177 = EDGE_LOOP('',(#3178,#3210,#3243,#3273,#3301,#3329,#3357,#3387));
#3178 = ORIENTED_EDGE('',*,*,#3179,.F.);
#3179 = EDGE_CURVE('',#3180,#3182,#3184,.T.);
#3180 = VERTEX_POINT('',#3181);
#3181 = CARTESIAN_POINT('',(-4.318567668599,38.753186147903,
    20.972800453844));
#3182 = VERTEX_POINT('',#3183);
#3183 = CARTESIAN_POINT('',(-5.000708868629,39.15967665379,
    20.990766386253));
#3184 = SURFACE_CURVE('',#3185,(#3189,#3196),.PCURVE_S1.);
#3185 = B_SPLINE_CURVE_WITH_KNOTS('',2,(#3186,#3187,#3188),
  .UNSPECIFIED.,.F.,.F.,(3,3),(0.,1.),.PIECEWISE_BEZIER_KNOTS.);
#3186 = CARTESIAN_POINT('',(-2.80487804764,37.964037852804,
    20.937921939524));
#3187 = CARTESIAN_POINT('',(-13.0487804825,42.837329127466,
    21.153310049165));
#3188 = CARTESIAN_POINT('',(-13.0487804825,54.533228186655,
    21.670241512303));
#3189 = PCURVE('',#876,#3190);
#3190 = DEFINITIONAL_REPRESENTATION('',(#3191),#3195);
#3191 = B_SPLINE_CURVE_WITH_KNOTS('',2,(#3192,#3193,#3194),
  .UNSPECIFIED.,.F.,.F.,(3,3),(0.,1.),.PIECEWISE_BEZIER_KNOTS.);
#3192 = CARTESIAN_POINT('',(52.136810567925,-2.80487804764));
#3193 = CARTESIAN_POINT('',(47.25876178942,-13.0487804825));
#3194 = CARTESIAN_POINT('',(35.551444721008,-13.0487804825));
#3195 = ( GEOMETRIC_REPRESENTATION_CONTEXT(2) 
PARAMETRIC_REPRESENTATION_CONTEXT() REPRESENTATION_CONTEXT('2D SPACE',''
  ) );
#3196 = PCURVE('',#3197,#3204);
#3197 = SURFACE_OF_LINEAR_EXTRUSION('',#3198,#3202);
#3198 = B_SPLINE_CURVE_WITH_KNOTS('',2,(#3199,#3200,#3201),
  .UNSPECIFIED.,.F.,.F.,(3,3),(0.,1.),.PIECEWISE_BEZIER_KNOTS.);
#3199 = CARTESIAN_POINT('',(-2.80487804764,37.990530590301,
    20.338507112497));
#3200 = CARTESIAN_POINT('',(-13.0487804825,42.863821864963,
    20.553895222138));
#3201 = CARTESIAN_POINT('',(-13.0487804825,54.559720924152,
    21.070826685276));
#3202 = VECTOR('',#3203,1.);
#3203 = DIRECTION('',(0.,4.415456249432E-02,-0.999024711712));
#3204 = DEFINITIONAL_REPRESENTATION('',(#3205),#3209);
#3205 = LINE('',#3206,#3207);
#3206 = CARTESIAN_POINT('',(0.,-0.6));
#3207 = VECTOR('',#3208,1.);
#3208 = DIRECTION('',(1.,0.));
#3209 = ( GEOMETRIC_REPRESENTATION_CONTEXT(2) 
PARAMETRIC_REPRESENTATION_CONTEXT() REPRESENTATION_CONTEXT('2D SPACE',''
  ) );
#3210 = ORIENTED_EDGE('',*,*,#3211,.T.);
#3211 = EDGE_CURVE('',#3180,#3212,#3214,.T.);
#3212 = VERTEX_POINT('',#3213);
#3213 = CARTESIAN_POINT('',(-12.12671039141,48.129350233148,
    21.387205040843));
#3214 = SURFACE_CURVE('',#3215,(#3220,#3231),.PCURVE_S1.);
#3215 = CIRCLE('',#3216,6.585365850982);
#3216 = AXIS2_PLACEMENT_3D('',#3217,#3218,#3219);
#3217 = CARTESIAN_POINT('',(-10.12195121539,41.862670872534,
    21.110232427237));
#3218 = DIRECTION('',(-3.889864475168E-33,4.415456249432E-02,
    -0.999024711712));
#3219 = DIRECTION('',(1.,5.787409330229E-16,2.55789995939E-17));
#3220 = PCURVE('',#876,#3221);
#3221 = DEFINITIONAL_REPRESENTATION('',(#3222),#3230);
#3222 = ( BOUNDED_CURVE() B_SPLINE_CURVE(2,(#3223,#3224,#3225,#3226,
#3227,#3228,#3229),.UNSPECIFIED.,.T.,.F.) B_SPLINE_CURVE_WITH_KNOTS((1,2
    ,2,2,2,1),(-2.094395102393,0.,2.094395102393,4.188790204786,
6.28318530718,8.377580409573),.UNSPECIFIED.) CURVE() 
GEOMETRIC_REPRESENTATION_ITEM() RATIONAL_B_SPLINE_CURVE((1.,0.5,1.,0.5,
1.,0.5,1.)) REPRESENTATION_ITEM('') );
#3223 = CARTESIAN_POINT('',(48.234371545121,-3.536585364416));
#3224 = CARTESIAN_POINT('',(59.64055978545,-3.536585364416));
#3225 = CARTESIAN_POINT('',(53.937465665285,-13.41463414088));
#3226 = CARTESIAN_POINT('',(48.234371545121,-23.29268291736));
#3227 = CARTESIAN_POINT('',(42.531277424956,-13.41463414088));
#3228 = CARTESIAN_POINT('',(36.828183304792,-3.536585364416));
#3229 = CARTESIAN_POINT('',(48.234371545121,-3.536585364416));
#3230 = ( GEOMETRIC_REPRESENTATION_CONTEXT(2) 
PARAMETRIC_REPRESENTATION_CONTEXT() REPRESENTATION_CONTEXT('2D SPACE',''
  ) );
#3231 = PCURVE('',#3232,#3237);
#3232 = CYLINDRICAL_SURFACE('',#3233,6.585365850982);
#3233 = AXIS2_PLACEMENT_3D('',#3234,#3235,#3236);
#3234 = CARTESIAN_POINT('',(-10.12195121539,41.88916361003,
    20.51081760021));
#3235 = DIRECTION('',(-0.,4.415456249432E-02,-0.999024711712));
#3236 = DIRECTION('',(1.,5.787409330229E-16,2.55789995939E-17));
#3237 = DEFINITIONAL_REPRESENTATION('',(#3238),#3242);
#3238 = LINE('',#3239,#3240);
#3239 = CARTESIAN_POINT('',(0.,-0.6));
#3240 = VECTOR('',#3241,1.);
#3241 = DIRECTION('',(1.,0.));
#3242 = ( GEOMETRIC_REPRESENTATION_CONTEXT(2) 
PARAMETRIC_REPRESENTATION_CONTEXT() REPRESENTATION_CONTEXT('2D SPACE',''
  ) );
#3243 = ORIENTED_EDGE('',*,*,#3244,.T.);
#3244 = EDGE_CURVE('',#3212,#3245,#3247,.T.);
#3245 = VERTEX_POINT('',#3246);
#3246 = CARTESIAN_POINT('',(-13.0487804825,54.533228186655,
    21.670241512303));
#3247 = SURFACE_CURVE('',#3248,(#3252,#3259),.PCURVE_S1.);
#3248 = B_SPLINE_CURVE_WITH_KNOTS('',2,(#3249,#3250,#3251),
  .UNSPECIFIED.,.F.,.F.,(3,3),(0.,1.),.PIECEWISE_BEZIER_KNOTS.);
#3249 = CARTESIAN_POINT('',(-2.80487804764,37.964037852804,
    20.937921939524));
#3250 = CARTESIAN_POINT('',(-13.0487804825,42.837329127466,
    21.153310049165));
#3251 = CARTESIAN_POINT('',(-13.0487804825,54.533228186655,
    21.670241512303));
#3252 = PCURVE('',#876,#3253);
#3253 = DEFINITIONAL_REPRESENTATION('',(#3254),#3258);
#3254 = B_SPLINE_CURVE_WITH_KNOTS('',2,(#3255,#3256,#3257),
  .UNSPECIFIED.,.F.,.F.,(3,3),(0.,1.),.PIECEWISE_BEZIER_KNOTS.);
#3255 = CARTESIAN_POINT('',(52.136810567925,-2.80487804764));
#3256 = CARTESIAN_POINT('',(47.25876178942,-13.0487804825));
#3257 = CARTESIAN_POINT('',(35.551444721008,-13.0487804825));
#3258 = ( GEOMETRIC_REPRESENTATION_CONTEXT(2) 
PARAMETRIC_REPRESENTATION_CONTEXT() REPRESENTATION_CONTEXT('2D SPACE',''
  ) );
#3259 = PCURVE('',#3260,#3267);
#3260 = SURFACE_OF_LINEAR_EXTRUSION('',#3261,#3265);
#3261 = B_SPLINE_CURVE_WITH_KNOTS('',2,(#3262,#3263,#3264),
  .UNSPECIFIED.,.F.,.F.,(3,3),(0.,1.),.PIECEWISE_BEZIER_KNOTS.);
#3262 = CARTESIAN_POINT('',(-2.80487804764,37.990530590301,
    20.338507112497));
#3263 = CARTESIAN_POINT('',(-13.0487804825,42.863821864963,
    20.553895222138));
#3264 = CARTESIAN_POINT('',(-13.0487804825,54.559720924152,
    21.070826685276));
#3265 = VECTOR('',#3266,1.);
#3266 = DIRECTION('',(0.,4.415456249432E-02,-0.999024711712));
#3267 = DEFINITIONAL_REPRESENTATION('',(#3268),#3272);
#3268 = LINE('',#3269,#3270);
#3269 = CARTESIAN_POINT('',(0.,-0.6));
#3270 = VECTOR('',#3271,1.);
#3271 = DIRECTION('',(1.,0.));
#3272 = ( GEOMETRIC_REPRESENTATION_CONTEXT(2) 
PARAMETRIC_REPRESENTATION_CONTEXT() REPRESENTATION_CONTEXT('2D SPACE',''
  ) );
#3273 = ORIENTED_EDGE('',*,*,#3274,.T.);
#3274 = EDGE_CURVE('',#3245,#3275,#3277,.T.);
#3275 = VERTEX_POINT('',#3276);
#3276 = CARTESIAN_POINT('',(-13.0487804825,62.330494226115,
    22.014862487728));
#3277 = SURFACE_CURVE('',#3278,(#3282,#3289),.PCURVE_S1.);
#3278 = LINE('',#3279,#3280);
#3279 = CARTESIAN_POINT('',(-13.0487804825,54.533228186655,
    21.670241512303));
#3280 = VECTOR('',#3281,1.);
#3281 = DIRECTION('',(1.224646799147E-16,0.999024711712,
    4.415456249432E-02));
#3282 = PCURVE('',#876,#3283);
#3283 = DEFINITIONAL_REPRESENTATION('',(#3284),#3288);
#3284 = LINE('',#3285,#3286);
#3285 = CARTESIAN_POINT('',(35.551444721008,-13.0487804825));
#3286 = VECTOR('',#3287,1.);
#3287 = DIRECTION('',(-1.,1.224646799147E-16));
#3288 = ( GEOMETRIC_REPRESENTATION_CONTEXT(2) 
PARAMETRIC_REPRESENTATION_CONTEXT() REPRESENTATION_CONTEXT('2D SPACE',''
  ) );
#3289 = PCURVE('',#3290,#3295);
#3290 = PLANE('',#3291);
#3291 = AXIS2_PLACEMENT_3D('',#3292,#3293,#3294);
#3292 = CARTESIAN_POINT('',(-13.0487804825,54.559720924152,
    21.070826685276));
#3293 = DIRECTION('',(-1.,1.223452415467E-16,5.407374362642E-18));
#3294 = DIRECTION('',(1.224646799147E-16,0.999024711712,
    4.415456249432E-02));
#3295 = DEFINITIONAL_REPRESENTATION('',(#3296),#3300);
#3296 = LINE('',#3297,#3298);
#3297 = CARTESIAN_POINT('',(0.,-0.6));
#3298 = VECTOR('',#3299,1.);
#3299 = DIRECTION('',(1.,0.));
#3300 = ( GEOMETRIC_REPRESENTATION_CONTEXT(2) 
PARAMETRIC_REPRESENTATION_CONTEXT() REPRESENTATION_CONTEXT('2D SPACE',''
  ) );
#3301 = ORIENTED_EDGE('',*,*,#3302,.T.);
#3302 = EDGE_CURVE('',#3275,#3303,#3305,.T.);
#3303 = VERTEX_POINT('',#3304);
#3304 = CARTESIAN_POINT('',(10.853658532173,62.330494226115,
    22.014862487728));
#3305 = SURFACE_CURVE('',#3306,(#3310,#3317),.PCURVE_S1.);
#3306 = LINE('',#3307,#3308);
#3307 = CARTESIAN_POINT('',(-13.0487804825,62.330494226115,
    22.014862487728));
#3308 = VECTOR('',#3309,1.);
#3309 = DIRECTION('',(1.,-1.223452415467E-16,-5.407374362642E-18));
#3310 = PCURVE('',#876,#3311);
#3311 = DEFINITIONAL_REPRESENTATION('',(#3312),#3316);
#3312 = LINE('',#3313,#3314);
#3313 = CARTESIAN_POINT('',(27.7465666754,-13.0487804825));
#3314 = VECTOR('',#3315,1.);
#3315 = DIRECTION('',(1.224646799147E-16,1.));
#3316 = ( GEOMETRIC_REPRESENTATION_CONTEXT(2) 
PARAMETRIC_REPRESENTATION_CONTEXT() REPRESENTATION_CONTEXT('2D SPACE',''
  ) );
#3317 = PCURVE('',#3318,#3323);
#3318 = PLANE('',#3319);
#3319 = AXIS2_PLACEMENT_3D('',#3320,#3321,#3322);
#3320 = CARTESIAN_POINT('',(-13.0487804825,62.356986963611,
    21.415447660701));
#3321 = DIRECTION('',(1.224646799147E-16,0.999024711712,
    4.415456249432E-02));
#3322 = DIRECTION('',(1.,-1.223452415467E-16,-5.407374362642E-18));
#3323 = DEFINITIONAL_REPRESENTATION('',(#3324),#3328);
#3324 = LINE('',#3325,#3326);
#3325 = CARTESIAN_POINT('',(0.,-0.6));
#3326 = VECTOR('',#3327,1.);
#3327 = DIRECTION('',(1.,0.));
#3328 = ( GEOMETRIC_REPRESENTATION_CONTEXT(2) 
PARAMETRIC_REPRESENTATION_CONTEXT() REPRESENTATION_CONTEXT('2D SPACE',''
  ) );
#3329 = ORIENTED_EDGE('',*,*,#3330,.T.);
#3330 = EDGE_CURVE('',#3303,#3331,#3333,.T.);
#3331 = VERTEX_POINT('',#3332);
#3332 = CARTESIAN_POINT('',(10.853658532173,43.811987382399,
    21.196387671093));
#3333 = SURFACE_CURVE('',#3334,(#3338,#3345),.PCURVE_S1.);
#3334 = LINE('',#3335,#3336);
#3335 = CARTESIAN_POINT('',(10.853658532173,62.330494226115,
    22.014862487728));
#3336 = VECTOR('',#3337,1.);
#3337 = DIRECTION('',(-1.224646799147E-16,-0.999024711712,
    -4.415456249432E-02));
#3338 = PCURVE('',#876,#3339);
#3339 = DEFINITIONAL_REPRESENTATION('',(#3340),#3344);
#3340 = LINE('',#3341,#3342);
#3341 = CARTESIAN_POINT('',(27.7465666754,10.853658532173));
#3342 = VECTOR('',#3343,1.);
#3343 = DIRECTION('',(1.,-1.224646799147E-16));
#3344 = ( GEOMETRIC_REPRESENTATION_CONTEXT(2) 
PARAMETRIC_REPRESENTATION_CONTEXT() REPRESENTATION_CONTEXT('2D SPACE',''
  ) );
#3345 = PCURVE('',#3346,#3351);
#3346 = PLANE('',#3347);
#3347 = AXIS2_PLACEMENT_3D('',#3348,#3349,#3350);
#3348 = CARTESIAN_POINT('',(10.853658532173,62.356986963611,
    21.415447660701));
#3349 = DIRECTION('',(1.,-1.223452415467E-16,-5.407374362642E-18));
#3350 = DIRECTION('',(-1.224646799147E-16,-0.999024711712,
    -4.415456249432E-02));
#3351 = DEFINITIONAL_REPRESENTATION('',(#3352),#3356);
#3352 = LINE('',#3353,#3354);
#3353 = CARTESIAN_POINT('',(0.,-0.6));
#3354 = VECTOR('',#3355,1.);
#3355 = DIRECTION('',(1.,0.));
#3356 = ( GEOMETRIC_REPRESENTATION_CONTEXT(2) 
PARAMETRIC_REPRESENTATION_CONTEXT() REPRESENTATION_CONTEXT('2D SPACE',''
  ) );
#3357 = ORIENTED_EDGE('',*,*,#3358,.T.);
#3358 = EDGE_CURVE('',#3331,#3359,#3361,.T.);
#3359 = VERTEX_POINT('',#3360);
#3360 = CARTESIAN_POINT('',(10.674942771584,42.013342866196,
    21.116891777984));
#3361 = SURFACE_CURVE('',#3362,(#3366,#3373),.PCURVE_S1.);
#3362 = B_SPLINE_CURVE_WITH_KNOTS('',2,(#3363,#3364,#3365),
  .UNSPECIFIED.,.F.,.F.,(3,3),(0.,1.),.PIECEWISE_BEZIER_KNOTS.);
#3363 = CARTESIAN_POINT('',(10.853658532173,43.811987382399,
    21.196387671093));
#3364 = CARTESIAN_POINT('',(10.853658532173,37.964037852804,
    20.937921939524));
#3365 = CARTESIAN_POINT('',(4.512195120117,37.964037852804,
    20.937921939524));
#3366 = PCURVE('',#876,#3367);
#3367 = DEFINITIONAL_REPRESENTATION('',(#3368),#3372);
#3368 = B_SPLINE_CURVE_WITH_KNOTS('',2,(#3369,#3370,#3371),
  .UNSPECIFIED.,.F.,.F.,(3,3),(0.,1.),.PIECEWISE_BEZIER_KNOTS.);
#3369 = CARTESIAN_POINT('',(46.283152033719,10.853658532173));
#3370 = CARTESIAN_POINT('',(52.136810567925,10.853658532173));
#3371 = CARTESIAN_POINT('',(52.136810567925,4.512195120117));
#3372 = ( GEOMETRIC_REPRESENTATION_CONTEXT(2) 
PARAMETRIC_REPRESENTATION_CONTEXT() REPRESENTATION_CONTEXT('2D SPACE',''
  ) );
#3373 = PCURVE('',#3374,#3381);
#3374 = SURFACE_OF_LINEAR_EXTRUSION('',#3375,#3379);
#3375 = B_SPLINE_CURVE_WITH_KNOTS('',2,(#3376,#3377,#3378),
  .UNSPECIFIED.,.F.,.F.,(3,3),(0.,1.),.PIECEWISE_BEZIER_KNOTS.);
#3376 = CARTESIAN_POINT('',(10.853658532173,43.838480119895,
    20.596972844066));
#3377 = CARTESIAN_POINT('',(10.853658532173,37.990530590301,
    20.338507112497));
#3378 = CARTESIAN_POINT('',(4.512195120117,37.990530590301,
    20.338507112497));
#3379 = VECTOR('',#3380,1.);
#3380 = DIRECTION('',(0.,4.415456249432E-02,-0.999024711712));
#3381 = DEFINITIONAL_REPRESENTATION('',(#3382),#3386);
#3382 = LINE('',#3383,#3384);
#3383 = CARTESIAN_POINT('',(0.,-0.6));
#3384 = VECTOR('',#3385,1.);
#3385 = DIRECTION('',(1.,0.));
#3386 = ( GEOMETRIC_REPRESENTATION_CONTEXT(2) 
PARAMETRIC_REPRESENTATION_CONTEXT() REPRESENTATION_CONTEXT('2D SPACE',''
  ) );
#3387 = ORIENTED_EDGE('',*,*,#3388,.F.);
#3388 = EDGE_CURVE('',#3182,#3359,#3389,.T.);
#3389 = SURFACE_CURVE('',#3390,(#3394,#3401),.PCURVE_S1.);
#3390 = LINE('',#3391,#3392);
#3391 = CARTESIAN_POINT('',(-5.000708868629,39.15967665379,
    20.990766386253));
#3392 = VECTOR('',#3393,1.);
#3393 = DIRECTION('',(0.983799875758,0.179095359457,7.915597230838E-03)
  );
#3394 = PCURVE('',#876,#3395);
#3395 = DEFINITIONAL_REPRESENTATION('',(#3396),#3400);
#3396 = LINE('',#3397,#3398);
#3397 = CARTESIAN_POINT('',(50.940004536032,-5.000708868629));
#3398 = VECTOR('',#3399,1.);
#3399 = DIRECTION('',(-0.179270199583,0.983799875758));
#3400 = ( GEOMETRIC_REPRESENTATION_CONTEXT(2) 
PARAMETRIC_REPRESENTATION_CONTEXT() REPRESENTATION_CONTEXT('2D SPACE',''
  ) );
#3401 = PCURVE('',#3402,#3407);
#3402 = PLANE('',#3403);
#3403 = AXIS2_PLACEMENT_3D('',#3404,#3405,#3406);
#3404 = CARTESIAN_POINT('',(-5.000708868629,39.186169391287,
    20.391351559226));
#3405 = DIRECTION('',(-0.179270199583,0.982840387261,4.343925309606E-02)
  );
#3406 = DIRECTION('',(0.983799875758,0.179095359457,7.915597230838E-03)
  );
#3407 = DEFINITIONAL_REPRESENTATION('',(#3408),#3412);
#3408 = LINE('',#3409,#3410);
#3409 = CARTESIAN_POINT('',(0.,-0.6));
#3410 = VECTOR('',#3411,1.);
#3411 = DIRECTION('',(1.,0.));
#3412 = ( GEOMETRIC_REPRESENTATION_CONTEXT(2) 
PARAMETRIC_REPRESENTATION_CONTEXT() REPRESENTATION_CONTEXT('2D SPACE',''
  ) );
#3413 = FACE_BOUND('',#3414,.T.);
#3414 = EDGE_LOOP('',(#3415,#3445,#3478,#3506,#3539,#3567,#3597,#3625,
    #3658,#3686));
#3415 = ORIENTED_EDGE('',*,*,#3416,.T.);
#3416 = EDGE_CURVE('',#3417,#3419,#3421,.T.);
#3417 = VERTEX_POINT('',#3418);
#3418 = CARTESIAN_POINT('',(0.121951219463,30.166771813345,
    20.593300964099));
#3419 = VERTEX_POINT('',#3420);
#3420 = CARTESIAN_POINT('',(0.215224826761,30.171948626603,
    20.593529767172));
#3421 = SURFACE_CURVE('',#3422,(#3426,#3433),.PCURVE_S1.);
#3422 = LINE('',#3423,#3424);
#3423 = CARTESIAN_POINT('',(0.121951219463,30.166771813345,
    20.593300964099));
#3424 = VECTOR('',#3425,1.);
#3425 = DIRECTION('',(0.998460353205,5.541592036204E-02,
    2.449254447984E-03));
#3426 = PCURVE('',#876,#3427);
#3427 = DEFINITIONAL_REPRESENTATION('',(#3428),#3432);
#3428 = LINE('',#3429,#3430);
#3429 = CARTESIAN_POINT('',(59.941688613532,0.121951219463));
#3430 = VECTOR('',#3431,1.);
#3431 = DIRECTION('',(-5.547001962252E-02,0.998460353205));
#3432 = ( GEOMETRIC_REPRESENTATION_CONTEXT(2) 
PARAMETRIC_REPRESENTATION_CONTEXT() REPRESENTATION_CONTEXT('2D SPACE',''
  ) );
#3433 = PCURVE('',#3434,#3439);
#3434 = PLANE('',#3435);
#3435 = AXIS2_PLACEMENT_3D('',#3436,#3437,#3438);
#3436 = CARTESIAN_POINT('',(0.121951219463,30.193264550841,
    19.993886137072));
#3437 = DIRECTION('',(-5.547001962252E-02,0.997486566517,
    4.408658006371E-02));
#3438 = DIRECTION('',(0.998460353205,5.541592036204E-02,
    2.449254447984E-03));
#3439 = DEFINITIONAL_REPRESENTATION('',(#3440),#3444);
#3440 = LINE('',#3441,#3442);
#3441 = CARTESIAN_POINT('',(0.,-0.6));
#3442 = VECTOR('',#3443,1.);
#3443 = DIRECTION('',(1.,0.));
#3444 = ( GEOMETRIC_REPRESENTATION_CONTEXT(2) 
PARAMETRIC_REPRESENTATION_CONTEXT() REPRESENTATION_CONTEXT('2D SPACE',''
  ) );
#3445 = ORIENTED_EDGE('',*,*,#3446,.T.);
#3446 = EDGE_CURVE('',#3419,#3447,#3449,.T.);
#3447 = VERTEX_POINT('',#3448);
#3448 = CARTESIAN_POINT('',(-1.330852484307,37.598661183942,
    20.921773142833));
#3449 = SURFACE_CURVE('',#3450,(#3455,#3466),.PCURVE_S1.);
#3450 = CIRCLE('',#3451,6.829268289907);
#3451 = AXIS2_PLACEMENT_3D('',#3452,#3453,#3454);
#3452 = CARTESIAN_POINT('',(4.999999997967,35.040063088007,
    20.80868907374));
#3453 = DIRECTION('',(-4.665468779005E-18,4.415456249432E-02,
    -0.999024711712));
#3454 = DIRECTION('',(0.694988363756,0.718319730429,3.174805693625E-02)
  );
#3455 = PCURVE('',#876,#3456);
#3456 = DEFINITIONAL_REPRESENTATION('',(#3457),#3465);
#3457 = ( BOUNDED_CURVE() B_SPLINE_CURVE(2,(#3458,#3459,#3460,#3461,
#3462,#3463,#3464),.UNSPECIFIED.,.T.,.F.) B_SPLINE_CURVE_WITH_KNOTS((1,2
    ,2,2,2,1),(-2.094395102393,0.,2.094395102393,4.188790204786,
6.28318530718,8.377580409573),.UNSPECIFIED.) CURVE() 
GEOMETRIC_REPRESENTATION_ITEM() RATIONAL_B_SPLINE_CURVE((1.,0.5,1.,0.5,
1.,0.5,1.)) REPRESENTATION_ITEM('') );
#3458 = CARTESIAN_POINT('',(50.153252634864,9.746261992422));
#3459 = CARTESIAN_POINT('',(58.374019555293,18.25130210794));
#3460 = CARTESIAN_POINT('',(61.629216895323,6.879389058499));
#3461 = CARTESIAN_POINT('',(64.884414235353,-4.492523990941));
#3462 = CARTESIAN_POINT('',(53.408449974895,-1.625651057019));
#3463 = CARTESIAN_POINT('',(41.932485714436,1.241221876904));
#3464 = CARTESIAN_POINT('',(50.153252634864,9.746261992422));
#3465 = ( GEOMETRIC_REPRESENTATION_CONTEXT(2) 
PARAMETRIC_REPRESENTATION_CONTEXT() REPRESENTATION_CONTEXT('2D SPACE',''
  ) );
#3466 = PCURVE('',#3467,#3472);
#3467 = CYLINDRICAL_SURFACE('',#3468,6.829268289907);
#3468 = AXIS2_PLACEMENT_3D('',#3469,#3470,#3471);
#3469 = CARTESIAN_POINT('',(4.999999997967,35.066555825503,
    20.209274246713));
#3470 = DIRECTION('',(0.,4.415456249432E-02,-0.999024711712));
#3471 = DIRECTION('',(0.694988363756,0.718319730429,3.174805693625E-02)
  );
#3472 = DEFINITIONAL_REPRESENTATION('',(#3473),#3477);
#3473 = LINE('',#3474,#3475);
#3474 = CARTESIAN_POINT('',(0.,-0.6));
#3475 = VECTOR('',#3476,1.);
#3476 = DIRECTION('',(1.,0.));
#3477 = ( GEOMETRIC_REPRESENTATION_CONTEXT(2) 
PARAMETRIC_REPRESENTATION_CONTEXT() REPRESENTATION_CONTEXT('2D SPACE',''
  ) );
#3478 = ORIENTED_EDGE('',*,*,#3479,.F.);
#3479 = EDGE_CURVE('',#3480,#3447,#3482,.T.);
#3480 = VERTEX_POINT('',#3481);
#3481 = CARTESIAN_POINT('',(10.020552601613,39.665122081421,
    21.013105895436));
#3482 = SURFACE_CURVE('',#3483,(#3487,#3494),.PCURVE_S1.);
#3483 = LINE('',#3484,#3485);
#3484 = CARTESIAN_POINT('',(10.020552601613,39.665122081421,
    21.013105895436));
#3485 = VECTOR('',#3486,1.);
#3486 = DIRECTION('',(-0.983799875758,-0.179095359457,
    -7.915597230837E-03));
#3487 = PCURVE('',#876,#3488);
#3488 = DEFINITIONAL_REPRESENTATION('',(#3489),#3493);
#3489 = LINE('',#3490,#3491);
#3490 = CARTESIAN_POINT('',(50.434065672153,10.020552601613));
#3491 = VECTOR('',#3492,1.);
#3492 = DIRECTION('',(0.179270199583,-0.983799875758));
#3493 = ( GEOMETRIC_REPRESENTATION_CONTEXT(2) 
PARAMETRIC_REPRESENTATION_CONTEXT() REPRESENTATION_CONTEXT('2D SPACE',''
  ) );
#3494 = PCURVE('',#3495,#3500);
#3495 = PLANE('',#3496);
#3496 = AXIS2_PLACEMENT_3D('',#3497,#3498,#3499);
#3497 = CARTESIAN_POINT('',(10.020552601613,39.691614818918,
    20.413691068409));
#3498 = DIRECTION('',(0.179270199583,-0.982840387261,-4.343925309606E-02
    ));
#3499 = DIRECTION('',(-0.983799875758,-0.179095359457,
    -7.915597230837E-03));
#3500 = DEFINITIONAL_REPRESENTATION('',(#3501),#3505);
#3501 = LINE('',#3502,#3503);
#3502 = CARTESIAN_POINT('',(0.,-0.6));
#3503 = VECTOR('',#3504,1.);
#3504 = DIRECTION('',(1.,0.));
#3505 = ( GEOMETRIC_REPRESENTATION_CONTEXT(2) 
PARAMETRIC_REPRESENTATION_CONTEXT() REPRESENTATION_CONTEXT('2D SPACE',''
  ) );
#3506 = ORIENTED_EDGE('',*,*,#3507,.T.);
#3507 = EDGE_CURVE('',#3480,#3508,#3510,.T.);
#3508 = VERTEX_POINT('',#3509);
#3509 = CARTESIAN_POINT('',(10.482398435973,39.10821790801,
    20.988492029693));
#3510 = SURFACE_CURVE('',#3511,(#3516,#3527),.PCURVE_S1.);
#3511 = CIRCLE('',#3512,6.829268289907);
#3512 = AXIS2_PLACEMENT_3D('',#3513,#3514,#3515);
#3513 = CARTESIAN_POINT('',(4.999999997967,35.040063088007,
    20.80868907374));
#3514 = DIRECTION('',(-4.665468779005E-18,4.415456249432E-02,
    -0.999024711712));
#3515 = DIRECTION('',(0.694988363756,0.718319730429,3.174805693625E-02)
  );
#3516 = PCURVE('',#876,#3517);
#3517 = DEFINITIONAL_REPRESENTATION('',(#3518),#3526);
#3518 = ( BOUNDED_CURVE() B_SPLINE_CURVE(2,(#3519,#3520,#3521,#3522,
#3523,#3524,#3525),.UNSPECIFIED.,.T.,.F.) B_SPLINE_CURVE_WITH_KNOTS((1,2
    ,2,2,2,1),(-2.094395102393,0.,2.094395102393,4.188790204786,
6.28318530718,8.377580409573),.UNSPECIFIED.) CURVE() 
GEOMETRIC_REPRESENTATION_ITEM() RATIONAL_B_SPLINE_CURVE((1.,0.5,1.,0.5,
1.,0.5,1.)) REPRESENTATION_ITEM('') );
#3519 = CARTESIAN_POINT('',(50.153252634864,9.746261992422));
#3520 = CARTESIAN_POINT('',(58.374019555293,18.25130210794));
#3521 = CARTESIAN_POINT('',(61.629216895323,6.879389058499));
#3522 = CARTESIAN_POINT('',(64.884414235353,-4.492523990941));
#3523 = CARTESIAN_POINT('',(53.408449974895,-1.625651057019));
#3524 = CARTESIAN_POINT('',(41.932485714436,1.241221876904));
#3525 = CARTESIAN_POINT('',(50.153252634864,9.746261992422));
#3526 = ( GEOMETRIC_REPRESENTATION_CONTEXT(2) 
PARAMETRIC_REPRESENTATION_CONTEXT() REPRESENTATION_CONTEXT('2D SPACE',''
  ) );
#3527 = PCURVE('',#3528,#3533);
#3528 = CYLINDRICAL_SURFACE('',#3529,6.829268289907);
#3529 = AXIS2_PLACEMENT_3D('',#3530,#3531,#3532);
#3530 = CARTESIAN_POINT('',(4.999999997967,35.066555825503,
    20.209274246713));
#3531 = DIRECTION('',(0.,4.415456249432E-02,-0.999024711712));
#3532 = DIRECTION('',(0.694988363756,0.718319730429,3.174805693625E-02)
  );
#3533 = DEFINITIONAL_REPRESENTATION('',(#3534),#3538);
#3534 = LINE('',#3535,#3536);
#3535 = CARTESIAN_POINT('',(0.,-0.6));
#3536 = VECTOR('',#3537,1.);
#3537 = DIRECTION('',(1.,0.));
#3538 = ( GEOMETRIC_REPRESENTATION_CONTEXT(2) 
PARAMETRIC_REPRESENTATION_CONTEXT() REPRESENTATION_CONTEXT('2D SPACE',''
  ) );
#3539 = ORIENTED_EDGE('',*,*,#3540,.F.);
#3540 = EDGE_CURVE('',#3541,#3508,#3543,.T.);
#3541 = VERTEX_POINT('',#3542);
#3542 = CARTESIAN_POINT('',(14.756097554977,38.45136698027,
    20.959460750488));
#3543 = SURFACE_CURVE('',#3544,(#3548,#3555),.PCURVE_S1.);
#3544 = LINE('',#3545,#3546);
#3545 = CARTESIAN_POINT('',(14.756097554977,38.45136698027,
    20.959460750488));
#3546 = VECTOR('',#3547,1.);
#3547 = DIRECTION('',(-0.988371697651,0.151908884663,6.71401844485E-03)
  );
#3548 = PCURVE('',#876,#3549);
#3549 = DEFINITIONAL_REPRESENTATION('',(#3550),#3554);
#3550 = LINE('',#3551,#3552);
#3551 = CARTESIAN_POINT('',(51.649005690074,14.756097554977));
#3552 = VECTOR('',#3553,1.);
#3553 = DIRECTION('',(-0.152057184254,-0.988371697651));
#3554 = ( GEOMETRIC_REPRESENTATION_CONTEXT(2) 
PARAMETRIC_REPRESENTATION_CONTEXT() REPRESENTATION_CONTEXT('2D SPACE',''
  ) );
#3555 = PCURVE('',#3556,#3561);
#3556 = PLANE('',#3557);
#3557 = AXIS2_PLACEMENT_3D('',#3558,#3559,#3560);
#3558 = CARTESIAN_POINT('',(14.756097554977,38.477859717767,
    20.360045923461));
#3559 = DIRECTION('',(-0.152057184254,-0.98740775031,-4.364111989153E-02
    ));
#3560 = DIRECTION('',(-0.988371697651,0.151908884663,6.71401844485E-03)
  );
#3561 = DEFINITIONAL_REPRESENTATION('',(#3562),#3566);
#3562 = LINE('',#3563,#3564);
#3563 = CARTESIAN_POINT('',(0.,-0.6));
#3564 = VECTOR('',#3565,1.);
#3565 = DIRECTION('',(1.,0.));
#3566 = ( GEOMETRIC_REPRESENTATION_CONTEXT(2) 
PARAMETRIC_REPRESENTATION_CONTEXT() REPRESENTATION_CONTEXT('2D SPACE',''
  ) );
#3567 = ORIENTED_EDGE('',*,*,#3568,.F.);
#3568 = EDGE_CURVE('',#3569,#3541,#3571,.T.);
#3569 = VERTEX_POINT('',#3570);
#3570 = CARTESIAN_POINT('',(16.219512188529,34.065404833074,
    20.765611451812));
#3571 = SURFACE_CURVE('',#3572,(#3576,#3583),.PCURVE_S1.);
#3572 = B_SPLINE_CURVE_WITH_KNOTS('',2,(#3573,#3574,#3575),
  .UNSPECIFIED.,.F.,.F.,(3,3),(0.,1.),.PIECEWISE_BEZIER_KNOTS.);
#3573 = CARTESIAN_POINT('',(16.219512188529,34.065404833074,
    20.765611451812));
#3574 = CARTESIAN_POINT('',(17.68292682208,37.476708725338,
    20.91638312856));
#3575 = CARTESIAN_POINT('',(14.756097554977,38.45136698027,
    20.959460750488));
#3576 = PCURVE('',#876,#3577);
#3577 = DEFINITIONAL_REPRESENTATION('',(#3578),#3582);
#3578 = B_SPLINE_CURVE_WITH_KNOTS('',2,(#3579,#3580,#3581),
  .UNSPECIFIED.,.F.,.F.,(3,3),(0.,1.),.PIECEWISE_BEZIER_KNOTS.);
#3579 = CARTESIAN_POINT('',(56.039249590728,16.219512188529));
#3580 = CARTESIAN_POINT('',(52.624615445775,17.68292682208));
#3581 = CARTESIAN_POINT('',(51.649005690074,14.756097554977));
#3582 = ( GEOMETRIC_REPRESENTATION_CONTEXT(2) 
PARAMETRIC_REPRESENTATION_CONTEXT() REPRESENTATION_CONTEXT('2D SPACE',''
  ) );
#3583 = PCURVE('',#3584,#3591);
#3584 = SURFACE_OF_LINEAR_EXTRUSION('',#3585,#3589);
#3585 = B_SPLINE_CURVE_WITH_KNOTS('',2,(#3586,#3587,#3588),
  .UNSPECIFIED.,.F.,.F.,(3,3),(0.,1.),.PIECEWISE_BEZIER_KNOTS.);
#3586 = CARTESIAN_POINT('',(16.219512188529,34.091897570571,
    20.166196624785));
#3587 = CARTESIAN_POINT('',(17.68292682208,37.503201462834,
    20.316968301533));
#3588 = CARTESIAN_POINT('',(14.756097554977,38.477859717767,
    20.360045923461));
#3589 = VECTOR('',#3590,1.);
#3590 = DIRECTION('',(0.,4.415456249432E-02,-0.999024711712));
#3591 = DEFINITIONAL_REPRESENTATION('',(#3592),#3596);
#3592 = LINE('',#3593,#3594);
#3593 = CARTESIAN_POINT('',(0.,-0.6));
#3594 = VECTOR('',#3595,1.);
#3595 = DIRECTION('',(1.,0.));
#3596 = ( GEOMETRIC_REPRESENTATION_CONTEXT(2) 
PARAMETRIC_REPRESENTATION_CONTEXT() REPRESENTATION_CONTEXT('2D SPACE',''
  ) );
#3597 = ORIENTED_EDGE('',*,*,#3598,.F.);
#3598 = EDGE_CURVE('',#3599,#3569,#3601,.T.);
#3599 = VERTEX_POINT('',#3600);
#3600 = CARTESIAN_POINT('',(11.367515713233,32.57393887001,
    20.699692134399));
#3601 = SURFACE_CURVE('',#3602,(#3606,#3613),.PCURVE_S1.);
#3602 = LINE('',#3603,#3604);
#3603 = CARTESIAN_POINT('',(9.878048776472,32.11608832321,
    20.679456207955));
#3604 = VECTOR('',#3605,1.);
#3605 = DIRECTION('',(0.955779008722,0.293799030353,1.298523199119E-02)
  );
#3606 = PCURVE('',#876,#3607);
#3607 = DEFINITIONAL_REPRESENTATION('',(#3608),#3612);
#3608 = LINE('',#3609,#3610);
#3609 = CARTESIAN_POINT('',(57.99046910213,9.878048776472));
#3610 = VECTOR('',#3611,1.);
#3611 = DIRECTION('',(-0.294085848838,0.955779008722));
#3612 = ( GEOMETRIC_REPRESENTATION_CONTEXT(2) 
PARAMETRIC_REPRESENTATION_CONTEXT() REPRESENTATION_CONTEXT('2D SPACE',''
  ) );
#3613 = PCURVE('',#3614,#3619);
#3614 = PLANE('',#3615);
#3615 = AXIS2_PLACEMENT_3D('',#3616,#3617,#3618);
#3616 = CARTESIAN_POINT('',(11.367515713233,32.600431607507,
    20.100277307372));
#3617 = DIRECTION('',(-0.294085848838,0.954846848649,4.220200397137E-02)
  );
#3618 = DIRECTION('',(0.955779008722,0.293799030353,1.298523199119E-02)
  );
#3619 = DEFINITIONAL_REPRESENTATION('',(#3620),#3624);
#3620 = LINE('',#3621,#3622);
#3621 = CARTESIAN_POINT('',(-1.558380047237,-0.6));
#3622 = VECTOR('',#3623,1.);
#3623 = DIRECTION('',(1.,0.));
#3624 = ( GEOMETRIC_REPRESENTATION_CONTEXT(2) 
PARAMETRIC_REPRESENTATION_CONTEXT() REPRESENTATION_CONTEXT('2D SPACE',''
  ) );
#3625 = ORIENTED_EDGE('',*,*,#3626,.T.);
#3626 = EDGE_CURVE('',#3599,#3627,#3629,.T.);
#3627 = VERTEX_POINT('',#3628);
#3628 = CARTESIAN_POINT('',(8.351902640432,29.095769169621,
    20.545965144865));
#3629 = SURFACE_CURVE('',#3630,(#3635,#3646),.PCURVE_S1.);
#3630 = CIRCLE('',#3631,6.829268289907);
#3631 = AXIS2_PLACEMENT_3D('',#3632,#3633,#3634);
#3632 = CARTESIAN_POINT('',(4.999999997967,35.040063088007,
    20.80868907374));
#3633 = DIRECTION('',(-4.665468779005E-18,4.415456249432E-02,
    -0.999024711712));
#3634 = DIRECTION('',(0.694988363756,0.718319730429,3.174805693625E-02)
  );
#3635 = PCURVE('',#876,#3636);
#3636 = DEFINITIONAL_REPRESENTATION('',(#3637),#3645);
#3637 = ( BOUNDED_CURVE() B_SPLINE_CURVE(2,(#3638,#3639,#3640,#3641,
#3642,#3643,#3644),.UNSPECIFIED.,.T.,.F.) B_SPLINE_CURVE_WITH_KNOTS((1,2
    ,2,2,2,1),(-2.094395102393,0.,2.094395102393,4.188790204786,
6.28318530718,8.377580409573),.UNSPECIFIED.) CURVE() 
GEOMETRIC_REPRESENTATION_ITEM() RATIONAL_B_SPLINE_CURVE((1.,0.5,1.,0.5,
1.,0.5,1.)) REPRESENTATION_ITEM('') );
#3638 = CARTESIAN_POINT('',(50.153252634864,9.746261992422));
#3639 = CARTESIAN_POINT('',(58.374019555293,18.25130210794));
#3640 = CARTESIAN_POINT('',(61.629216895323,6.879389058499));
#3641 = CARTESIAN_POINT('',(64.884414235353,-4.492523990941));
#3642 = CARTESIAN_POINT('',(53.408449974895,-1.625651057019));
#3643 = CARTESIAN_POINT('',(41.932485714436,1.241221876904));
#3644 = CARTESIAN_POINT('',(50.153252634864,9.746261992422));
#3645 = ( GEOMETRIC_REPRESENTATION_CONTEXT(2) 
PARAMETRIC_REPRESENTATION_CONTEXT() REPRESENTATION_CONTEXT('2D SPACE',''
  ) );
#3646 = PCURVE('',#3647,#3652);
#3647 = CYLINDRICAL_SURFACE('',#3648,6.829268289907);
#3648 = AXIS2_PLACEMENT_3D('',#3649,#3650,#3651);
#3649 = CARTESIAN_POINT('',(4.999999997967,35.066555825503,
    20.209274246713));
#3650 = DIRECTION('',(0.,4.415456249432E-02,-0.999024711712));
#3651 = DIRECTION('',(0.694988363756,0.718319730429,3.174805693625E-02)
  );
#3652 = DEFINITIONAL_REPRESENTATION('',(#3653),#3657);
#3653 = LINE('',#3654,#3655);
#3654 = CARTESIAN_POINT('',(0.,-0.6));
#3655 = VECTOR('',#3656,1.);
#3656 = DIRECTION('',(1.,0.));
#3657 = ( GEOMETRIC_REPRESENTATION_CONTEXT(2) 
PARAMETRIC_REPRESENTATION_CONTEXT() REPRESENTATION_CONTEXT('2D SPACE',''
  ) );
#3658 = ORIENTED_EDGE('',*,*,#3659,.T.);
#3659 = EDGE_CURVE('',#3627,#3660,#3662,.T.);
#3660 = VERTEX_POINT('',#3661);
#3661 = CARTESIAN_POINT('',(5.975609753668,22.369505773885,
    20.248679988674));
#3662 = SURFACE_CURVE('',#3663,(#3667,#3674),.PCURVE_S1.);
#3663 = LINE('',#3664,#3665);
#3664 = CARTESIAN_POINT('',(8.902439020771,30.654100940811,
    20.614839775063));
#3665 = VECTOR('',#3666,1.);
#3666 = DIRECTION('',(-0.332820117735,-0.942070646155,
    -4.163732561572E-02));
#3667 = PCURVE('',#876,#3668);
#3668 = DEFINITIONAL_REPRESENTATION('',(#3669),#3673);
#3669 = LINE('',#3670,#3671);
#3670 = CARTESIAN_POINT('',(59.453883735682,8.902439020771));
#3671 = VECTOR('',#3672,1.);
#3672 = DIRECTION('',(0.942990333583,-0.332820117735));
#3673 = ( GEOMETRIC_REPRESENTATION_CONTEXT(2) 
PARAMETRIC_REPRESENTATION_CONTEXT() REPRESENTATION_CONTEXT('2D SPACE',''
  ) );
#3674 = PCURVE('',#3675,#3680);
#3675 = PLANE('',#3676);
#3676 = AXIS2_PLACEMENT_3D('',#3677,#3678,#3679);
#3677 = CARTESIAN_POINT('',(8.351902640432,29.122261907117,
    19.946550317838));
#3678 = DIRECTION('',(0.942990333583,-0.332495522172,-1.46955266879E-02)
  );
#3679 = DIRECTION('',(-0.332820117735,-0.942070646155,
    -4.163732561572E-02));
#3680 = DEFINITIONAL_REPRESENTATION('',(#3681),#3685);
#3681 = LINE('',#3682,#3683);
#3682 = CARTESIAN_POINT('',(-1.654155956935,-0.6));
#3683 = VECTOR('',#3684,1.);
#3684 = DIRECTION('',(1.,0.));
#3685 = ( GEOMETRIC_REPRESENTATION_CONTEXT(2) 
PARAMETRIC_REPRESENTATION_CONTEXT() REPRESENTATION_CONTEXT('2D SPACE',''
  ) );
#3686 = ORIENTED_EDGE('',*,*,#3687,.T.);
#3687 = EDGE_CURVE('',#3660,#3417,#3688,.T.);
#3688 = SURFACE_CURVE('',#3689,(#3693,#3700),.PCURVE_S1.);
#3689 = LINE('',#3690,#3691);
#3690 = CARTESIAN_POINT('',(5.975609753668,22.369505773885,
    20.248679988674));
#3691 = VECTOR('',#3692,1.);
#3692 = DIRECTION('',(-0.6,0.799219769369,3.532364999545E-02));
#3693 = PCURVE('',#876,#3694);
#3694 = DEFINITIONAL_REPRESENTATION('',(#3695),#3699);
#3695 = LINE('',#3696,#3697);
#3696 = CARTESIAN_POINT('',(67.74656665914,5.975609753668));
#3697 = VECTOR('',#3698,1.);
#3698 = DIRECTION('',(-0.8,-0.6));
#3699 = ( GEOMETRIC_REPRESENTATION_CONTEXT(2) 
PARAMETRIC_REPRESENTATION_CONTEXT() REPRESENTATION_CONTEXT('2D SPACE',''
  ) );
#3700 = PCURVE('',#3701,#3706);
#3701 = PLANE('',#3702);
#3702 = AXIS2_PLACEMENT_3D('',#3703,#3704,#3705);
#3703 = CARTESIAN_POINT('',(5.975609753668,22.395998511382,
    19.649265161647));
#3704 = DIRECTION('',(-0.8,-0.599414827027,-2.649273749659E-02));
#3705 = DIRECTION('',(-0.6,0.799219769369,3.532364999545E-02));
#3706 = DEFINITIONAL_REPRESENTATION('',(#3707),#3711);
#3707 = LINE('',#3708,#3709);
#3708 = CARTESIAN_POINT('',(0.,-0.6));
#3709 = VECTOR('',#3710,1.);
#3710 = DIRECTION('',(1.,0.));
#3711 = ( GEOMETRIC_REPRESENTATION_CONTEXT(2) 
PARAMETRIC_REPRESENTATION_CONTEXT() REPRESENTATION_CONTEXT('2D SPACE',''
  ) );
#3712 = ADVANCED_FACE('',(#3713),#955,.F.);
#3713 = FACE_BOUND('',#3714,.F.);
#3714 = EDGE_LOOP('',(#3715,#3716,#3737,#3738));
#3715 = ORIENTED_EDGE('',*,*,#1273,.F.);
#3716 = ORIENTED_EDGE('',*,*,#3717,.F.);
#3717 = EDGE_CURVE('',#939,#1274,#3718,.T.);
#3718 = SEAM_CURVE('',#3719,(#3723,#3730),.PCURVE_S1.);
#3719 = LINE('',#3720,#3721);
#3720 = CARTESIAN_POINT('',(-102.2,90.05,14.84));
#3721 = VECTOR('',#3722,1.);
#3722 = DIRECTION('',(1.,0.,2.22044604925E-16));
#3723 = PCURVE('',#955,#3724);
#3724 = DEFINITIONAL_REPRESENTATION('',(#3725),#3729);
#3725 = LINE('',#3726,#3727);
#3726 = CARTESIAN_POINT('',(6.28318530718,-0.));
#3727 = VECTOR('',#3728,1.);
#3728 = DIRECTION('',(0.,1.));
#3729 = ( GEOMETRIC_REPRESENTATION_CONTEXT(2) 
PARAMETRIC_REPRESENTATION_CONTEXT() REPRESENTATION_CONTEXT('2D SPACE',''
  ) );
#3730 = PCURVE('',#955,#3731);
#3731 = DEFINITIONAL_REPRESENTATION('',(#3732),#3736);
#3732 = LINE('',#3733,#3734);
#3733 = CARTESIAN_POINT('',(0.,-0.));
#3734 = VECTOR('',#3735,1.);
#3735 = DIRECTION('',(0.,1.));
#3736 = ( GEOMETRIC_REPRESENTATION_CONTEXT(2) 
PARAMETRIC_REPRESENTATION_CONTEXT() REPRESENTATION_CONTEXT('2D SPACE',''
  ) );
#3737 = ORIENTED_EDGE('',*,*,#938,.T.);
#3738 = ORIENTED_EDGE('',*,*,#3717,.T.);
#3739 = ADVANCED_FACE('',(#3740),#1211,.T.);
#3740 = FACE_BOUND('',#3741,.T.);
#3741 = EDGE_LOOP('',(#3742,#3743,#3744,#3769));
#3742 = ORIENTED_EDGE('',*,*,#3042,.T.);
#3743 = ORIENTED_EDGE('',*,*,#1197,.T.);
#3744 = ORIENTED_EDGE('',*,*,#3745,.F.);
#3745 = EDGE_CURVE('',#2524,#1170,#3746,.T.);
#3746 = SURFACE_CURVE('',#3747,(#3752,#3762),.PCURVE_S1.);
#3747 = ELLIPSE('',#3748,3.002928721212,3.);
#3748 = AXIS2_PLACEMENT_3D('',#3749,#3750,#3751);
#3749 = CARTESIAN_POINT('',(96.2,3.,8.992593003887));
#3750 = DIRECTION('',(0.,4.415456249432E-02,-0.999024711712));
#3751 = DIRECTION('',(0.,-0.999024711712,-4.415456249432E-02));
#3752 = PCURVE('',#1211,#3753);
#3753 = DEFINITIONAL_REPRESENTATION('',(#3754),#3761);
#3754 = B_SPLINE_CURVE_WITH_KNOTS('',5,(#3755,#3756,#3757,#3758,#3759,
    #3760),.UNSPECIFIED.,.F.,.F.,(6,6),(4.712388980385,6.28318530718),
  .PIECEWISE_BEZIER_KNOTS.);
#3755 = CARTESIAN_POINT('',(-1.110223024625E-16,10.267406996113));
#3756 = CARTESIAN_POINT('',(0.314159265359,10.309062316806));
#3757 = CARTESIAN_POINT('',(0.628318504333,10.350755334802));
#3758 = CARTESIAN_POINT('',(0.942477857877,10.383687058766));
#3759 = CARTESIAN_POINT('',(1.256637061436,10.4));
#3760 = CARTESIAN_POINT('',(1.570796326795,10.4));
#3761 = ( GEOMETRIC_REPRESENTATION_CONTEXT(2) 
PARAMETRIC_REPRESENTATION_CONTEXT() REPRESENTATION_CONTEXT('2D SPACE',''
  ) );
#3762 = PCURVE('',#1185,#3763);
#3763 = DEFINITIONAL_REPRESENTATION('',(#3764),#3768);
#3764 = ELLIPSE('',#3765,3.002928721212,3.);
#3765 = AXIS2_PLACEMENT_2D('',#3766,#3767);
#3766 = CARTESIAN_POINT('',(3.002928721212,96.2));
#3767 = DIRECTION('',(-1.,0.));
#3768 = ( GEOMETRIC_REPRESENTATION_CONTEXT(2) 
PARAMETRIC_REPRESENTATION_CONTEXT() REPRESENTATION_CONTEXT('2D SPACE',''
  ) );
#3769 = ORIENTED_EDGE('',*,*,#2523,.F.);
#3770 = ADVANCED_FACE('',(#3771),#1185,.T.);
#3771 = FACE_BOUND('',#3772,.T.);
#3772 = EDGE_LOOP('',(#3773,#3774,#3793,#3794,#3821,#3822,#3841,#3842));
#3773 = ORIENTED_EDGE('',*,*,#1169,.T.);
#3774 = ORIENTED_EDGE('',*,*,#3775,.F.);
#3775 = EDGE_CURVE('',#1398,#1144,#3776,.T.);
#3776 = SURFACE_CURVE('',#3777,(#3781,#3787),.PCURVE_S1.);
#3777 = LINE('',#3778,#3779);
#3778 = CARTESIAN_POINT('',(5.,0.956594026883,8.902279225175));
#3779 = VECTOR('',#3780,1.);
#3780 = DIRECTION('',(0.,-0.999024711712,-4.415456249432E-02));
#3781 = PCURVE('',#1185,#3782);
#3782 = DEFINITIONAL_REPRESENTATION('',(#3783),#3786);
#3783 = B_SPLINE_CURVE_WITH_KNOTS('',1,(#3784,#3785),.UNSPECIFIED.,.F.,
  .F.,(2,2),(-3.546865189196,0.957527892622),.PIECEWISE_BEZIER_KNOTS.);
#3784 = CARTESIAN_POINT('',(4.504393081818,5.));
#3785 = CARTESIAN_POINT('',(0.,5.));
#3786 = ( GEOMETRIC_REPRESENTATION_CONTEXT(2) 
PARAMETRIC_REPRESENTATION_CONTEXT() REPRESENTATION_CONTEXT('2D SPACE',''
  ) );
#3787 = PCURVE('',#1158,#3788);
#3788 = DEFINITIONAL_REPRESENTATION('',(#3789),#3792);
#3789 = B_SPLINE_CURVE_WITH_KNOTS('',1,(#3790,#3791),.UNSPECIFIED.,.F.,
  .F.,(2,2),(-3.546865189196,0.957527892622),.PIECEWISE_BEZIER_KNOTS.);
#3790 = CARTESIAN_POINT('',(2.75,-3.577901166019));
#3791 = CARTESIAN_POINT('',(-1.75,-3.776790671849));
#3792 = ( GEOMETRIC_REPRESENTATION_CONTEXT(2) 
PARAMETRIC_REPRESENTATION_CONTEXT() REPRESENTATION_CONTEXT('2D SPACE',''
  ) );
#3793 = ORIENTED_EDGE('',*,*,#1395,.F.);
#3794 = ORIENTED_EDGE('',*,*,#3795,.F.);
#3795 = EDGE_CURVE('',#2182,#1396,#3796,.T.);
#3796 = SURFACE_CURVE('',#3797,(#3802,#3809),.PCURVE_S1.);
#3797 = ELLIPSE('',#3798,9.168942362101,9.16);
#3798 = AXIS2_PLACEMENT_3D('',#3799,#3800,#3801);
#3799 = CARTESIAN_POINT('',(72.19,13.16,9.441641310383));
#3800 = DIRECTION('',(0.,4.415456249432E-02,-0.999024711712));
#3801 = DIRECTION('',(0.,-0.999024711712,-4.415456249432E-02));
#3802 = PCURVE('',#1185,#3803);
#3803 = DEFINITIONAL_REPRESENTATION('',(#3804),#3808);
#3804 = ELLIPSE('',#3805,9.168942362101,9.16);
#3805 = AXIS2_PLACEMENT_2D('',#3806,#3807);
#3806 = CARTESIAN_POINT('',(13.172847323716,72.19));
#3807 = DIRECTION('',(-1.,0.));
#3808 = ( GEOMETRIC_REPRESENTATION_CONTEXT(2) 
PARAMETRIC_REPRESENTATION_CONTEXT() REPRESENTATION_CONTEXT('2D SPACE',''
  ) );
#3809 = PCURVE('',#1434,#3810);
#3810 = DEFINITIONAL_REPRESENTATION('',(#3811),#3820);
#3811 = B_SPLINE_CURVE_WITH_KNOTS('',7,(#3812,#3813,#3814,#3815,#3816,
    #3817,#3818,#3819),.UNSPECIFIED.,.F.,.F.,(8,8),(4.712388980385,
    6.28318530718),.PIECEWISE_BEZIER_KNOTS.);
#3812 = CARTESIAN_POINT('',(-1.570796326795,-59.44164131038));
#3813 = CARTESIAN_POINT('',(-1.346396851538,-59.35079303953));
#3814 = CARTESIAN_POINT('',(-1.121997376282,-59.25994513758));
#3815 = CARTESIAN_POINT('',(-0.897597901026,-59.1765666399));
#3816 = CARTESIAN_POINT('',(-0.673198425769,-59.10814053438));
#3817 = CARTESIAN_POINT('',(-0.448798950513,-59.06057510946));
#3818 = CARTESIAN_POINT('',(-0.224399475256,-59.03679067184));
#3819 = CARTESIAN_POINT('',(0.,-59.03679067184));
#3820 = ( GEOMETRIC_REPRESENTATION_CONTEXT(2) 
PARAMETRIC_REPRESENTATION_CONTEXT() REPRESENTATION_CONTEXT('2D SPACE',''
  ) );
#3821 = ORIENTED_EDGE('',*,*,#2206,.F.);
#3822 = ORIENTED_EDGE('',*,*,#3823,.T.);
#3823 = EDGE_CURVE('',#2207,#2547,#3824,.T.);
#3824 = SURFACE_CURVE('',#3825,(#3829,#3835),.PCURVE_S1.);
#3825 = LINE('',#3826,#3827);
#3826 = CARTESIAN_POINT('',(40.175,36.35,10.466585230428));
#3827 = VECTOR('',#3828,1.);
#3828 = DIRECTION('',(1.,0.,0.));
#3829 = PCURVE('',#1185,#3830);
#3830 = DEFINITIONAL_REPRESENTATION('',(#3831),#3834);
#3831 = B_SPLINE_CURVE_WITH_KNOTS('',1,(#3832,#3833),.UNSPECIFIED.,.F.,
  .F.,(2,2),(40.175,59.025),.PIECEWISE_BEZIER_KNOTS.);
#3832 = CARTESIAN_POINT('',(36.385486338685,80.35));
#3833 = CARTESIAN_POINT('',(36.385486338685,99.2));
#3834 = ( GEOMETRIC_REPRESENTATION_CONTEXT(2) 
PARAMETRIC_REPRESENTATION_CONTEXT() REPRESENTATION_CONTEXT('2D SPACE',''
  ) );
#3835 = PCURVE('',#2242,#3836);
#3836 = DEFINITIONAL_REPRESENTATION('',(#3837),#3840);
#3837 = B_SPLINE_CURVE_WITH_KNOTS('',1,(#3838,#3839),.UNSPECIFIED.,.F.,
  .F.,(2,2),(40.175,59.025),.PIECEWISE_BEZIER_KNOTS.);
#3838 = CARTESIAN_POINT('',(2.734813992227,0.));
#3839 = CARTESIAN_POINT('',(2.734813992227,18.85));
#3840 = ( GEOMETRIC_REPRESENTATION_CONTEXT(2) 
PARAMETRIC_REPRESENTATION_CONTEXT() REPRESENTATION_CONTEXT('2D SPACE',''
  ) );
#3841 = ORIENTED_EDGE('',*,*,#2546,.F.);
#3842 = ORIENTED_EDGE('',*,*,#3745,.T.);
#3843 = ADVANCED_FACE('',(#3844),#1158,.F.);
#3844 = FACE_BOUND('',#3845,.F.);
#3845 = EDGE_LOOP('',(#3846,#3867,#3868,#3869));
#3846 = ORIENTED_EDGE('',*,*,#3847,.T.);
#3847 = EDGE_CURVE('',#1498,#1118,#3848,.T.);
#3848 = SURFACE_CURVE('',#3849,(#3853,#3860),.PCURVE_S1.);
#3849 = LINE('',#3850,#3851);
#3850 = CARTESIAN_POINT('',(5.,4.5,17.236790671849));
#3851 = VECTOR('',#3852,1.);
#3852 = DIRECTION('',(0.,-1.,0.));
#3853 = PCURVE('',#1158,#3854);
#3854 = DEFINITIONAL_REPRESENTATION('',(#3855),#3859);
#3855 = LINE('',#3856,#3857);
#3856 = CARTESIAN_POINT('',(2.75,4.6));
#3857 = VECTOR('',#3858,1.);
#3858 = DIRECTION('',(-1.,0.));
#3859 = ( GEOMETRIC_REPRESENTATION_CONTEXT(2) 
PARAMETRIC_REPRESENTATION_CONTEXT() REPRESENTATION_CONTEXT('2D SPACE',''
  ) );
#3860 = PCURVE('',#1132,#3861);
#3861 = DEFINITIONAL_REPRESENTATION('',(#3862),#3866);
#3862 = LINE('',#3863,#3864);
#3863 = CARTESIAN_POINT('',(0.,26.8));
#3864 = VECTOR('',#3865,1.);
#3865 = DIRECTION('',(1.,0.));
#3866 = ( GEOMETRIC_REPRESENTATION_CONTEXT(2) 
PARAMETRIC_REPRESENTATION_CONTEXT() REPRESENTATION_CONTEXT('2D SPACE',''
  ) );
#3867 = ORIENTED_EDGE('',*,*,#1143,.F.);
#3868 = ORIENTED_EDGE('',*,*,#3775,.F.);
#3869 = ORIENTED_EDGE('',*,*,#1518,.T.);
#3870 = ADVANCED_FACE('',(#3871),#1132,.F.);
#3871 = FACE_BOUND('',#3872,.F.);
#3872 = EDGE_LOOP('',(#3873,#3874,#3875,#3876));
#3873 = ORIENTED_EDGE('',*,*,#1497,.T.);
#3874 = ORIENTED_EDGE('',*,*,#1300,.T.);
#3875 = ORIENTED_EDGE('',*,*,#1117,.F.);
#3876 = ORIENTED_EDGE('',*,*,#3847,.F.);
#3877 = ADVANCED_FACE('',(#3878,#3914),#1462,.F.);
#3878 = FACE_BOUND('',#3879,.F.);
#3879 = EDGE_LOOP('',(#3880,#3881,#3882,#3883,#3884,#3885,#3912,#3913));
#3880 = ORIENTED_EDGE('',*,*,#1952,.F.);
#3881 = ORIENTED_EDGE('',*,*,#1872,.T.);
#3882 = ORIENTED_EDGE('',*,*,#1748,.T.);
#3883 = ORIENTED_EDGE('',*,*,#1645,.T.);
#3884 = ORIENTED_EDGE('',*,*,#1446,.F.);
#3885 = ORIENTED_EDGE('',*,*,#3886,.T.);
#3886 = EDGE_CURVE('',#1419,#2184,#3887,.T.);
#3887 = SURFACE_CURVE('',#3888,(#3893,#3900),.PCURVE_S1.);
#3888 = ELLIPSE('',#3889,9.168942362101,9.16);
#3889 = AXIS2_PLACEMENT_3D('',#3890,#3891,#3892);
#3890 = CARTESIAN_POINT('',(72.19,13.16,18.641641310383));
#3891 = DIRECTION('',(0.,-4.415456249432E-02,0.999024711712));
#3892 = DIRECTION('',(0.,-0.999024711712,-4.415456249432E-02));
#3893 = PCURVE('',#1462,#3894);
#3894 = DEFINITIONAL_REPRESENTATION('',(#3895),#3899);
#3895 = ELLIPSE('',#3896,9.168942362101,9.16);
#3896 = AXIS2_PLACEMENT_2D('',#3897,#3898);
#3897 = CARTESIAN_POINT('',(67.605935276885,72.19));
#3898 = DIRECTION('',(1.,0.));
#3899 = ( GEOMETRIC_REPRESENTATION_CONTEXT(2) 
PARAMETRIC_REPRESENTATION_CONTEXT() REPRESENTATION_CONTEXT('2D SPACE',''
  ) );
#3900 = PCURVE('',#1434,#3901);
#3901 = DEFINITIONAL_REPRESENTATION('',(#3902),#3911);
#3902 = B_SPLINE_CURVE_WITH_KNOTS('',7,(#3903,#3904,#3905,#3906,#3907,
    #3908,#3909,#3910),.UNSPECIFIED.,.F.,.F.,(8,8),(3.102812800782E-15,
    1.570796326795),.PIECEWISE_BEZIER_KNOTS.);
#3903 = CARTESIAN_POINT('',(0.,-68.23679067184));
#3904 = CARTESIAN_POINT('',(-0.224399475256,-68.23679067184));
#3905 = CARTESIAN_POINT('',(-0.448798950513,-68.26057510948));
#3906 = CARTESIAN_POINT('',(-0.673198425769,-68.30814053434));
#3907 = CARTESIAN_POINT('',(-0.897597901026,-68.37656663992));
#3908 = CARTESIAN_POINT('',(-1.121997376282,-68.45994513758));
#3909 = CARTESIAN_POINT('',(-1.346396851538,-68.55079303953));
#3910 = CARTESIAN_POINT('',(-1.570796326795,-68.64164131038));
#3911 = ( GEOMETRIC_REPRESENTATION_CONTEXT(2) 
PARAMETRIC_REPRESENTATION_CONTEXT() REPRESENTATION_CONTEXT('2D SPACE',''
  ) );
#3912 = ORIENTED_EDGE('',*,*,#2300,.F.);
#3913 = ORIENTED_EDGE('',*,*,#2103,.T.);
#3914 = FACE_BOUND('',#3915,.F.);
#3915 = EDGE_LOOP('',(#3916,#3939,#3960,#3981));
#3916 = ORIENTED_EDGE('',*,*,#3917,.T.);
#3917 = EDGE_CURVE('',#3918,#3920,#3922,.T.);
#3918 = VERTEX_POINT('',#3919);
#3919 = CARTESIAN_POINT('',(-58.6,13.15,18.641199333704));
#3920 = VERTEX_POINT('',#3921);
#3921 = CARTESIAN_POINT('',(-69.8,13.15,18.641199333704));
#3922 = SURFACE_CURVE('',#3923,(#3927,#3933),.PCURVE_S1.);
#3923 = LINE('',#3924,#3925);
#3924 = CARTESIAN_POINT('',(-34.9,13.15,18.641199333703));
#3925 = VECTOR('',#3926,1.);
#3926 = DIRECTION('',(-1.,-0.,0.));
#3927 = PCURVE('',#1462,#3928);
#3928 = DEFINITIONAL_REPRESENTATION('',(#3929),#3932);
#3929 = B_SPLINE_CURVE_WITH_KNOTS('',1,(#3930,#3931),.UNSPECIFIED.,.F.,
  .F.,(2,2),(23.7,34.9),.PIECEWISE_BEZIER_KNOTS.);
#3930 = CARTESIAN_POINT('',(67.615945039289,-58.6));
#3931 = CARTESIAN_POINT('',(67.615945039289,-69.8));
#3932 = ( GEOMETRIC_REPRESENTATION_CONTEXT(2) 
PARAMETRIC_REPRESENTATION_CONTEXT() REPRESENTATION_CONTEXT('2D SPACE',''
  ) );
#3933 = PCURVE('',#3090,#3934);
#3934 = DEFINITIONAL_REPRESENTATION('',(#3935),#3938);
#3935 = B_SPLINE_CURVE_WITH_KNOTS('',1,(#3936,#3937),.UNSPECIFIED.,.F.,
  .F.,(2,2),(23.7,34.9),.PIECEWISE_BEZIER_KNOTS.);
#3936 = CARTESIAN_POINT('',(0.487307051638,11.2));
#3937 = CARTESIAN_POINT('',(0.487307051638,0.));
#3938 = ( GEOMETRIC_REPRESENTATION_CONTEXT(2) 
PARAMETRIC_REPRESENTATION_CONTEXT() REPRESENTATION_CONTEXT('2D SPACE',''
  ) );
#3939 = ORIENTED_EDGE('',*,*,#3940,.T.);
#3940 = EDGE_CURVE('',#3920,#3941,#3943,.T.);
#3941 = VERTEX_POINT('',#3942);
#3942 = CARTESIAN_POINT('',(-69.8,36.35,19.666585230428));
#3943 = SURFACE_CURVE('',#3944,(#3948,#3954),.PCURVE_S1.);
#3944 = LINE('',#3945,#3946);
#3945 = CARTESIAN_POINT('',(-69.8,46.914252077723,20.133500536028));
#3946 = VECTOR('',#3947,1.);
#3947 = DIRECTION('',(0.,0.999024711712,4.415456249432E-02));
#3948 = PCURVE('',#1462,#3949);
#3949 = DEFINITIONAL_REPRESENTATION('',(#3950),#3953);
#3950 = B_SPLINE_CURVE_WITH_KNOTS('',1,(#3951,#3952),.UNSPECIFIED.,.F.,
  .F.,(2,2),(-33.79721410481,-10.57456532743),.PIECEWISE_BEZIER_KNOTS.);
#3951 = CARTESIAN_POINT('',(67.615945039289,-69.8));
#3952 = CARTESIAN_POINT('',(44.393296261917,-69.8));
#3953 = ( GEOMETRIC_REPRESENTATION_CONTEXT(2) 
PARAMETRIC_REPRESENTATION_CONTEXT() REPRESENTATION_CONTEXT('2D SPACE',''
  ) );
#3954 = PCURVE('',#3116,#3955);
#3955 = DEFINITIONAL_REPRESENTATION('',(#3956),#3959);
#3956 = B_SPLINE_CURVE_WITH_KNOTS('',1,(#3957,#3958),.UNSPECIFIED.,.F.,
  .F.,(2,2),(-33.79721410481,-10.57456532743),.PIECEWISE_BEZIER_KNOTS.);
#3957 = CARTESIAN_POINT('',(0.487307051638,8.7970788819E-15));
#3958 = CARTESIAN_POINT('',(1.512692948362,-23.2));
#3959 = ( GEOMETRIC_REPRESENTATION_CONTEXT(2) 
PARAMETRIC_REPRESENTATION_CONTEXT() REPRESENTATION_CONTEXT('2D SPACE',''
  ) );
#3960 = ORIENTED_EDGE('',*,*,#3961,.F.);
#3961 = EDGE_CURVE('',#3962,#3941,#3964,.T.);
#3962 = VERTEX_POINT('',#3963);
#3963 = CARTESIAN_POINT('',(-58.6,36.35,19.666585230428));
#3964 = SURFACE_CURVE('',#3965,(#3969,#3975),.PCURVE_S1.);
#3965 = LINE('',#3966,#3967);
#3966 = CARTESIAN_POINT('',(-34.9,36.35,19.666585230428));
#3967 = VECTOR('',#3968,1.);
#3968 = DIRECTION('',(-1.,-0.,0.));
#3969 = PCURVE('',#1462,#3970);
#3970 = DEFINITIONAL_REPRESENTATION('',(#3971),#3974);
#3971 = B_SPLINE_CURVE_WITH_KNOTS('',1,(#3972,#3973),.UNSPECIFIED.,.F.,
  .F.,(2,2),(23.7,34.9),.PIECEWISE_BEZIER_KNOTS.);
#3972 = CARTESIAN_POINT('',(44.393296261917,-58.6));
#3973 = CARTESIAN_POINT('',(44.393296261917,-69.8));
#3974 = ( GEOMETRIC_REPRESENTATION_CONTEXT(2) 
PARAMETRIC_REPRESENTATION_CONTEXT() REPRESENTATION_CONTEXT('2D SPACE',''
  ) );
#3975 = PCURVE('',#3142,#3976);
#3976 = DEFINITIONAL_REPRESENTATION('',(#3977),#3980);
#3977 = B_SPLINE_CURVE_WITH_KNOTS('',1,(#3978,#3979),.UNSPECIFIED.,.F.,
  .F.,(2,2),(23.7,34.9),.PIECEWISE_BEZIER_KNOTS.);
#3978 = CARTESIAN_POINT('',(1.512692948362,11.2));
#3979 = CARTESIAN_POINT('',(1.512692948362,0.));
#3980 = ( GEOMETRIC_REPRESENTATION_CONTEXT(2) 
PARAMETRIC_REPRESENTATION_CONTEXT() REPRESENTATION_CONTEXT('2D SPACE',''
  ) );
#3981 = ORIENTED_EDGE('',*,*,#3982,.F.);
#3982 = EDGE_CURVE('',#3918,#3962,#3983,.T.);
#3983 = SURFACE_CURVE('',#3984,(#3988,#3994),.PCURVE_S1.);
#3984 = LINE('',#3985,#3986);
#3985 = CARTESIAN_POINT('',(-58.6,46.914252077723,20.133500536028));
#3986 = VECTOR('',#3987,1.);
#3987 = DIRECTION('',(0.,0.999024711712,4.415456249432E-02));
#3988 = PCURVE('',#1462,#3989);
#3989 = DEFINITIONAL_REPRESENTATION('',(#3990),#3993);
#3990 = B_SPLINE_CURVE_WITH_KNOTS('',1,(#3991,#3992),.UNSPECIFIED.,.F.,
  .F.,(2,2),(-33.79721410481,-10.57456532743),.PIECEWISE_BEZIER_KNOTS.);
#3991 = CARTESIAN_POINT('',(67.615945039289,-58.6));
#3992 = CARTESIAN_POINT('',(44.393296261917,-58.6));
#3993 = ( GEOMETRIC_REPRESENTATION_CONTEXT(2) 
PARAMETRIC_REPRESENTATION_CONTEXT() REPRESENTATION_CONTEXT('2D SPACE',''
  ) );
#3994 = PCURVE('',#3166,#3995);
#3995 = DEFINITIONAL_REPRESENTATION('',(#3996),#3999);
#3996 = B_SPLINE_CURVE_WITH_KNOTS('',1,(#3997,#3998),.UNSPECIFIED.,.F.,
  .F.,(2,2),(-33.79721410481,-10.57456532743),.PIECEWISE_BEZIER_KNOTS.);
#3997 = CARTESIAN_POINT('',(0.487307051638,8.7970788819E-15));
#3998 = CARTESIAN_POINT('',(1.512692948362,-23.2));
#3999 = ( GEOMETRIC_REPRESENTATION_CONTEXT(2) 
PARAMETRIC_REPRESENTATION_CONTEXT() REPRESENTATION_CONTEXT('2D SPACE',''
  ) );
#4000 = ADVANCED_FACE('',(#4001),#1434,.F.);
#4001 = FACE_BOUND('',#4002,.T.);
#4002 = EDGE_LOOP('',(#4003,#4004,#4005,#4006));
#4003 = ORIENTED_EDGE('',*,*,#2181,.F.);
#4004 = ORIENTED_EDGE('',*,*,#3795,.T.);
#4005 = ORIENTED_EDGE('',*,*,#1418,.T.);
#4006 = ORIENTED_EDGE('',*,*,#3886,.T.);
#4007 = ADVANCED_FACE('',(#4008),#1605,.F.);
#4008 = FACE_BOUND('',#4009,.F.);
#4009 = EDGE_LOOP('',(#4010,#4011,#4032,#4033));
#4010 = ORIENTED_EDGE('',*,*,#1820,.F.);
#4011 = ORIENTED_EDGE('',*,*,#4012,.F.);
#4012 = EDGE_CURVE('',#1589,#1821,#4013,.T.);
#4013 = SEAM_CURVE('',#4014,(#4018,#4025),.PCURVE_S1.);
#4014 = LINE('',#4015,#4016);
#4015 = CARTESIAN_POINT('',(-98.6,90.05,16.29));
#4016 = VECTOR('',#4017,1.);
#4017 = DIRECTION('',(1.,0.,2.22044604925E-16));
#4018 = PCURVE('',#1605,#4019);
#4019 = DEFINITIONAL_REPRESENTATION('',(#4020),#4024);
#4020 = LINE('',#4021,#4022);
#4021 = CARTESIAN_POINT('',(6.28318530718,-0.));
#4022 = VECTOR('',#4023,1.);
#4023 = DIRECTION('',(0.,1.));
#4024 = ( GEOMETRIC_REPRESENTATION_CONTEXT(2) 
PARAMETRIC_REPRESENTATION_CONTEXT() REPRESENTATION_CONTEXT('2D SPACE',''
  ) );
#4025 = PCURVE('',#1605,#4026);
#4026 = DEFINITIONAL_REPRESENTATION('',(#4027),#4031);
#4027 = LINE('',#4028,#4029);
#4028 = CARTESIAN_POINT('',(0.,-0.));
#4029 = VECTOR('',#4030,1.);
#4030 = DIRECTION('',(0.,1.));
#4031 = ( GEOMETRIC_REPRESENTATION_CONTEXT(2) 
PARAMETRIC_REPRESENTATION_CONTEXT() REPRESENTATION_CONTEXT('2D SPACE',''
  ) );
#4032 = ORIENTED_EDGE('',*,*,#1588,.T.);
#4033 = ORIENTED_EDGE('',*,*,#4012,.T.);
#4034 = ADVANCED_FACE('',(#4035),#2063,.F.);
#4035 = FACE_BOUND('',#4036,.F.);
#4036 = EDGE_LOOP('',(#4037,#4060,#4087,#4088));
#4037 = ORIENTED_EDGE('',*,*,#4038,.T.);
#4038 = EDGE_CURVE('',#2047,#4039,#4041,.T.);
#4039 = VERTEX_POINT('',#4040);
#4040 = CARTESIAN_POINT('',(-76.4,90.05,16.29));
#4041 = SEAM_CURVE('',#4042,(#4046,#4053),.PCURVE_S1.);
#4042 = LINE('',#4043,#4044);
#4043 = CARTESIAN_POINT('',(-98.6,90.05,16.29));
#4044 = VECTOR('',#4045,1.);
#4045 = DIRECTION('',(1.,0.,2.22044604925E-16));
#4046 = PCURVE('',#2063,#4047);
#4047 = DEFINITIONAL_REPRESENTATION('',(#4048),#4052);
#4048 = LINE('',#4049,#4050);
#4049 = CARTESIAN_POINT('',(6.28318530718,-0.));
#4050 = VECTOR('',#4051,1.);
#4051 = DIRECTION('',(0.,1.));
#4052 = ( GEOMETRIC_REPRESENTATION_CONTEXT(2) 
PARAMETRIC_REPRESENTATION_CONTEXT() REPRESENTATION_CONTEXT('2D SPACE',''
  ) );
#4053 = PCURVE('',#2063,#4054);
#4054 = DEFINITIONAL_REPRESENTATION('',(#4055),#4059);
#4055 = LINE('',#4056,#4057);
#4056 = CARTESIAN_POINT('',(0.,-0.));
#4057 = VECTOR('',#4058,1.);
#4058 = DIRECTION('',(0.,1.));
#4059 = ( GEOMETRIC_REPRESENTATION_CONTEXT(2) 
PARAMETRIC_REPRESENTATION_CONTEXT() REPRESENTATION_CONTEXT('2D SPACE',''
  ) );
#4060 = ORIENTED_EDGE('',*,*,#4061,.F.);
#4061 = EDGE_CURVE('',#4039,#4039,#4062,.T.);
#4062 = SURFACE_CURVE('',#4063,(#4068,#4075),.PCURVE_S1.);
#4063 = CIRCLE('',#4064,1.75);
#4064 = AXIS2_PLACEMENT_3D('',#4065,#4066,#4067);
#4065 = CARTESIAN_POINT('',(-76.4,90.05,18.04));
#4066 = DIRECTION('',(1.,-0.,2.22044604925E-16));
#4067 = DIRECTION('',(2.22044604925E-16,0.,-1.));
#4068 = PCURVE('',#2063,#4069);
#4069 = DEFINITIONAL_REPRESENTATION('',(#4070),#4074);
#4070 = LINE('',#4071,#4072);
#4071 = CARTESIAN_POINT('',(0.,22.2));
#4072 = VECTOR('',#4073,1.);
#4073 = DIRECTION('',(1.,0.));
#4074 = ( GEOMETRIC_REPRESENTATION_CONTEXT(2) 
PARAMETRIC_REPRESENTATION_CONTEXT() REPRESENTATION_CONTEXT('2D SPACE',''
  ) );
#4075 = PCURVE('',#4076,#4081);
#4076 = PLANE('',#4077);
#4077 = AXIS2_PLACEMENT_3D('',#4078,#4079,#4080);
#4078 = CARTESIAN_POINT('',(-76.4,90.05,18.04));
#4079 = DIRECTION('',(1.,0.,2.22044604925E-16));
#4080 = DIRECTION('',(2.22044604925E-16,0.,-1.));
#4081 = DEFINITIONAL_REPRESENTATION('',(#4082),#4086);
#4082 = CIRCLE('',#4083,1.75);
#4083 = AXIS2_PLACEMENT_2D('',#4084,#4085);
#4084 = CARTESIAN_POINT('',(0.,0.));
#4085 = DIRECTION('',(1.,0.));
#4086 = ( GEOMETRIC_REPRESENTATION_CONTEXT(2) 
PARAMETRIC_REPRESENTATION_CONTEXT() REPRESENTATION_CONTEXT('2D SPACE',''
  ) );
#4087 = ORIENTED_EDGE('',*,*,#4038,.F.);
#4088 = ORIENTED_EDGE('',*,*,#2046,.T.);
#4089 = ADVANCED_FACE('',(#4090),#2268,.F.);
#4090 = FACE_BOUND('',#4091,.F.);
#4091 = EDGE_LOOP('',(#4092,#4093,#4094,#4115));
#4092 = ORIENTED_EDGE('',*,*,#2403,.F.);
#4093 = ORIENTED_EDGE('',*,*,#2253,.T.);
#4094 = ORIENTED_EDGE('',*,*,#4095,.T.);
#4095 = EDGE_CURVE('',#2228,#2570,#4096,.T.);
#4096 = SURFACE_CURVE('',#4097,(#4101,#4108),.PCURVE_S1.);
#4097 = LINE('',#4098,#4099);
#4098 = CARTESIAN_POINT('',(80.35,36.35,18.331771238201));
#4099 = VECTOR('',#4100,1.);
#4100 = DIRECTION('',(1.,0.,-0.));
#4101 = PCURVE('',#2268,#4102);
#4102 = DEFINITIONAL_REPRESENTATION('',(#4103),#4107);
#4103 = LINE('',#4104,#4105);
#4104 = CARTESIAN_POINT('',(0.,0.));
#4105 = VECTOR('',#4106,1.);
#4106 = DIRECTION('',(1.,0.));
#4107 = ( GEOMETRIC_REPRESENTATION_CONTEXT(2) 
PARAMETRIC_REPRESENTATION_CONTEXT() REPRESENTATION_CONTEXT('2D SPACE',''
  ) );
#4108 = PCURVE('',#2242,#4109);
#4109 = DEFINITIONAL_REPRESENTATION('',(#4110),#4114);
#4110 = LINE('',#4111,#4112);
#4111 = CARTESIAN_POINT('',(10.6,0.));
#4112 = VECTOR('',#4113,1.);
#4113 = DIRECTION('',(0.,1.));
#4114 = ( GEOMETRIC_REPRESENTATION_CONTEXT(2) 
PARAMETRIC_REPRESENTATION_CONTEXT() REPRESENTATION_CONTEXT('2D SPACE',''
  ) );
#4115 = ORIENTED_EDGE('',*,*,#2590,.F.);
#4116 = ADVANCED_FACE('',(#4117),#2242,.T.);
#4117 = FACE_BOUND('',#4118,.T.);
#4118 = EDGE_LOOP('',(#4119,#4120,#4121,#4122));
#4119 = ORIENTED_EDGE('',*,*,#4095,.T.);
#4120 = ORIENTED_EDGE('',*,*,#2569,.F.);
#4121 = ORIENTED_EDGE('',*,*,#3823,.F.);
#4122 = ORIENTED_EDGE('',*,*,#2227,.T.);
#4123 = ADVANCED_FACE('',(#4124),#2388,.F.);
#4124 = FACE_BOUND('',#4125,.F.);
#4125 = EDGE_LOOP('',(#4126,#4127,#4150,#4177));
#4126 = ORIENTED_EDGE('',*,*,#2371,.F.);
#4127 = ORIENTED_EDGE('',*,*,#4128,.F.);
#4128 = EDGE_CURVE('',#4129,#2372,#4131,.T.);
#4129 = VERTEX_POINT('',#4130);
#4130 = CARTESIAN_POINT('',(76.4,90.05,16.29));
#4131 = SEAM_CURVE('',#4132,(#4136,#4143),.PCURVE_S1.);
#4132 = LINE('',#4133,#4134);
#4133 = CARTESIAN_POINT('',(76.4,90.05,16.29));
#4134 = VECTOR('',#4135,1.);
#4135 = DIRECTION('',(1.,0.,2.22044604925E-16));
#4136 = PCURVE('',#2388,#4137);
#4137 = DEFINITIONAL_REPRESENTATION('',(#4138),#4142);
#4138 = LINE('',#4139,#4140);
#4139 = CARTESIAN_POINT('',(6.28318530718,-0.));
#4140 = VECTOR('',#4141,1.);
#4141 = DIRECTION('',(0.,1.));
#4142 = ( GEOMETRIC_REPRESENTATION_CONTEXT(2) 
PARAMETRIC_REPRESENTATION_CONTEXT() REPRESENTATION_CONTEXT('2D SPACE',''
  ) );
#4143 = PCURVE('',#2388,#4144);
#4144 = DEFINITIONAL_REPRESENTATION('',(#4145),#4149);
#4145 = LINE('',#4146,#4147);
#4146 = CARTESIAN_POINT('',(0.,-0.));
#4147 = VECTOR('',#4148,1.);
#4148 = DIRECTION('',(0.,1.));
#4149 = ( GEOMETRIC_REPRESENTATION_CONTEXT(2) 
PARAMETRIC_REPRESENTATION_CONTEXT() REPRESENTATION_CONTEXT('2D SPACE',''
  ) );
#4150 = ORIENTED_EDGE('',*,*,#4151,.T.);
#4151 = EDGE_CURVE('',#4129,#4129,#4152,.T.);
#4152 = SURFACE_CURVE('',#4153,(#4158,#4165),.PCURVE_S1.);
#4153 = CIRCLE('',#4154,1.75);
#4154 = AXIS2_PLACEMENT_3D('',#4155,#4156,#4157);
#4155 = CARTESIAN_POINT('',(76.4,90.05,18.04));
#4156 = DIRECTION('',(1.,-0.,2.22044604925E-16));
#4157 = DIRECTION('',(2.22044604925E-16,0.,-1.));
#4158 = PCURVE('',#2388,#4159);
#4159 = DEFINITIONAL_REPRESENTATION('',(#4160),#4164);
#4160 = LINE('',#4161,#4162);
#4161 = CARTESIAN_POINT('',(0.,0.));
#4162 = VECTOR('',#4163,1.);
#4163 = DIRECTION('',(1.,0.));
#4164 = ( GEOMETRIC_REPRESENTATION_CONTEXT(2) 
PARAMETRIC_REPRESENTATION_CONTEXT() REPRESENTATION_CONTEXT('2D SPACE',''
  ) );
#4165 = PCURVE('',#4166,#4171);
#4166 = PLANE('',#4167);
#4167 = AXIS2_PLACEMENT_3D('',#4168,#4169,#4170);
#4168 = CARTESIAN_POINT('',(76.4,90.05,18.04));
#4169 = DIRECTION('',(1.,0.,2.22044604925E-16));
#4170 = DIRECTION('',(2.22044604925E-16,0.,-1.));
#4171 = DEFINITIONAL_REPRESENTATION('',(#4172),#4176);
#4172 = CIRCLE('',#4173,1.75);
#4173 = AXIS2_PLACEMENT_2D('',#4174,#4175);
#4174 = CARTESIAN_POINT('',(0.,0.));
#4175 = DIRECTION('',(1.,0.));
#4176 = ( GEOMETRIC_REPRESENTATION_CONTEXT(2) 
PARAMETRIC_REPRESENTATION_CONTEXT() REPRESENTATION_CONTEXT('2D SPACE',''
  ) );
#4177 = ORIENTED_EDGE('',*,*,#4128,.T.);
#4178 = ADVANCED_FACE('',(#4179),#2656,.F.);
#4179 = FACE_BOUND('',#4180,.F.);
#4180 = EDGE_LOOP('',(#4181,#4182,#4203,#4204));
#4181 = ORIENTED_EDGE('',*,*,#2639,.F.);
#4182 = ORIENTED_EDGE('',*,*,#4183,.F.);
#4183 = EDGE_CURVE('',#2895,#2640,#4184,.T.);
#4184 = SEAM_CURVE('',#4185,(#4189,#4196),.PCURVE_S1.);
#4185 = LINE('',#4186,#4187);
#4186 = CARTESIAN_POINT('',(96.6,90.05,14.84));
#4187 = VECTOR('',#4188,1.);
#4188 = DIRECTION('',(1.,0.,2.22044604925E-16));
#4189 = PCURVE('',#2656,#4190);
#4190 = DEFINITIONAL_REPRESENTATION('',(#4191),#4195);
#4191 = LINE('',#4192,#4193);
#4192 = CARTESIAN_POINT('',(6.28318530718,-0.));
#4193 = VECTOR('',#4194,1.);
#4194 = DIRECTION('',(0.,1.));
#4195 = ( GEOMETRIC_REPRESENTATION_CONTEXT(2) 
PARAMETRIC_REPRESENTATION_CONTEXT() REPRESENTATION_CONTEXT('2D SPACE',''
  ) );
#4196 = PCURVE('',#2656,#4197);
#4197 = DEFINITIONAL_REPRESENTATION('',(#4198),#4202);
#4198 = LINE('',#4199,#4200);
#4199 = CARTESIAN_POINT('',(0.,-0.));
#4200 = VECTOR('',#4201,1.);
#4201 = DIRECTION('',(0.,1.));
#4202 = ( GEOMETRIC_REPRESENTATION_CONTEXT(2) 
PARAMETRIC_REPRESENTATION_CONTEXT() REPRESENTATION_CONTEXT('2D SPACE',''
  ) );
#4203 = ORIENTED_EDGE('',*,*,#2894,.T.);
#4204 = ORIENTED_EDGE('',*,*,#4183,.T.);
#4205 = ADVANCED_FACE('',(#4206),#2736,.F.);
#4206 = FACE_BOUND('',#4207,.F.);
#4207 = EDGE_LOOP('',(#4208,#4209,#4230,#4231));
#4208 = ORIENTED_EDGE('',*,*,#2969,.F.);
#4209 = ORIENTED_EDGE('',*,*,#4210,.F.);
#4210 = EDGE_CURVE('',#2720,#2970,#4211,.T.);
#4211 = SEAM_CURVE('',#4212,(#4216,#4223),.PCURVE_S1.);
#4212 = LINE('',#4213,#4214);
#4213 = CARTESIAN_POINT('',(76.4,90.05,16.29));
#4214 = VECTOR('',#4215,1.);
#4215 = DIRECTION('',(1.,0.,2.22044604925E-16));
#4216 = PCURVE('',#2736,#4217);
#4217 = DEFINITIONAL_REPRESENTATION('',(#4218),#4222);
#4218 = LINE('',#4219,#4220);
#4219 = CARTESIAN_POINT('',(6.28318530718,-0.));
#4220 = VECTOR('',#4221,1.);
#4221 = DIRECTION('',(0.,1.));
#4222 = ( GEOMETRIC_REPRESENTATION_CONTEXT(2) 
PARAMETRIC_REPRESENTATION_CONTEXT() REPRESENTATION_CONTEXT('2D SPACE',''
  ) );
#4223 = PCURVE('',#2736,#4224);
#4224 = DEFINITIONAL_REPRESENTATION('',(#4225),#4229);
#4225 = LINE('',#4226,#4227);
#4226 = CARTESIAN_POINT('',(0.,-0.));
#4227 = VECTOR('',#4228,1.);
#4228 = DIRECTION('',(0.,1.));
#4229 = ( GEOMETRIC_REPRESENTATION_CONTEXT(2) 
PARAMETRIC_REPRESENTATION_CONTEXT() REPRESENTATION_CONTEXT('2D SPACE',''
  ) );
#4230 = ORIENTED_EDGE('',*,*,#2719,.T.);
#4231 = ORIENTED_EDGE('',*,*,#4210,.T.);
#4232 = ADVANCED_FACE('',(#4233),#3090,.T.);
#4233 = FACE_BOUND('',#4234,.T.);
#4234 = EDGE_LOOP('',(#4235,#4256,#4257,#4278));
#4235 = ORIENTED_EDGE('',*,*,#4236,.F.);
#4236 = EDGE_CURVE('',#3918,#3074,#4237,.T.);
#4237 = SURFACE_CURVE('',#4238,(#4242,#4249),.PCURVE_S1.);
#4238 = LINE('',#4239,#4240);
#4239 = CARTESIAN_POINT('',(-58.6,13.15,18.153892282066));
#4240 = VECTOR('',#4241,1.);
#4241 = DIRECTION('',(0.,0.,1.));
#4242 = PCURVE('',#3090,#4243);
#4243 = DEFINITIONAL_REPRESENTATION('',(#4244),#4248);
#4244 = LINE('',#4245,#4246);
#4245 = CARTESIAN_POINT('',(0.,11.2));
#4246 = VECTOR('',#4247,1.);
#4247 = DIRECTION('',(1.,0.));
#4248 = ( GEOMETRIC_REPRESENTATION_CONTEXT(2) 
PARAMETRIC_REPRESENTATION_CONTEXT() REPRESENTATION_CONTEXT('2D SPACE',''
  ) );
#4249 = PCURVE('',#3166,#4250);
#4250 = DEFINITIONAL_REPRESENTATION('',(#4251),#4255);
#4251 = LINE('',#4252,#4253);
#4252 = CARTESIAN_POINT('',(0.,0.));
#4253 = VECTOR('',#4254,1.);
#4254 = DIRECTION('',(1.,0.));
#4255 = ( GEOMETRIC_REPRESENTATION_CONTEXT(2) 
PARAMETRIC_REPRESENTATION_CONTEXT() REPRESENTATION_CONTEXT('2D SPACE',''
  ) );
#4256 = ORIENTED_EDGE('',*,*,#3917,.T.);
#4257 = ORIENTED_EDGE('',*,*,#4258,.T.);
#4258 = EDGE_CURVE('',#3920,#3076,#4259,.T.);
#4259 = SURFACE_CURVE('',#4260,(#4264,#4271),.PCURVE_S1.);
#4260 = LINE('',#4261,#4262);
#4261 = CARTESIAN_POINT('',(-69.8,13.15,18.153892282066));
#4262 = VECTOR('',#4263,1.);
#4263 = DIRECTION('',(0.,0.,1.));
#4264 = PCURVE('',#3090,#4265);
#4265 = DEFINITIONAL_REPRESENTATION('',(#4266),#4270);
#4266 = LINE('',#4267,#4268);
#4267 = CARTESIAN_POINT('',(0.,0.));
#4268 = VECTOR('',#4269,1.);
#4269 = DIRECTION('',(1.,0.));
#4270 = ( GEOMETRIC_REPRESENTATION_CONTEXT(2) 
PARAMETRIC_REPRESENTATION_CONTEXT() REPRESENTATION_CONTEXT('2D SPACE',''
  ) );
#4271 = PCURVE('',#3116,#4272);
#4272 = DEFINITIONAL_REPRESENTATION('',(#4273),#4277);
#4273 = LINE('',#4274,#4275);
#4274 = CARTESIAN_POINT('',(0.,0.));
#4275 = VECTOR('',#4276,1.);
#4276 = DIRECTION('',(1.,0.));
#4277 = ( GEOMETRIC_REPRESENTATION_CONTEXT(2) 
PARAMETRIC_REPRESENTATION_CONTEXT() REPRESENTATION_CONTEXT('2D SPACE',''
  ) );
#4278 = ORIENTED_EDGE('',*,*,#3073,.F.);
#4279 = ADVANCED_FACE('',(#4280),#3166,.F.);
#4280 = FACE_BOUND('',#4281,.F.);
#4281 = EDGE_LOOP('',(#4282,#4283,#4284,#4305));
#4282 = ORIENTED_EDGE('',*,*,#4236,.F.);
#4283 = ORIENTED_EDGE('',*,*,#3982,.T.);
#4284 = ORIENTED_EDGE('',*,*,#4285,.T.);
#4285 = EDGE_CURVE('',#3962,#3128,#4286,.T.);
#4286 = SURFACE_CURVE('',#4287,(#4291,#4298),.PCURVE_S1.);
#4287 = LINE('',#4288,#4289);
#4288 = CARTESIAN_POINT('',(-58.6,36.35,18.153892282066));
#4289 = VECTOR('',#4290,1.);
#4290 = DIRECTION('',(0.,0.,1.));
#4291 = PCURVE('',#3166,#4292);
#4292 = DEFINITIONAL_REPRESENTATION('',(#4293),#4297);
#4293 = LINE('',#4294,#4295);
#4294 = CARTESIAN_POINT('',(0.,-23.2));
#4295 = VECTOR('',#4296,1.);
#4296 = DIRECTION('',(1.,0.));
#4297 = ( GEOMETRIC_REPRESENTATION_CONTEXT(2) 
PARAMETRIC_REPRESENTATION_CONTEXT() REPRESENTATION_CONTEXT('2D SPACE',''
  ) );
#4298 = PCURVE('',#3142,#4299);
#4299 = DEFINITIONAL_REPRESENTATION('',(#4300),#4304);
#4300 = LINE('',#4301,#4302);
#4301 = CARTESIAN_POINT('',(0.,11.2));
#4302 = VECTOR('',#4303,1.);
#4303 = DIRECTION('',(1.,0.));
#4304 = ( GEOMETRIC_REPRESENTATION_CONTEXT(2) 
PARAMETRIC_REPRESENTATION_CONTEXT() REPRESENTATION_CONTEXT('2D SPACE',''
  ) );
#4305 = ORIENTED_EDGE('',*,*,#3153,.F.);
#4306 = ADVANCED_FACE('',(#4307),#3116,.T.);
#4307 = FACE_BOUND('',#4308,.T.);
#4308 = EDGE_LOOP('',(#4309,#4310,#4311,#4332));
#4309 = ORIENTED_EDGE('',*,*,#4258,.F.);
#4310 = ORIENTED_EDGE('',*,*,#3940,.T.);
#4311 = ORIENTED_EDGE('',*,*,#4312,.T.);
#4312 = EDGE_CURVE('',#3941,#3102,#4313,.T.);
#4313 = SURFACE_CURVE('',#4314,(#4318,#4325),.PCURVE_S1.);
#4314 = LINE('',#4315,#4316);
#4315 = CARTESIAN_POINT('',(-69.8,36.35,18.153892282066));
#4316 = VECTOR('',#4317,1.);
#4317 = DIRECTION('',(0.,0.,1.));
#4318 = PCURVE('',#3116,#4319);
#4319 = DEFINITIONAL_REPRESENTATION('',(#4320),#4324);
#4320 = LINE('',#4321,#4322);
#4321 = CARTESIAN_POINT('',(0.,-23.2));
#4322 = VECTOR('',#4323,1.);
#4323 = DIRECTION('',(1.,0.));
#4324 = ( GEOMETRIC_REPRESENTATION_CONTEXT(2) 
PARAMETRIC_REPRESENTATION_CONTEXT() REPRESENTATION_CONTEXT('2D SPACE',''
  ) );
#4325 = PCURVE('',#3142,#4326);
#4326 = DEFINITIONAL_REPRESENTATION('',(#4327),#4331);
#4327 = LINE('',#4328,#4329);
#4328 = CARTESIAN_POINT('',(0.,0.));
#4329 = VECTOR('',#4330,1.);
#4330 = DIRECTION('',(1.,0.));
#4331 = ( GEOMETRIC_REPRESENTATION_CONTEXT(2) 
PARAMETRIC_REPRESENTATION_CONTEXT() REPRESENTATION_CONTEXT('2D SPACE',''
  ) );
#4332 = ORIENTED_EDGE('',*,*,#3101,.F.);
#4333 = ADVANCED_FACE('',(#4334),#3142,.F.);
#4334 = FACE_BOUND('',#4335,.F.);
#4335 = EDGE_LOOP('',(#4336,#4337,#4338,#4339));
#4336 = ORIENTED_EDGE('',*,*,#4285,.F.);
#4337 = ORIENTED_EDGE('',*,*,#3961,.T.);
#4338 = ORIENTED_EDGE('',*,*,#4312,.T.);
#4339 = ORIENTED_EDGE('',*,*,#3127,.F.);
#4340 = ADVANCED_FACE('',(#4341),#3197,.T.);
#4341 = FACE_BOUND('',#4342,.T.);
#4342 = EDGE_LOOP('',(#4343,#4366,#4367,#4390));
#4343 = ORIENTED_EDGE('',*,*,#4344,.T.);
#4344 = EDGE_CURVE('',#4345,#3180,#4347,.T.);
#4345 = VERTEX_POINT('',#4346);
#4346 = CARTESIAN_POINT('',(-4.318567668599,38.779678885399,
    20.373385626817));
#4347 = SURFACE_CURVE('',#4348,(#4352,#4359),.PCURVE_S1.);
#4348 = LINE('',#4349,#4350);
#4349 = CARTESIAN_POINT('',(-4.318567668599,38.779678885399,
    20.373385626817));
#4350 = VECTOR('',#4351,1.);
#4351 = DIRECTION('',(0.,-4.415456249432E-02,0.999024711712));
#4352 = PCURVE('',#3197,#4353);
#4353 = DEFINITIONAL_REPRESENTATION('',(#4354),#4358);
#4354 = LINE('',#4355,#4356);
#4355 = CARTESIAN_POINT('',(7.683421816496E-02,0.));
#4356 = VECTOR('',#4357,1.);
#4357 = DIRECTION('',(0.,-1.));
#4358 = ( GEOMETRIC_REPRESENTATION_CONTEXT(2) 
PARAMETRIC_REPRESENTATION_CONTEXT() REPRESENTATION_CONTEXT('2D SPACE',''
  ) );
#4359 = PCURVE('',#3232,#4360);
#4360 = DEFINITIONAL_REPRESENTATION('',(#4361),#4365);
#4361 = LINE('',#4362,#4363);
#4362 = CARTESIAN_POINT('',(0.492286347781,0.));
#4363 = VECTOR('',#4364,1.);
#4364 = DIRECTION('',(0.,-1.));
#4365 = ( GEOMETRIC_REPRESENTATION_CONTEXT(2) 
PARAMETRIC_REPRESENTATION_CONTEXT() REPRESENTATION_CONTEXT('2D SPACE',''
  ) );
#4366 = ORIENTED_EDGE('',*,*,#3179,.T.);
#4367 = ORIENTED_EDGE('',*,*,#4368,.F.);
#4368 = EDGE_CURVE('',#4369,#3182,#4371,.T.);
#4369 = VERTEX_POINT('',#4370);
#4370 = CARTESIAN_POINT('',(-5.000708868629,39.186169391287,
    20.391351559226));
#4371 = SURFACE_CURVE('',#4372,(#4376,#4383),.PCURVE_S1.);
#4372 = LINE('',#4373,#4374);
#4373 = CARTESIAN_POINT('',(-5.000708868629,39.186169391287,
    20.391351559226));
#4374 = VECTOR('',#4375,1.);
#4375 = DIRECTION('',(0.,-4.415456249432E-02,0.999024711712));
#4376 = PCURVE('',#3197,#4377);
#4377 = DEFINITIONAL_REPRESENTATION('',(#4378),#4382);
#4378 = LINE('',#4379,#4380);
#4379 = CARTESIAN_POINT('',(0.113633774089,0.));
#4380 = VECTOR('',#4381,1.);
#4381 = DIRECTION('',(0.,-1.));
#4382 = ( GEOMETRIC_REPRESENTATION_CONTEXT(2) 
PARAMETRIC_REPRESENTATION_CONTEXT() REPRESENTATION_CONTEXT('2D SPACE',''
  ) );
#4383 = PCURVE('',#3402,#4384);
#4384 = DEFINITIONAL_REPRESENTATION('',(#4385),#4389);
#4385 = LINE('',#4386,#4387);
#4386 = CARTESIAN_POINT('',(0.,0.));
#4387 = VECTOR('',#4388,1.);
#4388 = DIRECTION('',(0.,-1.));
#4389 = ( GEOMETRIC_REPRESENTATION_CONTEXT(2) 
PARAMETRIC_REPRESENTATION_CONTEXT() REPRESENTATION_CONTEXT('2D SPACE',''
  ) );
#4390 = ORIENTED_EDGE('',*,*,#4391,.F.);
#4391 = EDGE_CURVE('',#4345,#4369,#4392,.T.);
#4392 = SURFACE_CURVE('',#4393,(#4397),.PCURVE_S1.);
#4393 = B_SPLINE_CURVE_WITH_KNOTS('',2,(#4394,#4395,#4396),
  .UNSPECIFIED.,.F.,.F.,(3,3),(0.,1.),.PIECEWISE_BEZIER_KNOTS.);
#4394 = CARTESIAN_POINT('',(-2.80487804764,37.990530590301,
    20.338507112497));
#4395 = CARTESIAN_POINT('',(-13.0487804825,42.863821864963,
    20.553895222138));
#4396 = CARTESIAN_POINT('',(-13.0487804825,54.559720924152,
    21.070826685276));
#4397 = PCURVE('',#3197,#4398);
#4398 = DEFINITIONAL_REPRESENTATION('',(#4399),#4403);
#4399 = LINE('',#4400,#4401);
#4400 = CARTESIAN_POINT('',(0.,0.));
#4401 = VECTOR('',#4402,1.);
#4402 = DIRECTION('',(1.,0.));
#4403 = ( GEOMETRIC_REPRESENTATION_CONTEXT(2) 
PARAMETRIC_REPRESENTATION_CONTEXT() REPRESENTATION_CONTEXT('2D SPACE',''
  ) );
#4404 = ADVANCED_FACE('',(#4405),#3402,.T.);
#4405 = FACE_BOUND('',#4406,.T.);
#4406 = EDGE_LOOP('',(#4407,#4408,#4409,#4432));
#4407 = ORIENTED_EDGE('',*,*,#4368,.T.);
#4408 = ORIENTED_EDGE('',*,*,#3388,.T.);
#4409 = ORIENTED_EDGE('',*,*,#4410,.F.);
#4410 = EDGE_CURVE('',#4411,#3359,#4413,.T.);
#4411 = VERTEX_POINT('',#4412);
#4412 = CARTESIAN_POINT('',(10.674942771584,42.039835603692,
    20.517476950957));
#4413 = SURFACE_CURVE('',#4414,(#4418,#4425),.PCURVE_S1.);
#4414 = LINE('',#4415,#4416);
#4415 = CARTESIAN_POINT('',(10.674942771584,42.039835603692,
    20.517476950957));
#4416 = VECTOR('',#4417,1.);
#4417 = DIRECTION('',(0.,-4.415456249432E-02,0.999024711712));
#4418 = PCURVE('',#3402,#4419);
#4419 = DEFINITIONAL_REPRESENTATION('',(#4420),#4424);
#4420 = LINE('',#4421,#4422);
#4421 = CARTESIAN_POINT('',(15.93378086995,0.));
#4422 = VECTOR('',#4423,1.);
#4423 = DIRECTION('',(0.,-1.));
#4424 = ( GEOMETRIC_REPRESENTATION_CONTEXT(2) 
PARAMETRIC_REPRESENTATION_CONTEXT() REPRESENTATION_CONTEXT('2D SPACE',''
  ) );
#4425 = PCURVE('',#3374,#4426);
#4426 = DEFINITIONAL_REPRESENTATION('',(#4427),#4431);
#4427 = LINE('',#4428,#4429);
#4428 = CARTESIAN_POINT('',(0.167875253447,0.));
#4429 = VECTOR('',#4430,1.);
#4430 = DIRECTION('',(0.,-1.));
#4431 = ( GEOMETRIC_REPRESENTATION_CONTEXT(2) 
PARAMETRIC_REPRESENTATION_CONTEXT() REPRESENTATION_CONTEXT('2D SPACE',''
  ) );
#4432 = ORIENTED_EDGE('',*,*,#4433,.F.);
#4433 = EDGE_CURVE('',#4369,#4411,#4434,.T.);
#4434 = SURFACE_CURVE('',#4435,(#4439),.PCURVE_S1.);
#4435 = LINE('',#4436,#4437);
#4436 = CARTESIAN_POINT('',(-5.000708868629,39.186169391287,
    20.391351559226));
#4437 = VECTOR('',#4438,1.);
#4438 = DIRECTION('',(0.983799875758,0.179095359457,7.915597230838E-03)
  );
#4439 = PCURVE('',#3402,#4440);
#4440 = DEFINITIONAL_REPRESENTATION('',(#4441),#4445);
#4441 = LINE('',#4442,#4443);
#4442 = CARTESIAN_POINT('',(0.,0.));
#4443 = VECTOR('',#4444,1.);
#4444 = DIRECTION('',(1.,0.));
#4445 = ( GEOMETRIC_REPRESENTATION_CONTEXT(2) 
PARAMETRIC_REPRESENTATION_CONTEXT() REPRESENTATION_CONTEXT('2D SPACE',''
  ) );
#4446 = ADVANCED_FACE('',(#4447),#3374,.F.);
#4447 = FACE_BOUND('',#4448,.F.);
#4448 = EDGE_LOOP('',(#4449,#4472,#4473,#4474));
#4449 = ORIENTED_EDGE('',*,*,#4450,.T.);
#4450 = EDGE_CURVE('',#4451,#3331,#4453,.T.);
#4451 = VERTEX_POINT('',#4452);
#4452 = CARTESIAN_POINT('',(10.853658532173,43.838480119895,
    20.596972844066));
#4453 = SURFACE_CURVE('',#4454,(#4458,#4465),.PCURVE_S1.);
#4454 = LINE('',#4455,#4456);
#4455 = CARTESIAN_POINT('',(10.853658532173,43.838480119895,
    20.596972844066));
#4456 = VECTOR('',#4457,1.);
#4457 = DIRECTION('',(0.,-4.415456249432E-02,0.999024711712));
#4458 = PCURVE('',#3374,#4459);
#4459 = DEFINITIONAL_REPRESENTATION('',(#4460),#4464);
#4460 = LINE('',#4461,#4462);
#4461 = CARTESIAN_POINT('',(0.,0.));
#4462 = VECTOR('',#4463,1.);
#4463 = DIRECTION('',(0.,-1.));
#4464 = ( GEOMETRIC_REPRESENTATION_CONTEXT(2) 
PARAMETRIC_REPRESENTATION_CONTEXT() REPRESENTATION_CONTEXT('2D SPACE',''
  ) );
#4465 = PCURVE('',#3346,#4466);
#4466 = DEFINITIONAL_REPRESENTATION('',(#4467),#4471);
#4467 = LINE('',#4468,#4469);
#4468 = CARTESIAN_POINT('',(18.536585358318,0.));
#4469 = VECTOR('',#4470,1.);
#4470 = DIRECTION('',(0.,-1.));
#4471 = ( GEOMETRIC_REPRESENTATION_CONTEXT(2) 
PARAMETRIC_REPRESENTATION_CONTEXT() REPRESENTATION_CONTEXT('2D SPACE',''
  ) );
#4472 = ORIENTED_EDGE('',*,*,#3358,.T.);
#4473 = ORIENTED_EDGE('',*,*,#4410,.F.);
#4474 = ORIENTED_EDGE('',*,*,#4475,.F.);
#4475 = EDGE_CURVE('',#4451,#4411,#4476,.T.);
#4476 = SURFACE_CURVE('',#4477,(#4481),.PCURVE_S1.);
#4477 = B_SPLINE_CURVE_WITH_KNOTS('',2,(#4478,#4479,#4480),
  .UNSPECIFIED.,.F.,.F.,(3,3),(0.,1.),.PIECEWISE_BEZIER_KNOTS.);
#4478 = CARTESIAN_POINT('',(10.853658532173,43.838480119895,
    20.596972844066));
#4479 = CARTESIAN_POINT('',(10.853658532173,37.990530590301,
    20.338507112497));
#4480 = CARTESIAN_POINT('',(4.512195120117,37.990530590301,
    20.338507112497));
#4481 = PCURVE('',#3374,#4482);
#4482 = DEFINITIONAL_REPRESENTATION('',(#4483),#4487);
#4483 = LINE('',#4484,#4485);
#4484 = CARTESIAN_POINT('',(0.,0.));
#4485 = VECTOR('',#4486,1.);
#4486 = DIRECTION('',(1.,0.));
#4487 = ( GEOMETRIC_REPRESENTATION_CONTEXT(2) 
PARAMETRIC_REPRESENTATION_CONTEXT() REPRESENTATION_CONTEXT('2D SPACE',''
  ) );
#4488 = ADVANCED_FACE('',(#4489),#3346,.F.);
#4489 = FACE_BOUND('',#4490,.F.);
#4490 = EDGE_LOOP('',(#4491,#4514,#4515,#4516));
#4491 = ORIENTED_EDGE('',*,*,#4492,.T.);
#4492 = EDGE_CURVE('',#4493,#3303,#4495,.T.);
#4493 = VERTEX_POINT('',#4494);
#4494 = CARTESIAN_POINT('',(10.853658532173,62.356986963611,
    21.415447660701));
#4495 = SURFACE_CURVE('',#4496,(#4500,#4507),.PCURVE_S1.);
#4496 = LINE('',#4497,#4498);
#4497 = CARTESIAN_POINT('',(10.853658532173,62.356986963611,
    21.415447660701));
#4498 = VECTOR('',#4499,1.);
#4499 = DIRECTION('',(0.,-4.415456249432E-02,0.999024711712));
#4500 = PCURVE('',#3346,#4501);
#4501 = DEFINITIONAL_REPRESENTATION('',(#4502),#4506);
#4502 = LINE('',#4503,#4504);
#4503 = CARTESIAN_POINT('',(0.,0.));
#4504 = VECTOR('',#4505,1.);
#4505 = DIRECTION('',(0.,-1.));
#4506 = ( GEOMETRIC_REPRESENTATION_CONTEXT(2) 
PARAMETRIC_REPRESENTATION_CONTEXT() REPRESENTATION_CONTEXT('2D SPACE',''
  ) );
#4507 = PCURVE('',#3318,#4508);
#4508 = DEFINITIONAL_REPRESENTATION('',(#4509),#4513);
#4509 = LINE('',#4510,#4511);
#4510 = CARTESIAN_POINT('',(23.902439014674,0.));
#4511 = VECTOR('',#4512,1.);
#4512 = DIRECTION('',(0.,-1.));
#4513 = ( GEOMETRIC_REPRESENTATION_CONTEXT(2) 
PARAMETRIC_REPRESENTATION_CONTEXT() REPRESENTATION_CONTEXT('2D SPACE',''
  ) );
#4514 = ORIENTED_EDGE('',*,*,#3330,.T.);
#4515 = ORIENTED_EDGE('',*,*,#4450,.F.);
#4516 = ORIENTED_EDGE('',*,*,#4517,.F.);
#4517 = EDGE_CURVE('',#4493,#4451,#4518,.T.);
#4518 = SURFACE_CURVE('',#4519,(#4523),.PCURVE_S1.);
#4519 = LINE('',#4520,#4521);
#4520 = CARTESIAN_POINT('',(10.853658532173,62.356986963611,
    21.415447660701));
#4521 = VECTOR('',#4522,1.);
#4522 = DIRECTION('',(-1.224646799147E-16,-0.999024711712,
    -4.415456249432E-02));
#4523 = PCURVE('',#3346,#4524);
#4524 = DEFINITIONAL_REPRESENTATION('',(#4525),#4529);
#4525 = LINE('',#4526,#4527);
#4526 = CARTESIAN_POINT('',(0.,0.));
#4527 = VECTOR('',#4528,1.);
#4528 = DIRECTION('',(1.,0.));
#4529 = ( GEOMETRIC_REPRESENTATION_CONTEXT(2) 
PARAMETRIC_REPRESENTATION_CONTEXT() REPRESENTATION_CONTEXT('2D SPACE',''
  ) );
#4530 = ADVANCED_FACE('',(#4531),#3318,.F.);
#4531 = FACE_BOUND('',#4532,.F.);
#4532 = EDGE_LOOP('',(#4533,#4556,#4557,#4558));
#4533 = ORIENTED_EDGE('',*,*,#4534,.T.);
#4534 = EDGE_CURVE('',#4535,#3275,#4537,.T.);
#4535 = VERTEX_POINT('',#4536);
#4536 = CARTESIAN_POINT('',(-13.0487804825,62.356986963611,
    21.415447660701));
#4537 = SURFACE_CURVE('',#4538,(#4542,#4549),.PCURVE_S1.);
#4538 = LINE('',#4539,#4540);
#4539 = CARTESIAN_POINT('',(-13.0487804825,62.356986963611,
    21.415447660701));
#4540 = VECTOR('',#4541,1.);
#4541 = DIRECTION('',(0.,-4.415456249432E-02,0.999024711712));
#4542 = PCURVE('',#3318,#4543);
#4543 = DEFINITIONAL_REPRESENTATION('',(#4544),#4548);
#4544 = LINE('',#4545,#4546);
#4545 = CARTESIAN_POINT('',(0.,0.));
#4546 = VECTOR('',#4547,1.);
#4547 = DIRECTION('',(0.,-1.));
#4548 = ( GEOMETRIC_REPRESENTATION_CONTEXT(2) 
PARAMETRIC_REPRESENTATION_CONTEXT() REPRESENTATION_CONTEXT('2D SPACE',''
  ) );
#4549 = PCURVE('',#3290,#4550);
#4550 = DEFINITIONAL_REPRESENTATION('',(#4551),#4555);
#4551 = LINE('',#4552,#4553);
#4552 = CARTESIAN_POINT('',(7.804878045608,-0.));
#4553 = VECTOR('',#4554,1.);
#4554 = DIRECTION('',(0.,-1.));
#4555 = ( GEOMETRIC_REPRESENTATION_CONTEXT(2) 
PARAMETRIC_REPRESENTATION_CONTEXT() REPRESENTATION_CONTEXT('2D SPACE',''
  ) );
#4556 = ORIENTED_EDGE('',*,*,#3302,.T.);
#4557 = ORIENTED_EDGE('',*,*,#4492,.F.);
#4558 = ORIENTED_EDGE('',*,*,#4559,.F.);
#4559 = EDGE_CURVE('',#4535,#4493,#4560,.T.);
#4560 = SURFACE_CURVE('',#4561,(#4565),.PCURVE_S1.);
#4561 = LINE('',#4562,#4563);
#4562 = CARTESIAN_POINT('',(-13.0487804825,62.356986963611,
    21.415447660701));
#4563 = VECTOR('',#4564,1.);
#4564 = DIRECTION('',(1.,-1.223452415467E-16,-5.407374362642E-18));
#4565 = PCURVE('',#3318,#4566);
#4566 = DEFINITIONAL_REPRESENTATION('',(#4567),#4571);
#4567 = LINE('',#4568,#4569);
#4568 = CARTESIAN_POINT('',(0.,0.));
#4569 = VECTOR('',#4570,1.);
#4570 = DIRECTION('',(1.,0.));
#4571 = ( GEOMETRIC_REPRESENTATION_CONTEXT(2) 
PARAMETRIC_REPRESENTATION_CONTEXT() REPRESENTATION_CONTEXT('2D SPACE',''
  ) );
#4572 = ADVANCED_FACE('',(#4573),#3290,.F.);
#4573 = FACE_BOUND('',#4574,.F.);
#4574 = EDGE_LOOP('',(#4575,#4598,#4599,#4600));
#4575 = ORIENTED_EDGE('',*,*,#4576,.T.);
#4576 = EDGE_CURVE('',#4577,#3245,#4579,.T.);
#4577 = VERTEX_POINT('',#4578);
#4578 = CARTESIAN_POINT('',(-13.0487804825,54.559720924152,
    21.070826685276));
#4579 = SURFACE_CURVE('',#4580,(#4584,#4591),.PCURVE_S1.);
#4580 = LINE('',#4581,#4582);
#4581 = CARTESIAN_POINT('',(-13.0487804825,54.559720924152,
    21.070826685276));
#4582 = VECTOR('',#4583,1.);
#4583 = DIRECTION('',(0.,-4.415456249432E-02,0.999024711712));
#4584 = PCURVE('',#3290,#4585);
#4585 = DEFINITIONAL_REPRESENTATION('',(#4586),#4590);
#4586 = LINE('',#4587,#4588);
#4587 = CARTESIAN_POINT('',(0.,0.));
#4588 = VECTOR('',#4589,1.);
#4589 = DIRECTION('',(0.,-1.));
#4590 = ( GEOMETRIC_REPRESENTATION_CONTEXT(2) 
PARAMETRIC_REPRESENTATION_CONTEXT() REPRESENTATION_CONTEXT('2D SPACE',''
  ) );
#4591 = PCURVE('',#3260,#4592);
#4592 = DEFINITIONAL_REPRESENTATION('',(#4593),#4597);
#4593 = LINE('',#4594,#4595);
#4594 = CARTESIAN_POINT('',(1.,0.));
#4595 = VECTOR('',#4596,1.);
#4596 = DIRECTION('',(0.,-1.));
#4597 = ( GEOMETRIC_REPRESENTATION_CONTEXT(2) 
PARAMETRIC_REPRESENTATION_CONTEXT() REPRESENTATION_CONTEXT('2D SPACE',''
  ) );
#4598 = ORIENTED_EDGE('',*,*,#3274,.T.);
#4599 = ORIENTED_EDGE('',*,*,#4534,.F.);
#4600 = ORIENTED_EDGE('',*,*,#4601,.F.);
#4601 = EDGE_CURVE('',#4577,#4535,#4602,.T.);
#4602 = SURFACE_CURVE('',#4603,(#4607),.PCURVE_S1.);
#4603 = LINE('',#4604,#4605);
#4604 = CARTESIAN_POINT('',(-13.0487804825,54.559720924152,
    21.070826685276));
#4605 = VECTOR('',#4606,1.);
#4606 = DIRECTION('',(1.224646799147E-16,0.999024711712,
    4.415456249432E-02));
#4607 = PCURVE('',#3290,#4608);
#4608 = DEFINITIONAL_REPRESENTATION('',(#4609),#4613);
#4609 = LINE('',#4610,#4611);
#4610 = CARTESIAN_POINT('',(0.,0.));
#4611 = VECTOR('',#4612,1.);
#4612 = DIRECTION('',(1.,0.));
#4613 = ( GEOMETRIC_REPRESENTATION_CONTEXT(2) 
PARAMETRIC_REPRESENTATION_CONTEXT() REPRESENTATION_CONTEXT('2D SPACE',''
  ) );
#4614 = ADVANCED_FACE('',(#4615),#3260,.F.);
#4615 = FACE_BOUND('',#4616,.F.);
#4616 = EDGE_LOOP('',(#4617,#4640,#4641,#4642));
#4617 = ORIENTED_EDGE('',*,*,#4618,.T.);
#4618 = EDGE_CURVE('',#4619,#3212,#4621,.T.);
#4619 = VERTEX_POINT('',#4620);
#4620 = CARTESIAN_POINT('',(-12.12671039141,48.155842970645,
    20.787790213816));
#4621 = SURFACE_CURVE('',#4622,(#4626,#4633),.PCURVE_S1.);
#4622 = LINE('',#4623,#4624);
#4623 = CARTESIAN_POINT('',(-12.12671039141,48.155842970645,
    20.787790213816));
#4624 = VECTOR('',#4625,1.);
#4625 = DIRECTION('',(0.,-4.415456249432E-02,0.999024711712));
#4626 = PCURVE('',#3260,#4627);
#4627 = DEFINITIONAL_REPRESENTATION('',(#4628),#4632);
#4628 = LINE('',#4629,#4630);
#4629 = CARTESIAN_POINT('',(0.699980660346,0.));
#4630 = VECTOR('',#4631,1.);
#4631 = DIRECTION('',(0.,-1.));
#4632 = ( GEOMETRIC_REPRESENTATION_CONTEXT(2) 
PARAMETRIC_REPRESENTATION_CONTEXT() REPRESENTATION_CONTEXT('2D SPACE',''
  ) );
#4633 = PCURVE('',#3232,#4634);
#4634 = DEFINITIONAL_REPRESENTATION('',(#4635),#4639);
#4635 = LINE('',#4636,#4637);
#4636 = CARTESIAN_POINT('',(4.403052797957,0.));
#4637 = VECTOR('',#4638,1.);
#4638 = DIRECTION('',(0.,-1.));
#4639 = ( GEOMETRIC_REPRESENTATION_CONTEXT(2) 
PARAMETRIC_REPRESENTATION_CONTEXT() REPRESENTATION_CONTEXT('2D SPACE',''
  ) );
#4640 = ORIENTED_EDGE('',*,*,#3244,.T.);
#4641 = ORIENTED_EDGE('',*,*,#4576,.F.);
#4642 = ORIENTED_EDGE('',*,*,#4643,.F.);
#4643 = EDGE_CURVE('',#4619,#4577,#4644,.T.);
#4644 = SURFACE_CURVE('',#4645,(#4649),.PCURVE_S1.);
#4645 = B_SPLINE_CURVE_WITH_KNOTS('',2,(#4646,#4647,#4648),
  .UNSPECIFIED.,.F.,.F.,(3,3),(0.,1.),.PIECEWISE_BEZIER_KNOTS.);
#4646 = CARTESIAN_POINT('',(-2.80487804764,37.990530590301,
    20.338507112497));
#4647 = CARTESIAN_POINT('',(-13.0487804825,42.863821864963,
    20.553895222138));
#4648 = CARTESIAN_POINT('',(-13.0487804825,54.559720924152,
    21.070826685276));
#4649 = PCURVE('',#3260,#4650);
#4650 = DEFINITIONAL_REPRESENTATION('',(#4651),#4655);
#4651 = LINE('',#4652,#4653);
#4652 = CARTESIAN_POINT('',(0.,0.));
#4653 = VECTOR('',#4654,1.);
#4654 = DIRECTION('',(1.,0.));
#4655 = ( GEOMETRIC_REPRESENTATION_CONTEXT(2) 
PARAMETRIC_REPRESENTATION_CONTEXT() REPRESENTATION_CONTEXT('2D SPACE',''
  ) );
#4656 = ADVANCED_FACE('',(#4657),#3232,.F.);
#4657 = FACE_BOUND('',#4658,.F.);
#4658 = EDGE_LOOP('',(#4659,#4660,#4661,#4662));
#4659 = ORIENTED_EDGE('',*,*,#4344,.T.);
#4660 = ORIENTED_EDGE('',*,*,#3211,.T.);
#4661 = ORIENTED_EDGE('',*,*,#4618,.F.);
#4662 = ORIENTED_EDGE('',*,*,#4663,.F.);
#4663 = EDGE_CURVE('',#4345,#4619,#4664,.T.);
#4664 = SURFACE_CURVE('',#4665,(#4670),.PCURVE_S1.);
#4665 = CIRCLE('',#4666,6.585365850982);
#4666 = AXIS2_PLACEMENT_3D('',#4667,#4668,#4669);
#4667 = CARTESIAN_POINT('',(-10.12195121539,41.88916361003,
    20.51081760021));
#4668 = DIRECTION('',(-3.889864475168E-33,4.415456249432E-02,
    -0.999024711712));
#4669 = DIRECTION('',(1.,5.787409330229E-16,2.55789995939E-17));
#4670 = PCURVE('',#3232,#4671);
#4671 = DEFINITIONAL_REPRESENTATION('',(#4672),#4676);
#4672 = LINE('',#4673,#4674);
#4673 = CARTESIAN_POINT('',(0.,0.));
#4674 = VECTOR('',#4675,1.);
#4675 = DIRECTION('',(1.,0.));
#4676 = ( GEOMETRIC_REPRESENTATION_CONTEXT(2) 
PARAMETRIC_REPRESENTATION_CONTEXT() REPRESENTATION_CONTEXT('2D SPACE',''
  ) );
#4677 = ADVANCED_FACE('',(#4678),#3434,.F.);
#4678 = FACE_BOUND('',#4679,.F.);
#4679 = EDGE_LOOP('',(#4680,#4703,#4704,#4727));
#4680 = ORIENTED_EDGE('',*,*,#4681,.T.);
#4681 = EDGE_CURVE('',#4682,#3417,#4684,.T.);
#4682 = VERTEX_POINT('',#4683);
#4683 = CARTESIAN_POINT('',(0.121951219463,30.193264550841,
    19.993886137072));
#4684 = SURFACE_CURVE('',#4685,(#4689,#4696),.PCURVE_S1.);
#4685 = LINE('',#4686,#4687);
#4686 = CARTESIAN_POINT('',(0.121951219463,30.193264550841,
    19.993886137072));
#4687 = VECTOR('',#4688,1.);
#4688 = DIRECTION('',(0.,-4.415456249432E-02,0.999024711712));
#4689 = PCURVE('',#3434,#4690);
#4690 = DEFINITIONAL_REPRESENTATION('',(#4691),#4695);
#4691 = LINE('',#4692,#4693);
#4692 = CARTESIAN_POINT('',(-9.69949464141E-17,0.));
#4693 = VECTOR('',#4694,1.);
#4694 = DIRECTION('',(0.,-1.));
#4695 = ( GEOMETRIC_REPRESENTATION_CONTEXT(2) 
PARAMETRIC_REPRESENTATION_CONTEXT() REPRESENTATION_CONTEXT('2D SPACE',''
  ) );
#4696 = PCURVE('',#3701,#4697);
#4697 = DEFINITIONAL_REPRESENTATION('',(#4698),#4702);
#4698 = LINE('',#4699,#4700);
#4699 = CARTESIAN_POINT('',(9.75609755701,0.));
#4700 = VECTOR('',#4701,1.);
#4701 = DIRECTION('',(0.,-1.));
#4702 = ( GEOMETRIC_REPRESENTATION_CONTEXT(2) 
PARAMETRIC_REPRESENTATION_CONTEXT() REPRESENTATION_CONTEXT('2D SPACE',''
  ) );
#4703 = ORIENTED_EDGE('',*,*,#3416,.T.);
#4704 = ORIENTED_EDGE('',*,*,#4705,.F.);
#4705 = EDGE_CURVE('',#4706,#3419,#4708,.T.);
#4706 = VERTEX_POINT('',#4707);
#4707 = CARTESIAN_POINT('',(0.215224826761,30.198441364099,
    19.994114940145));
#4708 = SURFACE_CURVE('',#4709,(#4713,#4720),.PCURVE_S1.);
#4709 = LINE('',#4710,#4711);
#4710 = CARTESIAN_POINT('',(0.215224826761,30.198441364099,
    19.994114940145));
#4711 = VECTOR('',#4712,1.);
#4712 = DIRECTION('',(0.,-4.415456249432E-02,0.999024711712));
#4713 = PCURVE('',#3434,#4714);
#4714 = DEFINITIONAL_REPRESENTATION('',(#4715),#4719);
#4715 = LINE('',#4716,#4717);
#4716 = CARTESIAN_POINT('',(9.341743715612E-02,0.));
#4717 = VECTOR('',#4718,1.);
#4718 = DIRECTION('',(0.,-1.));
#4719 = ( GEOMETRIC_REPRESENTATION_CONTEXT(2) 
PARAMETRIC_REPRESENTATION_CONTEXT() REPRESENTATION_CONTEXT('2D SPACE',''
  ) );
#4720 = PCURVE('',#3467,#4721);
#4721 = DEFINITIONAL_REPRESENTATION('',(#4722),#4726);
#4722 = LINE('',#4723,#4724);
#4723 = CARTESIAN_POINT('',(3.149465898497,0.));
#4724 = VECTOR('',#4725,1.);
#4725 = DIRECTION('',(0.,-1.));
#4726 = ( GEOMETRIC_REPRESENTATION_CONTEXT(2) 
PARAMETRIC_REPRESENTATION_CONTEXT() REPRESENTATION_CONTEXT('2D SPACE',''
  ) );
#4727 = ORIENTED_EDGE('',*,*,#4728,.F.);
#4728 = EDGE_CURVE('',#4682,#4706,#4729,.T.);
#4729 = SURFACE_CURVE('',#4730,(#4734,#4741),.PCURVE_S1.);
#4730 = LINE('',#4731,#4732);
#4731 = CARTESIAN_POINT('',(0.121951219463,30.193264550841,
    19.993886137072));
#4732 = VECTOR('',#4733,1.);
#4733 = DIRECTION('',(0.998460353205,5.541592036204E-02,
    2.449254447984E-03));
#4734 = PCURVE('',#3434,#4735);
#4735 = DEFINITIONAL_REPRESENTATION('',(#4736),#4740);
#4736 = LINE('',#4737,#4738);
#4737 = CARTESIAN_POINT('',(0.,0.));
#4738 = VECTOR('',#4739,1.);
#4739 = DIRECTION('',(1.,0.));
#4740 = ( GEOMETRIC_REPRESENTATION_CONTEXT(2) 
PARAMETRIC_REPRESENTATION_CONTEXT() REPRESENTATION_CONTEXT('2D SPACE',''
  ) );
#4741 = PCURVE('',#4742,#4747);
#4742 = PLANE('',#4743);
#4743 = AXIS2_PLACEMENT_3D('',#4744,#4745,#4746);
#4744 = CARTESIAN_POINT('',(-0.320936610804,51.632392647499,
    20.941445602088));
#4745 = DIRECTION('',(0.,-4.415456249432E-02,0.999024711712));
#4746 = DIRECTION('',(1.,-1.223452415467E-16,-5.407374362642E-18));
#4747 = DEFINITIONAL_REPRESENTATION('',(#4748),#4752);
#4748 = LINE('',#4749,#4750);
#4749 = CARTESIAN_POINT('',(0.442887830267,-21.46005783973));
#4750 = VECTOR('',#4751,1.);
#4751 = DIRECTION('',(0.998460353205,5.547001962252E-02));
#4752 = ( GEOMETRIC_REPRESENTATION_CONTEXT(2) 
PARAMETRIC_REPRESENTATION_CONTEXT() REPRESENTATION_CONTEXT('2D SPACE',''
  ) );
#4753 = ADVANCED_FACE('',(#4754),#3701,.F.);
#4754 = FACE_BOUND('',#4755,.F.);
#4755 = EDGE_LOOP('',(#4756,#4779,#4780,#4781));
#4756 = ORIENTED_EDGE('',*,*,#4757,.T.);
#4757 = EDGE_CURVE('',#4758,#3660,#4760,.T.);
#4758 = VERTEX_POINT('',#4759);
#4759 = CARTESIAN_POINT('',(5.975609753668,22.395998511382,
    19.649265161647));
#4760 = SURFACE_CURVE('',#4761,(#4765,#4772),.PCURVE_S1.);
#4761 = LINE('',#4762,#4763);
#4762 = CARTESIAN_POINT('',(5.975609753668,22.395998511382,
    19.649265161647));
#4763 = VECTOR('',#4764,1.);
#4764 = DIRECTION('',(0.,-4.415456249432E-02,0.999024711712));
#4765 = PCURVE('',#3701,#4766);
#4766 = DEFINITIONAL_REPRESENTATION('',(#4767),#4771);
#4767 = LINE('',#4768,#4769);
#4768 = CARTESIAN_POINT('',(-3.907985046681E-15,0.));
#4769 = VECTOR('',#4770,1.);
#4770 = DIRECTION('',(0.,-1.));
#4771 = ( GEOMETRIC_REPRESENTATION_CONTEXT(2) 
PARAMETRIC_REPRESENTATION_CONTEXT() REPRESENTATION_CONTEXT('2D SPACE',''
  ) );
#4772 = PCURVE('',#3675,#4773);
#4773 = DEFINITIONAL_REPRESENTATION('',(#4774),#4778);
#4774 = LINE('',#4775,#4776);
#4775 = CARTESIAN_POINT('',(7.139871540622,0.));
#4776 = VECTOR('',#4777,1.);
#4777 = DIRECTION('',(0.,-1.));
#4778 = ( GEOMETRIC_REPRESENTATION_CONTEXT(2) 
PARAMETRIC_REPRESENTATION_CONTEXT() REPRESENTATION_CONTEXT('2D SPACE',''
  ) );
#4779 = ORIENTED_EDGE('',*,*,#3687,.T.);
#4780 = ORIENTED_EDGE('',*,*,#4681,.F.);
#4781 = ORIENTED_EDGE('',*,*,#4782,.F.);
#4782 = EDGE_CURVE('',#4758,#4682,#4783,.T.);
#4783 = SURFACE_CURVE('',#4784,(#4788,#4795),.PCURVE_S1.);
#4784 = LINE('',#4785,#4786);
#4785 = CARTESIAN_POINT('',(5.975609753668,22.395998511382,
    19.649265161647));
#4786 = VECTOR('',#4787,1.);
#4787 = DIRECTION('',(-0.6,0.799219769369,3.532364999545E-02));
#4788 = PCURVE('',#3701,#4789);
#4789 = DEFINITIONAL_REPRESENTATION('',(#4790),#4794);
#4790 = LINE('',#4791,#4792);
#4791 = CARTESIAN_POINT('',(0.,0.));
#4792 = VECTOR('',#4793,1.);
#4793 = DIRECTION('',(1.,0.));
#4794 = ( GEOMETRIC_REPRESENTATION_CONTEXT(2) 
PARAMETRIC_REPRESENTATION_CONTEXT() REPRESENTATION_CONTEXT('2D SPACE',''
  ) );
#4795 = PCURVE('',#4742,#4796);
#4796 = DEFINITIONAL_REPRESENTATION('',(#4797),#4801);
#4797 = LINE('',#4798,#4799);
#4798 = CARTESIAN_POINT('',(6.296546364473,-29.26493588534));
#4799 = VECTOR('',#4800,1.);
#4800 = DIRECTION('',(-0.6,0.8));
#4801 = ( GEOMETRIC_REPRESENTATION_CONTEXT(2) 
PARAMETRIC_REPRESENTATION_CONTEXT() REPRESENTATION_CONTEXT('2D SPACE',''
  ) );
#4802 = ADVANCED_FACE('',(#4803),#3675,.F.);
#4803 = FACE_BOUND('',#4804,.F.);
#4804 = EDGE_LOOP('',(#4805,#4828,#4829,#4830));
#4805 = ORIENTED_EDGE('',*,*,#4806,.T.);
#4806 = EDGE_CURVE('',#4807,#3627,#4809,.T.);
#4807 = VERTEX_POINT('',#4808);
#4808 = CARTESIAN_POINT('',(8.351902640432,29.122261907117,
    19.946550317838));
#4809 = SURFACE_CURVE('',#4810,(#4814,#4821),.PCURVE_S1.);
#4810 = LINE('',#4811,#4812);
#4811 = CARTESIAN_POINT('',(8.351902640432,29.122261907117,
    19.946550317838));
#4812 = VECTOR('',#4813,1.);
#4813 = DIRECTION('',(0.,-4.415456249432E-02,0.999024711712));
#4814 = PCURVE('',#3675,#4815);
#4815 = DEFINITIONAL_REPRESENTATION('',(#4816),#4820);
#4816 = LINE('',#4817,#4818);
#4817 = CARTESIAN_POINT('',(0.,0.));
#4818 = VECTOR('',#4819,1.);
#4819 = DIRECTION('',(0.,-1.));
#4820 = ( GEOMETRIC_REPRESENTATION_CONTEXT(2) 
PARAMETRIC_REPRESENTATION_CONTEXT() REPRESENTATION_CONTEXT('2D SPACE',''
  ) );
#4821 = PCURVE('',#3647,#4822);
#4822 = DEFINITIONAL_REPRESENTATION('',(#4823),#4827);
#4823 = LINE('',#4824,#4825);
#4824 = CARTESIAN_POINT('',(1.860164792285,0.));
#4825 = VECTOR('',#4826,1.);
#4826 = DIRECTION('',(0.,-1.));
#4827 = ( GEOMETRIC_REPRESENTATION_CONTEXT(2) 
PARAMETRIC_REPRESENTATION_CONTEXT() REPRESENTATION_CONTEXT('2D SPACE',''
  ) );
#4828 = ORIENTED_EDGE('',*,*,#3659,.T.);
#4829 = ORIENTED_EDGE('',*,*,#4757,.F.);
#4830 = ORIENTED_EDGE('',*,*,#4831,.F.);
#4831 = EDGE_CURVE('',#4807,#4758,#4832,.T.);
#4832 = SURFACE_CURVE('',#4833,(#4837,#4844),.PCURVE_S1.);
#4833 = LINE('',#4834,#4835);
#4834 = CARTESIAN_POINT('',(8.902439020771,30.680593678307,
    20.015424948036));
#4835 = VECTOR('',#4836,1.);
#4836 = DIRECTION('',(-0.332820117735,-0.942070646155,
    -4.163732561572E-02));
#4837 = PCURVE('',#3675,#4838);
#4838 = DEFINITIONAL_REPRESENTATION('',(#4839),#4843);
#4839 = LINE('',#4840,#4841);
#4840 = CARTESIAN_POINT('',(-1.654155956935,0.));
#4841 = VECTOR('',#4842,1.);
#4842 = DIRECTION('',(1.,0.));
#4843 = ( GEOMETRIC_REPRESENTATION_CONTEXT(2) 
PARAMETRIC_REPRESENTATION_CONTEXT() REPRESENTATION_CONTEXT('2D SPACE',''
  ) );
#4844 = PCURVE('',#4742,#4845);
#4845 = DEFINITIONAL_REPRESENTATION('',(#4846),#4850);
#4846 = LINE('',#4847,#4848);
#4847 = CARTESIAN_POINT('',(9.223375631576,-20.97225296188));
#4848 = VECTOR('',#4849,1.);
#4849 = DIRECTION('',(-0.332820117735,-0.942990333583));
#4850 = ( GEOMETRIC_REPRESENTATION_CONTEXT(2) 
PARAMETRIC_REPRESENTATION_CONTEXT() REPRESENTATION_CONTEXT('2D SPACE',''
  ) );
#4851 = ADVANCED_FACE('',(#4852),#3647,.F.);
#4852 = FACE_BOUND('',#4853,.F.);
#4853 = EDGE_LOOP('',(#4854,#4877,#4878,#4879));
#4854 = ORIENTED_EDGE('',*,*,#4855,.T.);
#4855 = EDGE_CURVE('',#4856,#3599,#4858,.T.);
#4856 = VERTEX_POINT('',#4857);
#4857 = CARTESIAN_POINT('',(11.367515713233,32.600431607507,
    20.100277307372));
#4858 = SURFACE_CURVE('',#4859,(#4863,#4870),.PCURVE_S1.);
#4859 = LINE('',#4860,#4861);
#4860 = CARTESIAN_POINT('',(11.367515713233,32.600431607507,
    20.100277307372));
#4861 = VECTOR('',#4862,1.);
#4862 = DIRECTION('',(0.,-4.415456249432E-02,0.999024711712));
#4863 = PCURVE('',#3647,#4864);
#4864 = DEFINITIONAL_REPRESENTATION('',(#4865),#4869);
#4865 = LINE('',#4866,#4867);
#4866 = CARTESIAN_POINT('',(1.172229738002,0.));
#4867 = VECTOR('',#4868,1.);
#4868 = DIRECTION('',(0.,-1.));
#4869 = ( GEOMETRIC_REPRESENTATION_CONTEXT(2) 
PARAMETRIC_REPRESENTATION_CONTEXT() REPRESENTATION_CONTEXT('2D SPACE',''
  ) );
#4870 = PCURVE('',#3614,#4871);
#4871 = DEFINITIONAL_REPRESENTATION('',(#4872),#4876);
#4872 = LINE('',#4873,#4874);
#4873 = CARTESIAN_POINT('',(0.,0.));
#4874 = VECTOR('',#4875,1.);
#4875 = DIRECTION('',(0.,-1.));
#4876 = ( GEOMETRIC_REPRESENTATION_CONTEXT(2) 
PARAMETRIC_REPRESENTATION_CONTEXT() REPRESENTATION_CONTEXT('2D SPACE',''
  ) );
#4877 = ORIENTED_EDGE('',*,*,#3626,.T.);
#4878 = ORIENTED_EDGE('',*,*,#4806,.F.);
#4879 = ORIENTED_EDGE('',*,*,#4880,.F.);
#4880 = EDGE_CURVE('',#4856,#4807,#4881,.T.);
#4881 = SURFACE_CURVE('',#4882,(#4887,#4894),.PCURVE_S1.);
#4882 = CIRCLE('',#4883,6.829268289907);
#4883 = AXIS2_PLACEMENT_3D('',#4884,#4885,#4886);
#4884 = CARTESIAN_POINT('',(4.999999997967,35.066555825503,
    20.209274246713));
#4885 = DIRECTION('',(-4.665468779005E-18,4.415456249432E-02,
    -0.999024711712));
#4886 = DIRECTION('',(0.694988363756,0.718319730429,3.174805693625E-02)
  );
#4887 = PCURVE('',#3647,#4888);
#4888 = DEFINITIONAL_REPRESENTATION('',(#4889),#4893);
#4889 = LINE('',#4890,#4891);
#4890 = CARTESIAN_POINT('',(0.,0.));
#4891 = VECTOR('',#4892,1.);
#4892 = DIRECTION('',(1.,0.));
#4893 = ( GEOMETRIC_REPRESENTATION_CONTEXT(2) 
PARAMETRIC_REPRESENTATION_CONTEXT() REPRESENTATION_CONTEXT('2D SPACE',''
  ) );
#4894 = PCURVE('',#4742,#4895);
#4895 = DEFINITIONAL_REPRESENTATION('',(#4896),#4904);
#4896 = ( BOUNDED_CURVE() B_SPLINE_CURVE(2,(#4897,#4898,#4899,#4900,
#4901,#4902,#4903),.UNSPECIFIED.,.T.,.F.) B_SPLINE_CURVE_WITH_KNOTS((1,2
    ,2,2,2,1),(-2.094395102393,0.,2.094395102393,4.188790204786,
6.28318530718,8.377580409573),.UNSPECIFIED.) CURVE() 
GEOMETRIC_REPRESENTATION_ITEM() RATIONAL_B_SPLINE_CURVE((1.,0.5,1.,0.5,
1.,0.5,1.)) REPRESENTATION_ITEM('') );
#4897 = CARTESIAN_POINT('',(10.067198603226,-11.67162186106));
#4898 = CARTESIAN_POINT('',(18.572238718744,-19.89238878149));
#4899 = CARTESIAN_POINT('',(7.200325669304,-23.14758612152));
#4900 = CARTESIAN_POINT('',(-4.171587380137,-26.40278346155));
#4901 = CARTESIAN_POINT('',(-1.304714446214,-14.92681920109));
#4902 = CARTESIAN_POINT('',(1.562158487708,-3.450854940636));
#4903 = CARTESIAN_POINT('',(10.067198603226,-11.67162186106));
#4904 = ( GEOMETRIC_REPRESENTATION_CONTEXT(2) 
PARAMETRIC_REPRESENTATION_CONTEXT() REPRESENTATION_CONTEXT('2D SPACE',''
  ) );
#4905 = ADVANCED_FACE('',(#4906),#3614,.T.);
#4906 = FACE_BOUND('',#4907,.T.);
#4907 = EDGE_LOOP('',(#4908,#4909,#4910,#4933));
#4908 = ORIENTED_EDGE('',*,*,#4855,.T.);
#4909 = ORIENTED_EDGE('',*,*,#3598,.T.);
#4910 = ORIENTED_EDGE('',*,*,#4911,.F.);
#4911 = EDGE_CURVE('',#4912,#3569,#4914,.T.);
#4912 = VERTEX_POINT('',#4913);
#4913 = CARTESIAN_POINT('',(16.219512188529,34.091897570571,
    20.166196624785));
#4914 = SURFACE_CURVE('',#4915,(#4919,#4926),.PCURVE_S1.);
#4915 = LINE('',#4916,#4917);
#4916 = CARTESIAN_POINT('',(16.219512188529,34.091897570571,
    20.166196624785));
#4917 = VECTOR('',#4918,1.);
#4918 = DIRECTION('',(0.,-4.415456249432E-02,0.999024711712));
#4919 = PCURVE('',#3614,#4920);
#4920 = DEFINITIONAL_REPRESENTATION('',(#4921),#4925);
#4921 = LINE('',#4922,#4923);
#4922 = CARTESIAN_POINT('',(5.076483612864,0.));
#4923 = VECTOR('',#4924,1.);
#4924 = DIRECTION('',(0.,-1.));
#4925 = ( GEOMETRIC_REPRESENTATION_CONTEXT(2) 
PARAMETRIC_REPRESENTATION_CONTEXT() REPRESENTATION_CONTEXT('2D SPACE',''
  ) );
#4926 = PCURVE('',#3584,#4927);
#4927 = DEFINITIONAL_REPRESENTATION('',(#4928),#4932);
#4928 = LINE('',#4929,#4930);
#4929 = CARTESIAN_POINT('',(0.,0.));
#4930 = VECTOR('',#4931,1.);
#4931 = DIRECTION('',(0.,-1.));
#4932 = ( GEOMETRIC_REPRESENTATION_CONTEXT(2) 
PARAMETRIC_REPRESENTATION_CONTEXT() REPRESENTATION_CONTEXT('2D SPACE',''
  ) );
#4933 = ORIENTED_EDGE('',*,*,#4934,.F.);
#4934 = EDGE_CURVE('',#4856,#4912,#4935,.T.);
#4935 = SURFACE_CURVE('',#4936,(#4940,#4947),.PCURVE_S1.);
#4936 = LINE('',#4937,#4938);
#4937 = CARTESIAN_POINT('',(9.878048776472,32.142581060706,
    20.080041380928));
#4938 = VECTOR('',#4939,1.);
#4939 = DIRECTION('',(0.955779008722,0.293799030353,1.298523199119E-02)
  );
#4940 = PCURVE('',#3614,#4941);
#4941 = DEFINITIONAL_REPRESENTATION('',(#4942),#4946);
#4942 = LINE('',#4943,#4944);
#4943 = CARTESIAN_POINT('',(-1.558380047237,0.));
#4944 = VECTOR('',#4945,1.);
#4945 = DIRECTION('',(1.,0.));
#4946 = ( GEOMETRIC_REPRESENTATION_CONTEXT(2) 
PARAMETRIC_REPRESENTATION_CONTEXT() REPRESENTATION_CONTEXT('2D SPACE',''
  ) );
#4947 = PCURVE('',#4742,#4948);
#4948 = DEFINITIONAL_REPRESENTATION('',(#4949),#4953);
#4949 = LINE('',#4950,#4951);
#4950 = CARTESIAN_POINT('',(10.198985387277,-19.50883832833));
#4951 = VECTOR('',#4952,1.);
#4952 = DIRECTION('',(0.955779008722,0.294085848838));
#4953 = ( GEOMETRIC_REPRESENTATION_CONTEXT(2) 
PARAMETRIC_REPRESENTATION_CONTEXT() REPRESENTATION_CONTEXT('2D SPACE',''
  ) );
#4954 = ADVANCED_FACE('',(#4955),#3584,.T.);
#4955 = FACE_BOUND('',#4956,.T.);
#4956 = EDGE_LOOP('',(#4957,#4958,#4959,#4982));
#4957 = ORIENTED_EDGE('',*,*,#4911,.T.);
#4958 = ORIENTED_EDGE('',*,*,#3568,.T.);
#4959 = ORIENTED_EDGE('',*,*,#4960,.F.);
#4960 = EDGE_CURVE('',#4961,#3541,#4963,.T.);
#4961 = VERTEX_POINT('',#4962);
#4962 = CARTESIAN_POINT('',(14.756097554977,38.477859717767,
    20.360045923461));
#4963 = SURFACE_CURVE('',#4964,(#4968,#4975),.PCURVE_S1.);
#4964 = LINE('',#4965,#4966);
#4965 = CARTESIAN_POINT('',(14.756097554977,38.477859717767,
    20.360045923461));
#4966 = VECTOR('',#4967,1.);
#4967 = DIRECTION('',(0.,-4.415456249432E-02,0.999024711712));
#4968 = PCURVE('',#3584,#4969);
#4969 = DEFINITIONAL_REPRESENTATION('',(#4970),#4974);
#4970 = LINE('',#4971,#4972);
#4971 = CARTESIAN_POINT('',(1.,0.));
#4972 = VECTOR('',#4973,1.);
#4973 = DIRECTION('',(0.,-1.));
#4974 = ( GEOMETRIC_REPRESENTATION_CONTEXT(2) 
PARAMETRIC_REPRESENTATION_CONTEXT() REPRESENTATION_CONTEXT('2D SPACE',''
  ) );
#4975 = PCURVE('',#3556,#4976);
#4976 = DEFINITIONAL_REPRESENTATION('',(#4977),#4981);
#4977 = LINE('',#4978,#4979);
#4978 = CARTESIAN_POINT('',(0.,0.));
#4979 = VECTOR('',#4980,1.);
#4980 = DIRECTION('',(0.,-1.));
#4981 = ( GEOMETRIC_REPRESENTATION_CONTEXT(2) 
PARAMETRIC_REPRESENTATION_CONTEXT() REPRESENTATION_CONTEXT('2D SPACE',''
  ) );
#4982 = ORIENTED_EDGE('',*,*,#4983,.F.);
#4983 = EDGE_CURVE('',#4912,#4961,#4984,.T.);
#4984 = SURFACE_CURVE('',#4985,(#4989,#4996),.PCURVE_S1.);
#4985 = B_SPLINE_CURVE_WITH_KNOTS('',2,(#4986,#4987,#4988),
  .UNSPECIFIED.,.F.,.F.,(3,3),(0.,1.),.PIECEWISE_BEZIER_KNOTS.);
#4986 = CARTESIAN_POINT('',(16.219512188529,34.091897570571,
    20.166196624785));
#4987 = CARTESIAN_POINT('',(17.68292682208,37.503201462834,
    20.316968301533));
#4988 = CARTESIAN_POINT('',(14.756097554977,38.477859717767,
    20.360045923461));
#4989 = PCURVE('',#3584,#4990);
#4990 = DEFINITIONAL_REPRESENTATION('',(#4991),#4995);
#4991 = LINE('',#4992,#4993);
#4992 = CARTESIAN_POINT('',(0.,0.));
#4993 = VECTOR('',#4994,1.);
#4994 = DIRECTION('',(1.,0.));
#4995 = ( GEOMETRIC_REPRESENTATION_CONTEXT(2) 
PARAMETRIC_REPRESENTATION_CONTEXT() REPRESENTATION_CONTEXT('2D SPACE',''
  ) );
#4996 = PCURVE('',#4742,#4997);
#4997 = DEFINITIONAL_REPRESENTATION('',(#4998),#5002);
#4998 = B_SPLINE_CURVE_WITH_KNOTS('',2,(#4999,#5000,#5001),
  .UNSPECIFIED.,.F.,.F.,(3,3),(0.,1.),.PIECEWISE_BEZIER_KNOTS.);
#4999 = CARTESIAN_POINT('',(16.540448799333,-17.55761881692));
#5000 = CARTESIAN_POINT('',(18.003863432885,-14.14298467197));
#5001 = CARTESIAN_POINT('',(15.077034165782,-13.16737491627));
#5002 = ( GEOMETRIC_REPRESENTATION_CONTEXT(2) 
PARAMETRIC_REPRESENTATION_CONTEXT() REPRESENTATION_CONTEXT('2D SPACE',''
  ) );
#5003 = ADVANCED_FACE('',(#5004),#3556,.T.);
#5004 = FACE_BOUND('',#5005,.T.);
#5005 = EDGE_LOOP('',(#5006,#5007,#5008,#5031));
#5006 = ORIENTED_EDGE('',*,*,#4960,.T.);
#5007 = ORIENTED_EDGE('',*,*,#3540,.T.);
#5008 = ORIENTED_EDGE('',*,*,#5009,.F.);
#5009 = EDGE_CURVE('',#5010,#3508,#5012,.T.);
#5010 = VERTEX_POINT('',#5011);
#5011 = CARTESIAN_POINT('',(10.482398435973,39.134710645506,
    20.389077202666));
#5012 = SURFACE_CURVE('',#5013,(#5017,#5024),.PCURVE_S1.);
#5013 = LINE('',#5014,#5015);
#5014 = CARTESIAN_POINT('',(10.482398435973,39.134710645506,
    20.389077202666));
#5015 = VECTOR('',#5016,1.);
#5016 = DIRECTION('',(0.,-4.415456249432E-02,0.999024711712));
#5017 = PCURVE('',#3556,#5018);
#5018 = DEFINITIONAL_REPRESENTATION('',(#5019),#5023);
#5019 = LINE('',#5020,#5021);
#5020 = CARTESIAN_POINT('',(4.323979661865,0.));
#5021 = VECTOR('',#5022,1.);
#5022 = DIRECTION('',(0.,-1.));
#5023 = ( GEOMETRIC_REPRESENTATION_CONTEXT(2) 
PARAMETRIC_REPRESENTATION_CONTEXT() REPRESENTATION_CONTEXT('2D SPACE',''
  ) );
#5024 = PCURVE('',#3528,#5025);
#5025 = DEFINITIONAL_REPRESENTATION('',(#5026),#5030);
#5026 = LINE('',#5027,#5028);
#5027 = CARTESIAN_POINT('',(0.163538868849,0.));
#5028 = VECTOR('',#5029,1.);
#5029 = DIRECTION('',(0.,-1.));
#5030 = ( GEOMETRIC_REPRESENTATION_CONTEXT(2) 
PARAMETRIC_REPRESENTATION_CONTEXT() REPRESENTATION_CONTEXT('2D SPACE',''
  ) );
#5031 = ORIENTED_EDGE('',*,*,#5032,.F.);
#5032 = EDGE_CURVE('',#4961,#5010,#5033,.T.);
#5033 = SURFACE_CURVE('',#5034,(#5038,#5045),.PCURVE_S1.);
#5034 = LINE('',#5035,#5036);
#5035 = CARTESIAN_POINT('',(14.756097554977,38.477859717767,
    20.360045923461));
#5036 = VECTOR('',#5037,1.);
#5037 = DIRECTION('',(-0.988371697651,0.151908884663,6.71401844485E-03)
  );
#5038 = PCURVE('',#3556,#5039);
#5039 = DEFINITIONAL_REPRESENTATION('',(#5040),#5044);
#5040 = LINE('',#5041,#5042);
#5041 = CARTESIAN_POINT('',(0.,0.));
#5042 = VECTOR('',#5043,1.);
#5043 = DIRECTION('',(1.,0.));
#5044 = ( GEOMETRIC_REPRESENTATION_CONTEXT(2) 
PARAMETRIC_REPRESENTATION_CONTEXT() REPRESENTATION_CONTEXT('2D SPACE',''
  ) );
#5045 = PCURVE('',#4742,#5046);
#5046 = DEFINITIONAL_REPRESENTATION('',(#5047),#5051);
#5047 = LINE('',#5048,#5049);
#5048 = CARTESIAN_POINT('',(15.077034165782,-13.16737491627));
#5049 = VECTOR('',#5050,1.);
#5050 = DIRECTION('',(-0.988371697651,0.152057184254));
#5051 = ( GEOMETRIC_REPRESENTATION_CONTEXT(2) 
PARAMETRIC_REPRESENTATION_CONTEXT() REPRESENTATION_CONTEXT('2D SPACE',''
  ) );
#5052 = ADVANCED_FACE('',(#5053),#3528,.F.);
#5053 = FACE_BOUND('',#5054,.F.);
#5054 = EDGE_LOOP('',(#5055,#5078,#5079,#5080));
#5055 = ORIENTED_EDGE('',*,*,#5056,.T.);
#5056 = EDGE_CURVE('',#5057,#3480,#5059,.T.);
#5057 = VERTEX_POINT('',#5058);
#5058 = CARTESIAN_POINT('',(10.020552601613,39.691614818918,
    20.413691068409));
#5059 = SURFACE_CURVE('',#5060,(#5064,#5071),.PCURVE_S1.);
#5060 = LINE('',#5061,#5062);
#5061 = CARTESIAN_POINT('',(10.020552601613,39.691614818918,
    20.413691068409));
#5062 = VECTOR('',#5063,1.);
#5063 = DIRECTION('',(0.,-4.415456249432E-02,0.999024711712));
#5064 = PCURVE('',#3528,#5065);
#5065 = DEFINITIONAL_REPRESENTATION('',(#5066),#5070);
#5066 = LINE('',#5067,#5068);
#5067 = CARTESIAN_POINT('',(5.748766776529E-02,0.));
#5068 = VECTOR('',#5069,1.);
#5069 = DIRECTION('',(0.,-1.));
#5070 = ( GEOMETRIC_REPRESENTATION_CONTEXT(2) 
PARAMETRIC_REPRESENTATION_CONTEXT() REPRESENTATION_CONTEXT('2D SPACE',''
  ) );
#5071 = PCURVE('',#3495,#5072);
#5072 = DEFINITIONAL_REPRESENTATION('',(#5073),#5077);
#5073 = LINE('',#5074,#5075);
#5074 = CARTESIAN_POINT('',(0.,0.));
#5075 = VECTOR('',#5076,1.);
#5076 = DIRECTION('',(0.,-1.));
#5077 = ( GEOMETRIC_REPRESENTATION_CONTEXT(2) 
PARAMETRIC_REPRESENTATION_CONTEXT() REPRESENTATION_CONTEXT('2D SPACE',''
  ) );
#5078 = ORIENTED_EDGE('',*,*,#3507,.T.);
#5079 = ORIENTED_EDGE('',*,*,#5009,.F.);
#5080 = ORIENTED_EDGE('',*,*,#5081,.F.);
#5081 = EDGE_CURVE('',#5057,#5010,#5082,.T.);
#5082 = SURFACE_CURVE('',#5083,(#5088,#5095),.PCURVE_S1.);
#5083 = CIRCLE('',#5084,6.829268289907);
#5084 = AXIS2_PLACEMENT_3D('',#5085,#5086,#5087);
#5085 = CARTESIAN_POINT('',(4.999999997967,35.066555825503,
    20.209274246713));
#5086 = DIRECTION('',(-4.665468779005E-18,4.415456249432E-02,
    -0.999024711712));
#5087 = DIRECTION('',(0.694988363756,0.718319730429,3.174805693625E-02)
  );
#5088 = PCURVE('',#3528,#5089);
#5089 = DEFINITIONAL_REPRESENTATION('',(#5090),#5094);
#5090 = LINE('',#5091,#5092);
#5091 = CARTESIAN_POINT('',(0.,0.));
#5092 = VECTOR('',#5093,1.);
#5093 = DIRECTION('',(1.,0.));
#5094 = ( GEOMETRIC_REPRESENTATION_CONTEXT(2) 
PARAMETRIC_REPRESENTATION_CONTEXT() REPRESENTATION_CONTEXT('2D SPACE',''
  ) );
#5095 = PCURVE('',#4742,#5096);
#5096 = DEFINITIONAL_REPRESENTATION('',(#5097),#5105);
#5097 = ( BOUNDED_CURVE() B_SPLINE_CURVE(2,(#5098,#5099,#5100,#5101,
#5102,#5103,#5104),.UNSPECIFIED.,.T.,.F.) B_SPLINE_CURVE_WITH_KNOTS((1,2
    ,2,2,2,1),(-2.094395102393,0.,2.094395102393,4.188790204786,
6.28318530718,8.377580409573),.UNSPECIFIED.) CURVE() 
GEOMETRIC_REPRESENTATION_ITEM() RATIONAL_B_SPLINE_CURVE((1.,0.5,1.,0.5,
1.,0.5,1.)) REPRESENTATION_ITEM('') );
#5098 = CARTESIAN_POINT('',(10.067198603226,-11.67162186106));
#5099 = CARTESIAN_POINT('',(18.572238718744,-19.89238878149));
#5100 = CARTESIAN_POINT('',(7.200325669304,-23.14758612152));
#5101 = CARTESIAN_POINT('',(-4.171587380137,-26.40278346155));
#5102 = CARTESIAN_POINT('',(-1.304714446214,-14.92681920109));
#5103 = CARTESIAN_POINT('',(1.562158487708,-3.450854940636));
#5104 = CARTESIAN_POINT('',(10.067198603226,-11.67162186106));
#5105 = ( GEOMETRIC_REPRESENTATION_CONTEXT(2) 
PARAMETRIC_REPRESENTATION_CONTEXT() REPRESENTATION_CONTEXT('2D SPACE',''
  ) );
#5106 = ADVANCED_FACE('',(#5107),#3495,.T.);
#5107 = FACE_BOUND('',#5108,.T.);
#5108 = EDGE_LOOP('',(#5109,#5110,#5111,#5134));
#5109 = ORIENTED_EDGE('',*,*,#5056,.T.);
#5110 = ORIENTED_EDGE('',*,*,#3479,.T.);
#5111 = ORIENTED_EDGE('',*,*,#5112,.F.);
#5112 = EDGE_CURVE('',#5113,#3447,#5115,.T.);
#5113 = VERTEX_POINT('',#5114);
#5114 = CARTESIAN_POINT('',(-1.330852484307,37.625153921438,
    20.322358315806));
#5115 = SURFACE_CURVE('',#5116,(#5120,#5127),.PCURVE_S1.);
#5116 = LINE('',#5117,#5118);
#5117 = CARTESIAN_POINT('',(-1.330852484307,37.625153921438,
    20.322358315806));
#5118 = VECTOR('',#5119,1.);
#5119 = DIRECTION('',(0.,-4.415456249432E-02,0.999024711712));
#5120 = PCURVE('',#3495,#5121);
#5121 = DEFINITIONAL_REPRESENTATION('',(#5122),#5126);
#5122 = LINE('',#5123,#5124);
#5123 = CARTESIAN_POINT('',(11.538327423728,0.));
#5124 = VECTOR('',#5125,1.);
#5125 = DIRECTION('',(0.,-1.));
#5126 = ( GEOMETRIC_REPRESENTATION_CONTEXT(2) 
PARAMETRIC_REPRESENTATION_CONTEXT() REPRESENTATION_CONTEXT('2D SPACE',''
  ) );
#5127 = PCURVE('',#3467,#5128);
#5128 = DEFINITIONAL_REPRESENTATION('',(#5129),#5133);
#5129 = LINE('',#5130,#5131);
#5130 = CARTESIAN_POINT('',(4.32840103883,0.));
#5131 = VECTOR('',#5132,1.);
#5132 = DIRECTION('',(0.,-1.));
#5133 = ( GEOMETRIC_REPRESENTATION_CONTEXT(2) 
PARAMETRIC_REPRESENTATION_CONTEXT() REPRESENTATION_CONTEXT('2D SPACE',''
  ) );
#5134 = ORIENTED_EDGE('',*,*,#5135,.F.);
#5135 = EDGE_CURVE('',#5057,#5113,#5136,.T.);
#5136 = SURFACE_CURVE('',#5137,(#5141,#5148),.PCURVE_S1.);
#5137 = LINE('',#5138,#5139);
#5138 = CARTESIAN_POINT('',(10.020552601613,39.691614818918,
    20.413691068409));
#5139 = VECTOR('',#5140,1.);
#5140 = DIRECTION('',(-0.983799875758,-0.179095359457,
    -7.915597230837E-03));
#5141 = PCURVE('',#3495,#5142);
#5142 = DEFINITIONAL_REPRESENTATION('',(#5143),#5147);
#5143 = LINE('',#5144,#5145);
#5144 = CARTESIAN_POINT('',(0.,0.));
#5145 = VECTOR('',#5146,1.);
#5146 = DIRECTION('',(1.,0.));
#5147 = ( GEOMETRIC_REPRESENTATION_CONTEXT(2) 
PARAMETRIC_REPRESENTATION_CONTEXT() REPRESENTATION_CONTEXT('2D SPACE',''
  ) );
#5148 = PCURVE('',#4742,#5149);
#5149 = DEFINITIONAL_REPRESENTATION('',(#5150),#5154);
#5150 = LINE('',#5151,#5152);
#5151 = CARTESIAN_POINT('',(10.341489212417,-11.95243489835));
#5152 = VECTOR('',#5153,1.);
#5153 = DIRECTION('',(-0.983799875758,-0.179270199583));
#5154 = ( GEOMETRIC_REPRESENTATION_CONTEXT(2) 
PARAMETRIC_REPRESENTATION_CONTEXT() REPRESENTATION_CONTEXT('2D SPACE',''
  ) );
#5155 = ADVANCED_FACE('',(#5156),#3467,.F.);
#5156 = FACE_BOUND('',#5157,.F.);
#5157 = EDGE_LOOP('',(#5158,#5159,#5160,#5161));
#5158 = ORIENTED_EDGE('',*,*,#4705,.T.);
#5159 = ORIENTED_EDGE('',*,*,#3446,.T.);
#5160 = ORIENTED_EDGE('',*,*,#5112,.F.);
#5161 = ORIENTED_EDGE('',*,*,#5162,.F.);
#5162 = EDGE_CURVE('',#4706,#5113,#5163,.T.);
#5163 = SURFACE_CURVE('',#5164,(#5169,#5176),.PCURVE_S1.);
#5164 = CIRCLE('',#5165,6.829268289907);
#5165 = AXIS2_PLACEMENT_3D('',#5166,#5167,#5168);
#5166 = CARTESIAN_POINT('',(4.999999997967,35.066555825503,
    20.209274246713));
#5167 = DIRECTION('',(-4.665468779005E-18,4.415456249432E-02,
    -0.999024711712));
#5168 = DIRECTION('',(0.694988363756,0.718319730429,3.174805693625E-02)
  );
#5169 = PCURVE('',#3467,#5170);
#5170 = DEFINITIONAL_REPRESENTATION('',(#5171),#5175);
#5171 = LINE('',#5172,#5173);
#5172 = CARTESIAN_POINT('',(0.,0.));
#5173 = VECTOR('',#5174,1.);
#5174 = DIRECTION('',(1.,0.));
#5175 = ( GEOMETRIC_REPRESENTATION_CONTEXT(2) 
PARAMETRIC_REPRESENTATION_CONTEXT() REPRESENTATION_CONTEXT('2D SPACE',''
  ) );
#5176 = PCURVE('',#4742,#5177);
#5177 = DEFINITIONAL_REPRESENTATION('',(#5178),#5186);
#5178 = ( BOUNDED_CURVE() B_SPLINE_CURVE(2,(#5179,#5180,#5181,#5182,
#5183,#5184,#5185),.UNSPECIFIED.,.T.,.F.) B_SPLINE_CURVE_WITH_KNOTS((1,2
    ,2,2,2,1),(-2.094395102393,0.,2.094395102393,4.188790204786,
6.28318530718,8.377580409573),.UNSPECIFIED.) CURVE() 
GEOMETRIC_REPRESENTATION_ITEM() RATIONAL_B_SPLINE_CURVE((1.,0.5,1.,0.5,
1.,0.5,1.)) REPRESENTATION_ITEM('') );
#5179 = CARTESIAN_POINT('',(10.067198603226,-11.67162186106));
#5180 = CARTESIAN_POINT('',(18.572238718744,-19.89238878149));
#5181 = CARTESIAN_POINT('',(7.200325669304,-23.14758612152));
#5182 = CARTESIAN_POINT('',(-4.171587380137,-26.40278346155));
#5183 = CARTESIAN_POINT('',(-1.304714446214,-14.92681920109));
#5184 = CARTESIAN_POINT('',(1.562158487708,-3.450854940636));
#5185 = CARTESIAN_POINT('',(10.067198603226,-11.67162186106));
#5186 = ( GEOMETRIC_REPRESENTATION_CONTEXT(2) 
PARAMETRIC_REPRESENTATION_CONTEXT() REPRESENTATION_CONTEXT('2D SPACE',''
  ) );
#5187 = ADVANCED_FACE('',(#5188),#4076,.F.);
#5188 = FACE_BOUND('',#5189,.F.);
#5189 = EDGE_LOOP('',(#5190));
#5190 = ORIENTED_EDGE('',*,*,#4061,.T.);
#5191 = ADVANCED_FACE('',(#5192),#4166,.T.);
#5192 = FACE_BOUND('',#5193,.F.);
#5193 = EDGE_LOOP('',(#5194));
#5194 = ORIENTED_EDGE('',*,*,#4151,.F.);
#5195 = ADVANCED_FACE('',(#5196,#5208),#4742,.T.);
#5196 = FACE_BOUND('',#5197,.F.);
#5197 = EDGE_LOOP('',(#5198,#5199,#5200,#5201,#5202,#5203,#5204,#5205,
    #5206,#5207));
#5198 = ORIENTED_EDGE('',*,*,#5162,.T.);
#5199 = ORIENTED_EDGE('',*,*,#5135,.F.);
#5200 = ORIENTED_EDGE('',*,*,#5081,.T.);
#5201 = ORIENTED_EDGE('',*,*,#5032,.F.);
#5202 = ORIENTED_EDGE('',*,*,#4983,.F.);
#5203 = ORIENTED_EDGE('',*,*,#4934,.F.);
#5204 = ORIENTED_EDGE('',*,*,#4880,.T.);
#5205 = ORIENTED_EDGE('',*,*,#4831,.T.);
#5206 = ORIENTED_EDGE('',*,*,#4782,.T.);
#5207 = ORIENTED_EDGE('',*,*,#4728,.T.);
#5208 = FACE_BOUND('',#5209,.F.);
#5209 = EDGE_LOOP('',(#5210));
#5210 = ORIENTED_EDGE('',*,*,#5211,.F.);
#5211 = EDGE_CURVE('',#5212,#5212,#5214,.T.);
#5212 = VERTEX_POINT('',#5213);
#5213 = CARTESIAN_POINT('',(7.53658536279,33.117239315639,
    20.123119002856));
#5214 = SURFACE_CURVE('',#5215,(#5220,#5231),.PCURVE_S1.);
#5215 = CIRCLE('',#5216,0.878048780131);
#5216 = AXIS2_PLACEMENT_3D('',#5217,#5218,#5219);
#5217 = CARTESIAN_POINT('',(8.414634142921,33.117239315639,
    20.123119002856));
#5218 = DIRECTION('',(-9.96354144802E-35,4.415456249432E-02,
    -0.999024711712));
#5219 = DIRECTION('',(-1.,1.223452415467E-16,5.407374362642E-18));
#5220 = PCURVE('',#4742,#5221);
#5221 = DEFINITIONAL_REPRESENTATION('',(#5222),#5230);
#5222 = ( BOUNDED_CURVE() B_SPLINE_CURVE(2,(#5223,#5224,#5225,#5226,
#5227,#5228,#5229),.UNSPECIFIED.,.T.,.F.) B_SPLINE_CURVE_WITH_KNOTS((1,2
    ,2,2,2,1),(-2.094395102393,0.,2.094395102393,4.188790204786,
6.28318530718,8.377580409573),.UNSPECIFIED.) CURVE() 
GEOMETRIC_REPRESENTATION_ITEM() RATIONAL_B_SPLINE_CURVE((1.,0.5,1.,0.5,
1.,0.5,1.)) REPRESENTATION_ITEM('') );
#5223 = CARTESIAN_POINT('',(7.857521973594,-18.53322857262));
#5224 = CARTESIAN_POINT('',(7.857521973594,-17.01240347391));
#5225 = CARTESIAN_POINT('',(9.174595143791,-17.77281602327));
#5226 = CARTESIAN_POINT('',(10.491668313987,-18.53322857262));
#5227 = CARTESIAN_POINT('',(9.174595143791,-19.29364112198));
#5228 = CARTESIAN_POINT('',(7.857521973594,-20.05405367134));
#5229 = CARTESIAN_POINT('',(7.857521973594,-18.53322857262));
#5230 = ( GEOMETRIC_REPRESENTATION_CONTEXT(2) 
PARAMETRIC_REPRESENTATION_CONTEXT() REPRESENTATION_CONTEXT('2D SPACE',''
  ) );
#5231 = PCURVE('',#5232,#5237);
#5232 = CYLINDRICAL_SURFACE('',#5233,0.878048780131);
#5233 = AXIS2_PLACEMENT_3D('',#5234,#5235,#5236);
#5234 = CARTESIAN_POINT('',(8.414634142921,33.117239315639,
    20.123119002856));
#5235 = DIRECTION('',(0.,4.415456249432E-02,-0.999024711712));
#5236 = DIRECTION('',(-1.,1.223452415467E-16,5.407374362642E-18));
#5237 = DEFINITIONAL_REPRESENTATION('',(#5238),#5242);
#5238 = LINE('',#5239,#5240);
#5239 = CARTESIAN_POINT('',(0.,0.));
#5240 = VECTOR('',#5241,1.);
#5241 = DIRECTION('',(1.,0.));
#5242 = ( GEOMETRIC_REPRESENTATION_CONTEXT(2) 
PARAMETRIC_REPRESENTATION_CONTEXT() REPRESENTATION_CONTEXT('2D SPACE',''
  ) );
#5243 = ADVANCED_FACE('',(#5244),#5258,.T.);
#5244 = FACE_BOUND('',#5245,.T.);
#5245 = EDGE_LOOP('',(#5246,#5281,#5309,#5337));
#5246 = ORIENTED_EDGE('',*,*,#5247,.T.);
#5247 = EDGE_CURVE('',#5248,#5250,#5252,.T.);
#5248 = VERTEX_POINT('',#5249);
#5249 = CARTESIAN_POINT('',(5.295121949067,45.300467502294,
    20.661589276958));
#5250 = VERTEX_POINT('',#5251);
#5251 = CARTESIAN_POINT('',(5.295121949067,45.273974764797,
    21.261004103985));
#5252 = SURFACE_CURVE('',#5253,(#5257,#5269),.PCURVE_S1.);
#5253 = LINE('',#5254,#5255);
#5254 = CARTESIAN_POINT('',(5.295121949067,45.300467502294,
    20.661589276958));
#5255 = VECTOR('',#5256,1.);
#5256 = DIRECTION('',(0.,-4.415456249432E-02,0.999024711712));
#5257 = PCURVE('',#5258,#5263);
#5258 = PLANE('',#5259);
#5259 = AXIS2_PLACEMENT_3D('',#5260,#5261,#5262);
#5260 = CARTESIAN_POINT('',(5.295121949067,45.300467502294,
    20.661589276958));
#5261 = DIRECTION('',(-0.500203519255,0.865063360194,3.823378316017E-02)
  );
#5262 = DIRECTION('',(0.865907869998,0.499715676621,2.20862675508E-02));
#5263 = DEFINITIONAL_REPRESENTATION('',(#5264),#5268);
#5264 = LINE('',#5265,#5266);
#5265 = CARTESIAN_POINT('',(0.,0.));
#5266 = VECTOR('',#5267,1.);
#5267 = DIRECTION('',(0.,-1.));
#5268 = ( GEOMETRIC_REPRESENTATION_CONTEXT(2) 
PARAMETRIC_REPRESENTATION_CONTEXT() REPRESENTATION_CONTEXT('2D SPACE',''
  ) );
#5269 = PCURVE('',#5270,#5275);
#5270 = PLANE('',#5271);
#5271 = AXIS2_PLACEMENT_3D('',#5272,#5273,#5274);
#5272 = CARTESIAN_POINT('',(5.295121949067,43.107486428696,
    20.56466462762));
#5273 = DIRECTION('',(-1.,1.223452415467E-16,5.407374362642E-18));
#5274 = DIRECTION('',(1.224646799147E-16,0.999024711712,
    4.415456249432E-02));
#5275 = DEFINITIONAL_REPRESENTATION('',(#5276),#5280);
#5276 = LINE('',#5277,#5278);
#5277 = CARTESIAN_POINT('',(2.195121950327,-0.));
#5278 = VECTOR('',#5279,1.);
#5279 = DIRECTION('',(0.,-1.));
#5280 = ( GEOMETRIC_REPRESENTATION_CONTEXT(2) 
PARAMETRIC_REPRESENTATION_CONTEXT() REPRESENTATION_CONTEXT('2D SPACE',''
  ) );
#5281 = ORIENTED_EDGE('',*,*,#5282,.T.);
#5282 = EDGE_CURVE('',#5250,#5283,#5285,.T.);
#5283 = VERTEX_POINT('',#5284);
#5284 = CARTESIAN_POINT('',(7.195121948295,46.370465301596,
    21.309466428655));
#5285 = SURFACE_CURVE('',#5286,(#5290,#5297),.PCURVE_S1.);
#5286 = LINE('',#5287,#5288);
#5287 = CARTESIAN_POINT('',(5.295121949067,45.273974764797,
    21.261004103985));
#5288 = VECTOR('',#5289,1.);
#5289 = DIRECTION('',(0.865907869998,0.499715676621,2.20862675508E-02));
#5290 = PCURVE('',#5258,#5291);
#5291 = DEFINITIONAL_REPRESENTATION('',(#5292),#5296);
#5292 = LINE('',#5293,#5294);
#5293 = CARTESIAN_POINT('',(0.,-0.6));
#5294 = VECTOR('',#5295,1.);
#5295 = DIRECTION('',(1.,0.));
#5296 = ( GEOMETRIC_REPRESENTATION_CONTEXT(2) 
PARAMETRIC_REPRESENTATION_CONTEXT() REPRESENTATION_CONTEXT('2D SPACE',''
  ) );
#5297 = PCURVE('',#5298,#5303);
#5298 = PLANE('',#5299);
#5299 = AXIS2_PLACEMENT_3D('',#5300,#5301,#5302);
#5300 = CARTESIAN_POINT('',(0.,90.05,23.24));
#5301 = DIRECTION('',(0.,-4.415456249432E-02,0.999024711712));
#5302 = DIRECTION('',(0.,-0.999024711712,-4.415456249432E-02));
#5303 = DEFINITIONAL_REPRESENTATION('',(#5304),#5308);
#5304 = LINE('',#5305,#5306);
#5305 = CARTESIAN_POINT('',(44.819737400167,5.295121949067));
#5306 = VECTOR('',#5307,1.);
#5307 = DIRECTION('',(-0.500203519255,0.865907869998));
#5308 = ( GEOMETRIC_REPRESENTATION_CONTEXT(2) 
PARAMETRIC_REPRESENTATION_CONTEXT() REPRESENTATION_CONTEXT('2D SPACE',''
  ) );
#5309 = ORIENTED_EDGE('',*,*,#5310,.F.);
#5310 = EDGE_CURVE('',#5311,#5283,#5313,.T.);
#5311 = VERTEX_POINT('',#5312);
#5312 = CARTESIAN_POINT('',(7.195121948295,46.396958039093,
    20.710051601628));
#5313 = SURFACE_CURVE('',#5314,(#5318,#5325),.PCURVE_S1.);
#5314 = LINE('',#5315,#5316);
#5315 = CARTESIAN_POINT('',(7.195121948295,46.396958039093,
    20.710051601628));
#5316 = VECTOR('',#5317,1.);
#5317 = DIRECTION('',(0.,-4.415456249432E-02,0.999024711712));
#5318 = PCURVE('',#5258,#5319);
#5319 = DEFINITIONAL_REPRESENTATION('',(#5320),#5324);
#5320 = LINE('',#5321,#5322);
#5321 = CARTESIAN_POINT('',(2.194228814702,0.));
#5322 = VECTOR('',#5323,1.);
#5323 = DIRECTION('',(0.,-1.));
#5324 = ( GEOMETRIC_REPRESENTATION_CONTEXT(2) 
PARAMETRIC_REPRESENTATION_CONTEXT() REPRESENTATION_CONTEXT('2D SPACE',''
  ) );
#5325 = PCURVE('',#5326,#5331);
#5326 = PLANE('',#5327);
#5327 = AXIS2_PLACEMENT_3D('',#5328,#5329,#5330);
#5328 = CARTESIAN_POINT('',(7.195121948295,46.396958039093,
    20.710051601628));
#5329 = DIRECTION('',(0.500203519255,0.865063360194,3.823378316017E-02)
  );
#5330 = DIRECTION('',(0.865907869998,-0.499715676621,-2.20862675508E-02)
  );
#5331 = DEFINITIONAL_REPRESENTATION('',(#5332),#5336);
#5332 = LINE('',#5333,#5334);
#5333 = CARTESIAN_POINT('',(0.,0.));
#5334 = VECTOR('',#5335,1.);
#5335 = DIRECTION('',(0.,-1.));
#5336 = ( GEOMETRIC_REPRESENTATION_CONTEXT(2) 
PARAMETRIC_REPRESENTATION_CONTEXT() REPRESENTATION_CONTEXT('2D SPACE',''
  ) );
#5337 = ORIENTED_EDGE('',*,*,#5338,.F.);
#5338 = EDGE_CURVE('',#5248,#5311,#5339,.T.);
#5339 = SURFACE_CURVE('',#5340,(#5344),.PCURVE_S1.);
#5340 = LINE('',#5341,#5342);
#5341 = CARTESIAN_POINT('',(5.295121949067,45.300467502294,
    20.661589276958));
#5342 = VECTOR('',#5343,1.);
#5343 = DIRECTION('',(0.865907869998,0.499715676621,2.20862675508E-02));
#5344 = PCURVE('',#5258,#5345);
#5345 = DEFINITIONAL_REPRESENTATION('',(#5346),#5350);
#5346 = LINE('',#5347,#5348);
#5347 = CARTESIAN_POINT('',(0.,0.));
#5348 = VECTOR('',#5349,1.);
#5349 = DIRECTION('',(1.,0.));
#5350 = ( GEOMETRIC_REPRESENTATION_CONTEXT(2) 
PARAMETRIC_REPRESENTATION_CONTEXT() REPRESENTATION_CONTEXT('2D SPACE',''
  ) );
#5351 = ADVANCED_FACE('',(#5352),#5326,.T.);
#5352 = FACE_BOUND('',#5353,.T.);
#5353 = EDGE_LOOP('',(#5354,#5355,#5378,#5406));
#5354 = ORIENTED_EDGE('',*,*,#5310,.T.);
#5355 = ORIENTED_EDGE('',*,*,#5356,.T.);
#5356 = EDGE_CURVE('',#5283,#5357,#5359,.T.);
#5357 = VERTEX_POINT('',#5358);
#5358 = CARTESIAN_POINT('',(9.095121947522,45.273974764797,
    21.261004103985));
#5359 = SURFACE_CURVE('',#5360,(#5364,#5371),.PCURVE_S1.);
#5360 = LINE('',#5361,#5362);
#5361 = CARTESIAN_POINT('',(7.195121948295,46.370465301596,
    21.309466428655));
#5362 = VECTOR('',#5363,1.);
#5363 = DIRECTION('',(0.865907869998,-0.499715676621,-2.20862675508E-02)
  );
#5364 = PCURVE('',#5326,#5365);
#5365 = DEFINITIONAL_REPRESENTATION('',(#5366),#5370);
#5366 = LINE('',#5367,#5368);
#5367 = CARTESIAN_POINT('',(0.,-0.6));
#5368 = VECTOR('',#5369,1.);
#5369 = DIRECTION('',(1.,0.));
#5370 = ( GEOMETRIC_REPRESENTATION_CONTEXT(2) 
PARAMETRIC_REPRESENTATION_CONTEXT() REPRESENTATION_CONTEXT('2D SPACE',''
  ) );
#5371 = PCURVE('',#5298,#5372);
#5372 = DEFINITIONAL_REPRESENTATION('',(#5373),#5377);
#5373 = LINE('',#5374,#5375);
#5374 = CARTESIAN_POINT('',(43.722176425004,7.195121948295));
#5375 = VECTOR('',#5376,1.);
#5376 = DIRECTION('',(0.500203519255,0.865907869998));
#5377 = ( GEOMETRIC_REPRESENTATION_CONTEXT(2) 
PARAMETRIC_REPRESENTATION_CONTEXT() REPRESENTATION_CONTEXT('2D SPACE',''
  ) );
#5378 = ORIENTED_EDGE('',*,*,#5379,.F.);
#5379 = EDGE_CURVE('',#5380,#5357,#5382,.T.);
#5380 = VERTEX_POINT('',#5381);
#5381 = CARTESIAN_POINT('',(9.095121947522,45.300467502294,
    20.661589276958));
#5382 = SURFACE_CURVE('',#5383,(#5387,#5394),.PCURVE_S1.);
#5383 = LINE('',#5384,#5385);
#5384 = CARTESIAN_POINT('',(9.095121947522,45.300467502294,
    20.661589276958));
#5385 = VECTOR('',#5386,1.);
#5386 = DIRECTION('',(0.,-4.415456249432E-02,0.999024711712));
#5387 = PCURVE('',#5326,#5388);
#5388 = DEFINITIONAL_REPRESENTATION('',(#5389),#5393);
#5389 = LINE('',#5390,#5391);
#5390 = CARTESIAN_POINT('',(2.194228814702,0.));
#5391 = VECTOR('',#5392,1.);
#5392 = DIRECTION('',(0.,-1.));
#5393 = ( GEOMETRIC_REPRESENTATION_CONTEXT(2) 
PARAMETRIC_REPRESENTATION_CONTEXT() REPRESENTATION_CONTEXT('2D SPACE',''
  ) );
#5394 = PCURVE('',#5395,#5400);
#5395 = PLANE('',#5396);
#5396 = AXIS2_PLACEMENT_3D('',#5397,#5398,#5399);
#5397 = CARTESIAN_POINT('',(9.095121947522,45.300467502294,
    20.661589276958));
#5398 = DIRECTION('',(1.,-1.223452415467E-16,-5.407374362642E-18));
#5399 = DIRECTION('',(-1.224646799147E-16,-0.999024711712,
    -4.415456249432E-02));
#5400 = DEFINITIONAL_REPRESENTATION('',(#5401),#5405);
#5401 = LINE('',#5402,#5403);
#5402 = CARTESIAN_POINT('',(0.,0.));
#5403 = VECTOR('',#5404,1.);
#5404 = DIRECTION('',(0.,-1.));
#5405 = ( GEOMETRIC_REPRESENTATION_CONTEXT(2) 
PARAMETRIC_REPRESENTATION_CONTEXT() REPRESENTATION_CONTEXT('2D SPACE',''
  ) );
#5406 = ORIENTED_EDGE('',*,*,#5407,.F.);
#5407 = EDGE_CURVE('',#5311,#5380,#5408,.T.);
#5408 = SURFACE_CURVE('',#5409,(#5413),.PCURVE_S1.);
#5409 = LINE('',#5410,#5411);
#5410 = CARTESIAN_POINT('',(7.195121948295,46.396958039093,
    20.710051601628));
#5411 = VECTOR('',#5412,1.);
#5412 = DIRECTION('',(0.865907869998,-0.499715676621,-2.20862675508E-02)
  );
#5413 = PCURVE('',#5326,#5414);
#5414 = DEFINITIONAL_REPRESENTATION('',(#5415),#5419);
#5415 = LINE('',#5416,#5417);
#5416 = CARTESIAN_POINT('',(0.,0.));
#5417 = VECTOR('',#5418,1.);
#5418 = DIRECTION('',(1.,0.));
#5419 = ( GEOMETRIC_REPRESENTATION_CONTEXT(2) 
PARAMETRIC_REPRESENTATION_CONTEXT() REPRESENTATION_CONTEXT('2D SPACE',''
  ) );
#5420 = ADVANCED_FACE('',(#5421),#5395,.T.);
#5421 = FACE_BOUND('',#5422,.T.);
#5422 = EDGE_LOOP('',(#5423,#5424,#5447,#5475));
#5423 = ORIENTED_EDGE('',*,*,#5379,.T.);
#5424 = ORIENTED_EDGE('',*,*,#5425,.T.);
#5425 = EDGE_CURVE('',#5357,#5426,#5428,.T.);
#5426 = VERTEX_POINT('',#5427);
#5427 = CARTESIAN_POINT('',(9.095121947522,43.080993691199,
    21.164079454647));
#5428 = SURFACE_CURVE('',#5429,(#5433,#5440),.PCURVE_S1.);
#5429 = LINE('',#5430,#5431);
#5430 = CARTESIAN_POINT('',(9.095121947522,45.273974764797,
    21.261004103985));
#5431 = VECTOR('',#5432,1.);
#5432 = DIRECTION('',(-1.224646799147E-16,-0.999024711712,
    -4.415456249432E-02));
#5433 = PCURVE('',#5395,#5434);
#5434 = DEFINITIONAL_REPRESENTATION('',(#5435),#5439);
#5435 = LINE('',#5436,#5437);
#5436 = CARTESIAN_POINT('',(0.,-0.6));
#5437 = VECTOR('',#5438,1.);
#5438 = DIRECTION('',(1.,0.));
#5439 = ( GEOMETRIC_REPRESENTATION_CONTEXT(2) 
PARAMETRIC_REPRESENTATION_CONTEXT() REPRESENTATION_CONTEXT('2D SPACE',''
  ) );
#5440 = PCURVE('',#5298,#5441);
#5441 = DEFINITIONAL_REPRESENTATION('',(#5442),#5446);
#5442 = LINE('',#5443,#5444);
#5443 = CARTESIAN_POINT('',(44.819737400167,9.095121947522));
#5444 = VECTOR('',#5445,1.);
#5445 = DIRECTION('',(1.,-1.224646799147E-16));
#5446 = ( GEOMETRIC_REPRESENTATION_CONTEXT(2) 
PARAMETRIC_REPRESENTATION_CONTEXT() REPRESENTATION_CONTEXT('2D SPACE',''
  ) );
#5447 = ORIENTED_EDGE('',*,*,#5448,.F.);
#5448 = EDGE_CURVE('',#5449,#5426,#5451,.T.);
#5449 = VERTEX_POINT('',#5450);
#5450 = CARTESIAN_POINT('',(9.095121947522,43.107486428696,
    20.56466462762));
#5451 = SURFACE_CURVE('',#5452,(#5456,#5463),.PCURVE_S1.);
#5452 = LINE('',#5453,#5454);
#5453 = CARTESIAN_POINT('',(9.095121947522,43.107486428696,
    20.56466462762));
#5454 = VECTOR('',#5455,1.);
#5455 = DIRECTION('',(0.,-4.415456249432E-02,0.999024711712));
#5456 = PCURVE('',#5395,#5457);
#5457 = DEFINITIONAL_REPRESENTATION('',(#5458),#5462);
#5458 = LINE('',#5459,#5460);
#5459 = CARTESIAN_POINT('',(2.195121950327,0.));
#5460 = VECTOR('',#5461,1.);
#5461 = DIRECTION('',(0.,-1.));
#5462 = ( GEOMETRIC_REPRESENTATION_CONTEXT(2) 
PARAMETRIC_REPRESENTATION_CONTEXT() REPRESENTATION_CONTEXT('2D SPACE',''
  ) );
#5463 = PCURVE('',#5464,#5469);
#5464 = PLANE('',#5465);
#5465 = AXIS2_PLACEMENT_3D('',#5466,#5467,#5468);
#5466 = CARTESIAN_POINT('',(9.095121947522,43.107486428696,
    20.56466462762));
#5467 = DIRECTION('',(0.500203519255,-0.865063360194,-3.823378316017E-02
    ));
#5468 = DIRECTION('',(-0.865907869998,-0.499715676621,-2.20862675508E-02
    ));
#5469 = DEFINITIONAL_REPRESENTATION('',(#5470),#5474);
#5470 = LINE('',#5471,#5472);
#5471 = CARTESIAN_POINT('',(0.,0.));
#5472 = VECTOR('',#5473,1.);
#5473 = DIRECTION('',(0.,-1.));
#5474 = ( GEOMETRIC_REPRESENTATION_CONTEXT(2) 
PARAMETRIC_REPRESENTATION_CONTEXT() REPRESENTATION_CONTEXT('2D SPACE',''
  ) );
#5475 = ORIENTED_EDGE('',*,*,#5476,.F.);
#5476 = EDGE_CURVE('',#5380,#5449,#5477,.T.);
#5477 = SURFACE_CURVE('',#5478,(#5482),.PCURVE_S1.);
#5478 = LINE('',#5479,#5480);
#5479 = CARTESIAN_POINT('',(9.095121947522,45.300467502294,
    20.661589276958));
#5480 = VECTOR('',#5481,1.);
#5481 = DIRECTION('',(-1.224646799147E-16,-0.999024711712,
    -4.415456249432E-02));
#5482 = PCURVE('',#5395,#5483);
#5483 = DEFINITIONAL_REPRESENTATION('',(#5484),#5488);
#5484 = LINE('',#5485,#5486);
#5485 = CARTESIAN_POINT('',(0.,0.));
#5486 = VECTOR('',#5487,1.);
#5487 = DIRECTION('',(1.,0.));
#5488 = ( GEOMETRIC_REPRESENTATION_CONTEXT(2) 
PARAMETRIC_REPRESENTATION_CONTEXT() REPRESENTATION_CONTEXT('2D SPACE',''
  ) );
#5489 = ADVANCED_FACE('',(#5490),#5464,.T.);
#5490 = FACE_BOUND('',#5491,.T.);
#5491 = EDGE_LOOP('',(#5492,#5493,#5516,#5544));
#5492 = ORIENTED_EDGE('',*,*,#5448,.T.);
#5493 = ORIENTED_EDGE('',*,*,#5494,.T.);
#5494 = EDGE_CURVE('',#5426,#5495,#5497,.T.);
#5495 = VERTEX_POINT('',#5496);
#5496 = CARTESIAN_POINT('',(7.195121948295,41.9845031544,21.115617129978
    ));
#5497 = SURFACE_CURVE('',#5498,(#5502,#5509),.PCURVE_S1.);
#5498 = LINE('',#5499,#5500);
#5499 = CARTESIAN_POINT('',(9.095121947522,43.080993691199,
    21.164079454647));
#5500 = VECTOR('',#5501,1.);
#5501 = DIRECTION('',(-0.865907869998,-0.499715676621,-2.20862675508E-02
    ));
#5502 = PCURVE('',#5464,#5503);
#5503 = DEFINITIONAL_REPRESENTATION('',(#5504),#5508);
#5504 = LINE('',#5505,#5506);
#5505 = CARTESIAN_POINT('',(0.,-0.6));
#5506 = VECTOR('',#5507,1.);
#5507 = DIRECTION('',(1.,0.));
#5508 = ( GEOMETRIC_REPRESENTATION_CONTEXT(2) 
PARAMETRIC_REPRESENTATION_CONTEXT() REPRESENTATION_CONTEXT('2D SPACE',''
  ) );
#5509 = PCURVE('',#5298,#5510);
#5510 = DEFINITIONAL_REPRESENTATION('',(#5511),#5515);
#5511 = LINE('',#5512,#5513);
#5512 = CARTESIAN_POINT('',(47.014859350494,9.095121947522));
#5513 = VECTOR('',#5514,1.);
#5514 = DIRECTION('',(0.500203519255,-0.865907869998));
#5515 = ( GEOMETRIC_REPRESENTATION_CONTEXT(2) 
PARAMETRIC_REPRESENTATION_CONTEXT() REPRESENTATION_CONTEXT('2D SPACE',''
  ) );
#5516 = ORIENTED_EDGE('',*,*,#5517,.F.);
#5517 = EDGE_CURVE('',#5518,#5495,#5520,.T.);
#5518 = VERTEX_POINT('',#5519);
#5519 = CARTESIAN_POINT('',(7.195121948295,42.010995891897,
    20.516202302951));
#5520 = SURFACE_CURVE('',#5521,(#5525,#5532),.PCURVE_S1.);
#5521 = LINE('',#5522,#5523);
#5522 = CARTESIAN_POINT('',(7.195121948295,42.010995891897,
    20.516202302951));
#5523 = VECTOR('',#5524,1.);
#5524 = DIRECTION('',(0.,-4.415456249432E-02,0.999024711712));
#5525 = PCURVE('',#5464,#5526);
#5526 = DEFINITIONAL_REPRESENTATION('',(#5527),#5531);
#5527 = LINE('',#5528,#5529);
#5528 = CARTESIAN_POINT('',(2.194228814702,0.));
#5529 = VECTOR('',#5530,1.);
#5530 = DIRECTION('',(0.,-1.));
#5531 = ( GEOMETRIC_REPRESENTATION_CONTEXT(2) 
PARAMETRIC_REPRESENTATION_CONTEXT() REPRESENTATION_CONTEXT('2D SPACE',''
  ) );
#5532 = PCURVE('',#5533,#5538);
#5533 = PLANE('',#5534);
#5534 = AXIS2_PLACEMENT_3D('',#5535,#5536,#5537);
#5535 = CARTESIAN_POINT('',(7.195121948295,42.010995891897,
    20.516202302951));
#5536 = DIRECTION('',(-0.500203519255,-0.865063360194,
    -3.823378316017E-02));
#5537 = DIRECTION('',(-0.865907869998,0.499715676621,2.20862675508E-02)
  );
#5538 = DEFINITIONAL_REPRESENTATION('',(#5539),#5543);
#5539 = LINE('',#5540,#5541);
#5540 = CARTESIAN_POINT('',(0.,0.));
#5541 = VECTOR('',#5542,1.);
#5542 = DIRECTION('',(0.,-1.));
#5543 = ( GEOMETRIC_REPRESENTATION_CONTEXT(2) 
PARAMETRIC_REPRESENTATION_CONTEXT() REPRESENTATION_CONTEXT('2D SPACE',''
  ) );
#5544 = ORIENTED_EDGE('',*,*,#5545,.F.);
#5545 = EDGE_CURVE('',#5449,#5518,#5546,.T.);
#5546 = SURFACE_CURVE('',#5547,(#5551),.PCURVE_S1.);
#5547 = LINE('',#5548,#5549);
#5548 = CARTESIAN_POINT('',(9.095121947522,43.107486428696,
    20.56466462762));
#5549 = VECTOR('',#5550,1.);
#5550 = DIRECTION('',(-0.865907869998,-0.499715676621,-2.20862675508E-02
    ));
#5551 = PCURVE('',#5464,#5552);
#5552 = DEFINITIONAL_REPRESENTATION('',(#5553),#5557);
#5553 = LINE('',#5554,#5555);
#5554 = CARTESIAN_POINT('',(0.,0.));
#5555 = VECTOR('',#5556,1.);
#5556 = DIRECTION('',(1.,0.));
#5557 = ( GEOMETRIC_REPRESENTATION_CONTEXT(2) 
PARAMETRIC_REPRESENTATION_CONTEXT() REPRESENTATION_CONTEXT('2D SPACE',''
  ) );
#5558 = ADVANCED_FACE('',(#5559),#5533,.T.);
#5559 = FACE_BOUND('',#5560,.T.);
#5560 = EDGE_LOOP('',(#5561,#5562,#5585,#5608));
#5561 = ORIENTED_EDGE('',*,*,#5517,.T.);
#5562 = ORIENTED_EDGE('',*,*,#5563,.T.);
#5563 = EDGE_CURVE('',#5495,#5564,#5566,.T.);
#5564 = VERTEX_POINT('',#5565);
#5565 = CARTESIAN_POINT('',(5.295121949067,43.080993691199,
    21.164079454647));
#5566 = SURFACE_CURVE('',#5567,(#5571,#5578),.PCURVE_S1.);
#5567 = LINE('',#5568,#5569);
#5568 = CARTESIAN_POINT('',(7.195121948295,41.9845031544,21.115617129978
    ));
#5569 = VECTOR('',#5570,1.);
#5570 = DIRECTION('',(-0.865907869998,0.499715676621,2.20862675508E-02)
  );
#5571 = PCURVE('',#5533,#5572);
#5572 = DEFINITIONAL_REPRESENTATION('',(#5573),#5577);
#5573 = LINE('',#5574,#5575);
#5574 = CARTESIAN_POINT('',(0.,-0.6));
#5575 = VECTOR('',#5576,1.);
#5576 = DIRECTION('',(1.,0.));
#5577 = ( GEOMETRIC_REPRESENTATION_CONTEXT(2) 
PARAMETRIC_REPRESENTATION_CONTEXT() REPRESENTATION_CONTEXT('2D SPACE',''
  ) );
#5578 = PCURVE('',#5298,#5579);
#5579 = DEFINITIONAL_REPRESENTATION('',(#5580),#5584);
#5580 = LINE('',#5581,#5582);
#5581 = CARTESIAN_POINT('',(48.112420325658,7.195121948295));
#5582 = VECTOR('',#5583,1.);
#5583 = DIRECTION('',(-0.500203519255,-0.865907869998));
#5584 = ( GEOMETRIC_REPRESENTATION_CONTEXT(2) 
PARAMETRIC_REPRESENTATION_CONTEXT() REPRESENTATION_CONTEXT('2D SPACE',''
  ) );
#5585 = ORIENTED_EDGE('',*,*,#5586,.F.);
#5586 = EDGE_CURVE('',#5587,#5564,#5589,.T.);
#5587 = VERTEX_POINT('',#5588);
#5588 = CARTESIAN_POINT('',(5.295121949067,43.107486428696,
    20.56466462762));
#5589 = SURFACE_CURVE('',#5590,(#5594,#5601),.PCURVE_S1.);
#5590 = LINE('',#5591,#5592);
#5591 = CARTESIAN_POINT('',(5.295121949067,43.107486428696,
    20.56466462762));
#5592 = VECTOR('',#5593,1.);
#5593 = DIRECTION('',(0.,-4.415456249432E-02,0.999024711712));
#5594 = PCURVE('',#5533,#5595);
#5595 = DEFINITIONAL_REPRESENTATION('',(#5596),#5600);
#5596 = LINE('',#5597,#5598);
#5597 = CARTESIAN_POINT('',(2.194228814702,0.));
#5598 = VECTOR('',#5599,1.);
#5599 = DIRECTION('',(0.,-1.));
#5600 = ( GEOMETRIC_REPRESENTATION_CONTEXT(2) 
PARAMETRIC_REPRESENTATION_CONTEXT() REPRESENTATION_CONTEXT('2D SPACE',''
  ) );
#5601 = PCURVE('',#5270,#5602);
#5602 = DEFINITIONAL_REPRESENTATION('',(#5603),#5607);
#5603 = LINE('',#5604,#5605);
#5604 = CARTESIAN_POINT('',(0.,0.));
#5605 = VECTOR('',#5606,1.);
#5606 = DIRECTION('',(0.,-1.));
#5607 = ( GEOMETRIC_REPRESENTATION_CONTEXT(2) 
PARAMETRIC_REPRESENTATION_CONTEXT() REPRESENTATION_CONTEXT('2D SPACE',''
  ) );
#5608 = ORIENTED_EDGE('',*,*,#5609,.F.);
#5609 = EDGE_CURVE('',#5518,#5587,#5610,.T.);
#5610 = SURFACE_CURVE('',#5611,(#5615),.PCURVE_S1.);
#5611 = LINE('',#5612,#5613);
#5612 = CARTESIAN_POINT('',(7.195121948295,42.010995891897,
    20.516202302951));
#5613 = VECTOR('',#5614,1.);
#5614 = DIRECTION('',(-0.865907869998,0.499715676621,2.20862675508E-02)
  );
#5615 = PCURVE('',#5533,#5616);
#5616 = DEFINITIONAL_REPRESENTATION('',(#5617),#5621);
#5617 = LINE('',#5618,#5619);
#5618 = CARTESIAN_POINT('',(0.,0.));
#5619 = VECTOR('',#5620,1.);
#5620 = DIRECTION('',(1.,0.));
#5621 = ( GEOMETRIC_REPRESENTATION_CONTEXT(2) 
PARAMETRIC_REPRESENTATION_CONTEXT() REPRESENTATION_CONTEXT('2D SPACE',''
  ) );
#5622 = ADVANCED_FACE('',(#5623),#5270,.T.);
#5623 = FACE_BOUND('',#5624,.T.);
#5624 = EDGE_LOOP('',(#5625,#5626,#5647,#5648));
#5625 = ORIENTED_EDGE('',*,*,#5586,.T.);
#5626 = ORIENTED_EDGE('',*,*,#5627,.T.);
#5627 = EDGE_CURVE('',#5564,#5250,#5628,.T.);
#5628 = SURFACE_CURVE('',#5629,(#5633,#5640),.PCURVE_S1.);
#5629 = LINE('',#5630,#5631);
#5630 = CARTESIAN_POINT('',(5.295121949067,43.080993691199,
    21.164079454647));
#5631 = VECTOR('',#5632,1.);
#5632 = DIRECTION('',(1.224646799147E-16,0.999024711712,
    4.415456249432E-02));
#5633 = PCURVE('',#5270,#5634);
#5634 = DEFINITIONAL_REPRESENTATION('',(#5635),#5639);
#5635 = LINE('',#5636,#5637);
#5636 = CARTESIAN_POINT('',(0.,-0.6));
#5637 = VECTOR('',#5638,1.);
#5638 = DIRECTION('',(1.,0.));
#5639 = ( GEOMETRIC_REPRESENTATION_CONTEXT(2) 
PARAMETRIC_REPRESENTATION_CONTEXT() REPRESENTATION_CONTEXT('2D SPACE',''
  ) );
#5640 = PCURVE('',#5298,#5641);
#5641 = DEFINITIONAL_REPRESENTATION('',(#5642),#5646);
#5642 = LINE('',#5643,#5644);
#5643 = CARTESIAN_POINT('',(47.014859350494,5.295121949067));
#5644 = VECTOR('',#5645,1.);
#5645 = DIRECTION('',(-1.,1.224646799147E-16));
#5646 = ( GEOMETRIC_REPRESENTATION_CONTEXT(2) 
PARAMETRIC_REPRESENTATION_CONTEXT() REPRESENTATION_CONTEXT('2D SPACE',''
  ) );
#5647 = ORIENTED_EDGE('',*,*,#5247,.F.);
#5648 = ORIENTED_EDGE('',*,*,#5649,.F.);
#5649 = EDGE_CURVE('',#5587,#5248,#5650,.T.);
#5650 = SURFACE_CURVE('',#5651,(#5655),.PCURVE_S1.);
#5651 = LINE('',#5652,#5653);
#5652 = CARTESIAN_POINT('',(5.295121949067,43.107486428696,
    20.56466462762));
#5653 = VECTOR('',#5654,1.);
#5654 = DIRECTION('',(1.224646799147E-16,0.999024711712,
    4.415456249432E-02));
#5655 = PCURVE('',#5270,#5656);
#5656 = DEFINITIONAL_REPRESENTATION('',(#5657),#5661);
#5657 = LINE('',#5658,#5659);
#5658 = CARTESIAN_POINT('',(0.,0.));
#5659 = VECTOR('',#5660,1.);
#5660 = DIRECTION('',(1.,0.));
#5661 = ( GEOMETRIC_REPRESENTATION_CONTEXT(2) 
PARAMETRIC_REPRESENTATION_CONTEXT() REPRESENTATION_CONTEXT('2D SPACE',''
  ) );
#5662 = ADVANCED_FACE('',(#5663),#5677,.F.);
#5663 = FACE_BOUND('',#5664,.F.);
#5664 = EDGE_LOOP('',(#5665,#5702,#5730,#5753));
#5665 = ORIENTED_EDGE('',*,*,#5666,.T.);
#5666 = EDGE_CURVE('',#5667,#5669,#5671,.T.);
#5667 = VERTEX_POINT('',#5668);
#5668 = CARTESIAN_POINT('',(-7.163626878347,40.749287066009,
    20.460437715199));
#5669 = VERTEX_POINT('',#5670);
#5670 = CARTESIAN_POINT('',(-7.163626878347,40.722794328512,
    21.059852542226));
#5671 = SURFACE_CURVE('',#5672,(#5676,#5690),.PCURVE_S1.);
#5672 = LINE('',#5673,#5674);
#5673 = CARTESIAN_POINT('',(-7.163626878347,40.749287066009,
    20.460437715199));
#5674 = VECTOR('',#5675,1.);
#5675 = DIRECTION('',(0.,-4.415456249432E-02,0.999024711712));
#5676 = PCURVE('',#5677,#5684);
#5677 = SURFACE_OF_LINEAR_EXTRUSION('',#5678,#5682);
#5678 = B_SPLINE_CURVE_WITH_KNOTS('',2,(#5679,#5680,#5681),
  .UNSPECIFIED.,.F.,.F.,(3,3),(0.,1.),.PIECEWISE_BEZIER_KNOTS.);
#5679 = CARTESIAN_POINT('',(-2.80487804764,37.990530590301,
    20.338507112497));
#5680 = CARTESIAN_POINT('',(-13.0487804825,42.863821864963,
    20.553895222138));
#5681 = CARTESIAN_POINT('',(-13.0487804825,54.559720924152,
    21.070826685276));
#5682 = VECTOR('',#5683,1.);
#5683 = DIRECTION('',(0.,4.415456249432E-02,-0.999024711712));
#5684 = DEFINITIONAL_REPRESENTATION('',(#5685),#5689);
#5685 = LINE('',#5686,#5687);
#5686 = CARTESIAN_POINT('',(0.242040179058,0.));
#5687 = VECTOR('',#5688,1.);
#5688 = DIRECTION('',(0.,-1.));
#5689 = ( GEOMETRIC_REPRESENTATION_CONTEXT(2) 
PARAMETRIC_REPRESENTATION_CONTEXT() REPRESENTATION_CONTEXT('2D SPACE',''
  ) );
#5690 = PCURVE('',#5691,#5696);
#5691 = CYLINDRICAL_SURFACE('',#5692,3.170731706028);
#5692 = AXIS2_PLACEMENT_3D('',#5693,#5694,#5695);
#5693 = CARTESIAN_POINT('',(-10.12195121539,41.88916361003,
    20.51081760021));
#5694 = DIRECTION('',(0.,4.415456249432E-02,-0.999024711712));
#5695 = DIRECTION('',(-0.195529908087,0.979741275861,4.330227959939E-02)
  );
#5696 = DEFINITIONAL_REPRESENTATION('',(#5697),#5701);
#5697 = LINE('',#5698,#5699);
#5698 = CARTESIAN_POINT('',(-4.147483584721,0.));
#5699 = VECTOR('',#5700,1.);
#5700 = DIRECTION('',(-0.,-1.));
#5701 = ( GEOMETRIC_REPRESENTATION_CONTEXT(2) 
PARAMETRIC_REPRESENTATION_CONTEXT() REPRESENTATION_CONTEXT('2D SPACE',''
  ) );
#5702 = ORIENTED_EDGE('',*,*,#5703,.T.);
#5703 = EDGE_CURVE('',#5669,#5704,#5706,.T.);
#5704 = VERTEX_POINT('',#5705);
#5705 = CARTESIAN_POINT('',(-10.74192409444,44.969167599609,
    21.247532338106));
#5706 = SURFACE_CURVE('',#5707,(#5711,#5718),.PCURVE_S1.);
#5707 = B_SPLINE_CURVE_WITH_KNOTS('',2,(#5708,#5709,#5710),
  .UNSPECIFIED.,.F.,.F.,(3,3),(0.,1.),.PIECEWISE_BEZIER_KNOTS.);
#5708 = CARTESIAN_POINT('',(-2.80487804764,37.964037852804,
    20.937921939524));
#5709 = CARTESIAN_POINT('',(-13.0487804825,42.837329127466,
    21.153310049165));
#5710 = CARTESIAN_POINT('',(-13.0487804825,54.533228186655,
    21.670241512303));
#5711 = PCURVE('',#5677,#5712);
#5712 = DEFINITIONAL_REPRESENTATION('',(#5713),#5717);
#5713 = LINE('',#5714,#5715);
#5714 = CARTESIAN_POINT('',(0.,-0.6));
#5715 = VECTOR('',#5716,1.);
#5716 = DIRECTION('',(1.,0.));
#5717 = ( GEOMETRIC_REPRESENTATION_CONTEXT(2) 
PARAMETRIC_REPRESENTATION_CONTEXT() REPRESENTATION_CONTEXT('2D SPACE',''
  ) );
#5718 = PCURVE('',#5719,#5724);
#5719 = PLANE('',#5720);
#5720 = AXIS2_PLACEMENT_3D('',#5721,#5722,#5723);
#5721 = CARTESIAN_POINT('',(0.,90.05,23.24));
#5722 = DIRECTION('',(0.,-4.415456249432E-02,0.999024711712));
#5723 = DIRECTION('',(0.,-0.999024711712,-4.415456249432E-02));
#5724 = DEFINITIONAL_REPRESENTATION('',(#5725),#5729);
#5725 = B_SPLINE_CURVE_WITH_KNOTS('',2,(#5726,#5727,#5728),
  .UNSPECIFIED.,.F.,.F.,(3,3),(0.,1.),.PIECEWISE_BEZIER_KNOTS.);
#5726 = CARTESIAN_POINT('',(52.136810567925,-2.80487804764));
#5727 = CARTESIAN_POINT('',(47.25876178942,-13.0487804825));
#5728 = CARTESIAN_POINT('',(35.551444721008,-13.0487804825));
#5729 = ( GEOMETRIC_REPRESENTATION_CONTEXT(2) 
PARAMETRIC_REPRESENTATION_CONTEXT() REPRESENTATION_CONTEXT('2D SPACE',''
  ) );
#5730 = ORIENTED_EDGE('',*,*,#5731,.F.);
#5731 = EDGE_CURVE('',#5732,#5704,#5734,.T.);
#5732 = VERTEX_POINT('',#5733);
#5733 = CARTESIAN_POINT('',(-10.74192409444,44.995660337106,
    20.648117511079));
#5734 = SURFACE_CURVE('',#5735,(#5739,#5746),.PCURVE_S1.);
#5735 = LINE('',#5736,#5737);
#5736 = CARTESIAN_POINT('',(-10.74192409444,44.995660337106,
    20.648117511079));
#5737 = VECTOR('',#5738,1.);
#5738 = DIRECTION('',(0.,-4.415456249432E-02,0.999024711712));
#5739 = PCURVE('',#5677,#5740);
#5740 = DEFINITIONAL_REPRESENTATION('',(#5741),#5745);
#5741 = LINE('',#5742,#5743);
#5742 = CARTESIAN_POINT('',(0.525454824398,0.));
#5743 = VECTOR('',#5744,1.);
#5744 = DIRECTION('',(0.,-1.));
#5745 = ( GEOMETRIC_REPRESENTATION_CONTEXT(2) 
PARAMETRIC_REPRESENTATION_CONTEXT() REPRESENTATION_CONTEXT('2D SPACE',''
  ) );
#5746 = PCURVE('',#5691,#5747);
#5747 = DEFINITIONAL_REPRESENTATION('',(#5748),#5752);
#5748 = LINE('',#5749,#5750);
#5749 = CARTESIAN_POINT('',(-0.,0.));
#5750 = VECTOR('',#5751,1.);
#5751 = DIRECTION('',(-0.,-1.));
#5752 = ( GEOMETRIC_REPRESENTATION_CONTEXT(2) 
PARAMETRIC_REPRESENTATION_CONTEXT() REPRESENTATION_CONTEXT('2D SPACE',''
  ) );
#5753 = ORIENTED_EDGE('',*,*,#5754,.F.);
#5754 = EDGE_CURVE('',#5667,#5732,#5755,.T.);
#5755 = SURFACE_CURVE('',#5756,(#5760),.PCURVE_S1.);
#5756 = B_SPLINE_CURVE_WITH_KNOTS('',2,(#5757,#5758,#5759),
  .UNSPECIFIED.,.F.,.F.,(3,3),(0.,1.),.PIECEWISE_BEZIER_KNOTS.);
#5757 = CARTESIAN_POINT('',(-2.80487804764,37.990530590301,
    20.338507112497));
#5758 = CARTESIAN_POINT('',(-13.0487804825,42.863821864963,
    20.553895222138));
#5759 = CARTESIAN_POINT('',(-13.0487804825,54.559720924152,
    21.070826685276));
#5760 = PCURVE('',#5677,#5761);
#5761 = DEFINITIONAL_REPRESENTATION('',(#5762),#5766);
#5762 = LINE('',#5763,#5764);
#5763 = CARTESIAN_POINT('',(0.,0.));
#5764 = VECTOR('',#5765,1.);
#5765 = DIRECTION('',(1.,0.));
#5766 = ( GEOMETRIC_REPRESENTATION_CONTEXT(2) 
PARAMETRIC_REPRESENTATION_CONTEXT() REPRESENTATION_CONTEXT('2D SPACE',''
  ) );
#5767 = ADVANCED_FACE('',(#5768),#5691,.T.);
#5768 = FACE_BOUND('',#5769,.F.);
#5769 = EDGE_LOOP('',(#5770,#5771,#5793,#5794));
#5770 = ORIENTED_EDGE('',*,*,#5731,.T.);
#5771 = ORIENTED_EDGE('',*,*,#5772,.T.);
#5772 = EDGE_CURVE('',#5704,#5669,#5773,.T.);
#5773 = SURFACE_CURVE('',#5774,(#5779,#5786),.PCURVE_S1.);
#5774 = CIRCLE('',#5775,3.170731706028);
#5775 = AXIS2_PLACEMENT_3D('',#5776,#5777,#5778);
#5776 = CARTESIAN_POINT('',(-10.12195121539,41.862670872534,
    21.110232427237));
#5777 = DIRECTION('',(-1.096503410322E-19,-4.415456249432E-02,
    0.999024711712));
#5778 = DIRECTION('',(-0.195529908087,0.979741275861,4.330227959939E-02)
  );
#5779 = PCURVE('',#5691,#5780);
#5780 = DEFINITIONAL_REPRESENTATION('',(#5781),#5785);
#5781 = LINE('',#5782,#5783);
#5782 = CARTESIAN_POINT('',(-0.,-0.6));
#5783 = VECTOR('',#5784,1.);
#5784 = DIRECTION('',(-1.,0.));
#5785 = ( GEOMETRIC_REPRESENTATION_CONTEXT(2) 
PARAMETRIC_REPRESENTATION_CONTEXT() REPRESENTATION_CONTEXT('2D SPACE',''
  ) );
#5786 = PCURVE('',#5719,#5787);
#5787 = DEFINITIONAL_REPRESENTATION('',(#5788),#5792);
#5788 = CIRCLE('',#5789,3.170731706028);
#5789 = AXIS2_PLACEMENT_2D('',#5790,#5791);
#5790 = CARTESIAN_POINT('',(48.234371545121,-10.12195121539));
#5791 = DIRECTION('',(-0.98069773888,-0.195529908087));
#5792 = ( GEOMETRIC_REPRESENTATION_CONTEXT(2) 
PARAMETRIC_REPRESENTATION_CONTEXT() REPRESENTATION_CONTEXT('2D SPACE',''
  ) );
#5793 = ORIENTED_EDGE('',*,*,#5666,.F.);
#5794 = ORIENTED_EDGE('',*,*,#5795,.F.);
#5795 = EDGE_CURVE('',#5732,#5667,#5796,.T.);
#5796 = SURFACE_CURVE('',#5797,(#5802),.PCURVE_S1.);
#5797 = CIRCLE('',#5798,3.170731706028);
#5798 = AXIS2_PLACEMENT_3D('',#5799,#5800,#5801);
#5799 = CARTESIAN_POINT('',(-10.12195121539,41.88916361003,
    20.51081760021));
#5800 = DIRECTION('',(-1.096503410322E-19,-4.415456249432E-02,
    0.999024711712));
#5801 = DIRECTION('',(-0.195529908087,0.979741275861,4.330227959939E-02)
  );
#5802 = PCURVE('',#5691,#5803);
#5803 = DEFINITIONAL_REPRESENTATION('',(#5804),#5808);
#5804 = LINE('',#5805,#5806);
#5805 = CARTESIAN_POINT('',(-0.,0.));
#5806 = VECTOR('',#5807,1.);
#5807 = DIRECTION('',(-1.,0.));
#5808 = ( GEOMETRIC_REPRESENTATION_CONTEXT(2) 
PARAMETRIC_REPRESENTATION_CONTEXT() REPRESENTATION_CONTEXT('2D SPACE',''
  ) );
#5809 = ADVANCED_FACE('',(#5810),#5824,.T.);
#5810 = FACE_BOUND('',#5811,.T.);
#5811 = EDGE_LOOP('',(#5812,#5847,#5875,#5903));
#5812 = ORIENTED_EDGE('',*,*,#5813,.T.);
#5813 = EDGE_CURVE('',#5814,#5816,#5818,.T.);
#5814 = VERTEX_POINT('',#5815);
#5815 = CARTESIAN_POINT('',(4.451219510386,60.894999581213,
    21.350831227809));
#5816 = VERTEX_POINT('',#5817);
#5817 = CARTESIAN_POINT('',(4.451219510386,60.868506843716,
    21.950246054836));
#5818 = SURFACE_CURVE('',#5819,(#5823,#5835),.PCURVE_S1.);
#5819 = LINE('',#5820,#5821);
#5820 = CARTESIAN_POINT('',(4.451219510386,60.894999581213,
    21.350831227809));
#5821 = VECTOR('',#5822,1.);
#5822 = DIRECTION('',(0.,-4.415456249432E-02,0.999024711712));
#5823 = PCURVE('',#5824,#5829);
#5824 = PLANE('',#5825);
#5825 = AXIS2_PLACEMENT_3D('',#5826,#5827,#5828);
#5826 = CARTESIAN_POINT('',(4.451219510386,60.894999581213,
    21.350831227809));
#5827 = DIRECTION('',(1.,-1.223452415467E-16,-5.407374362642E-18));
#5828 = DIRECTION('',(-1.224646799147E-16,-0.999024711712,
    -4.415456249432E-02));
#5829 = DEFINITIONAL_REPRESENTATION('',(#5830),#5834);
#5830 = LINE('',#5831,#5832);
#5831 = CARTESIAN_POINT('',(0.,0.));
#5832 = VECTOR('',#5833,1.);
#5833 = DIRECTION('',(0.,-1.));
#5834 = ( GEOMETRIC_REPRESENTATION_CONTEXT(2) 
PARAMETRIC_REPRESENTATION_CONTEXT() REPRESENTATION_CONTEXT('2D SPACE',''
  ) );
#5835 = PCURVE('',#5836,#5841);
#5836 = CYLINDRICAL_SURFACE('',#5837,0.426829268119);
#5837 = AXIS2_PLACEMENT_3D('',#5838,#5839,#5840);
#5838 = CARTESIAN_POINT('',(4.024390242267,60.894999581213,
    21.350831227809));
#5839 = DIRECTION('',(0.,4.415456249432E-02,-0.999024711712));
#5840 = DIRECTION('',(-1.224646799147E-16,-0.999024711712,
    -4.415456249432E-02));
#5841 = DEFINITIONAL_REPRESENTATION('',(#5842),#5846);
#5842 = LINE('',#5843,#5844);
#5843 = CARTESIAN_POINT('',(-1.570796326795,0.));
#5844 = VECTOR('',#5845,1.);
#5845 = DIRECTION('',(-0.,-1.));
#5846 = ( GEOMETRIC_REPRESENTATION_CONTEXT(2) 
PARAMETRIC_REPRESENTATION_CONTEXT() REPRESENTATION_CONTEXT('2D SPACE',''
  ) );
#5847 = ORIENTED_EDGE('',*,*,#5848,.T.);
#5848 = EDGE_CURVE('',#5816,#5849,#5851,.T.);
#5849 = VERTEX_POINT('',#5850);
#5850 = CARTESIAN_POINT('',(4.451219510386,51.121924294392,
    21.519469835554));
#5851 = SURFACE_CURVE('',#5852,(#5856,#5863),.PCURVE_S1.);
#5852 = LINE('',#5853,#5854);
#5853 = CARTESIAN_POINT('',(4.451219510386,60.868506843716,
    21.950246054836));
#5854 = VECTOR('',#5855,1.);
#5855 = DIRECTION('',(-1.224646799147E-16,-0.999024711712,
    -4.415456249432E-02));
#5856 = PCURVE('',#5824,#5857);
#5857 = DEFINITIONAL_REPRESENTATION('',(#5858),#5862);
#5858 = LINE('',#5859,#5860);
#5859 = CARTESIAN_POINT('',(0.,-0.6));
#5860 = VECTOR('',#5861,1.);
#5861 = DIRECTION('',(1.,0.));
#5862 = ( GEOMETRIC_REPRESENTATION_CONTEXT(2) 
PARAMETRIC_REPRESENTATION_CONTEXT() REPRESENTATION_CONTEXT('2D SPACE',''
  ) );
#5863 = PCURVE('',#5864,#5869);
#5864 = PLANE('',#5865);
#5865 = AXIS2_PLACEMENT_3D('',#5866,#5867,#5868);
#5866 = CARTESIAN_POINT('',(0.,90.05,23.24));
#5867 = DIRECTION('',(0.,-4.415456249432E-02,0.999024711712));
#5868 = DIRECTION('',(0.,-0.999024711712,-4.415456249432E-02));
#5869 = DEFINITIONAL_REPRESENTATION('',(#5870),#5874);
#5870 = LINE('',#5871,#5872);
#5871 = CARTESIAN_POINT('',(29.209981308952,4.451219510386));
#5872 = VECTOR('',#5873,1.);
#5873 = DIRECTION('',(1.,-1.224646799147E-16));
#5874 = ( GEOMETRIC_REPRESENTATION_CONTEXT(2) 
PARAMETRIC_REPRESENTATION_CONTEXT() REPRESENTATION_CONTEXT('2D SPACE',''
  ) );
#5875 = ORIENTED_EDGE('',*,*,#5876,.F.);
#5876 = EDGE_CURVE('',#5877,#5849,#5879,.T.);
#5877 = VERTEX_POINT('',#5878);
#5878 = CARTESIAN_POINT('',(4.451219510386,51.148417031888,
    20.920055008527));
#5879 = SURFACE_CURVE('',#5880,(#5884,#5891),.PCURVE_S1.);
#5880 = LINE('',#5881,#5882);
#5881 = CARTESIAN_POINT('',(4.451219510386,51.148417031888,
    20.920055008527));
#5882 = VECTOR('',#5883,1.);
#5883 = DIRECTION('',(0.,-4.415456249432E-02,0.999024711712));
#5884 = PCURVE('',#5824,#5885);
#5885 = DEFINITIONAL_REPRESENTATION('',(#5886),#5890);
#5886 = LINE('',#5887,#5888);
#5887 = CARTESIAN_POINT('',(9.75609755701,0.));
#5888 = VECTOR('',#5889,1.);
#5889 = DIRECTION('',(0.,-1.));
#5890 = ( GEOMETRIC_REPRESENTATION_CONTEXT(2) 
PARAMETRIC_REPRESENTATION_CONTEXT() REPRESENTATION_CONTEXT('2D SPACE',''
  ) );
#5891 = PCURVE('',#5892,#5897);
#5892 = CYLINDRICAL_SURFACE('',#5893,0.426829268119);
#5893 = AXIS2_PLACEMENT_3D('',#5894,#5895,#5896);
#5894 = CARTESIAN_POINT('',(4.024390242267,51.148417031888,
    20.920055008527));
#5895 = DIRECTION('',(0.,4.415456249432E-02,-0.999024711712));
#5896 = DIRECTION('',(1.224646799147E-16,0.999024711712,
    4.415456249432E-02));
#5897 = DEFINITIONAL_REPRESENTATION('',(#5898),#5902);
#5898 = LINE('',#5899,#5900);
#5899 = CARTESIAN_POINT('',(-4.712388980385,0.));
#5900 = VECTOR('',#5901,1.);
#5901 = DIRECTION('',(-0.,-1.));
#5902 = ( GEOMETRIC_REPRESENTATION_CONTEXT(2) 
PARAMETRIC_REPRESENTATION_CONTEXT() REPRESENTATION_CONTEXT('2D SPACE',''
  ) );
#5903 = ORIENTED_EDGE('',*,*,#5904,.F.);
#5904 = EDGE_CURVE('',#5814,#5877,#5905,.T.);
#5905 = SURFACE_CURVE('',#5906,(#5910),.PCURVE_S1.);
#5906 = LINE('',#5907,#5908);
#5907 = CARTESIAN_POINT('',(4.451219510386,60.894999581213,
    21.350831227809));
#5908 = VECTOR('',#5909,1.);
#5909 = DIRECTION('',(-1.224646799147E-16,-0.999024711712,
    -4.415456249432E-02));
#5910 = PCURVE('',#5824,#5911);
#5911 = DEFINITIONAL_REPRESENTATION('',(#5912),#5916);
#5912 = LINE('',#5913,#5914);
#5913 = CARTESIAN_POINT('',(0.,0.));
#5914 = VECTOR('',#5915,1.);
#5915 = DIRECTION('',(1.,0.));
#5916 = ( GEOMETRIC_REPRESENTATION_CONTEXT(2) 
PARAMETRIC_REPRESENTATION_CONTEXT() REPRESENTATION_CONTEXT('2D SPACE',''
  ) );
#5917 = ADVANCED_FACE('',(#5918),#5892,.T.);
#5918 = FACE_BOUND('',#5919,.F.);
#5919 = EDGE_LOOP('',(#5920,#5950,#5972,#5973));
#5920 = ORIENTED_EDGE('',*,*,#5921,.T.);
#5921 = EDGE_CURVE('',#5922,#5924,#5926,.T.);
#5922 = VERTEX_POINT('',#5923);
#5923 = CARTESIAN_POINT('',(3.597560974147,51.148417031888,
    20.920055008527));
#5924 = VERTEX_POINT('',#5925);
#5925 = CARTESIAN_POINT('',(3.597560974147,51.121924294392,
    21.519469835554));
#5926 = SURFACE_CURVE('',#5927,(#5931,#5938),.PCURVE_S1.);
#5927 = LINE('',#5928,#5929);
#5928 = CARTESIAN_POINT('',(3.597560974147,51.148417031888,
    20.920055008527));
#5929 = VECTOR('',#5930,1.);
#5930 = DIRECTION('',(0.,-4.415456249432E-02,0.999024711712));
#5931 = PCURVE('',#5892,#5932);
#5932 = DEFINITIONAL_REPRESENTATION('',(#5933),#5937);
#5933 = LINE('',#5934,#5935);
#5934 = CARTESIAN_POINT('',(-1.570796326795,0.));
#5935 = VECTOR('',#5936,1.);
#5936 = DIRECTION('',(-0.,-1.));
#5937 = ( GEOMETRIC_REPRESENTATION_CONTEXT(2) 
PARAMETRIC_REPRESENTATION_CONTEXT() REPRESENTATION_CONTEXT('2D SPACE',''
  ) );
#5938 = PCURVE('',#5939,#5944);
#5939 = PLANE('',#5940);
#5940 = AXIS2_PLACEMENT_3D('',#5941,#5942,#5943);
#5941 = CARTESIAN_POINT('',(3.597560974147,51.148417031888,
    20.920055008527));
#5942 = DIRECTION('',(-1.,1.223452415467E-16,5.407374362642E-18));
#5943 = DIRECTION('',(1.224646799147E-16,0.999024711712,
    4.415456249432E-02));
#5944 = DEFINITIONAL_REPRESENTATION('',(#5945),#5949);
#5945 = LINE('',#5946,#5947);
#5946 = CARTESIAN_POINT('',(0.,0.));
#5947 = VECTOR('',#5948,1.);
#5948 = DIRECTION('',(0.,-1.));
#5949 = ( GEOMETRIC_REPRESENTATION_CONTEXT(2) 
PARAMETRIC_REPRESENTATION_CONTEXT() REPRESENTATION_CONTEXT('2D SPACE',''
  ) );
#5950 = ORIENTED_EDGE('',*,*,#5951,.T.);
#5951 = EDGE_CURVE('',#5924,#5849,#5952,.T.);
#5952 = SURFACE_CURVE('',#5953,(#5958,#5965),.PCURVE_S1.);
#5953 = CIRCLE('',#5954,0.426829268119);
#5954 = AXIS2_PLACEMENT_3D('',#5955,#5956,#5957);
#5955 = CARTESIAN_POINT('',(4.024390242267,51.121924294392,
    21.519469835554));
#5956 = DIRECTION('',(-1.591637599649E-34,-4.415456249432E-02,
    0.999024711712));
#5957 = DIRECTION('',(1.224646799147E-16,0.999024711712,
    4.415456249432E-02));
#5958 = PCURVE('',#5892,#5959);
#5959 = DEFINITIONAL_REPRESENTATION('',(#5960),#5964);
#5960 = LINE('',#5961,#5962);
#5961 = CARTESIAN_POINT('',(-0.,-0.6));
#5962 = VECTOR('',#5963,1.);
#5963 = DIRECTION('',(-1.,0.));
#5964 = ( GEOMETRIC_REPRESENTATION_CONTEXT(2) 
PARAMETRIC_REPRESENTATION_CONTEXT() REPRESENTATION_CONTEXT('2D SPACE',''
  ) );
#5965 = PCURVE('',#5864,#5966);
#5966 = DEFINITIONAL_REPRESENTATION('',(#5967),#5971);
#5967 = CIRCLE('',#5968,0.426829268119);
#5968 = AXIS2_PLACEMENT_2D('',#5969,#5970);
#5969 = CARTESIAN_POINT('',(38.966078865961,4.024390242267));
#5970 = DIRECTION('',(-1.,1.224646799147E-16));
#5971 = ( GEOMETRIC_REPRESENTATION_CONTEXT(2) 
PARAMETRIC_REPRESENTATION_CONTEXT() REPRESENTATION_CONTEXT('2D SPACE',''
  ) );
#5972 = ORIENTED_EDGE('',*,*,#5876,.F.);
#5973 = ORIENTED_EDGE('',*,*,#5974,.F.);
#5974 = EDGE_CURVE('',#5922,#5877,#5975,.T.);
#5975 = SURFACE_CURVE('',#5976,(#5981),.PCURVE_S1.);
#5976 = CIRCLE('',#5977,0.426829268119);
#5977 = AXIS2_PLACEMENT_3D('',#5978,#5979,#5980);
#5978 = CARTESIAN_POINT('',(4.024390242267,51.148417031888,
    20.920055008527));
#5979 = DIRECTION('',(-1.591637599649E-34,-4.415456249432E-02,
    0.999024711712));
#5980 = DIRECTION('',(1.224646799147E-16,0.999024711712,
    4.415456249432E-02));
#5981 = PCURVE('',#5892,#5982);
#5982 = DEFINITIONAL_REPRESENTATION('',(#5983),#5987);
#5983 = LINE('',#5984,#5985);
#5984 = CARTESIAN_POINT('',(-0.,0.));
#5985 = VECTOR('',#5986,1.);
#5986 = DIRECTION('',(-1.,0.));
#5987 = ( GEOMETRIC_REPRESENTATION_CONTEXT(2) 
PARAMETRIC_REPRESENTATION_CONTEXT() REPRESENTATION_CONTEXT('2D SPACE',''
  ) );
#5988 = ADVANCED_FACE('',(#5989),#5939,.T.);
#5989 = FACE_BOUND('',#5990,.T.);
#5990 = EDGE_LOOP('',(#5991,#5992,#6015,#6038));
#5991 = ORIENTED_EDGE('',*,*,#5921,.T.);
#5992 = ORIENTED_EDGE('',*,*,#5993,.T.);
#5993 = EDGE_CURVE('',#5924,#5994,#5996,.T.);
#5994 = VERTEX_POINT('',#5995);
#5995 = CARTESIAN_POINT('',(3.597560974147,60.868506843716,
    21.950246054836));
#5996 = SURFACE_CURVE('',#5997,(#6001,#6008),.PCURVE_S1.);
#5997 = LINE('',#5998,#5999);
#5998 = CARTESIAN_POINT('',(3.597560974147,51.121924294392,
    21.519469835554));
#5999 = VECTOR('',#6000,1.);
#6000 = DIRECTION('',(1.224646799147E-16,0.999024711712,
    4.415456249432E-02));
#6001 = PCURVE('',#5939,#6002);
#6002 = DEFINITIONAL_REPRESENTATION('',(#6003),#6007);
#6003 = LINE('',#6004,#6005);
#6004 = CARTESIAN_POINT('',(0.,-0.6));
#6005 = VECTOR('',#6006,1.);
#6006 = DIRECTION('',(1.,0.));
#6007 = ( GEOMETRIC_REPRESENTATION_CONTEXT(2) 
PARAMETRIC_REPRESENTATION_CONTEXT() REPRESENTATION_CONTEXT('2D SPACE',''
  ) );
#6008 = PCURVE('',#5864,#6009);
#6009 = DEFINITIONAL_REPRESENTATION('',(#6010),#6014);
#6010 = LINE('',#6011,#6012);
#6011 = CARTESIAN_POINT('',(38.966078865961,3.597560974147));
#6012 = VECTOR('',#6013,1.);
#6013 = DIRECTION('',(-1.,1.224646799147E-16));
#6014 = ( GEOMETRIC_REPRESENTATION_CONTEXT(2) 
PARAMETRIC_REPRESENTATION_CONTEXT() REPRESENTATION_CONTEXT('2D SPACE',''
  ) );
#6015 = ORIENTED_EDGE('',*,*,#6016,.F.);
#6016 = EDGE_CURVE('',#6017,#5994,#6019,.T.);
#6017 = VERTEX_POINT('',#6018);
#6018 = CARTESIAN_POINT('',(3.597560974147,60.894999581213,
    21.350831227809));
#6019 = SURFACE_CURVE('',#6020,(#6024,#6031),.PCURVE_S1.);
#6020 = LINE('',#6021,#6022);
#6021 = CARTESIAN_POINT('',(3.597560974147,60.894999581213,
    21.350831227809));
#6022 = VECTOR('',#6023,1.);
#6023 = DIRECTION('',(0.,-4.415456249432E-02,0.999024711712));
#6024 = PCURVE('',#5939,#6025);
#6025 = DEFINITIONAL_REPRESENTATION('',(#6026),#6030);
#6026 = LINE('',#6027,#6028);
#6027 = CARTESIAN_POINT('',(9.75609755701,-0.));
#6028 = VECTOR('',#6029,1.);
#6029 = DIRECTION('',(0.,-1.));
#6030 = ( GEOMETRIC_REPRESENTATION_CONTEXT(2) 
PARAMETRIC_REPRESENTATION_CONTEXT() REPRESENTATION_CONTEXT('2D SPACE',''
  ) );
#6031 = PCURVE('',#5836,#6032);
#6032 = DEFINITIONAL_REPRESENTATION('',(#6033),#6037);
#6033 = LINE('',#6034,#6035);
#6034 = CARTESIAN_POINT('',(-4.712388980385,0.));
#6035 = VECTOR('',#6036,1.);
#6036 = DIRECTION('',(-0.,-1.));
#6037 = ( GEOMETRIC_REPRESENTATION_CONTEXT(2) 
PARAMETRIC_REPRESENTATION_CONTEXT() REPRESENTATION_CONTEXT('2D SPACE',''
  ) );
#6038 = ORIENTED_EDGE('',*,*,#6039,.F.);
#6039 = EDGE_CURVE('',#5922,#6017,#6040,.T.);
#6040 = SURFACE_CURVE('',#6041,(#6045),.PCURVE_S1.);
#6041 = LINE('',#6042,#6043);
#6042 = CARTESIAN_POINT('',(3.597560974147,51.148417031888,
    20.920055008527));
#6043 = VECTOR('',#6044,1.);
#6044 = DIRECTION('',(1.224646799147E-16,0.999024711712,
    4.415456249432E-02));
#6045 = PCURVE('',#5939,#6046);
#6046 = DEFINITIONAL_REPRESENTATION('',(#6047),#6051);
#6047 = LINE('',#6048,#6049);
#6048 = CARTESIAN_POINT('',(0.,0.));
#6049 = VECTOR('',#6050,1.);
#6050 = DIRECTION('',(1.,0.));
#6051 = ( GEOMETRIC_REPRESENTATION_CONTEXT(2) 
PARAMETRIC_REPRESENTATION_CONTEXT() REPRESENTATION_CONTEXT('2D SPACE',''
  ) );
#6052 = ADVANCED_FACE('',(#6053),#5836,.T.);
#6053 = FACE_BOUND('',#6054,.F.);
#6054 = EDGE_LOOP('',(#6055,#6056,#6078,#6079));
#6055 = ORIENTED_EDGE('',*,*,#5813,.T.);
#6056 = ORIENTED_EDGE('',*,*,#6057,.T.);
#6057 = EDGE_CURVE('',#5816,#5994,#6058,.T.);
#6058 = SURFACE_CURVE('',#6059,(#6064,#6071),.PCURVE_S1.);
#6059 = CIRCLE('',#6060,0.426829268119);
#6060 = AXIS2_PLACEMENT_3D('',#6061,#6062,#6063);
#6061 = CARTESIAN_POINT('',(4.024390242267,60.868506843716,
    21.950246054836));
#6062 = DIRECTION('',(-1.591637599649E-34,-4.415456249432E-02,
    0.999024711712));
#6063 = DIRECTION('',(-1.224646799147E-16,-0.999024711712,
    -4.415456249432E-02));
#6064 = PCURVE('',#5836,#6065);
#6065 = DEFINITIONAL_REPRESENTATION('',(#6066),#6070);
#6066 = LINE('',#6067,#6068);
#6067 = CARTESIAN_POINT('',(-0.,-0.6));
#6068 = VECTOR('',#6069,1.);
#6069 = DIRECTION('',(-1.,0.));
#6070 = ( GEOMETRIC_REPRESENTATION_CONTEXT(2) 
PARAMETRIC_REPRESENTATION_CONTEXT() REPRESENTATION_CONTEXT('2D SPACE',''
  ) );
#6071 = PCURVE('',#5864,#6072);
#6072 = DEFINITIONAL_REPRESENTATION('',(#6073),#6077);
#6073 = CIRCLE('',#6074,0.426829268119);
#6074 = AXIS2_PLACEMENT_2D('',#6075,#6076);
#6075 = CARTESIAN_POINT('',(29.209981308952,4.024390242267));
#6076 = DIRECTION('',(1.,-1.224646799147E-16));
#6077 = ( GEOMETRIC_REPRESENTATION_CONTEXT(2) 
PARAMETRIC_REPRESENTATION_CONTEXT() REPRESENTATION_CONTEXT('2D SPACE',''
  ) );
#6078 = ORIENTED_EDGE('',*,*,#6016,.F.);
#6079 = ORIENTED_EDGE('',*,*,#6080,.F.);
#6080 = EDGE_CURVE('',#5814,#6017,#6081,.T.);
#6081 = SURFACE_CURVE('',#6082,(#6087),.PCURVE_S1.);
#6082 = CIRCLE('',#6083,0.426829268119);
#6083 = AXIS2_PLACEMENT_3D('',#6084,#6085,#6086);
#6084 = CARTESIAN_POINT('',(4.024390242267,60.894999581213,
    21.350831227809));
#6085 = DIRECTION('',(-1.591637599649E-34,-4.415456249432E-02,
    0.999024711712));
#6086 = DIRECTION('',(-1.224646799147E-16,-0.999024711712,
    -4.415456249432E-02));
#6087 = PCURVE('',#5836,#6088);
#6088 = DEFINITIONAL_REPRESENTATION('',(#6089),#6093);
#6089 = LINE('',#6090,#6091);
#6090 = CARTESIAN_POINT('',(-0.,0.));
#6091 = VECTOR('',#6092,1.);
#6092 = DIRECTION('',(-1.,0.));
#6093 = ( GEOMETRIC_REPRESENTATION_CONTEXT(2) 
PARAMETRIC_REPRESENTATION_CONTEXT() REPRESENTATION_CONTEXT('2D SPACE',''
  ) );
#6094 = ADVANCED_FACE('',(#6095),#6109,.T.);
#6095 = FACE_BOUND('',#6096,.F.);
#6096 = EDGE_LOOP('',(#6097,#6120,#6137,#6153));
#6097 = ORIENTED_EDGE('',*,*,#6098,.T.);
#6098 = EDGE_CURVE('',#6099,#6101,#6103,.T.);
#6099 = VERTEX_POINT('',#6100);
#6100 = CARTESIAN_POINT('',(-1.40243902382,60.894999581213,
    21.350831227809));
#6101 = VERTEX_POINT('',#6102);
#6102 = CARTESIAN_POINT('',(-1.40243902382,60.868506843716,
    21.950246054836));
#6103 = SURFACE_CURVE('',#6104,(#6108),.PCURVE_S1.);
#6104 = LINE('',#6105,#6106);
#6105 = CARTESIAN_POINT('',(-1.40243902382,60.894999581213,
    21.350831227809));
#6106 = VECTOR('',#6107,1.);
#6107 = DIRECTION('',(0.,-4.415456249432E-02,0.999024711712));
#6108 = PCURVE('',#6109,#6114);
#6109 = CYLINDRICAL_SURFACE('',#6110,0.426829268119);
#6110 = AXIS2_PLACEMENT_3D('',#6111,#6112,#6113);
#6111 = CARTESIAN_POINT('',(-1.829268291939,60.894999581213,
    21.350831227809));
#6112 = DIRECTION('',(0.,4.415456249432E-02,-0.999024711712));
#6113 = DIRECTION('',(-1.224646799147E-16,-0.999024711712,
    -4.415456249432E-02));
#6114 = DEFINITIONAL_REPRESENTATION('',(#6115),#6119);
#6115 = LINE('',#6116,#6117);
#6116 = CARTESIAN_POINT('',(-1.570796326795,0.));
#6117 = VECTOR('',#6118,1.);
#6118 = DIRECTION('',(-0.,-1.));
#6119 = ( GEOMETRIC_REPRESENTATION_CONTEXT(2) 
PARAMETRIC_REPRESENTATION_CONTEXT() REPRESENTATION_CONTEXT('2D SPACE',''
  ) );
#6120 = ORIENTED_EDGE('',*,*,#6121,.T.);
#6121 = EDGE_CURVE('',#6101,#6122,#6124,.T.);
#6122 = VERTEX_POINT('',#6123);
#6123 = CARTESIAN_POINT('',(-2.256097560058,60.868506843716,
    21.950246054836));
#6124 = SURFACE_CURVE('',#6125,(#6130),.PCURVE_S1.);
#6125 = CIRCLE('',#6126,0.426829268119);
#6126 = AXIS2_PLACEMENT_3D('',#6127,#6128,#6129);
#6127 = CARTESIAN_POINT('',(-1.829268291939,60.868506843716,
    21.950246054836));
#6128 = DIRECTION('',(-1.591637599649E-34,-4.415456249432E-02,
    0.999024711712));
#6129 = DIRECTION('',(-1.224646799147E-16,-0.999024711712,
    -4.415456249432E-02));
#6130 = PCURVE('',#6109,#6131);
#6131 = DEFINITIONAL_REPRESENTATION('',(#6132),#6136);
#6132 = LINE('',#6133,#6134);
#6133 = CARTESIAN_POINT('',(-0.,-0.6));
#6134 = VECTOR('',#6135,1.);
#6135 = DIRECTION('',(-1.,0.));
#6136 = ( GEOMETRIC_REPRESENTATION_CONTEXT(2) 
PARAMETRIC_REPRESENTATION_CONTEXT() REPRESENTATION_CONTEXT('2D SPACE',''
  ) );
#6137 = ORIENTED_EDGE('',*,*,#6138,.F.);
#6138 = EDGE_CURVE('',#6139,#6122,#6141,.T.);
#6139 = VERTEX_POINT('',#6140);
#6140 = CARTESIAN_POINT('',(-2.256097560058,60.894999581213,
    21.350831227809));
#6141 = SURFACE_CURVE('',#6142,(#6146),.PCURVE_S1.);
#6142 = LINE('',#6143,#6144);
#6143 = CARTESIAN_POINT('',(-2.256097560058,60.894999581213,
    21.350831227809));
#6144 = VECTOR('',#6145,1.);
#6145 = DIRECTION('',(0.,-4.415456249432E-02,0.999024711712));
#6146 = PCURVE('',#6109,#6147);
#6147 = DEFINITIONAL_REPRESENTATION('',(#6148),#6152);
#6148 = LINE('',#6149,#6150);
#6149 = CARTESIAN_POINT('',(-4.712388980385,0.));
#6150 = VECTOR('',#6151,1.);
#6151 = DIRECTION('',(-0.,-1.));
#6152 = ( GEOMETRIC_REPRESENTATION_CONTEXT(2) 
PARAMETRIC_REPRESENTATION_CONTEXT() REPRESENTATION_CONTEXT('2D SPACE',''
  ) );
#6153 = ORIENTED_EDGE('',*,*,#6154,.F.);
#6154 = EDGE_CURVE('',#6099,#6139,#6155,.T.);
#6155 = SURFACE_CURVE('',#6156,(#6161),.PCURVE_S1.);
#6156 = CIRCLE('',#6157,0.426829268119);
#6157 = AXIS2_PLACEMENT_3D('',#6158,#6159,#6160);
#6158 = CARTESIAN_POINT('',(-1.829268291939,60.894999581213,
    21.350831227809));
#6159 = DIRECTION('',(-1.591637599649E-34,-4.415456249432E-02,
    0.999024711712));
#6160 = DIRECTION('',(-1.224646799147E-16,-0.999024711712,
    -4.415456249432E-02));
#6161 = PCURVE('',#6109,#6162);
#6162 = DEFINITIONAL_REPRESENTATION('',(#6163),#6167);
#6163 = LINE('',#6164,#6165);
#6164 = CARTESIAN_POINT('',(-0.,0.));
#6165 = VECTOR('',#6166,1.);
#6166 = DIRECTION('',(-1.,0.));
#6167 = ( GEOMETRIC_REPRESENTATION_CONTEXT(2) 
PARAMETRIC_REPRESENTATION_CONTEXT() REPRESENTATION_CONTEXT('2D SPACE',''
  ) );
#6168 = ADVANCED_FACE('',(#6169),#6183,.T.);
#6169 = FACE_BOUND('',#6170,.F.);
#6170 = EDGE_LOOP('',(#6171,#6194,#6211,#6227));
#6171 = ORIENTED_EDGE('',*,*,#6172,.T.);
#6172 = EDGE_CURVE('',#6173,#6175,#6177,.T.);
#6173 = VERTEX_POINT('',#6174);
#6174 = CARTESIAN_POINT('',(-9.304861870271,50.569673295643,
    20.894475885038));
#6175 = VERTEX_POINT('',#6176);
#6176 = CARTESIAN_POINT('',(-9.304861870271,50.543180558146,
    21.493890712065));
#6177 = SURFACE_CURVE('',#6178,(#6182),.PCURVE_S1.);
#6178 = LINE('',#6179,#6180);
#6179 = CARTESIAN_POINT('',(-9.304861870271,50.569673295643,
    20.894475885038));
#6180 = VECTOR('',#6181,1.);
#6181 = DIRECTION('',(0.,-4.415456249432E-02,0.999024711712));
#6182 = PCURVE('',#6183,#6188);
#6183 = CYLINDRICAL_SURFACE('',#6184,0.426829268119);
#6184 = AXIS2_PLACEMENT_3D('',#6185,#6186,#6187);
#6185 = CARTESIAN_POINT('',(-9.146341459697,50.173758776956,
    20.876977386599));
#6186 = DIRECTION('',(0.,4.415456249432E-02,-0.999024711712));
#6187 = DIRECTION('',(0.928476690885,0.371028463377,1.639859282888E-02)
  );
#6188 = DEFINITIONAL_REPRESENTATION('',(#6189),#6193);
#6189 = LINE('',#6190,#6191);
#6190 = CARTESIAN_POINT('',(-1.570796326795,0.));
#6191 = VECTOR('',#6192,1.);
#6192 = DIRECTION('',(-0.,-1.));
#6193 = ( GEOMETRIC_REPRESENTATION_CONTEXT(2) 
PARAMETRIC_REPRESENTATION_CONTEXT() REPRESENTATION_CONTEXT('2D SPACE',''
  ) );
#6194 = ORIENTED_EDGE('',*,*,#6195,.T.);
#6195 = EDGE_CURVE('',#6175,#6196,#6198,.T.);
#6196 = VERTEX_POINT('',#6197);
#6197 = CARTESIAN_POINT('',(-8.987821049122,49.751351520773,
    21.458893715188));
#6198 = SURFACE_CURVE('',#6199,(#6204),.PCURVE_S1.);
#6199 = CIRCLE('',#6200,0.426829268119);
#6200 = AXIS2_PLACEMENT_3D('',#6201,#6202,#6203);
#6201 = CARTESIAN_POINT('',(-9.146341459697,50.147266039459,
    21.476392213626));
#6202 = DIRECTION('',(-1.452833890657E-18,-4.415456249432E-02,
    0.999024711712));
#6203 = DIRECTION('',(0.928476690885,0.371028463377,1.639859282888E-02)
  );
#6204 = PCURVE('',#6183,#6205);
#6205 = DEFINITIONAL_REPRESENTATION('',(#6206),#6210);
#6206 = LINE('',#6207,#6208);
#6207 = CARTESIAN_POINT('',(-0.,-0.6));
#6208 = VECTOR('',#6209,1.);
#6209 = DIRECTION('',(-1.,0.));
#6210 = ( GEOMETRIC_REPRESENTATION_CONTEXT(2) 
PARAMETRIC_REPRESENTATION_CONTEXT() REPRESENTATION_CONTEXT('2D SPACE',''
  ) );
#6211 = ORIENTED_EDGE('',*,*,#6212,.F.);
#6212 = EDGE_CURVE('',#6213,#6196,#6215,.T.);
#6213 = VERTEX_POINT('',#6214);
#6214 = CARTESIAN_POINT('',(-8.987821049122,49.777844258269,
    20.859478888161));
#6215 = SURFACE_CURVE('',#6216,(#6220),.PCURVE_S1.);
#6216 = LINE('',#6217,#6218);
#6217 = CARTESIAN_POINT('',(-8.987821049122,49.777844258269,
    20.859478888161));
#6218 = VECTOR('',#6219,1.);
#6219 = DIRECTION('',(0.,-4.415456249432E-02,0.999024711712));
#6220 = PCURVE('',#6183,#6221);
#6221 = DEFINITIONAL_REPRESENTATION('',(#6222),#6226);
#6222 = LINE('',#6223,#6224);
#6223 = CARTESIAN_POINT('',(-4.712388980385,0.));
#6224 = VECTOR('',#6225,1.);
#6225 = DIRECTION('',(-0.,-1.));
#6226 = ( GEOMETRIC_REPRESENTATION_CONTEXT(2) 
PARAMETRIC_REPRESENTATION_CONTEXT() REPRESENTATION_CONTEXT('2D SPACE',''
  ) );
#6227 = ORIENTED_EDGE('',*,*,#6228,.F.);
#6228 = EDGE_CURVE('',#6173,#6213,#6229,.T.);
#6229 = SURFACE_CURVE('',#6230,(#6235),.PCURVE_S1.);
#6230 = CIRCLE('',#6231,0.426829268119);
#6231 = AXIS2_PLACEMENT_3D('',#6232,#6233,#6234);
#6232 = CARTESIAN_POINT('',(-9.146341459697,50.173758776956,
    20.876977386599));
#6233 = DIRECTION('',(-1.452833890657E-18,-4.415456249432E-02,
    0.999024711712));
#6234 = DIRECTION('',(0.928476690885,0.371028463377,1.639859282888E-02)
  );
#6235 = PCURVE('',#6183,#6236);
#6236 = DEFINITIONAL_REPRESENTATION('',(#6237),#6241);
#6237 = LINE('',#6238,#6239);
#6238 = CARTESIAN_POINT('',(-0.,0.));
#6239 = VECTOR('',#6240,1.);
#6240 = DIRECTION('',(-1.,0.));
#6241 = ( GEOMETRIC_REPRESENTATION_CONTEXT(2) 
PARAMETRIC_REPRESENTATION_CONTEXT() REPRESENTATION_CONTEXT('2D SPACE',''
  ) );
#6242 = ADVANCED_FACE('',(#6243),#5232,.T.);
#6243 = FACE_BOUND('',#6244,.T.);
#6244 = EDGE_LOOP('',(#6245,#6268,#6299,#6300));
#6245 = ORIENTED_EDGE('',*,*,#6246,.T.);
#6246 = EDGE_CURVE('',#5212,#6247,#6249,.T.);
#6247 = VERTEX_POINT('',#6248);
#6248 = CARTESIAN_POINT('',(7.53658536279,33.090746578142,
    20.722533829883));
#6249 = SEAM_CURVE('',#6250,(#6254,#6261),.PCURVE_S1.);
#6250 = LINE('',#6251,#6252);
#6251 = CARTESIAN_POINT('',(7.53658536279,33.117239315639,
    20.123119002856));
#6252 = VECTOR('',#6253,1.);
#6253 = DIRECTION('',(0.,-4.415456249432E-02,0.999024711712));
#6254 = PCURVE('',#5232,#6255);
#6255 = DEFINITIONAL_REPRESENTATION('',(#6256),#6260);
#6256 = LINE('',#6257,#6258);
#6257 = CARTESIAN_POINT('',(0.,0.));
#6258 = VECTOR('',#6259,1.);
#6259 = DIRECTION('',(0.,-1.));
#6260 = ( GEOMETRIC_REPRESENTATION_CONTEXT(2) 
PARAMETRIC_REPRESENTATION_CONTEXT() REPRESENTATION_CONTEXT('2D SPACE',''
  ) );
#6261 = PCURVE('',#5232,#6262);
#6262 = DEFINITIONAL_REPRESENTATION('',(#6263),#6267);
#6263 = LINE('',#6264,#6265);
#6264 = CARTESIAN_POINT('',(6.28318530718,0.));
#6265 = VECTOR('',#6266,1.);
#6266 = DIRECTION('',(0.,-1.));
#6267 = ( GEOMETRIC_REPRESENTATION_CONTEXT(2) 
PARAMETRIC_REPRESENTATION_CONTEXT() REPRESENTATION_CONTEXT('2D SPACE',''
  ) );
#6268 = ORIENTED_EDGE('',*,*,#6269,.T.);
#6269 = EDGE_CURVE('',#6247,#6247,#6270,.T.);
#6270 = SURFACE_CURVE('',#6271,(#6276,#6283),.PCURVE_S1.);
#6271 = CIRCLE('',#6272,0.878048780131);
#6272 = AXIS2_PLACEMENT_3D('',#6273,#6274,#6275);
#6273 = CARTESIAN_POINT('',(8.414634142921,33.090746578142,
    20.722533829883));
#6274 = DIRECTION('',(-9.96354144802E-35,4.415456249432E-02,
    -0.999024711712));
#6275 = DIRECTION('',(-1.,1.223452415467E-16,5.407374362642E-18));
#6276 = PCURVE('',#5232,#6277);
#6277 = DEFINITIONAL_REPRESENTATION('',(#6278),#6282);
#6278 = LINE('',#6279,#6280);
#6279 = CARTESIAN_POINT('',(0.,-0.6));
#6280 = VECTOR('',#6281,1.);
#6281 = DIRECTION('',(1.,0.));
#6282 = ( GEOMETRIC_REPRESENTATION_CONTEXT(2) 
PARAMETRIC_REPRESENTATION_CONTEXT() REPRESENTATION_CONTEXT('2D SPACE',''
  ) );
#6283 = PCURVE('',#6284,#6289);
#6284 = PLANE('',#6285);
#6285 = AXIS2_PLACEMENT_3D('',#6286,#6287,#6288);
#6286 = CARTESIAN_POINT('',(0.,90.05,23.24));
#6287 = DIRECTION('',(0.,-4.415456249432E-02,0.999024711712));
#6288 = DIRECTION('',(0.,-0.999024711712,-4.415456249432E-02));
#6289 = DEFINITIONAL_REPRESENTATION('',(#6290),#6298);
#6290 = ( BOUNDED_CURVE() B_SPLINE_CURVE(2,(#6291,#6292,#6293,#6294,
#6295,#6296,#6297),.UNSPECIFIED.,.T.,.F.) B_SPLINE_CURVE_WITH_KNOTS((1,2
    ,2,2,2,1),(-2.094395102393,0.,2.094395102393,4.188790204786,
6.28318530718,8.377580409573),.UNSPECIFIED.) CURVE() 
GEOMETRIC_REPRESENTATION_ITEM() RATIONAL_B_SPLINE_CURVE((1.,0.5,1.,0.5,
1.,0.5,1.)) REPRESENTATION_ITEM('') );
#6291 = CARTESIAN_POINT('',(57.014859346429,7.53658536279));
#6292 = CARTESIAN_POINT('',(55.494034247719,7.53658536279));
#6293 = CARTESIAN_POINT('',(56.254446797074,8.853658532986));
#6294 = CARTESIAN_POINT('',(57.014859346429,10.170731703183));
#6295 = CARTESIAN_POINT('',(57.775271895785,8.853658532986));
#6296 = CARTESIAN_POINT('',(58.53568444514,7.53658536279));
#6297 = CARTESIAN_POINT('',(57.014859346429,7.53658536279));
#6298 = ( GEOMETRIC_REPRESENTATION_CONTEXT(2) 
PARAMETRIC_REPRESENTATION_CONTEXT() REPRESENTATION_CONTEXT('2D SPACE',''
  ) );
#6299 = ORIENTED_EDGE('',*,*,#6246,.F.);
#6300 = ORIENTED_EDGE('',*,*,#5211,.F.);
#6301 = ADVANCED_FACE('',(#6302,#6310),#5298,.T.);
#6302 = FACE_BOUND('',#6303,.T.);
#6303 = EDGE_LOOP('',(#6304,#6305,#6306,#6307,#6308,#6309));
#6304 = ORIENTED_EDGE('',*,*,#5282,.F.);
#6305 = ORIENTED_EDGE('',*,*,#5627,.F.);
#6306 = ORIENTED_EDGE('',*,*,#5563,.F.);
#6307 = ORIENTED_EDGE('',*,*,#5494,.F.);
#6308 = ORIENTED_EDGE('',*,*,#5425,.F.);
#6309 = ORIENTED_EDGE('',*,*,#5356,.F.);
#6310 = FACE_BOUND('',#6311,.T.);
#6311 = EDGE_LOOP('',(#6312));
#6312 = ORIENTED_EDGE('',*,*,#6313,.T.);
#6313 = EDGE_CURVE('',#6314,#6314,#6316,.T.);
#6314 = VERTEX_POINT('',#6315);
#6315 = CARTESIAN_POINT('',(6.219512192594,44.177484227998,
    21.212541779316));
#6316 = SURFACE_CURVE('',#6317,(#6322,#6333),.PCURVE_S1.);
#6317 = CIRCLE('',#6318,0.975609755701);
#6318 = AXIS2_PLACEMENT_3D('',#6319,#6320,#6321);
#6319 = CARTESIAN_POINT('',(7.195121948295,44.177484227998,
    21.212541779316));
#6320 = DIRECTION('',(-9.96354144802E-35,4.415456249432E-02,
    -0.999024711712));
#6321 = DIRECTION('',(-1.,1.223452415467E-16,5.407374362642E-18));
#6322 = PCURVE('',#5298,#6323);
#6323 = DEFINITIONAL_REPRESENTATION('',(#6324),#6332);
#6324 = ( BOUNDED_CURVE() B_SPLINE_CURVE(2,(#6325,#6326,#6327,#6328,
#6329,#6330,#6331),.UNSPECIFIED.,.T.,.F.) B_SPLINE_CURVE_WITH_KNOTS((1,2
    ,2,2,2,1),(-2.094395102393,0.,2.094395102393,4.188790204786,
6.28318530718,8.377580409573),.UNSPECIFIED.) CURVE() 
GEOMETRIC_REPRESENTATION_ITEM() RATIONAL_B_SPLINE_CURVE((1.,0.5,1.,0.5,
1.,0.5,1.)) REPRESENTATION_ITEM('') );
#6325 = CARTESIAN_POINT('',(45.917298375331,6.219512192594));
#6326 = CARTESIAN_POINT('',(44.227492710097,6.219512192594));
#6327 = CARTESIAN_POINT('',(45.072395542714,7.682926826145));
#6328 = CARTESIAN_POINT('',(45.917298375331,9.146341459697));
#6329 = CARTESIAN_POINT('',(46.762201207948,7.682926826145));
#6330 = CARTESIAN_POINT('',(47.607104040565,6.219512192594));
#6331 = CARTESIAN_POINT('',(45.917298375331,6.219512192594));
#6332 = ( GEOMETRIC_REPRESENTATION_CONTEXT(2) 
PARAMETRIC_REPRESENTATION_CONTEXT() REPRESENTATION_CONTEXT('2D SPACE',''
  ) );
#6333 = PCURVE('',#6334,#6339);
#6334 = CYLINDRICAL_SURFACE('',#6335,0.975609755701);
#6335 = AXIS2_PLACEMENT_3D('',#6336,#6337,#6338);
#6336 = CARTESIAN_POINT('',(7.195121948295,44.203976965495,
    20.613126952289));
#6337 = DIRECTION('',(0.,4.415456249432E-02,-0.999024711712));
#6338 = DIRECTION('',(-1.,1.223452415467E-16,5.407374362642E-18));
#6339 = DEFINITIONAL_REPRESENTATION('',(#6340),#6344);
#6340 = LINE('',#6341,#6342);
#6341 = CARTESIAN_POINT('',(0.,-0.6));
#6342 = VECTOR('',#6343,1.);
#6343 = DIRECTION('',(1.,0.));
#6344 = ( GEOMETRIC_REPRESENTATION_CONTEXT(2) 
PARAMETRIC_REPRESENTATION_CONTEXT() REPRESENTATION_CONTEXT('2D SPACE',''
  ) );
#6345 = ADVANCED_FACE('',(#6346),#5719,.T.);
#6346 = FACE_BOUND('',#6347,.T.);
#6347 = EDGE_LOOP('',(#6348,#6349));
#6348 = ORIENTED_EDGE('',*,*,#5772,.T.);
#6349 = ORIENTED_EDGE('',*,*,#5703,.T.);
#6350 = ADVANCED_FACE('',(#6351),#5864,.T.);
#6351 = FACE_BOUND('',#6352,.T.);
#6352 = EDGE_LOOP('',(#6353,#6354,#6355,#6356));
#6353 = ORIENTED_EDGE('',*,*,#5848,.F.);
#6354 = ORIENTED_EDGE('',*,*,#6057,.T.);
#6355 = ORIENTED_EDGE('',*,*,#5993,.F.);
#6356 = ORIENTED_EDGE('',*,*,#5951,.T.);
#6357 = ADVANCED_FACE('',(#6358),#6284,.T.);
#6358 = FACE_BOUND('',#6359,.T.);
#6359 = EDGE_LOOP('',(#6360));
#6360 = ORIENTED_EDGE('',*,*,#6269,.F.);
#6361 = ADVANCED_FACE('',(#6362),#6334,.F.);
#6362 = FACE_BOUND('',#6363,.F.);
#6363 = EDGE_LOOP('',(#6364,#6387,#6388,#6389));
#6364 = ORIENTED_EDGE('',*,*,#6365,.T.);
#6365 = EDGE_CURVE('',#6366,#6314,#6368,.T.);
#6366 = VERTEX_POINT('',#6367);
#6367 = CARTESIAN_POINT('',(6.219512192594,44.203976965495,
    20.613126952289));
#6368 = SEAM_CURVE('',#6369,(#6373,#6380),.PCURVE_S1.);
#6369 = LINE('',#6370,#6371);
#6370 = CARTESIAN_POINT('',(6.219512192594,44.203976965495,
    20.613126952289));
#6371 = VECTOR('',#6372,1.);
#6372 = DIRECTION('',(0.,-4.415456249432E-02,0.999024711712));
#6373 = PCURVE('',#6334,#6374);
#6374 = DEFINITIONAL_REPRESENTATION('',(#6375),#6379);
#6375 = LINE('',#6376,#6377);
#6376 = CARTESIAN_POINT('',(0.,0.));
#6377 = VECTOR('',#6378,1.);
#6378 = DIRECTION('',(0.,-1.));
#6379 = ( GEOMETRIC_REPRESENTATION_CONTEXT(2) 
PARAMETRIC_REPRESENTATION_CONTEXT() REPRESENTATION_CONTEXT('2D SPACE',''
  ) );
#6380 = PCURVE('',#6334,#6381);
#6381 = DEFINITIONAL_REPRESENTATION('',(#6382),#6386);
#6382 = LINE('',#6383,#6384);
#6383 = CARTESIAN_POINT('',(6.28318530718,0.));
#6384 = VECTOR('',#6385,1.);
#6385 = DIRECTION('',(0.,-1.));
#6386 = ( GEOMETRIC_REPRESENTATION_CONTEXT(2) 
PARAMETRIC_REPRESENTATION_CONTEXT() REPRESENTATION_CONTEXT('2D SPACE',''
  ) );
#6387 = ORIENTED_EDGE('',*,*,#6313,.T.);
#6388 = ORIENTED_EDGE('',*,*,#6365,.F.);
#6389 = ORIENTED_EDGE('',*,*,#6390,.F.);
#6390 = EDGE_CURVE('',#6366,#6366,#6391,.T.);
#6391 = SURFACE_CURVE('',#6392,(#6397,#6404),.PCURVE_S1.);
#6392 = CIRCLE('',#6393,0.975609755701);
#6393 = AXIS2_PLACEMENT_3D('',#6394,#6395,#6396);
#6394 = CARTESIAN_POINT('',(7.195121948295,44.203976965495,
    20.613126952289));
#6395 = DIRECTION('',(-9.96354144802E-35,4.415456249432E-02,
    -0.999024711712));
#6396 = DIRECTION('',(-1.,1.223452415467E-16,5.407374362642E-18));
#6397 = PCURVE('',#6334,#6398);
#6398 = DEFINITIONAL_REPRESENTATION('',(#6399),#6403);
#6399 = LINE('',#6400,#6401);
#6400 = CARTESIAN_POINT('',(0.,0.));
#6401 = VECTOR('',#6402,1.);
#6402 = DIRECTION('',(1.,0.));
#6403 = ( GEOMETRIC_REPRESENTATION_CONTEXT(2) 
PARAMETRIC_REPRESENTATION_CONTEXT() REPRESENTATION_CONTEXT('2D SPACE',''
  ) );
#6404 = PCURVE('',#6405,#6410);
#6405 = PLANE('',#6406);
#6406 = AXIS2_PLACEMENT_3D('',#6407,#6408,#6409);
#6407 = CARTESIAN_POINT('',(-0.320936610804,51.632392647499,
    20.941445602088));
#6408 = DIRECTION('',(0.,-4.415456249432E-02,0.999024711712));
#6409 = DIRECTION('',(1.,-1.223452415467E-16,-5.407374362642E-18));
#6410 = DEFINITIONAL_REPRESENTATION('',(#6411),#6419);
#6411 = ( BOUNDED_CURVE() B_SPLINE_CURVE(2,(#6412,#6413,#6414,#6415,
#6416,#6417,#6418),.UNSPECIFIED.,.T.,.F.) B_SPLINE_CURVE_WITH_KNOTS((1,2
    ,2,2,2,1),(-2.094395102393,0.,2.094395102393,4.188790204786,
6.28318530718,8.377580409573),.UNSPECIFIED.) CURVE() 
GEOMETRIC_REPRESENTATION_ITEM() RATIONAL_B_SPLINE_CURVE((1.,0.5,1.,0.5,
1.,0.5,1.)) REPRESENTATION_ITEM('') );
#6412 = CARTESIAN_POINT('',(6.540448803398,-7.43566760153));
#6413 = CARTESIAN_POINT('',(6.540448803398,-5.745861936297));
#6414 = CARTESIAN_POINT('',(8.00386343695,-6.590764768913));
#6415 = CARTESIAN_POINT('',(9.467278070501,-7.43566760153));
#6416 = CARTESIAN_POINT('',(8.00386343695,-8.280570434147));
#6417 = CARTESIAN_POINT('',(6.540448803398,-9.125473266764));
#6418 = CARTESIAN_POINT('',(6.540448803398,-7.43566760153));
#6419 = ( GEOMETRIC_REPRESENTATION_CONTEXT(2) 
PARAMETRIC_REPRESENTATION_CONTEXT() REPRESENTATION_CONTEXT('2D SPACE',''
  ) );
#6420 = ADVANCED_FACE('',(#6421),#6405,.T.);
#6421 = FACE_BOUND('',#6422,.F.);
#6422 = EDGE_LOOP('',(#6423));
#6423 = ORIENTED_EDGE('',*,*,#6390,.T.);
#6424 = ( GEOMETRIC_REPRESENTATION_CONTEXT(3) 
GLOBAL_UNCERTAINTY_ASSIGNED_CONTEXT((#6428)) 
GLOBAL_UNIT_ASSIGNED_CONTEXT((#6425,#6426,#6427)) REPRESENTATION_CONTEXT
('Context #1','3D Context with UNIT and UNCERTAINTY') );
#6425 = ( LENGTH_UNIT() NAMED_UNIT(*) SI_UNIT(.MILLI.,.METRE.) );
#6426 = ( NAMED_UNIT(*) PLANE_ANGLE_UNIT() SI_UNIT($,.RADIAN.) );
#6427 = ( NAMED_UNIT(*) SI_UNIT($,.STERADIAN.) SOLID_ANGLE_UNIT() );
#6428 = UNCERTAINTY_MEASURE_WITH_UNIT(LENGTH_MEASURE(2.E-07),#6425,
  'distance_accuracy_value','confusion accuracy');
#6429 = PRODUCT_RELATED_PRODUCT_CATEGORY('part',$,(#7));
ENDSEC;
END-ISO-10303-21;
