ISO-10303-21;
HEADER;
FILE_DESCRIPTION(('Open CASCADE Model'),'2;1');
FILE_NAME('Open CASCADE Shape Model','2026-10-02T17:12:54',('Author'),(
    'Open CASCADE'),'Open CASCADE STEP processor 7.9','build123d',
  'Unknown');
FILE_SCHEMA(('AUTOMOTIVE_DESIGN { 1 0 10303 214 1 1 1 1 }'));
ENDSEC;
DATA;
#1 = APPLICATION_PROTOCOL_DEFINITION('international standard',
  'automotive_design',2000,#2);
#2 = APPLICATION_CONTEXT(
  'core data for automotive mechanical design processes');
#3 = SHAPE_DEFINITION_REPRESENTATION(#4,#10);
#4 = PRODUCT_DEFINITION_SHAPE('','',#5);
#5 = PRODUCT_DEFINITION('design','',#6,#9);
#6 = PRODUCT_DEFINITION_FORMATION('','',#7);
#7 = PRODUCT('COMPOUND','COMPOUND','',(#8));
#8 = PRODUCT_CONTEXT('',#2,'mechanical');
#9 = PRODUCT_DEFINITION_CONTEXT('part definition',#2,'design');
#10 = ADVANCED_BREP_SHAPE_REPRESENTATION('',(#11,#15),#6236);
#11 = AXIS2_PLACEMENT_3D('',#12,#13,#14);
#12 = CARTESIAN_POINT('',(0.,0.,0.));
#13 = DIRECTION('',(0.,0.,1.));
#14 = DIRECTION('',(1.,0.,-0.));
#15 = MANIFOLD_SOLID_BREP('',#16);
#16 = CLOSED_SHELL('',(#17,#854,#966,#1019,#1067,#1222,#1296,#1343,#1391
    ,#1536,#1616,#1671,#1719,#1768,#1843,#1898,#1946,#1995,#2074,#2129,
    #2177,#2320,#2399,#2446,#2494,#2667,#2747,#2795,#2843,#2917,#2992,
    #3017,#3643,#3670,#3701,#3774,#3801,#3808,#3931,#3938,#3965,#4020,
    #4047,#4054,#4109,#4136,#4163,#4210,#4237,#4264,#4271,#4335,#4377,
    #4419,#4461,#4504,#4546,#4588,#4608,#4684,#4733,#4782,#4831,#4880,
    #4929,#4978,#5005,#5009,#5013,#5059,#5167,#5236,#5305,#5374,#5438,
    #5478,#5605,#5669,#5718,#5826,#5897,#5961,#6003,#6077,#6151,#6210,
    #6219,#6225,#6232));
#17 = ADVANCED_FACE('',(#18),#32,.T.);
#18 = FACE_BOUND('',#19,.T.);
#19 = EDGE_LOOP('',(#20,#55,#82,#108,#134,#161,#188,#215,#241,#267,#294,
    #320,#346,#373,#400,#427,#453,#479,#506,#534,#560,#586,#620,#646,
    #680,#706,#740,#766,#792,#820));
#20 = ORIENTED_EDGE('',*,*,#21,.T.);
#21 = EDGE_CURVE('',#22,#24,#26,.T.);
#22 = VERTEX_POINT('',#23);
#23 = CARTESIAN_POINT('',(-99.2,3.,8.992593003887));
#24 = VERTEX_POINT('',#25);
#25 = CARTESIAN_POINT('',(-99.2,90.05,12.84));
#26 = SURFACE_CURVE('',#27,(#31,#43),.PCURVE_S1.);
#27 = LINE('',#28,#29);
#28 = CARTESIAN_POINT('',(-99.2,0.,8.86));
#29 = VECTOR('',#30,1.);
#30 = DIRECTION('',(0.,0.999024711712,4.415456249432E-02));
#31 = PCURVE('',#32,#37);
#32 = PLANE('',#33);
#33 = AXIS2_PLACEMENT_3D('',#34,#35,#36);
#34 = CARTESIAN_POINT('',(0.,0.,8.86));
#35 = DIRECTION('',(0.,4.415456249432E-02,-0.999024711712));
#36 = DIRECTION('',(0.,0.999024711712,4.415456249432E-02));
#37 = DEFINITIONAL_REPRESENTATION('',(#38),#42);
#38 = LINE('',#39,#40);
#39 = CARTESIAN_POINT('',(0.,-99.2));
#40 = VECTOR('',#41,1.);
#41 = DIRECTION('',(1.,0.));
#42 = ( GEOMETRIC_REPRESENTATION_CONTEXT(2) 
PARAMETRIC_REPRESENTATION_CONTEXT() REPRESENTATION_CONTEXT('2D SPACE',''
  ) );
#43 = PCURVE('',#44,#49);
#44 = PLANE('',#45);
#45 = AXIS2_PLACEMENT_3D('',#46,#47,#48);
#46 = CARTESIAN_POINT('',(-99.2,45.025,16.05));
#47 = DIRECTION('',(1.,0.,0.));
#48 = DIRECTION('',(0.,1.,0.));
#49 = DEFINITIONAL_REPRESENTATION('',(#50),#54);
#50 = LINE('',#51,#52);
#51 = CARTESIAN_POINT('',(-45.025,-7.19));
#52 = VECTOR('',#53,1.);
#53 = DIRECTION('',(0.999024711712,4.415456249432E-02));
#54 = ( GEOMETRIC_REPRESENTATION_CONTEXT(2) 
PARAMETRIC_REPRESENTATION_CONTEXT() REPRESENTATION_CONTEXT('2D SPACE',''
  ) );
#55 = ORIENTED_EDGE('',*,*,#56,.T.);
#56 = EDGE_CURVE('',#24,#57,#59,.T.);
#57 = VERTEX_POINT('',#58);
#58 = CARTESIAN_POINT('',(-96.8,90.05,12.84));
#59 = SURFACE_CURVE('',#60,(#64,#71),.PCURVE_S1.);
#60 = LINE('',#61,#62);
#61 = CARTESIAN_POINT('',(-99.2,90.05,12.84));
#62 = VECTOR('',#63,1.);
#63 = DIRECTION('',(1.,0.,0.));
#64 = PCURVE('',#32,#65);
#65 = DEFINITIONAL_REPRESENTATION('',(#66),#70);
#66 = LINE('',#67,#68);
#67 = CARTESIAN_POINT('',(90.137910448379,-99.2));
#68 = VECTOR('',#69,1.);
#69 = DIRECTION('',(0.,1.));
#70 = ( GEOMETRIC_REPRESENTATION_CONTEXT(2) 
PARAMETRIC_REPRESENTATION_CONTEXT() REPRESENTATION_CONTEXT('2D SPACE',''
  ) );
#71 = PCURVE('',#72,#77);
#72 = CYLINDRICAL_SURFACE('',#73,5.2);
#73 = AXIS2_PLACEMENT_3D('',#74,#75,#76);
#74 = CARTESIAN_POINT('',(-99.2,90.05,18.04));
#75 = DIRECTION('',(1.,0.,2.22044604925E-16));
#76 = DIRECTION('',(2.22044604925E-16,0.,-1.));
#77 = DEFINITIONAL_REPRESENTATION('',(#78),#81);
#78 = B_SPLINE_CURVE_WITH_KNOTS('',1,(#79,#80),.UNSPECIFIED.,.F.,.F.,(2,
    2),(0.,198.4),.PIECEWISE_BEZIER_KNOTS.);
#79 = CARTESIAN_POINT('',(0.,0.));
#80 = CARTESIAN_POINT('',(0.,198.4));
#81 = ( GEOMETRIC_REPRESENTATION_CONTEXT(2) 
PARAMETRIC_REPRESENTATION_CONTEXT() REPRESENTATION_CONTEXT('2D SPACE',''
  ) );
#82 = ORIENTED_EDGE('',*,*,#83,.T.);
#83 = EDGE_CURVE('',#57,#84,#86,.T.);
#84 = VERTEX_POINT('',#85);
#85 = CARTESIAN_POINT('',(-96.8,86.898493911094,12.700710780302));
#86 = SURFACE_CURVE('',#87,(#91,#97),.PCURVE_S1.);
#87 = LINE('',#88,#89);
#88 = CARTESIAN_POINT('',(-96.8,45.139689897573,10.855069026012));
#89 = VECTOR('',#90,1.);
#90 = DIRECTION('',(9.804282384688E-18,-0.999024711712,
    -4.415456249432E-02));
#91 = PCURVE('',#32,#92);
#92 = DEFINITIONAL_REPRESENTATION('',(#93),#96);
#93 = B_SPLINE_CURVE_WITH_KNOTS('',1,(#94,#95),.UNSPECIFIED.,.F.,.F.,(2,
    2),(-44.9541533617,-38.7481006712),.PIECEWISE_BEZIER_KNOTS.);
#94 = CARTESIAN_POINT('',(90.137910448379,-96.8));
#95 = CARTESIAN_POINT('',(83.931857757874,-96.8));
#96 = ( GEOMETRIC_REPRESENTATION_CONTEXT(2) 
PARAMETRIC_REPRESENTATION_CONTEXT() REPRESENTATION_CONTEXT('2D SPACE',''
  ) );
#97 = PCURVE('',#98,#103);
#98 = PLANE('',#99);
#99 = AXIS2_PLACEMENT_3D('',#100,#101,#102);
#100 = CARTESIAN_POINT('',(-96.8,90.05,18.04));
#101 = DIRECTION('',(1.,0.,2.22044604925E-16));
#102 = DIRECTION('',(2.22044604925E-16,0.,-1.));
#103 = DEFINITIONAL_REPRESENTATION('',(#104),#107);
#104 = B_SPLINE_CURVE_WITH_KNOTS('',1,(#105,#106),.UNSPECIFIED.,.F.,.F.,
  (2,2),(-44.9541533617,-38.7481006712),.PIECEWISE_BEZIER_KNOTS.);
#105 = CARTESIAN_POINT('',(5.2,2.41836936667E-15));
#106 = CARTESIAN_POINT('',(5.474025541366,-6.2));
#107 = ( GEOMETRIC_REPRESENTATION_CONTEXT(2) 
PARAMETRIC_REPRESENTATION_CONTEXT() REPRESENTATION_CONTEXT('2D SPACE',''
  ) );
#108 = ORIENTED_EDGE('',*,*,#109,.T.);
#109 = EDGE_CURVE('',#84,#110,#112,.T.);
#110 = VERTEX_POINT('',#111);
#111 = CARTESIAN_POINT('',(-90.4,86.898493911094,12.700710780302));
#112 = SURFACE_CURVE('',#113,(#117,#123),.PCURVE_S1.);
#113 = LINE('',#114,#115);
#114 = CARTESIAN_POINT('',(-96.8,86.898493911094,12.700710780302));
#115 = VECTOR('',#116,1.);
#116 = DIRECTION('',(1.,0.,2.22044604925E-16));
#117 = PCURVE('',#32,#118);
#118 = DEFINITIONAL_REPRESENTATION('',(#119),#122);
#119 = B_SPLINE_CURVE_WITH_KNOTS('',1,(#120,#121),.UNSPECIFIED.,.F.,.F.,
  (2,2),(-5.999999928008E-07,6.4000006),.PIECEWISE_BEZIER_KNOTS.);
#120 = CARTESIAN_POINT('',(86.983327731896,-96.8000006));
#121 = CARTESIAN_POINT('',(86.983327731896,-90.3999994));
#122 = ( GEOMETRIC_REPRESENTATION_CONTEXT(2) 
PARAMETRIC_REPRESENTATION_CONTEXT() REPRESENTATION_CONTEXT('2D SPACE',''
  ) );
#123 = PCURVE('',#124,#129);
#124 = CYLINDRICAL_SURFACE('',#125,6.2);
#125 = AXIS2_PLACEMENT_3D('',#126,#127,#128);
#126 = CARTESIAN_POINT('',(-96.8,90.05,18.04));
#127 = DIRECTION('',(1.,0.,2.22044604925E-16));
#128 = DIRECTION('',(2.22044604925E-16,0.,-1.));
#129 = DEFINITIONAL_REPRESENTATION('',(#130),#133);
#130 = B_SPLINE_CURVE_WITH_KNOTS('',1,(#131,#132),.UNSPECIFIED.,.F.,.F.,
  (2,2),(-5.999999928008E-07,6.4000006),.PIECEWISE_BEZIER_KNOTS.);
#131 = CARTESIAN_POINT('',(5.749967073014,-5.999999939864E-07));
#132 = CARTESIAN_POINT('',(5.749967073014,6.4000006));
#133 = ( GEOMETRIC_REPRESENTATION_CONTEXT(2) 
PARAMETRIC_REPRESENTATION_CONTEXT() REPRESENTATION_CONTEXT('2D SPACE',''
  ) );
#134 = ORIENTED_EDGE('',*,*,#135,.F.);
#135 = EDGE_CURVE('',#136,#110,#138,.T.);
#136 = VERTEX_POINT('',#137);
#137 = CARTESIAN_POINT('',(-90.4,90.05,12.84));
#138 = SURFACE_CURVE('',#139,(#143,#149),.PCURVE_S1.);
#139 = LINE('',#140,#141);
#140 = CARTESIAN_POINT('',(-90.4,45.139689897573,10.855069026012));
#141 = VECTOR('',#142,1.);
#142 = DIRECTION('',(9.804282384688E-18,-0.999024711712,
    -4.415456249432E-02));
#143 = PCURVE('',#32,#144);
#144 = DEFINITIONAL_REPRESENTATION('',(#145),#148);
#145 = B_SPLINE_CURVE_WITH_KNOTS('',1,(#146,#147),.UNSPECIFIED.,.F.,.F.,
  (2,2),(-44.9541533617,-38.7481006712),.PIECEWISE_BEZIER_KNOTS.);
#146 = CARTESIAN_POINT('',(90.137910448379,-90.4));
#147 = CARTESIAN_POINT('',(83.931857757874,-90.4));
#148 = ( GEOMETRIC_REPRESENTATION_CONTEXT(2) 
PARAMETRIC_REPRESENTATION_CONTEXT() REPRESENTATION_CONTEXT('2D SPACE',''
  ) );
#149 = PCURVE('',#150,#155);
#150 = PLANE('',#151);
#151 = AXIS2_PLACEMENT_3D('',#152,#153,#154);
#152 = CARTESIAN_POINT('',(-90.4,90.05,18.04));
#153 = DIRECTION('',(1.,0.,2.22044604925E-16));
#154 = DIRECTION('',(2.22044604925E-16,0.,-1.));
#155 = DEFINITIONAL_REPRESENTATION('',(#156),#160);
#156 = LINE('',#157,#158);
#157 = CARTESIAN_POINT('',(7.184930973988,-44.91031010242));
#158 = VECTOR('',#159,1.);
#159 = DIRECTION('',(4.415456249432E-02,-0.999024711712));
#160 = ( GEOMETRIC_REPRESENTATION_CONTEXT(2) 
PARAMETRIC_REPRESENTATION_CONTEXT() REPRESENTATION_CONTEXT('2D SPACE',''
  ) );
#161 = ORIENTED_EDGE('',*,*,#162,.T.);
#162 = EDGE_CURVE('',#136,#163,#165,.T.);
#163 = VERTEX_POINT('',#164);
#164 = CARTESIAN_POINT('',(-84.6,90.05,12.84));
#165 = SURFACE_CURVE('',#166,(#170,#177),.PCURVE_S1.);
#166 = LINE('',#167,#168);
#167 = CARTESIAN_POINT('',(-99.2,90.05,12.84));
#168 = VECTOR('',#169,1.);
#169 = DIRECTION('',(1.,0.,0.));
#170 = PCURVE('',#32,#171);
#171 = DEFINITIONAL_REPRESENTATION('',(#172),#176);
#172 = LINE('',#173,#174);
#173 = CARTESIAN_POINT('',(90.137910448379,-99.2));
#174 = VECTOR('',#175,1.);
#175 = DIRECTION('',(0.,1.));
#176 = ( GEOMETRIC_REPRESENTATION_CONTEXT(2) 
PARAMETRIC_REPRESENTATION_CONTEXT() REPRESENTATION_CONTEXT('2D SPACE',''
  ) );
#177 = PCURVE('',#178,#183);
#178 = CYLINDRICAL_SURFACE('',#179,5.2);
#179 = AXIS2_PLACEMENT_3D('',#180,#181,#182);
#180 = CARTESIAN_POINT('',(-99.2,90.05,18.04));
#181 = DIRECTION('',(1.,0.,2.22044604925E-16));
#182 = DIRECTION('',(2.22044604925E-16,0.,-1.));
#183 = DEFINITIONAL_REPRESENTATION('',(#184),#187);
#184 = B_SPLINE_CURVE_WITH_KNOTS('',1,(#185,#186),.UNSPECIFIED.,.F.,.F.,
  (2,2),(0.,198.4),.PIECEWISE_BEZIER_KNOTS.);
#185 = CARTESIAN_POINT('',(0.,0.));
#186 = CARTESIAN_POINT('',(0.,198.4));
#187 = ( GEOMETRIC_REPRESENTATION_CONTEXT(2) 
PARAMETRIC_REPRESENTATION_CONTEXT() REPRESENTATION_CONTEXT('2D SPACE',''
  ) );
#188 = ORIENTED_EDGE('',*,*,#189,.T.);
#189 = EDGE_CURVE('',#163,#190,#192,.T.);
#190 = VERTEX_POINT('',#191);
#191 = CARTESIAN_POINT('',(-84.6,86.898493911094,12.700710780302));
#192 = SURFACE_CURVE('',#193,(#197,#203),.PCURVE_S1.);
#193 = LINE('',#194,#195);
#194 = CARTESIAN_POINT('',(-84.6,45.139689897573,10.855069026012));
#195 = VECTOR('',#196,1.);
#196 = DIRECTION('',(9.804282384688E-18,-0.999024711712,
    -4.415456249432E-02));
#197 = PCURVE('',#32,#198);
#198 = DEFINITIONAL_REPRESENTATION('',(#199),#202);
#199 = B_SPLINE_CURVE_WITH_KNOTS('',1,(#200,#201),.UNSPECIFIED.,.F.,.F.,
  (2,2),(-44.9541533617,-38.7481006712),.PIECEWISE_BEZIER_KNOTS.);
#200 = CARTESIAN_POINT('',(90.137910448379,-84.6));
#201 = CARTESIAN_POINT('',(83.931857757874,-84.6));
#202 = ( GEOMETRIC_REPRESENTATION_CONTEXT(2) 
PARAMETRIC_REPRESENTATION_CONTEXT() REPRESENTATION_CONTEXT('2D SPACE',''
  ) );
#203 = PCURVE('',#204,#209);
#204 = PLANE('',#205);
#205 = AXIS2_PLACEMENT_3D('',#206,#207,#208);
#206 = CARTESIAN_POINT('',(-84.6,90.05,18.04));
#207 = DIRECTION('',(1.,0.,2.22044604925E-16));
#208 = DIRECTION('',(2.22044604925E-16,0.,-1.));
#209 = DEFINITIONAL_REPRESENTATION('',(#210),#214);
#210 = LINE('',#211,#212);
#211 = CARTESIAN_POINT('',(7.184930973988,-44.91031010242));
#212 = VECTOR('',#213,1.);
#213 = DIRECTION('',(4.415456249432E-02,-0.999024711712));
#214 = ( GEOMETRIC_REPRESENTATION_CONTEXT(2) 
PARAMETRIC_REPRESENTATION_CONTEXT() REPRESENTATION_CONTEXT('2D SPACE',''
  ) );
#215 = ORIENTED_EDGE('',*,*,#216,.T.);
#216 = EDGE_CURVE('',#190,#217,#219,.T.);
#217 = VERTEX_POINT('',#218);
#218 = CARTESIAN_POINT('',(-78.2,86.898493911094,12.700710780302));
#219 = SURFACE_CURVE('',#220,(#224,#230),.PCURVE_S1.);
#220 = LINE('',#221,#222);
#221 = CARTESIAN_POINT('',(-84.6,86.898493911094,12.700710780302));
#222 = VECTOR('',#223,1.);
#223 = DIRECTION('',(1.,0.,2.22044604925E-16));
#224 = PCURVE('',#32,#225);
#225 = DEFINITIONAL_REPRESENTATION('',(#226),#229);
#226 = B_SPLINE_CURVE_WITH_KNOTS('',1,(#227,#228),.UNSPECIFIED.,.F.,.F.,
  (2,2),(-5.999999928008E-07,6.4000006),.PIECEWISE_BEZIER_KNOTS.);
#227 = CARTESIAN_POINT('',(86.983327731896,-84.6000006));
#228 = CARTESIAN_POINT('',(86.983327731896,-78.1999994));
#229 = ( GEOMETRIC_REPRESENTATION_CONTEXT(2) 
PARAMETRIC_REPRESENTATION_CONTEXT() REPRESENTATION_CONTEXT('2D SPACE',''
  ) );
#230 = PCURVE('',#231,#236);
#231 = CYLINDRICAL_SURFACE('',#232,6.2);
#232 = AXIS2_PLACEMENT_3D('',#233,#234,#235);
#233 = CARTESIAN_POINT('',(-84.6,90.05,18.04));
#234 = DIRECTION('',(1.,0.,2.22044604925E-16));
#235 = DIRECTION('',(2.22044604925E-16,0.,-1.));
#236 = DEFINITIONAL_REPRESENTATION('',(#237),#240);
#237 = B_SPLINE_CURVE_WITH_KNOTS('',1,(#238,#239),.UNSPECIFIED.,.F.,.F.,
  (2,2),(-5.999999928008E-07,6.4000006),.PIECEWISE_BEZIER_KNOTS.);
#238 = CARTESIAN_POINT('',(5.749967073014,-5.999999939864E-07));
#239 = CARTESIAN_POINT('',(5.749967073014,6.4000006));
#240 = ( GEOMETRIC_REPRESENTATION_CONTEXT(2) 
PARAMETRIC_REPRESENTATION_CONTEXT() REPRESENTATION_CONTEXT('2D SPACE',''
  ) );
#241 = ORIENTED_EDGE('',*,*,#242,.F.);
#242 = EDGE_CURVE('',#243,#217,#245,.T.);
#243 = VERTEX_POINT('',#244);
#244 = CARTESIAN_POINT('',(-78.2,90.05,12.84));
#245 = SURFACE_CURVE('',#246,(#250,#256),.PCURVE_S1.);
#246 = LINE('',#247,#248);
#247 = CARTESIAN_POINT('',(-78.2,45.139689897573,10.855069026012));
#248 = VECTOR('',#249,1.);
#249 = DIRECTION('',(9.804282384688E-18,-0.999024711712,
    -4.415456249432E-02));
#250 = PCURVE('',#32,#251);
#251 = DEFINITIONAL_REPRESENTATION('',(#252),#255);
#252 = B_SPLINE_CURVE_WITH_KNOTS('',1,(#253,#254),.UNSPECIFIED.,.F.,.F.,
  (2,2),(-44.9541533617,-38.7481006712),.PIECEWISE_BEZIER_KNOTS.);
#253 = CARTESIAN_POINT('',(90.137910448379,-78.2));
#254 = CARTESIAN_POINT('',(83.931857757874,-78.2));
#255 = ( GEOMETRIC_REPRESENTATION_CONTEXT(2) 
PARAMETRIC_REPRESENTATION_CONTEXT() REPRESENTATION_CONTEXT('2D SPACE',''
  ) );
#256 = PCURVE('',#257,#262);
#257 = PLANE('',#258);
#258 = AXIS2_PLACEMENT_3D('',#259,#260,#261);
#259 = CARTESIAN_POINT('',(-78.2,90.05,18.04));
#260 = DIRECTION('',(1.,0.,2.22044604925E-16));
#261 = DIRECTION('',(2.22044604925E-16,0.,-1.));
#262 = DEFINITIONAL_REPRESENTATION('',(#263),#266);
#263 = B_SPLINE_CURVE_WITH_KNOTS('',1,(#264,#265),.UNSPECIFIED.,.F.,.F.,
  (2,2),(-44.9541533617,-38.7481006712),.PIECEWISE_BEZIER_KNOTS.);
#264 = CARTESIAN_POINT('',(5.2,2.41836936667E-15));
#265 = CARTESIAN_POINT('',(5.474025541366,-6.2));
#266 = ( GEOMETRIC_REPRESENTATION_CONTEXT(2) 
PARAMETRIC_REPRESENTATION_CONTEXT() REPRESENTATION_CONTEXT('2D SPACE',''
  ) );
#267 = ORIENTED_EDGE('',*,*,#268,.T.);
#268 = EDGE_CURVE('',#243,#269,#271,.T.);
#269 = VERTEX_POINT('',#270);
#270 = CARTESIAN_POINT('',(78.2,90.05,12.84));
#271 = SURFACE_CURVE('',#272,(#276,#283),.PCURVE_S1.);
#272 = LINE('',#273,#274);
#273 = CARTESIAN_POINT('',(-99.2,90.05,12.84));
#274 = VECTOR('',#275,1.);
#275 = DIRECTION('',(1.,0.,0.));
#276 = PCURVE('',#32,#277);
#277 = DEFINITIONAL_REPRESENTATION('',(#278),#282);
#278 = LINE('',#279,#280);
#279 = CARTESIAN_POINT('',(90.137910448379,-99.2));
#280 = VECTOR('',#281,1.);
#281 = DIRECTION('',(0.,1.));
#282 = ( GEOMETRIC_REPRESENTATION_CONTEXT(2) 
PARAMETRIC_REPRESENTATION_CONTEXT() REPRESENTATION_CONTEXT('2D SPACE',''
  ) );
#283 = PCURVE('',#284,#289);
#284 = CYLINDRICAL_SURFACE('',#285,5.2);
#285 = AXIS2_PLACEMENT_3D('',#286,#287,#288);
#286 = CARTESIAN_POINT('',(-99.2,90.05,18.04));
#287 = DIRECTION('',(1.,0.,2.22044604925E-16));
#288 = DIRECTION('',(2.22044604925E-16,0.,-1.));
#289 = DEFINITIONAL_REPRESENTATION('',(#290),#293);
#290 = B_SPLINE_CURVE_WITH_KNOTS('',1,(#291,#292),.UNSPECIFIED.,.F.,.F.,
  (2,2),(0.,198.4),.PIECEWISE_BEZIER_KNOTS.);
#291 = CARTESIAN_POINT('',(0.,0.));
#292 = CARTESIAN_POINT('',(0.,198.4));
#293 = ( GEOMETRIC_REPRESENTATION_CONTEXT(2) 
PARAMETRIC_REPRESENTATION_CONTEXT() REPRESENTATION_CONTEXT('2D SPACE',''
  ) );
#294 = ORIENTED_EDGE('',*,*,#295,.T.);
#295 = EDGE_CURVE('',#269,#296,#298,.T.);
#296 = VERTEX_POINT('',#297);
#297 = CARTESIAN_POINT('',(78.2,86.898493911094,12.700710780302));
#298 = SURFACE_CURVE('',#299,(#303,#309),.PCURVE_S1.);
#299 = LINE('',#300,#301);
#300 = CARTESIAN_POINT('',(78.2,45.139689897573,10.855069026012));
#301 = VECTOR('',#302,1.);
#302 = DIRECTION('',(9.804282384688E-18,-0.999024711712,
    -4.415456249432E-02));
#303 = PCURVE('',#32,#304);
#304 = DEFINITIONAL_REPRESENTATION('',(#305),#308);
#305 = B_SPLINE_CURVE_WITH_KNOTS('',1,(#306,#307),.UNSPECIFIED.,.F.,.F.,
  (2,2),(-44.9541533617,-38.7481006712),.PIECEWISE_BEZIER_KNOTS.);
#306 = CARTESIAN_POINT('',(90.137910448379,78.2));
#307 = CARTESIAN_POINT('',(83.931857757874,78.2));
#308 = ( GEOMETRIC_REPRESENTATION_CONTEXT(2) 
PARAMETRIC_REPRESENTATION_CONTEXT() REPRESENTATION_CONTEXT('2D SPACE',''
  ) );
#309 = PCURVE('',#310,#315);
#310 = PLANE('',#311);
#311 = AXIS2_PLACEMENT_3D('',#312,#313,#314);
#312 = CARTESIAN_POINT('',(78.2,90.05,18.04));
#313 = DIRECTION('',(1.,0.,2.22044604925E-16));
#314 = DIRECTION('',(2.22044604925E-16,0.,-1.));
#315 = DEFINITIONAL_REPRESENTATION('',(#316),#319);
#316 = B_SPLINE_CURVE_WITH_KNOTS('',1,(#317,#318),.UNSPECIFIED.,.F.,.F.,
  (2,2),(-44.9541533617,-38.7481006712),.PIECEWISE_BEZIER_KNOTS.);
#317 = CARTESIAN_POINT('',(5.2,2.41836936667E-15));
#318 = CARTESIAN_POINT('',(5.474025541366,-6.2));
#319 = ( GEOMETRIC_REPRESENTATION_CONTEXT(2) 
PARAMETRIC_REPRESENTATION_CONTEXT() REPRESENTATION_CONTEXT('2D SPACE',''
  ) );
#320 = ORIENTED_EDGE('',*,*,#321,.T.);
#321 = EDGE_CURVE('',#296,#322,#324,.T.);
#322 = VERTEX_POINT('',#323);
#323 = CARTESIAN_POINT('',(84.6,86.898493911094,12.700710780302));
#324 = SURFACE_CURVE('',#325,(#329,#335),.PCURVE_S1.);
#325 = LINE('',#326,#327);
#326 = CARTESIAN_POINT('',(78.2,86.898493911094,12.700710780302));
#327 = VECTOR('',#328,1.);
#328 = DIRECTION('',(1.,0.,2.22044604925E-16));
#329 = PCURVE('',#32,#330);
#330 = DEFINITIONAL_REPRESENTATION('',(#331),#334);
#331 = B_SPLINE_CURVE_WITH_KNOTS('',1,(#332,#333),.UNSPECIFIED.,.F.,.F.,
  (2,2),(-5.999999928008E-07,6.4000006),.PIECEWISE_BEZIER_KNOTS.);
#332 = CARTESIAN_POINT('',(86.983327731896,78.1999994));
#333 = CARTESIAN_POINT('',(86.983327731896,84.6000006));
#334 = ( GEOMETRIC_REPRESENTATION_CONTEXT(2) 
PARAMETRIC_REPRESENTATION_CONTEXT() REPRESENTATION_CONTEXT('2D SPACE',''
  ) );
#335 = PCURVE('',#336,#341);
#336 = CYLINDRICAL_SURFACE('',#337,6.2);
#337 = AXIS2_PLACEMENT_3D('',#338,#339,#340);
#338 = CARTESIAN_POINT('',(78.2,90.05,18.04));
#339 = DIRECTION('',(1.,0.,2.22044604925E-16));
#340 = DIRECTION('',(2.22044604925E-16,0.,-1.));
#341 = DEFINITIONAL_REPRESENTATION('',(#342),#345);
#342 = B_SPLINE_CURVE_WITH_KNOTS('',1,(#343,#344),.UNSPECIFIED.,.F.,.F.,
  (2,2),(-5.999999928008E-07,6.4000006),.PIECEWISE_BEZIER_KNOTS.);
#343 = CARTESIAN_POINT('',(5.749967073014,-5.999999939864E-07));
#344 = CARTESIAN_POINT('',(5.749967073014,6.4000006));
#345 = ( GEOMETRIC_REPRESENTATION_CONTEXT(2) 
PARAMETRIC_REPRESENTATION_CONTEXT() REPRESENTATION_CONTEXT('2D SPACE',''
  ) );
#346 = ORIENTED_EDGE('',*,*,#347,.F.);
#347 = EDGE_CURVE('',#348,#322,#350,.T.);
#348 = VERTEX_POINT('',#349);
#349 = CARTESIAN_POINT('',(84.6,90.05,12.84));
#350 = SURFACE_CURVE('',#351,(#355,#361),.PCURVE_S1.);
#351 = LINE('',#352,#353);
#352 = CARTESIAN_POINT('',(84.6,45.139689897573,10.855069026012));
#353 = VECTOR('',#354,1.);
#354 = DIRECTION('',(9.804282384688E-18,-0.999024711712,
    -4.415456249432E-02));
#355 = PCURVE('',#32,#356);
#356 = DEFINITIONAL_REPRESENTATION('',(#357),#360);
#357 = B_SPLINE_CURVE_WITH_KNOTS('',1,(#358,#359),.UNSPECIFIED.,.F.,.F.,
  (2,2),(-44.9541533617,-38.7481006712),.PIECEWISE_BEZIER_KNOTS.);
#358 = CARTESIAN_POINT('',(90.137910448379,84.6));
#359 = CARTESIAN_POINT('',(83.931857757874,84.6));
#360 = ( GEOMETRIC_REPRESENTATION_CONTEXT(2) 
PARAMETRIC_REPRESENTATION_CONTEXT() REPRESENTATION_CONTEXT('2D SPACE',''
  ) );
#361 = PCURVE('',#362,#367);
#362 = PLANE('',#363);
#363 = AXIS2_PLACEMENT_3D('',#364,#365,#366);
#364 = CARTESIAN_POINT('',(84.6,90.05,18.04));
#365 = DIRECTION('',(1.,0.,2.22044604925E-16));
#366 = DIRECTION('',(2.22044604925E-16,0.,-1.));
#367 = DEFINITIONAL_REPRESENTATION('',(#368),#372);
#368 = LINE('',#369,#370);
#369 = CARTESIAN_POINT('',(7.184930973988,-44.91031010242));
#370 = VECTOR('',#371,1.);
#371 = DIRECTION('',(4.415456249432E-02,-0.999024711712));
#372 = ( GEOMETRIC_REPRESENTATION_CONTEXT(2) 
PARAMETRIC_REPRESENTATION_CONTEXT() REPRESENTATION_CONTEXT('2D SPACE',''
  ) );
#373 = ORIENTED_EDGE('',*,*,#374,.T.);
#374 = EDGE_CURVE('',#348,#375,#377,.T.);
#375 = VERTEX_POINT('',#376);
#376 = CARTESIAN_POINT('',(90.4,90.05,12.84));
#377 = SURFACE_CURVE('',#378,(#382,#389),.PCURVE_S1.);
#378 = LINE('',#379,#380);
#379 = CARTESIAN_POINT('',(-99.2,90.05,12.84));
#380 = VECTOR('',#381,1.);
#381 = DIRECTION('',(1.,0.,0.));
#382 = PCURVE('',#32,#383);
#383 = DEFINITIONAL_REPRESENTATION('',(#384),#388);
#384 = LINE('',#385,#386);
#385 = CARTESIAN_POINT('',(90.137910448379,-99.2));
#386 = VECTOR('',#387,1.);
#387 = DIRECTION('',(0.,1.));
#388 = ( GEOMETRIC_REPRESENTATION_CONTEXT(2) 
PARAMETRIC_REPRESENTATION_CONTEXT() REPRESENTATION_CONTEXT('2D SPACE',''
  ) );
#389 = PCURVE('',#390,#395);
#390 = CYLINDRICAL_SURFACE('',#391,5.2);
#391 = AXIS2_PLACEMENT_3D('',#392,#393,#394);
#392 = CARTESIAN_POINT('',(-99.2,90.05,18.04));
#393 = DIRECTION('',(1.,0.,2.22044604925E-16));
#394 = DIRECTION('',(2.22044604925E-16,0.,-1.));
#395 = DEFINITIONAL_REPRESENTATION('',(#396),#399);
#396 = B_SPLINE_CURVE_WITH_KNOTS('',1,(#397,#398),.UNSPECIFIED.,.F.,.F.,
  (2,2),(0.,198.4),.PIECEWISE_BEZIER_KNOTS.);
#397 = CARTESIAN_POINT('',(0.,0.));
#398 = CARTESIAN_POINT('',(0.,198.4));
#399 = ( GEOMETRIC_REPRESENTATION_CONTEXT(2) 
PARAMETRIC_REPRESENTATION_CONTEXT() REPRESENTATION_CONTEXT('2D SPACE',''
  ) );
#400 = ORIENTED_EDGE('',*,*,#401,.T.);
#401 = EDGE_CURVE('',#375,#402,#404,.T.);
#402 = VERTEX_POINT('',#403);
#403 = CARTESIAN_POINT('',(90.4,86.898493911094,12.700710780302));
#404 = SURFACE_CURVE('',#405,(#409,#415),.PCURVE_S1.);
#405 = LINE('',#406,#407);
#406 = CARTESIAN_POINT('',(90.4,45.139689897573,10.855069026012));
#407 = VECTOR('',#408,1.);
#408 = DIRECTION('',(9.804282384688E-18,-0.999024711712,
    -4.415456249432E-02));
#409 = PCURVE('',#32,#410);
#410 = DEFINITIONAL_REPRESENTATION('',(#411),#414);
#411 = B_SPLINE_CURVE_WITH_KNOTS('',1,(#412,#413),.UNSPECIFIED.,.F.,.F.,
  (2,2),(-44.9541533617,-38.7481006712),.PIECEWISE_BEZIER_KNOTS.);
#412 = CARTESIAN_POINT('',(90.137910448379,90.4));
#413 = CARTESIAN_POINT('',(83.931857757874,90.4));
#414 = ( GEOMETRIC_REPRESENTATION_CONTEXT(2) 
PARAMETRIC_REPRESENTATION_CONTEXT() REPRESENTATION_CONTEXT('2D SPACE',''
  ) );
#415 = PCURVE('',#416,#421);
#416 = PLANE('',#417);
#417 = AXIS2_PLACEMENT_3D('',#418,#419,#420);
#418 = CARTESIAN_POINT('',(90.4,90.05,18.04));
#419 = DIRECTION('',(1.,0.,2.22044604925E-16));
#420 = DIRECTION('',(2.22044604925E-16,0.,-1.));
#421 = DEFINITIONAL_REPRESENTATION('',(#422),#426);
#422 = LINE('',#423,#424);
#423 = CARTESIAN_POINT('',(7.184930973988,-44.91031010242));
#424 = VECTOR('',#425,1.);
#425 = DIRECTION('',(4.415456249432E-02,-0.999024711712));
#426 = ( GEOMETRIC_REPRESENTATION_CONTEXT(2) 
PARAMETRIC_REPRESENTATION_CONTEXT() REPRESENTATION_CONTEXT('2D SPACE',''
  ) );
#427 = ORIENTED_EDGE('',*,*,#428,.T.);
#428 = EDGE_CURVE('',#402,#429,#431,.T.);
#429 = VERTEX_POINT('',#430);
#430 = CARTESIAN_POINT('',(96.8,86.898493911094,12.700710780302));
#431 = SURFACE_CURVE('',#432,(#436,#442),.PCURVE_S1.);
#432 = LINE('',#433,#434);
#433 = CARTESIAN_POINT('',(90.4,86.898493911094,12.700710780302));
#434 = VECTOR('',#435,1.);
#435 = DIRECTION('',(1.,0.,2.22044604925E-16));
#436 = PCURVE('',#32,#437);
#437 = DEFINITIONAL_REPRESENTATION('',(#438),#441);
#438 = B_SPLINE_CURVE_WITH_KNOTS('',1,(#439,#440),.UNSPECIFIED.,.F.,.F.,
  (2,2),(-5.999999928008E-07,6.4000006),.PIECEWISE_BEZIER_KNOTS.);
#439 = CARTESIAN_POINT('',(86.983327731896,90.3999994));
#440 = CARTESIAN_POINT('',(86.983327731896,96.8000006));
#441 = ( GEOMETRIC_REPRESENTATION_CONTEXT(2) 
PARAMETRIC_REPRESENTATION_CONTEXT() REPRESENTATION_CONTEXT('2D SPACE',''
  ) );
#442 = PCURVE('',#443,#448);
#443 = CYLINDRICAL_SURFACE('',#444,6.2);
#444 = AXIS2_PLACEMENT_3D('',#445,#446,#447);
#445 = CARTESIAN_POINT('',(90.4,90.05,18.04));
#446 = DIRECTION('',(1.,0.,2.22044604925E-16));
#447 = DIRECTION('',(2.22044604925E-16,0.,-1.));
#448 = DEFINITIONAL_REPRESENTATION('',(#449),#452);
#449 = B_SPLINE_CURVE_WITH_KNOTS('',1,(#450,#451),.UNSPECIFIED.,.F.,.F.,
  (2,2),(-5.999999928008E-07,6.4000006),.PIECEWISE_BEZIER_KNOTS.);
#450 = CARTESIAN_POINT('',(5.749967073014,-5.999999939864E-07));
#451 = CARTESIAN_POINT('',(5.749967073014,6.4000006));
#452 = ( GEOMETRIC_REPRESENTATION_CONTEXT(2) 
PARAMETRIC_REPRESENTATION_CONTEXT() REPRESENTATION_CONTEXT('2D SPACE',''
  ) );
#453 = ORIENTED_EDGE('',*,*,#454,.F.);
#454 = EDGE_CURVE('',#455,#429,#457,.T.);
#455 = VERTEX_POINT('',#456);
#456 = CARTESIAN_POINT('',(96.8,90.05,12.84));
#457 = SURFACE_CURVE('',#458,(#462,#468),.PCURVE_S1.);
#458 = LINE('',#459,#460);
#459 = CARTESIAN_POINT('',(96.8,45.139689897573,10.855069026012));
#460 = VECTOR('',#461,1.);
#461 = DIRECTION('',(9.804282384688E-18,-0.999024711712,
    -4.415456249432E-02));
#462 = PCURVE('',#32,#463);
#463 = DEFINITIONAL_REPRESENTATION('',(#464),#467);
#464 = B_SPLINE_CURVE_WITH_KNOTS('',1,(#465,#466),.UNSPECIFIED.,.F.,.F.,
  (2,2),(-44.9541533617,-38.7481006712),.PIECEWISE_BEZIER_KNOTS.);
#465 = CARTESIAN_POINT('',(90.137910448379,96.8));
#466 = CARTESIAN_POINT('',(83.931857757874,96.8));
#467 = ( GEOMETRIC_REPRESENTATION_CONTEXT(2) 
PARAMETRIC_REPRESENTATION_CONTEXT() REPRESENTATION_CONTEXT('2D SPACE',''
  ) );
#468 = PCURVE('',#469,#474);
#469 = PLANE('',#470);
#470 = AXIS2_PLACEMENT_3D('',#471,#472,#473);
#471 = CARTESIAN_POINT('',(96.8,90.05,18.04));
#472 = DIRECTION('',(1.,0.,2.22044604925E-16));
#473 = DIRECTION('',(2.22044604925E-16,0.,-1.));
#474 = DEFINITIONAL_REPRESENTATION('',(#475),#478);
#475 = B_SPLINE_CURVE_WITH_KNOTS('',1,(#476,#477),.UNSPECIFIED.,.F.,.F.,
  (2,2),(-44.9541533617,-38.7481006712),.PIECEWISE_BEZIER_KNOTS.);
#476 = CARTESIAN_POINT('',(5.2,2.41836936667E-15));
#477 = CARTESIAN_POINT('',(5.474025541366,-6.2));
#478 = ( GEOMETRIC_REPRESENTATION_CONTEXT(2) 
PARAMETRIC_REPRESENTATION_CONTEXT() REPRESENTATION_CONTEXT('2D SPACE',''
  ) );
#479 = ORIENTED_EDGE('',*,*,#480,.T.);
#480 = EDGE_CURVE('',#455,#481,#483,.T.);
#481 = VERTEX_POINT('',#482);
#482 = CARTESIAN_POINT('',(99.2,90.05,12.84));
#483 = SURFACE_CURVE('',#484,(#488,#495),.PCURVE_S1.);
#484 = LINE('',#485,#486);
#485 = CARTESIAN_POINT('',(-99.2,90.05,12.84));
#486 = VECTOR('',#487,1.);
#487 = DIRECTION('',(1.,0.,0.));
#488 = PCURVE('',#32,#489);
#489 = DEFINITIONAL_REPRESENTATION('',(#490),#494);
#490 = LINE('',#491,#492);
#491 = CARTESIAN_POINT('',(90.137910448379,-99.2));
#492 = VECTOR('',#493,1.);
#493 = DIRECTION('',(0.,1.));
#494 = ( GEOMETRIC_REPRESENTATION_CONTEXT(2) 
PARAMETRIC_REPRESENTATION_CONTEXT() REPRESENTATION_CONTEXT('2D SPACE',''
  ) );
#495 = PCURVE('',#496,#501);
#496 = CYLINDRICAL_SURFACE('',#497,5.2);
#497 = AXIS2_PLACEMENT_3D('',#498,#499,#500);
#498 = CARTESIAN_POINT('',(-99.2,90.05,18.04));
#499 = DIRECTION('',(1.,0.,2.22044604925E-16));
#500 = DIRECTION('',(2.22044604925E-16,0.,-1.));
#501 = DEFINITIONAL_REPRESENTATION('',(#502),#505);
#502 = B_SPLINE_CURVE_WITH_KNOTS('',1,(#503,#504),.UNSPECIFIED.,.F.,.F.,
  (2,2),(0.,198.4),.PIECEWISE_BEZIER_KNOTS.);
#503 = CARTESIAN_POINT('',(0.,0.));
#504 = CARTESIAN_POINT('',(0.,198.4));
#505 = ( GEOMETRIC_REPRESENTATION_CONTEXT(2) 
PARAMETRIC_REPRESENTATION_CONTEXT() REPRESENTATION_CONTEXT('2D SPACE',''
  ) );
#506 = ORIENTED_EDGE('',*,*,#507,.F.);
#507 = EDGE_CURVE('',#508,#481,#510,.T.);
#508 = VERTEX_POINT('',#509);
#509 = CARTESIAN_POINT('',(99.2,48.35,10.996957245974));
#510 = SURFACE_CURVE('',#511,(#515,#522),.PCURVE_S1.);
#511 = LINE('',#512,#513);
#512 = CARTESIAN_POINT('',(99.2,0.,8.86));
#513 = VECTOR('',#514,1.);
#514 = DIRECTION('',(0.,0.999024711712,4.415456249432E-02));
#515 = PCURVE('',#32,#516);
#516 = DEFINITIONAL_REPRESENTATION('',(#517),#521);
#517 = LINE('',#518,#519);
#518 = CARTESIAN_POINT('',(0.,99.2));
#519 = VECTOR('',#520,1.);
#520 = DIRECTION('',(1.,0.));
#521 = ( GEOMETRIC_REPRESENTATION_CONTEXT(2) 
PARAMETRIC_REPRESENTATION_CONTEXT() REPRESENTATION_CONTEXT('2D SPACE',''
  ) );
#522 = PCURVE('',#523,#528);
#523 = PLANE('',#524);
#524 = AXIS2_PLACEMENT_3D('',#525,#526,#527);
#525 = CARTESIAN_POINT('',(99.2,45.025,16.05));
#526 = DIRECTION('',(1.,0.,0.));
#527 = DIRECTION('',(0.,1.,0.));
#528 = DEFINITIONAL_REPRESENTATION('',(#529),#533);
#529 = LINE('',#530,#531);
#530 = CARTESIAN_POINT('',(-45.025,-7.19));
#531 = VECTOR('',#532,1.);
#532 = DIRECTION('',(0.999024711712,4.415456249432E-02));
#533 = ( GEOMETRIC_REPRESENTATION_CONTEXT(2) 
PARAMETRIC_REPRESENTATION_CONTEXT() REPRESENTATION_CONTEXT('2D SPACE',''
  ) );
#534 = ORIENTED_EDGE('',*,*,#535,.F.);
#535 = EDGE_CURVE('',#536,#508,#538,.T.);
#536 = VERTEX_POINT('',#537);
#537 = CARTESIAN_POINT('',(81.35,48.35,10.996957245974));
#538 = SURFACE_CURVE('',#539,(#543,#549),.PCURVE_S1.);
#539 = LINE('',#540,#541);
#540 = CARTESIAN_POINT('',(40.175,48.35,10.996957245974));
#541 = VECTOR('',#542,1.);
#542 = DIRECTION('',(1.,0.,0.));
#543 = PCURVE('',#32,#544);
#544 = DEFINITIONAL_REPRESENTATION('',(#545),#548);
#545 = B_SPLINE_CURVE_WITH_KNOTS('',1,(#546,#547),.UNSPECIFIED.,.F.,.F.,
  (2,2),(40.175,59.025),.PIECEWISE_BEZIER_KNOTS.);
#546 = CARTESIAN_POINT('',(48.397201223533,80.35));
#547 = CARTESIAN_POINT('',(48.397201223533,99.2));
#548 = ( GEOMETRIC_REPRESENTATION_CONTEXT(2) 
PARAMETRIC_REPRESENTATION_CONTEXT() REPRESENTATION_CONTEXT('2D SPACE',''
  ) );
#549 = PCURVE('',#550,#555);
#550 = PLANE('',#551);
#551 = AXIS2_PLACEMENT_3D('',#552,#553,#554);
#552 = CARTESIAN_POINT('',(80.35,48.35,7.731771238201));
#553 = DIRECTION('',(-0.,1.,0.));
#554 = DIRECTION('',(0.,0.,1.));
#555 = DEFINITIONAL_REPRESENTATION('',(#556),#559);
#556 = B_SPLINE_CURVE_WITH_KNOTS('',1,(#557,#558),.UNSPECIFIED.,.F.,.F.,
  (2,2),(40.175,59.025),.PIECEWISE_BEZIER_KNOTS.);
#557 = CARTESIAN_POINT('',(3.265186007773,0.));
#558 = CARTESIAN_POINT('',(3.265186007773,18.85));
#559 = ( GEOMETRIC_REPRESENTATION_CONTEXT(2) 
PARAMETRIC_REPRESENTATION_CONTEXT() REPRESENTATION_CONTEXT('2D SPACE',''
  ) );
#560 = ORIENTED_EDGE('',*,*,#561,.F.);
#561 = EDGE_CURVE('',#562,#536,#564,.T.);
#562 = VERTEX_POINT('',#563);
#563 = CARTESIAN_POINT('',(81.35,70.,11.953836757357));
#564 = SURFACE_CURVE('',#565,(#569,#575),.PCURVE_S1.);
#565 = LINE('',#566,#567);
#566 = CARTESIAN_POINT('',(81.35,21.265428573087,9.799882351148));
#567 = VECTOR('',#568,1.);
#568 = DIRECTION('',(0.,-0.999024711712,-4.415456249432E-02));
#569 = PCURVE('',#32,#570);
#570 = DEFINITIONAL_REPRESENTATION('',(#571),#574);
#571 = B_SPLINE_CURVE_WITH_KNOTS('',1,(#572,#573),.UNSPECIFIED.,.F.,.F.,
  (2,2),(-48.78214808461,8.113341419951),.PIECEWISE_BEZIER_KNOTS.);
#572 = CARTESIAN_POINT('',(70.068336828279,81.35));
#573 = CARTESIAN_POINT('',(13.172847323716,81.35));
#574 = ( GEOMETRIC_REPRESENTATION_CONTEXT(2) 
PARAMETRIC_REPRESENTATION_CONTEXT() REPRESENTATION_CONTEXT('2D SPACE',''
  ) );
#575 = PCURVE('',#576,#581);
#576 = PLANE('',#577);
#577 = AXIS2_PLACEMENT_3D('',#578,#579,#580);
#578 = CARTESIAN_POINT('',(81.35,42.35,14.831771238201));
#579 = DIRECTION('',(1.,0.,0.));
#580 = DIRECTION('',(0.,1.,0.));
#581 = DEFINITIONAL_REPRESENTATION('',(#582),#585);
#582 = B_SPLINE_CURVE_WITH_KNOTS('',1,(#583,#584),.UNSPECIFIED.,.F.,.F.,
  (2,2),(-48.78214808461,8.113341419951),.PIECEWISE_BEZIER_KNOTS.);
#583 = CARTESIAN_POINT('',(27.65,-2.877934480844));
#584 = CARTESIAN_POINT('',(-29.19,-5.390129927818));
#585 = ( GEOMETRIC_REPRESENTATION_CONTEXT(2) 
PARAMETRIC_REPRESENTATION_CONTEXT() REPRESENTATION_CONTEXT('2D SPACE',''
  ) );
#586 = ORIENTED_EDGE('',*,*,#587,.F.);
#587 = EDGE_CURVE('',#588,#562,#590,.T.);
#588 = VERTEX_POINT('',#589);
#589 = CARTESIAN_POINT('',(70.65,80.7,12.426751804553));
#590 = SURFACE_CURVE('',#591,(#596,#603),.PCURVE_S1.);
#591 = ELLIPSE('',#592,10.710445772323,10.7);
#592 = AXIS2_PLACEMENT_3D('',#593,#594,#595);
#593 = CARTESIAN_POINT('',(70.65,70.,11.953836757357));
#594 = DIRECTION('',(0.,4.415456249432E-02,-0.999024711712));
#595 = DIRECTION('',(0.,-0.999024711712,-4.415456249432E-02));
#596 = PCURVE('',#32,#597);
#597 = DEFINITIONAL_REPRESENTATION('',(#598),#602);
#598 = ELLIPSE('',#599,10.710445772323,10.7);
#599 = AXIS2_PLACEMENT_2D('',#600,#601);
#600 = CARTESIAN_POINT('',(70.068336828279,70.65));
#601 = DIRECTION('',(-1.,0.));
#602 = ( GEOMETRIC_REPRESENTATION_CONTEXT(2) 
PARAMETRIC_REPRESENTATION_CONTEXT() REPRESENTATION_CONTEXT('2D SPACE',''
  ) );
#603 = PCURVE('',#604,#609);
#604 = CYLINDRICAL_SURFACE('',#605,10.7);
#605 = AXIS2_PLACEMENT_3D('',#606,#607,#608);
#606 = CARTESIAN_POINT('',(70.65,70.,-50.));
#607 = DIRECTION('',(-0.,-0.,-1.));
#608 = DIRECTION('',(1.,1.328117263103E-15,-0.));
#609 = DEFINITIONAL_REPRESENTATION('',(#610),#619);
#610 = B_SPLINE_CURVE_WITH_KNOTS('',7,(#611,#612,#613,#614,#615,#616,
    #617,#618),.UNSPECIFIED.,.F.,.F.,(8,8),(3.14159265359,4.712388980385
    ),.PIECEWISE_BEZIER_KNOTS.);
#611 = CARTESIAN_POINT('',(-1.570796326795,-62.42675180455));
#612 = CARTESIAN_POINT('',(-1.346396851538,-62.42675180455));
#613 = CARTESIAN_POINT('',(-1.121997376282,-62.39896867327));
#614 = CARTESIAN_POINT('',(-0.897597901026,-62.34340644111));
#615 = CARTESIAN_POINT('',(-0.67319842577,-62.26347638337));
#616 = CARTESIAN_POINT('',(-0.448798950513,-62.1660801033));
#617 = CARTESIAN_POINT('',(-0.224399475256,-62.05995864578));
#618 = CARTESIAN_POINT('',(0.,-61.95383675735));
#619 = ( GEOMETRIC_REPRESENTATION_CONTEXT(2) 
PARAMETRIC_REPRESENTATION_CONTEXT() REPRESENTATION_CONTEXT('2D SPACE',''
  ) );
#620 = ORIENTED_EDGE('',*,*,#621,.F.);
#621 = EDGE_CURVE('',#622,#588,#624,.T.);
#622 = VERTEX_POINT('',#623);
#623 = CARTESIAN_POINT('',(-70.65,80.7,12.426751804553));
#624 = SURFACE_CURVE('',#625,(#629,#635),.PCURVE_S1.);
#625 = LINE('',#626,#627);
#626 = CARTESIAN_POINT('',(0.,80.7,12.426751804553));
#627 = VECTOR('',#628,1.);
#628 = DIRECTION('',(1.,-0.,0.));
#629 = PCURVE('',#32,#630);
#630 = DEFINITIONAL_REPRESENTATION('',(#631),#634);
#631 = B_SPLINE_CURVE_WITH_KNOTS('',1,(#632,#633),.UNSPECIFIED.,.F.,.F.,
  (2,2),(-70.65,70.65),.PIECEWISE_BEZIER_KNOTS.);
#632 = CARTESIAN_POINT('',(80.778782600602,-70.65));
#633 = CARTESIAN_POINT('',(80.778782600602,70.65));
#634 = ( GEOMETRIC_REPRESENTATION_CONTEXT(2) 
PARAMETRIC_REPRESENTATION_CONTEXT() REPRESENTATION_CONTEXT('2D SPACE',''
  ) );
#635 = PCURVE('',#636,#641);
#636 = PLANE('',#637);
#637 = AXIS2_PLACEMENT_3D('',#638,#639,#640);
#638 = CARTESIAN_POINT('',(0.,80.7,11.426751804553));
#639 = DIRECTION('',(0.,1.,0.));
#640 = DIRECTION('',(0.,-0.,1.));
#641 = DEFINITIONAL_REPRESENTATION('',(#642),#645);
#642 = B_SPLINE_CURVE_WITH_KNOTS('',1,(#643,#644),.UNSPECIFIED.,.F.,.F.,
  (2,2),(-70.65,70.65),.PIECEWISE_BEZIER_KNOTS.);
#643 = CARTESIAN_POINT('',(1.,-70.65));
#644 = CARTESIAN_POINT('',(1.,70.65));
#645 = ( GEOMETRIC_REPRESENTATION_CONTEXT(2) 
PARAMETRIC_REPRESENTATION_CONTEXT() REPRESENTATION_CONTEXT('2D SPACE',''
  ) );
#646 = ORIENTED_EDGE('',*,*,#647,.F.);
#647 = EDGE_CURVE('',#648,#622,#650,.T.);
#648 = VERTEX_POINT('',#649);
#649 = CARTESIAN_POINT('',(-81.35,70.,11.953836757357));
#650 = SURFACE_CURVE('',#651,(#656,#663),.PCURVE_S1.);
#651 = ELLIPSE('',#652,10.710445772323,10.7);
#652 = AXIS2_PLACEMENT_3D('',#653,#654,#655);
#653 = CARTESIAN_POINT('',(-70.65,70.,11.953836757357));
#654 = DIRECTION('',(0.,4.415456249432E-02,-0.999024711712));
#655 = DIRECTION('',(0.,-0.999024711712,-4.415456249432E-02));
#656 = PCURVE('',#32,#657);
#657 = DEFINITIONAL_REPRESENTATION('',(#658),#662);
#658 = ELLIPSE('',#659,10.710445772323,10.7);
#659 = AXIS2_PLACEMENT_2D('',#660,#661);
#660 = CARTESIAN_POINT('',(70.068336828279,-70.65));
#661 = DIRECTION('',(-1.,0.));
#662 = ( GEOMETRIC_REPRESENTATION_CONTEXT(2) 
PARAMETRIC_REPRESENTATION_CONTEXT() REPRESENTATION_CONTEXT('2D SPACE',''
  ) );
#663 = PCURVE('',#664,#669);
#664 = CYLINDRICAL_SURFACE('',#665,10.7);
#665 = AXIS2_PLACEMENT_3D('',#666,#667,#668);
#666 = CARTESIAN_POINT('',(-70.65,70.,-50.));
#667 = DIRECTION('',(-0.,-0.,-1.));
#668 = DIRECTION('',(-1.328117263103E-15,1.,0.));
#669 = DEFINITIONAL_REPRESENTATION('',(#670),#679);
#670 = B_SPLINE_CURVE_WITH_KNOTS('',7,(#671,#672,#673,#674,#675,#676,
    #677,#678),.UNSPECIFIED.,.F.,.F.,(8,8),(1.570796326795,3.14159265359
    ),.PIECEWISE_BEZIER_KNOTS.);
#671 = CARTESIAN_POINT('',(-1.570796326795,-61.95383675735));
#672 = CARTESIAN_POINT('',(-1.346396851538,-62.05995864578));
#673 = CARTESIAN_POINT('',(-1.121997376282,-62.16608010329));
#674 = CARTESIAN_POINT('',(-0.897597901025,-62.26347638338));
#675 = CARTESIAN_POINT('',(-0.67319842577,-62.34340644109));
#676 = CARTESIAN_POINT('',(-0.448798950513,-62.39896867327));
#677 = CARTESIAN_POINT('',(-0.224399475256,-62.42675180455));
#678 = CARTESIAN_POINT('',(0.,-62.42675180455));
#679 = ( GEOMETRIC_REPRESENTATION_CONTEXT(2) 
PARAMETRIC_REPRESENTATION_CONTEXT() REPRESENTATION_CONTEXT('2D SPACE',''
  ) );
#680 = ORIENTED_EDGE('',*,*,#681,.T.);
#681 = EDGE_CURVE('',#648,#682,#684,.T.);
#682 = VERTEX_POINT('',#683);
#683 = CARTESIAN_POINT('',(-81.35,13.16,9.441641310383));
#684 = SURFACE_CURVE('',#685,(#689,#695),.PCURVE_S1.);
#685 = LINE('',#686,#687);
#686 = CARTESIAN_POINT('',(-81.35,21.265428573087,9.799882351148));
#687 = VECTOR('',#688,1.);
#688 = DIRECTION('',(0.,-0.999024711712,-4.415456249432E-02));
#689 = PCURVE('',#32,#690);
#690 = DEFINITIONAL_REPRESENTATION('',(#691),#694);
#691 = B_SPLINE_CURVE_WITH_KNOTS('',1,(#692,#693),.UNSPECIFIED.,.F.,.F.,
  (2,2),(-48.78214808461,8.113341419951),.PIECEWISE_BEZIER_KNOTS.);
#692 = CARTESIAN_POINT('',(70.068336828279,-81.35));
#693 = CARTESIAN_POINT('',(13.172847323716,-81.35));
#694 = ( GEOMETRIC_REPRESENTATION_CONTEXT(2) 
PARAMETRIC_REPRESENTATION_CONTEXT() REPRESENTATION_CONTEXT('2D SPACE',''
  ) );
#695 = PCURVE('',#696,#701);
#696 = PLANE('',#697);
#697 = AXIS2_PLACEMENT_3D('',#698,#699,#700);
#698 = CARTESIAN_POINT('',(-81.35,42.35,14.831771238201));
#699 = DIRECTION('',(1.,0.,0.));
#700 = DIRECTION('',(0.,1.,0.));
#701 = DEFINITIONAL_REPRESENTATION('',(#702),#705);
#702 = B_SPLINE_CURVE_WITH_KNOTS('',1,(#703,#704),.UNSPECIFIED.,.F.,.F.,
  (2,2),(-48.78214808461,8.113341419951),.PIECEWISE_BEZIER_KNOTS.);
#703 = CARTESIAN_POINT('',(27.65,-2.877934480844));
#704 = CARTESIAN_POINT('',(-29.19,-5.390129927818));
#705 = ( GEOMETRIC_REPRESENTATION_CONTEXT(2) 
PARAMETRIC_REPRESENTATION_CONTEXT() REPRESENTATION_CONTEXT('2D SPACE',''
  ) );
#706 = ORIENTED_EDGE('',*,*,#707,.F.);
#707 = EDGE_CURVE('',#708,#682,#710,.T.);
#708 = VERTEX_POINT('',#709);
#709 = CARTESIAN_POINT('',(-72.19,4.,9.036790671849));
#710 = SURFACE_CURVE('',#711,(#716,#723),.PCURVE_S1.);
#711 = ELLIPSE('',#712,9.168942362101,9.16);
#712 = AXIS2_PLACEMENT_3D('',#713,#714,#715);
#713 = CARTESIAN_POINT('',(-72.19,13.16,9.441641310383));
#714 = DIRECTION('',(0.,4.415456249432E-02,-0.999024711712));
#715 = DIRECTION('',(0.,-0.999024711712,-4.415456249432E-02));
#716 = PCURVE('',#32,#717);
#717 = DEFINITIONAL_REPRESENTATION('',(#718),#722);
#718 = ELLIPSE('',#719,9.168942362101,9.16);
#719 = AXIS2_PLACEMENT_2D('',#720,#721);
#720 = CARTESIAN_POINT('',(13.172847323716,-72.19));
#721 = DIRECTION('',(-1.,0.));
#722 = ( GEOMETRIC_REPRESENTATION_CONTEXT(2) 
PARAMETRIC_REPRESENTATION_CONTEXT() REPRESENTATION_CONTEXT('2D SPACE',''
  ) );
#723 = PCURVE('',#724,#729);
#724 = CYLINDRICAL_SURFACE('',#725,9.16);
#725 = AXIS2_PLACEMENT_3D('',#726,#727,#728);
#726 = CARTESIAN_POINT('',(-72.19,13.16,-50.));
#727 = DIRECTION('',(-0.,-0.,-1.));
#728 = DIRECTION('',(-1.,-1.939254191485E-15,0.));
#729 = DEFINITIONAL_REPRESENTATION('',(#730),#739);
#730 = B_SPLINE_CURVE_WITH_KNOTS('',7,(#731,#732,#733,#734,#735,#736,
    #737,#738),.UNSPECIFIED.,.F.,.F.,(8,8),(3.102806805012E-15,
    1.570796326795),.PIECEWISE_BEZIER_KNOTS.);
#731 = CARTESIAN_POINT('',(-1.570796326795,-59.03679067184));
#732 = CARTESIAN_POINT('',(-1.346396851538,-59.03679067184));
#733 = CARTESIAN_POINT('',(-1.121997376282,-59.06057510947));
#734 = CARTESIAN_POINT('',(-0.897597901026,-59.10814053437));
#735 = CARTESIAN_POINT('',(-0.673198425769,-59.1765666399));
#736 = CARTESIAN_POINT('',(-0.448798950513,-59.25994513758));
#737 = CARTESIAN_POINT('',(-0.224399475256,-59.35079303953));
#738 = CARTESIAN_POINT('',(-1.939254191485E-16,-59.44164131038));
#739 = ( GEOMETRIC_REPRESENTATION_CONTEXT(2) 
PARAMETRIC_REPRESENTATION_CONTEXT() REPRESENTATION_CONTEXT('2D SPACE',''
  ) );
#740 = ORIENTED_EDGE('',*,*,#741,.F.);
#741 = EDGE_CURVE('',#742,#708,#744,.T.);
#742 = VERTEX_POINT('',#743);
#743 = CARTESIAN_POINT('',(-48.6,4.,9.036790671849));
#744 = SURFACE_CURVE('',#745,(#749,#755),.PCURVE_S1.);
#745 = LINE('',#746,#747);
#746 = CARTESIAN_POINT('',(0.,4.,9.036790671849));
#747 = VECTOR('',#748,1.);
#748 = DIRECTION('',(-1.,-0.,-0.));
#749 = PCURVE('',#32,#750);
#750 = DEFINITIONAL_REPRESENTATION('',(#751),#754);
#751 = B_SPLINE_CURVE_WITH_KNOTS('',1,(#752,#753),.UNSPECIFIED.,.F.,.F.,
  (2,2),(-72.19,72.19),.PIECEWISE_BEZIER_KNOTS.);
#752 = CARTESIAN_POINT('',(4.003904961616,72.19));
#753 = CARTESIAN_POINT('',(4.003904961616,-72.19));
#754 = ( GEOMETRIC_REPRESENTATION_CONTEXT(2) 
PARAMETRIC_REPRESENTATION_CONTEXT() REPRESENTATION_CONTEXT('2D SPACE',''
  ) );
#755 = PCURVE('',#756,#761);
#756 = PLANE('',#757);
#757 = AXIS2_PLACEMENT_3D('',#758,#759,#760);
#758 = CARTESIAN_POINT('',(0.,4.,18.236790671849));
#759 = DIRECTION('',(0.,-1.,0.));
#760 = DIRECTION('',(0.,0.,-1.));
#761 = DEFINITIONAL_REPRESENTATION('',(#762),#765);
#762 = B_SPLINE_CURVE_WITH_KNOTS('',1,(#763,#764),.UNSPECIFIED.,.F.,.F.,
  (2,2),(-72.19,72.19),.PIECEWISE_BEZIER_KNOTS.);
#763 = CARTESIAN_POINT('',(9.2,72.19));
#764 = CARTESIAN_POINT('',(9.2,-72.19));
#765 = ( GEOMETRIC_REPRESENTATION_CONTEXT(2) 
PARAMETRIC_REPRESENTATION_CONTEXT() REPRESENTATION_CONTEXT('2D SPACE',''
  ) );
#766 = ORIENTED_EDGE('',*,*,#767,.T.);
#767 = EDGE_CURVE('',#742,#768,#770,.T.);
#768 = VERTEX_POINT('',#769);
#769 = CARTESIAN_POINT('',(-48.6,0.,8.86));
#770 = SURFACE_CURVE('',#771,(#775,#781),.PCURVE_S1.);
#771 = LINE('',#772,#773);
#772 = CARTESIAN_POINT('',(-48.6,0.956594026883,8.902279225175));
#773 = VECTOR('',#774,1.);
#774 = DIRECTION('',(0.,-0.999024711712,-4.415456249432E-02));
#775 = PCURVE('',#32,#776);
#776 = DEFINITIONAL_REPRESENTATION('',(#777),#780);
#777 = B_SPLINE_CURVE_WITH_KNOTS('',1,(#778,#779),.UNSPECIFIED.,.F.,.F.,
  (2,2),(-3.546865189196,0.957527892622),.PIECEWISE_BEZIER_KNOTS.);
#778 = CARTESIAN_POINT('',(4.504393081818,-48.6));
#779 = CARTESIAN_POINT('',(0.,-48.6));
#780 = ( GEOMETRIC_REPRESENTATION_CONTEXT(2) 
PARAMETRIC_REPRESENTATION_CONTEXT() REPRESENTATION_CONTEXT('2D SPACE',''
  ) );
#781 = PCURVE('',#782,#787);
#782 = PLANE('',#783);
#783 = AXIS2_PLACEMENT_3D('',#784,#785,#786);
#784 = CARTESIAN_POINT('',(-48.6,1.75,12.636790671849));
#785 = DIRECTION('',(1.,0.,0.));
#786 = DIRECTION('',(0.,1.,0.));
#787 = DEFINITIONAL_REPRESENTATION('',(#788),#791);
#788 = B_SPLINE_CURVE_WITH_KNOTS('',1,(#789,#790),.UNSPECIFIED.,.F.,.F.,
  (2,2),(-3.546865189196,0.957527892622),.PIECEWISE_BEZIER_KNOTS.);
#789 = CARTESIAN_POINT('',(2.75,-3.577901166019));
#790 = CARTESIAN_POINT('',(-1.75,-3.776790671849));
#791 = ( GEOMETRIC_REPRESENTATION_CONTEXT(2) 
PARAMETRIC_REPRESENTATION_CONTEXT() REPRESENTATION_CONTEXT('2D SPACE',''
  ) );
#792 = ORIENTED_EDGE('',*,*,#793,.T.);
#793 = EDGE_CURVE('',#768,#794,#796,.T.);
#794 = VERTEX_POINT('',#795);
#795 = CARTESIAN_POINT('',(-96.2,-4.440892098501E-16,8.86));
#796 = SURFACE_CURVE('',#797,(#801,#808),.PCURVE_S1.);
#797 = LINE('',#798,#799);
#798 = CARTESIAN_POINT('',(99.2,0.,8.86));
#799 = VECTOR('',#800,1.);
#800 = DIRECTION('',(-1.,0.,0.));
#801 = PCURVE('',#32,#802);
#802 = DEFINITIONAL_REPRESENTATION('',(#803),#807);
#803 = LINE('',#804,#805);
#804 = CARTESIAN_POINT('',(0.,99.2));
#805 = VECTOR('',#806,1.);
#806 = DIRECTION('',(0.,-1.));
#807 = ( GEOMETRIC_REPRESENTATION_CONTEXT(2) 
PARAMETRIC_REPRESENTATION_CONTEXT() REPRESENTATION_CONTEXT('2D SPACE',''
  ) );
#808 = PCURVE('',#809,#814);
#809 = PLANE('',#810);
#810 = AXIS2_PLACEMENT_3D('',#811,#812,#813);
#811 = CARTESIAN_POINT('',(0.,0.,19.26));
#812 = DIRECTION('',(0.,-1.,0.));
#813 = DIRECTION('',(0.,0.,-1.));
#814 = DEFINITIONAL_REPRESENTATION('',(#815),#819);
#815 = LINE('',#816,#817);
#816 = CARTESIAN_POINT('',(10.4,99.2));
#817 = VECTOR('',#818,1.);
#818 = DIRECTION('',(0.,-1.));
#819 = ( GEOMETRIC_REPRESENTATION_CONTEXT(2) 
PARAMETRIC_REPRESENTATION_CONTEXT() REPRESENTATION_CONTEXT('2D SPACE',''
  ) );
#820 = ORIENTED_EDGE('',*,*,#821,.F.);
#821 = EDGE_CURVE('',#22,#794,#822,.T.);
#822 = SURFACE_CURVE('',#823,(#828,#839),.PCURVE_S1.);
#823 = ELLIPSE('',#824,3.002928721212,3.);
#824 = AXIS2_PLACEMENT_3D('',#825,#826,#827);
#825 = CARTESIAN_POINT('',(-96.2,3.,8.992593003887));
#826 = DIRECTION('',(0.,-4.415456249432E-02,0.999024711712));
#827 = DIRECTION('',(0.,-0.999024711712,-4.415456249432E-02));
#828 = PCURVE('',#32,#829);
#829 = DEFINITIONAL_REPRESENTATION('',(#830),#838);
#830 = ( BOUNDED_CURVE() B_SPLINE_CURVE(2,(#831,#832,#833,#834,#835,#836
,#837),.UNSPECIFIED.,.T.,.F.) B_SPLINE_CURVE_WITH_KNOTS((1,2,2,2,2,1),(
    -2.094395102393,0.,2.094395102393,4.188790204786,6.28318530718,
8.377580409573),.UNSPECIFIED.) CURVE() GEOMETRIC_REPRESENTATION_ITEM() 
RATIONAL_B_SPLINE_CURVE((1.,0.5,1.,0.5,1.,0.5,1.)) REPRESENTATION_ITEM(
  '') );
#831 = CARTESIAN_POINT('',(0.,-96.2));
#832 = CARTESIAN_POINT('',(0.,-91.00384757729));
#833 = CARTESIAN_POINT('',(4.504393081818,-93.60192378864));
#834 = CARTESIAN_POINT('',(9.008786163636,-96.2));
#835 = CARTESIAN_POINT('',(4.504393081818,-98.79807621135));
#836 = CARTESIAN_POINT('',(4.884981308351E-15,-101.3961524227));
#837 = CARTESIAN_POINT('',(0.,-96.2));
#838 = ( GEOMETRIC_REPRESENTATION_CONTEXT(2) 
PARAMETRIC_REPRESENTATION_CONTEXT() REPRESENTATION_CONTEXT('2D SPACE',''
  ) );
#839 = PCURVE('',#840,#845);
#840 = CYLINDRICAL_SURFACE('',#841,3.);
#841 = AXIS2_PLACEMENT_3D('',#842,#843,#844);
#842 = CARTESIAN_POINT('',(-96.2,3.,19.26));
#843 = DIRECTION('',(0.,0.,-1.));
#844 = DIRECTION('',(-1.,-0.,-0.));
#845 = DEFINITIONAL_REPRESENTATION('',(#846),#853);
#846 = B_SPLINE_CURVE_WITH_KNOTS('',5,(#847,#848,#849,#850,#851,#852),
  .UNSPECIFIED.,.F.,.F.,(6,6),(4.712388980385,6.28318530718),
  .PIECEWISE_BEZIER_KNOTS.);
#847 = CARTESIAN_POINT('',(1.110223024625E-16,10.267406996113));
#848 = CARTESIAN_POINT('',(-0.314159265359,10.309062316806));
#849 = CARTESIAN_POINT('',(-0.628318504333,10.350755334802));
#850 = CARTESIAN_POINT('',(-0.942477857877,10.383687058766));
#851 = CARTESIAN_POINT('',(-1.256637061436,10.4));
#852 = CARTESIAN_POINT('',(-1.570796326795,10.4));
#853 = ( GEOMETRIC_REPRESENTATION_CONTEXT(2) 
PARAMETRIC_REPRESENTATION_CONTEXT() REPRESENTATION_CONTEXT('2D SPACE',''
  ) );
#854 = ADVANCED_FACE('',(#855,#935),#44,.F.);
#855 = FACE_BOUND('',#856,.F.);
#856 = EDGE_LOOP('',(#857,#887,#908,#909));
#857 = ORIENTED_EDGE('',*,*,#858,.T.);
#858 = EDGE_CURVE('',#859,#861,#863,.T.);
#859 = VERTEX_POINT('',#860);
#860 = CARTESIAN_POINT('',(-99.2,89.591240409707,23.219723895954));
#861 = VERTEX_POINT('',#862);
#862 = CARTESIAN_POINT('',(-99.2,3.,19.392593003887));
#863 = SURFACE_CURVE('',#864,(#868,#875),.PCURVE_S1.);
#864 = LINE('',#865,#866);
#865 = CARTESIAN_POINT('',(-99.2,90.05,23.24));
#866 = VECTOR('',#867,1.);
#867 = DIRECTION('',(0.,-0.999024711712,-4.415456249432E-02));
#868 = PCURVE('',#44,#869);
#869 = DEFINITIONAL_REPRESENTATION('',(#870),#874);
#870 = LINE('',#871,#872);
#871 = CARTESIAN_POINT('',(45.025,7.19));
#872 = VECTOR('',#873,1.);
#873 = DIRECTION('',(-0.999024711712,-4.415456249432E-02));
#874 = ( GEOMETRIC_REPRESENTATION_CONTEXT(2) 
PARAMETRIC_REPRESENTATION_CONTEXT() REPRESENTATION_CONTEXT('2D SPACE',''
  ) );
#875 = PCURVE('',#876,#881);
#876 = PLANE('',#877);
#877 = AXIS2_PLACEMENT_3D('',#878,#879,#880);
#878 = CARTESIAN_POINT('',(0.,90.05,23.24));
#879 = DIRECTION('',(0.,-4.415456249432E-02,0.999024711712));
#880 = DIRECTION('',(0.,-0.999024711712,-4.415456249432E-02));
#881 = DEFINITIONAL_REPRESENTATION('',(#882),#886);
#882 = LINE('',#883,#884);
#883 = CARTESIAN_POINT('',(-0.,-99.2));
#884 = VECTOR('',#885,1.);
#885 = DIRECTION('',(1.,0.));
#886 = ( GEOMETRIC_REPRESENTATION_CONTEXT(2) 
PARAMETRIC_REPRESENTATION_CONTEXT() REPRESENTATION_CONTEXT('2D SPACE',''
  ) );
#887 = ORIENTED_EDGE('',*,*,#888,.T.);
#888 = EDGE_CURVE('',#861,#22,#889,.T.);
#889 = SURFACE_CURVE('',#890,(#894,#901),.PCURVE_S1.);
#890 = LINE('',#891,#892);
#891 = CARTESIAN_POINT('',(-99.2,3.,19.26));
#892 = VECTOR('',#893,1.);
#893 = DIRECTION('',(0.,0.,-1.));
#894 = PCURVE('',#44,#895);
#895 = DEFINITIONAL_REPRESENTATION('',(#896),#900);
#896 = LINE('',#897,#898);
#897 = CARTESIAN_POINT('',(-42.025,3.21));
#898 = VECTOR('',#899,1.);
#899 = DIRECTION('',(0.,-1.));
#900 = ( GEOMETRIC_REPRESENTATION_CONTEXT(2) 
PARAMETRIC_REPRESENTATION_CONTEXT() REPRESENTATION_CONTEXT('2D SPACE',''
  ) );
#901 = PCURVE('',#840,#902);
#902 = DEFINITIONAL_REPRESENTATION('',(#903),#907);
#903 = LINE('',#904,#905);
#904 = CARTESIAN_POINT('',(-0.,0.));
#905 = VECTOR('',#906,1.);
#906 = DIRECTION('',(-0.,1.));
#907 = ( GEOMETRIC_REPRESENTATION_CONTEXT(2) 
PARAMETRIC_REPRESENTATION_CONTEXT() REPRESENTATION_CONTEXT('2D SPACE',''
  ) );
#908 = ORIENTED_EDGE('',*,*,#21,.T.);
#909 = ORIENTED_EDGE('',*,*,#910,.F.);
#910 = EDGE_CURVE('',#859,#24,#911,.T.);
#911 = SURFACE_CURVE('',#912,(#917,#928),.PCURVE_S1.);
#912 = CIRCLE('',#913,5.2);
#913 = AXIS2_PLACEMENT_3D('',#914,#915,#916);
#914 = CARTESIAN_POINT('',(-99.2,90.05,18.04));
#915 = DIRECTION('',(-1.,0.,0.));
#916 = DIRECTION('',(0.,-8.822299813319E-02,0.996100749222));
#917 = PCURVE('',#44,#918);
#918 = DEFINITIONAL_REPRESENTATION('',(#919),#927);
#919 = ( BOUNDED_CURVE() B_SPLINE_CURVE(2,(#920,#921,#922,#923,#924,#925
,#926),.UNSPECIFIED.,.T.,.F.) B_SPLINE_CURVE_WITH_KNOTS((1,2,2,2,2,1),(
    -2.094395102393,0.,2.094395102393,4.188790204786,6.28318530718,
8.377580409573),.UNSPECIFIED.) CURVE() GEOMETRIC_REPRESENTATION_ITEM() 
RATIONAL_B_SPLINE_CURVE((1.,0.5,1.,0.5,1.,0.5,1.)) REPRESENTATION_ITEM(
  '') );
#920 = CARTESIAN_POINT('',(44.566240409707,7.169723895954));
#921 = CARTESIAN_POINT('',(53.537785366678,7.9643188148));
#922 = CARTESIAN_POINT('',(49.740152273632,-0.202564488554));
#923 = CARTESIAN_POINT('',(45.942519180585,-8.369447791908));
#924 = CARTESIAN_POINT('',(40.768607316661,-0.9971594074));
#925 = CARTESIAN_POINT('',(35.594695452737,6.375128977107));
#926 = CARTESIAN_POINT('',(44.566240409707,7.169723895954));
#927 = ( GEOMETRIC_REPRESENTATION_CONTEXT(2) 
PARAMETRIC_REPRESENTATION_CONTEXT() REPRESENTATION_CONTEXT('2D SPACE',''
  ) );
#928 = PCURVE('',#72,#929);
#929 = DEFINITIONAL_REPRESENTATION('',(#930),#934);
#930 = LINE('',#931,#932);
#931 = CARTESIAN_POINT('',(3.229930498735,0.));
#932 = VECTOR('',#933,1.);
#933 = DIRECTION('',(-1.,-0.));
#934 = ( GEOMETRIC_REPRESENTATION_CONTEXT(2) 
PARAMETRIC_REPRESENTATION_CONTEXT() REPRESENTATION_CONTEXT('2D SPACE',''
  ) );
#935 = FACE_BOUND('',#936,.F.);
#936 = EDGE_LOOP('',(#937));
#937 = ORIENTED_EDGE('',*,*,#938,.F.);
#938 = EDGE_CURVE('',#939,#939,#941,.T.);
#939 = VERTEX_POINT('',#940);
#940 = CARTESIAN_POINT('',(-99.2,90.05,14.84));
#941 = SURFACE_CURVE('',#942,(#947,#954),.PCURVE_S1.);
#942 = CIRCLE('',#943,3.2);
#943 = AXIS2_PLACEMENT_3D('',#944,#945,#946);
#944 = CARTESIAN_POINT('',(-99.2,90.05,18.04));
#945 = DIRECTION('',(1.,0.,2.22044604925E-16));
#946 = DIRECTION('',(2.22044604925E-16,0.,-1.));
#947 = PCURVE('',#44,#948);
#948 = DEFINITIONAL_REPRESENTATION('',(#949),#953);
#949 = CIRCLE('',#950,3.2);
#950 = AXIS2_PLACEMENT_2D('',#951,#952);
#951 = CARTESIAN_POINT('',(45.025,1.99));
#952 = DIRECTION('',(0.,-1.));
#953 = ( GEOMETRIC_REPRESENTATION_CONTEXT(2) 
PARAMETRIC_REPRESENTATION_CONTEXT() REPRESENTATION_CONTEXT('2D SPACE',''
  ) );
#954 = PCURVE('',#955,#960);
#955 = CYLINDRICAL_SURFACE('',#956,3.2);
#956 = AXIS2_PLACEMENT_3D('',#957,#958,#959);
#957 = CARTESIAN_POINT('',(-102.2,90.05,18.04));
#958 = DIRECTION('',(1.,0.,2.22044604925E-16));
#959 = DIRECTION('',(2.22044604925E-16,0.,-1.));
#960 = DEFINITIONAL_REPRESENTATION('',(#961),#965);
#961 = LINE('',#962,#963);
#962 = CARTESIAN_POINT('',(0.,3.));
#963 = VECTOR('',#964,1.);
#964 = DIRECTION('',(1.,0.));
#965 = ( GEOMETRIC_REPRESENTATION_CONTEXT(2) 
PARAMETRIC_REPRESENTATION_CONTEXT() REPRESENTATION_CONTEXT('2D SPACE',''
  ) );
#966 = ADVANCED_FACE('',(#967),#840,.T.);
#967 = FACE_BOUND('',#968,.F.);
#968 = EDGE_LOOP('',(#969,#996,#1017,#1018));
#969 = ORIENTED_EDGE('',*,*,#970,.T.);
#970 = EDGE_CURVE('',#861,#971,#973,.T.);
#971 = VERTEX_POINT('',#972);
#972 = CARTESIAN_POINT('',(-96.2,-4.440892098501E-16,19.26));
#973 = SURFACE_CURVE('',#974,(#979,#989),.PCURVE_S1.);
#974 = ELLIPSE('',#975,3.002928721212,3.);
#975 = AXIS2_PLACEMENT_3D('',#976,#977,#978);
#976 = CARTESIAN_POINT('',(-96.2,3.,19.392593003887));
#977 = DIRECTION('',(0.,-4.415456249432E-02,0.999024711712));
#978 = DIRECTION('',(0.,-0.999024711712,-4.415456249432E-02));
#979 = PCURVE('',#840,#980);
#980 = DEFINITIONAL_REPRESENTATION('',(#981),#988);
#981 = B_SPLINE_CURVE_WITH_KNOTS('',5,(#982,#983,#984,#985,#986,#987),
  .UNSPECIFIED.,.F.,.F.,(6,6),(4.712388980385,6.28318530718),
  .PIECEWISE_BEZIER_KNOTS.);
#982 = CARTESIAN_POINT('',(0.,-0.132593003887));
#983 = CARTESIAN_POINT('',(-0.314159265359,-9.093768319393E-02));
#984 = CARTESIAN_POINT('',(-0.628318504333,-4.924466519831E-02));
#985 = CARTESIAN_POINT('',(-0.942477857877,-1.631294123425E-02));
#986 = CARTESIAN_POINT('',(-1.256637061436,-4.645781575655E-17));
#987 = CARTESIAN_POINT('',(-1.570796326795,6.938893903907E-18));
#988 = ( GEOMETRIC_REPRESENTATION_CONTEXT(2) 
PARAMETRIC_REPRESENTATION_CONTEXT() REPRESENTATION_CONTEXT('2D SPACE',''
  ) );
#989 = PCURVE('',#876,#990);
#990 = DEFINITIONAL_REPRESENTATION('',(#991),#995);
#991 = ELLIPSE('',#992,3.002928721212,3.);
#992 = AXIS2_PLACEMENT_2D('',#993,#994);
#993 = CARTESIAN_POINT('',(87.134981727167,-96.2));
#994 = DIRECTION('',(1.,0.));
#995 = ( GEOMETRIC_REPRESENTATION_CONTEXT(2) 
PARAMETRIC_REPRESENTATION_CONTEXT() REPRESENTATION_CONTEXT('2D SPACE',''
  ) );
#996 = ORIENTED_EDGE('',*,*,#997,.T.);
#997 = EDGE_CURVE('',#971,#794,#998,.T.);
#998 = SURFACE_CURVE('',#999,(#1003,#1010),.PCURVE_S1.);
#999 = LINE('',#1000,#1001);
#1000 = CARTESIAN_POINT('',(-96.2,-4.440892098501E-16,19.26));
#1001 = VECTOR('',#1002,1.);
#1002 = DIRECTION('',(0.,0.,-1.));
#1003 = PCURVE('',#840,#1004);
#1004 = DEFINITIONAL_REPRESENTATION('',(#1005),#1009);
#1005 = LINE('',#1006,#1007);
#1006 = CARTESIAN_POINT('',(-1.570796326795,0.));
#1007 = VECTOR('',#1008,1.);
#1008 = DIRECTION('',(-0.,1.));
#1009 = ( GEOMETRIC_REPRESENTATION_CONTEXT(2) 
PARAMETRIC_REPRESENTATION_CONTEXT() REPRESENTATION_CONTEXT('2D SPACE',''
  ) );
#1010 = PCURVE('',#809,#1011);
#1011 = DEFINITIONAL_REPRESENTATION('',(#1012),#1016);
#1012 = LINE('',#1013,#1014);
#1013 = CARTESIAN_POINT('',(0.,-96.2));
#1014 = VECTOR('',#1015,1.);
#1015 = DIRECTION('',(1.,0.));
#1016 = ( GEOMETRIC_REPRESENTATION_CONTEXT(2) 
PARAMETRIC_REPRESENTATION_CONTEXT() REPRESENTATION_CONTEXT('2D SPACE',''
  ) );
#1017 = ORIENTED_EDGE('',*,*,#821,.F.);
#1018 = ORIENTED_EDGE('',*,*,#888,.F.);
#1019 = ADVANCED_FACE('',(#1020),#72,.T.);
#1020 = FACE_BOUND('',#1021,.T.);
#1021 = EDGE_LOOP('',(#1022,#1023,#1024,#1045));
#1022 = ORIENTED_EDGE('',*,*,#56,.F.);
#1023 = ORIENTED_EDGE('',*,*,#910,.F.);
#1024 = ORIENTED_EDGE('',*,*,#1025,.T.);
#1025 = EDGE_CURVE('',#859,#1026,#1028,.T.);
#1026 = VERTEX_POINT('',#1027);
#1027 = CARTESIAN_POINT('',(-96.8,89.591240409707,23.219723895954));
#1028 = SURFACE_CURVE('',#1029,(#1033,#1039),.PCURVE_S1.);
#1029 = LINE('',#1030,#1031);
#1030 = CARTESIAN_POINT('',(-99.2,89.591240409707,23.219723895954));
#1031 = VECTOR('',#1032,1.);
#1032 = DIRECTION('',(1.,0.,2.22044604925E-16));
#1033 = PCURVE('',#72,#1034);
#1034 = DEFINITIONAL_REPRESENTATION('',(#1035),#1038);
#1035 = B_SPLINE_CURVE_WITH_KNOTS('',1,(#1036,#1037),.UNSPECIFIED.,.F.,
  .F.,(2,2),(-2.399999999625E-06,198.4000024),.PIECEWISE_BEZIER_KNOTS.);
#1036 = CARTESIAN_POINT('',(3.229930498735,-2.399999998475E-06));
#1037 = CARTESIAN_POINT('',(3.229930498735,198.4000024));
#1038 = ( GEOMETRIC_REPRESENTATION_CONTEXT(2) 
PARAMETRIC_REPRESENTATION_CONTEXT() REPRESENTATION_CONTEXT('2D SPACE',''
  ) );
#1039 = PCURVE('',#876,#1040);
#1040 = DEFINITIONAL_REPRESENTATION('',(#1041),#1044);
#1041 = B_SPLINE_CURVE_WITH_KNOTS('',1,(#1042,#1043),.UNSPECIFIED.,.F.,
  .F.,(2,2),(-2.399999999625E-06,198.4000024),.PIECEWISE_BEZIER_KNOTS.);
#1042 = CARTESIAN_POINT('',(0.45920744994,-99.2000024));
#1043 = CARTESIAN_POINT('',(0.45920744994,99.2000024));
#1044 = ( GEOMETRIC_REPRESENTATION_CONTEXT(2) 
PARAMETRIC_REPRESENTATION_CONTEXT() REPRESENTATION_CONTEXT('2D SPACE',''
  ) );
#1045 = ORIENTED_EDGE('',*,*,#1046,.F.);
#1046 = EDGE_CURVE('',#57,#1026,#1047,.T.);
#1047 = SURFACE_CURVE('',#1048,(#1053,#1060),.PCURVE_S1.);
#1048 = CIRCLE('',#1049,5.2);
#1049 = AXIS2_PLACEMENT_3D('',#1050,#1051,#1052);
#1050 = CARTESIAN_POINT('',(-96.8,90.05,18.04));
#1051 = DIRECTION('',(1.,0.,2.22044604925E-16));
#1052 = DIRECTION('',(2.22044604925E-16,0.,-1.));
#1053 = PCURVE('',#72,#1054);
#1054 = DEFINITIONAL_REPRESENTATION('',(#1055),#1059);
#1055 = LINE('',#1056,#1057);
#1056 = CARTESIAN_POINT('',(0.,2.4));
#1057 = VECTOR('',#1058,1.);
#1058 = DIRECTION('',(1.,0.));
#1059 = ( GEOMETRIC_REPRESENTATION_CONTEXT(2) 
PARAMETRIC_REPRESENTATION_CONTEXT() REPRESENTATION_CONTEXT('2D SPACE',''
  ) );
#1060 = PCURVE('',#98,#1061);
#1061 = DEFINITIONAL_REPRESENTATION('',(#1062),#1066);
#1062 = CIRCLE('',#1063,5.2);
#1063 = AXIS2_PLACEMENT_2D('',#1064,#1065);
#1064 = CARTESIAN_POINT('',(2.13162820728E-14,0.));
#1065 = DIRECTION('',(1.,0.));
#1066 = ( GEOMETRIC_REPRESENTATION_CONTEXT(2) 
PARAMETRIC_REPRESENTATION_CONTEXT() REPRESENTATION_CONTEXT('2D SPACE',''
  ) );
#1067 = ADVANCED_FACE('',(#1068),#809,.T.);
#1068 = FACE_BOUND('',#1069,.T.);
#1069 = EDGE_LOOP('',(#1070,#1093,#1094,#1095,#1116,#1142,#1168,#1196));
#1070 = ORIENTED_EDGE('',*,*,#1071,.T.);
#1071 = EDGE_CURVE('',#1072,#971,#1074,.T.);
#1072 = VERTEX_POINT('',#1073);
#1073 = CARTESIAN_POINT('',(96.2,-4.440892098501E-16,19.26));
#1074 = SURFACE_CURVE('',#1075,(#1079,#1086),.PCURVE_S1.);
#1075 = LINE('',#1076,#1077);
#1076 = CARTESIAN_POINT('',(99.2,0.,19.26));
#1077 = VECTOR('',#1078,1.);
#1078 = DIRECTION('',(-1.,0.,0.));
#1079 = PCURVE('',#809,#1080);
#1080 = DEFINITIONAL_REPRESENTATION('',(#1081),#1085);
#1081 = LINE('',#1082,#1083);
#1082 = CARTESIAN_POINT('',(0.,99.2));
#1083 = VECTOR('',#1084,1.);
#1084 = DIRECTION('',(0.,-1.));
#1085 = ( GEOMETRIC_REPRESENTATION_CONTEXT(2) 
PARAMETRIC_REPRESENTATION_CONTEXT() REPRESENTATION_CONTEXT('2D SPACE',''
  ) );
#1086 = PCURVE('',#876,#1087);
#1087 = DEFINITIONAL_REPRESENTATION('',(#1088),#1092);
#1088 = LINE('',#1089,#1090);
#1089 = CARTESIAN_POINT('',(90.137910448379,99.2));
#1090 = VECTOR('',#1091,1.);
#1091 = DIRECTION('',(-0.,-1.));
#1092 = ( GEOMETRIC_REPRESENTATION_CONTEXT(2) 
PARAMETRIC_REPRESENTATION_CONTEXT() REPRESENTATION_CONTEXT('2D SPACE',''
  ) );
#1093 = ORIENTED_EDGE('',*,*,#997,.T.);
#1094 = ORIENTED_EDGE('',*,*,#793,.F.);
#1095 = ORIENTED_EDGE('',*,*,#1096,.T.);
#1096 = EDGE_CURVE('',#768,#1097,#1099,.T.);
#1097 = VERTEX_POINT('',#1098);
#1098 = CARTESIAN_POINT('',(-48.6,0.,17.236790671849));
#1099 = SURFACE_CURVE('',#1100,(#1104,#1110),.PCURVE_S1.);
#1100 = LINE('',#1101,#1102);
#1101 = CARTESIAN_POINT('',(-48.6,0.,15.948395335924));
#1102 = VECTOR('',#1103,1.);
#1103 = DIRECTION('',(-0.,0.,1.));
#1104 = PCURVE('',#809,#1105);
#1105 = DEFINITIONAL_REPRESENTATION('',(#1106),#1109);
#1106 = B_SPLINE_CURVE_WITH_KNOTS('',1,(#1107,#1108),.UNSPECIFIED.,.F.,
  .F.,(2,2),(-7.088395335924,1.288395335924),.PIECEWISE_BEZIER_KNOTS.);
#1107 = CARTESIAN_POINT('',(10.4,-48.6));
#1108 = CARTESIAN_POINT('',(2.023209328151,-48.6));
#1109 = ( GEOMETRIC_REPRESENTATION_CONTEXT(2) 
PARAMETRIC_REPRESENTATION_CONTEXT() REPRESENTATION_CONTEXT('2D SPACE',''
  ) );
#1110 = PCURVE('',#782,#1111);
#1111 = DEFINITIONAL_REPRESENTATION('',(#1112),#1115);
#1112 = B_SPLINE_CURVE_WITH_KNOTS('',1,(#1113,#1114),.UNSPECIFIED.,.F.,
  .F.,(2,2),(-7.088395335924,1.288395335924),.PIECEWISE_BEZIER_KNOTS.);
#1113 = CARTESIAN_POINT('',(-1.75,-3.776790671849));
#1114 = CARTESIAN_POINT('',(-1.75,4.6));
#1115 = ( GEOMETRIC_REPRESENTATION_CONTEXT(2) 
PARAMETRIC_REPRESENTATION_CONTEXT() REPRESENTATION_CONTEXT('2D SPACE',''
  ) );
#1116 = ORIENTED_EDGE('',*,*,#1117,.F.);
#1117 = EDGE_CURVE('',#1118,#1097,#1120,.T.);
#1118 = VERTEX_POINT('',#1119);
#1119 = CARTESIAN_POINT('',(5.,0.,17.236790671849));
#1120 = SURFACE_CURVE('',#1121,(#1125,#1131),.PCURVE_S1.);
#1121 = LINE('',#1122,#1123);
#1122 = CARTESIAN_POINT('',(-10.9,0.,17.236790671849));
#1123 = VECTOR('',#1124,1.);
#1124 = DIRECTION('',(-1.,-0.,0.));
#1125 = PCURVE('',#809,#1126);
#1126 = DEFINITIONAL_REPRESENTATION('',(#1127),#1130);
#1127 = B_SPLINE_CURVE_WITH_KNOTS('',1,(#1128,#1129),.UNSPECIFIED.,.F.,
  .F.,(2,2),(-15.9,37.7),.PIECEWISE_BEZIER_KNOTS.);
#1128 = CARTESIAN_POINT('',(2.023209328151,5.));
#1129 = CARTESIAN_POINT('',(2.023209328151,-48.6));
#1130 = ( GEOMETRIC_REPRESENTATION_CONTEXT(2) 
PARAMETRIC_REPRESENTATION_CONTEXT() REPRESENTATION_CONTEXT('2D SPACE',''
  ) );
#1131 = PCURVE('',#1132,#1137);
#1132 = PLANE('',#1133);
#1133 = AXIS2_PLACEMENT_3D('',#1134,#1135,#1136);
#1134 = CARTESIAN_POINT('',(-21.8,4.5,17.236790671849));
#1135 = DIRECTION('',(-0.,0.,1.));
#1136 = DIRECTION('',(0.,-1.,0.));
#1137 = DEFINITIONAL_REPRESENTATION('',(#1138),#1141);
#1138 = B_SPLINE_CURVE_WITH_KNOTS('',1,(#1139,#1140),.UNSPECIFIED.,.F.,
  .F.,(2,2),(-15.9,37.7),.PIECEWISE_BEZIER_KNOTS.);
#1139 = CARTESIAN_POINT('',(4.5,26.8));
#1140 = CARTESIAN_POINT('',(4.5,-26.8));
#1141 = ( GEOMETRIC_REPRESENTATION_CONTEXT(2) 
PARAMETRIC_REPRESENTATION_CONTEXT() REPRESENTATION_CONTEXT('2D SPACE',''
  ) );
#1142 = ORIENTED_EDGE('',*,*,#1143,.F.);
#1143 = EDGE_CURVE('',#1144,#1118,#1146,.T.);
#1144 = VERTEX_POINT('',#1145);
#1145 = CARTESIAN_POINT('',(5.,0.,8.86));
#1146 = SURFACE_CURVE('',#1147,(#1151,#1157),.PCURVE_S1.);
#1147 = LINE('',#1148,#1149);
#1148 = CARTESIAN_POINT('',(5.,0.,15.948395335924));
#1149 = VECTOR('',#1150,1.);
#1150 = DIRECTION('',(-0.,0.,1.));
#1151 = PCURVE('',#809,#1152);
#1152 = DEFINITIONAL_REPRESENTATION('',(#1153),#1156);
#1153 = B_SPLINE_CURVE_WITH_KNOTS('',1,(#1154,#1155),.UNSPECIFIED.,.F.,
  .F.,(2,2),(-7.088395335924,1.288395335924),.PIECEWISE_BEZIER_KNOTS.);
#1154 = CARTESIAN_POINT('',(10.4,5.));
#1155 = CARTESIAN_POINT('',(2.023209328151,5.));
#1156 = ( GEOMETRIC_REPRESENTATION_CONTEXT(2) 
PARAMETRIC_REPRESENTATION_CONTEXT() REPRESENTATION_CONTEXT('2D SPACE',''
  ) );
#1157 = PCURVE('',#1158,#1163);
#1158 = PLANE('',#1159);
#1159 = AXIS2_PLACEMENT_3D('',#1160,#1161,#1162);
#1160 = CARTESIAN_POINT('',(5.,1.75,12.636790671849));
#1161 = DIRECTION('',(1.,0.,0.));
#1162 = DIRECTION('',(0.,1.,0.));
#1163 = DEFINITIONAL_REPRESENTATION('',(#1164),#1167);
#1164 = B_SPLINE_CURVE_WITH_KNOTS('',1,(#1165,#1166),.UNSPECIFIED.,.F.,
  .F.,(2,2),(-7.088395335924,1.288395335924),.PIECEWISE_BEZIER_KNOTS.);
#1165 = CARTESIAN_POINT('',(-1.75,-3.776790671849));
#1166 = CARTESIAN_POINT('',(-1.75,4.6));
#1167 = ( GEOMETRIC_REPRESENTATION_CONTEXT(2) 
PARAMETRIC_REPRESENTATION_CONTEXT() REPRESENTATION_CONTEXT('2D SPACE',''
  ) );
#1168 = ORIENTED_EDGE('',*,*,#1169,.F.);
#1169 = EDGE_CURVE('',#1170,#1144,#1172,.T.);
#1170 = VERTEX_POINT('',#1171);
#1171 = CARTESIAN_POINT('',(96.2,-4.440892098501E-16,8.86));
#1172 = SURFACE_CURVE('',#1173,(#1177,#1184),.PCURVE_S1.);
#1173 = LINE('',#1174,#1175);
#1174 = CARTESIAN_POINT('',(99.2,0.,8.86));
#1175 = VECTOR('',#1176,1.);
#1176 = DIRECTION('',(-1.,0.,0.));
#1177 = PCURVE('',#809,#1178);
#1178 = DEFINITIONAL_REPRESENTATION('',(#1179),#1183);
#1179 = LINE('',#1180,#1181);
#1180 = CARTESIAN_POINT('',(10.4,99.2));
#1181 = VECTOR('',#1182,1.);
#1182 = DIRECTION('',(0.,-1.));
#1183 = ( GEOMETRIC_REPRESENTATION_CONTEXT(2) 
PARAMETRIC_REPRESENTATION_CONTEXT() REPRESENTATION_CONTEXT('2D SPACE',''
  ) );
#1184 = PCURVE('',#1185,#1190);
#1185 = PLANE('',#1186);
#1186 = AXIS2_PLACEMENT_3D('',#1187,#1188,#1189);
#1187 = CARTESIAN_POINT('',(0.,0.,8.86));
#1188 = DIRECTION('',(0.,4.415456249432E-02,-0.999024711712));
#1189 = DIRECTION('',(0.,0.999024711712,4.415456249432E-02));
#1190 = DEFINITIONAL_REPRESENTATION('',(#1191),#1195);
#1191 = LINE('',#1192,#1193);
#1192 = CARTESIAN_POINT('',(0.,99.2));
#1193 = VECTOR('',#1194,1.);
#1194 = DIRECTION('',(0.,-1.));
#1195 = ( GEOMETRIC_REPRESENTATION_CONTEXT(2) 
PARAMETRIC_REPRESENTATION_CONTEXT() REPRESENTATION_CONTEXT('2D SPACE',''
  ) );
#1196 = ORIENTED_EDGE('',*,*,#1197,.F.);
#1197 = EDGE_CURVE('',#1072,#1170,#1198,.T.);
#1198 = SURFACE_CURVE('',#1199,(#1203,#1210),.PCURVE_S1.);
#1199 = LINE('',#1200,#1201);
#1200 = CARTESIAN_POINT('',(96.2,-4.440892098501E-16,19.26));
#1201 = VECTOR('',#1202,1.);
#1202 = DIRECTION('',(0.,0.,-1.));
#1203 = PCURVE('',#809,#1204);
#1204 = DEFINITIONAL_REPRESENTATION('',(#1205),#1209);
#1205 = LINE('',#1206,#1207);
#1206 = CARTESIAN_POINT('',(0.,96.2));
#1207 = VECTOR('',#1208,1.);
#1208 = DIRECTION('',(1.,0.));
#1209 = ( GEOMETRIC_REPRESENTATION_CONTEXT(2) 
PARAMETRIC_REPRESENTATION_CONTEXT() REPRESENTATION_CONTEXT('2D SPACE',''
  ) );
#1210 = PCURVE('',#1211,#1216);
#1211 = CYLINDRICAL_SURFACE('',#1212,3.);
#1212 = AXIS2_PLACEMENT_3D('',#1213,#1214,#1215);
#1213 = CARTESIAN_POINT('',(96.2,3.,19.26));
#1214 = DIRECTION('',(0.,0.,-1.));
#1215 = DIRECTION('',(1.,0.,0.));
#1216 = DEFINITIONAL_REPRESENTATION('',(#1217),#1221);
#1217 = LINE('',#1218,#1219);
#1218 = CARTESIAN_POINT('',(1.570796326795,0.));
#1219 = VECTOR('',#1220,1.);
#1220 = DIRECTION('',(0.,1.));
#1221 = ( GEOMETRIC_REPRESENTATION_CONTEXT(2) 
PARAMETRIC_REPRESENTATION_CONTEXT() REPRESENTATION_CONTEXT('2D SPACE',''
  ) );
#1222 = ADVANCED_FACE('',(#1223,#1270),#98,.T.);
#1223 = FACE_BOUND('',#1224,.T.);
#1224 = EDGE_LOOP('',(#1225,#1246,#1268,#1269));
#1225 = ORIENTED_EDGE('',*,*,#1226,.F.);
#1226 = EDGE_CURVE('',#1227,#1026,#1229,.T.);
#1227 = VERTEX_POINT('',#1228);
#1228 = CARTESIAN_POINT('',(-96.8,86.439734320801,23.080434676255));
#1229 = SURFACE_CURVE('',#1230,(#1234,#1240),.PCURVE_S1.);
#1230 = LINE('',#1231,#1232);
#1231 = CARTESIAN_POINT('',(-96.8,89.935310102427,23.234930973988));
#1232 = VECTOR('',#1233,1.);
#1233 = DIRECTION('',(-9.804282384688E-18,0.999024711712,
    4.415456249432E-02));
#1234 = PCURVE('',#98,#1235);
#1235 = DEFINITIONAL_REPRESENTATION('',(#1236),#1239);
#1236 = B_SPLINE_CURVE_WITH_KNOTS('',1,(#1237,#1238),.UNSPECIFIED.,.F.,
  .F.,(2,2),(-6.091250828019,-0.344405587455),.PIECEWISE_BEZIER_KNOTS.);
#1237 = CARTESIAN_POINT('',(-4.925974458634,-6.2));
#1238 = CARTESIAN_POINT('',(-5.179723895954,-0.458759590293));
#1239 = ( GEOMETRIC_REPRESENTATION_CONTEXT(2) 
PARAMETRIC_REPRESENTATION_CONTEXT() REPRESENTATION_CONTEXT('2D SPACE',''
  ) );
#1240 = PCURVE('',#876,#1241);
#1241 = DEFINITIONAL_REPRESENTATION('',(#1242),#1245);
#1242 = B_SPLINE_CURVE_WITH_KNOTS('',1,(#1243,#1244),.UNSPECIFIED.,.F.,
  .F.,(2,2),(-6.091250828019,-0.344405587455),.PIECEWISE_BEZIER_KNOTS.);
#1243 = CARTESIAN_POINT('',(6.206052690505,-96.8));
#1244 = CARTESIAN_POINT('',(0.45920744994,-96.8));
#1245 = ( GEOMETRIC_REPRESENTATION_CONTEXT(2) 
PARAMETRIC_REPRESENTATION_CONTEXT() REPRESENTATION_CONTEXT('2D SPACE',''
  ) );
#1246 = ORIENTED_EDGE('',*,*,#1247,.T.);
#1247 = EDGE_CURVE('',#1227,#84,#1248,.T.);
#1248 = SURFACE_CURVE('',#1249,(#1254,#1261),.PCURVE_S1.);
#1249 = CIRCLE('',#1250,6.2);
#1250 = AXIS2_PLACEMENT_3D('',#1251,#1252,#1253);
#1251 = CARTESIAN_POINT('',(-96.8,90.05,18.04));
#1252 = DIRECTION('',(1.,-0.,2.22044604925E-16));
#1253 = DIRECTION('',(2.22044604925E-16,0.,-1.));
#1254 = PCURVE('',#98,#1255);
#1255 = DEFINITIONAL_REPRESENTATION('',(#1256),#1260);
#1256 = CIRCLE('',#1257,6.2);
#1257 = AXIS2_PLACEMENT_2D('',#1258,#1259);
#1258 = CARTESIAN_POINT('',(0.,0.));
#1259 = DIRECTION('',(1.,0.));
#1260 = ( GEOMETRIC_REPRESENTATION_CONTEXT(2) 
PARAMETRIC_REPRESENTATION_CONTEXT() REPRESENTATION_CONTEXT('2D SPACE',''
  ) );
#1261 = PCURVE('',#124,#1262);
#1262 = DEFINITIONAL_REPRESENTATION('',(#1263),#1267);
#1263 = LINE('',#1264,#1265);
#1264 = CARTESIAN_POINT('',(0.,0.));
#1265 = VECTOR('',#1266,1.);
#1266 = DIRECTION('',(1.,0.));
#1267 = ( GEOMETRIC_REPRESENTATION_CONTEXT(2) 
PARAMETRIC_REPRESENTATION_CONTEXT() REPRESENTATION_CONTEXT('2D SPACE',''
  ) );
#1268 = ORIENTED_EDGE('',*,*,#83,.F.);
#1269 = ORIENTED_EDGE('',*,*,#1046,.T.);
#1270 = FACE_BOUND('',#1271,.T.);
#1271 = EDGE_LOOP('',(#1272));
#1272 = ORIENTED_EDGE('',*,*,#1273,.F.);
#1273 = EDGE_CURVE('',#1274,#1274,#1276,.T.);
#1274 = VERTEX_POINT('',#1275);
#1275 = CARTESIAN_POINT('',(-96.8,90.05,14.84));
#1276 = SURFACE_CURVE('',#1277,(#1282,#1289),.PCURVE_S1.);
#1277 = CIRCLE('',#1278,3.2);
#1278 = AXIS2_PLACEMENT_3D('',#1279,#1280,#1281);
#1279 = CARTESIAN_POINT('',(-96.8,90.05,18.04));
#1280 = DIRECTION('',(1.,0.,2.22044604925E-16));
#1281 = DIRECTION('',(2.22044604925E-16,0.,-1.));
#1282 = PCURVE('',#98,#1283);
#1283 = DEFINITIONAL_REPRESENTATION('',(#1284),#1288);
#1284 = CIRCLE('',#1285,3.2);
#1285 = AXIS2_PLACEMENT_2D('',#1286,#1287);
#1286 = CARTESIAN_POINT('',(0.,0.));
#1287 = DIRECTION('',(1.,0.));
#1288 = ( GEOMETRIC_REPRESENTATION_CONTEXT(2) 
PARAMETRIC_REPRESENTATION_CONTEXT() REPRESENTATION_CONTEXT('2D SPACE',''
  ) );
#1289 = PCURVE('',#955,#1290);
#1290 = DEFINITIONAL_REPRESENTATION('',(#1291),#1295);
#1291 = LINE('',#1292,#1293);
#1292 = CARTESIAN_POINT('',(0.,5.4));
#1293 = VECTOR('',#1294,1.);
#1294 = DIRECTION('',(1.,0.));
#1295 = ( GEOMETRIC_REPRESENTATION_CONTEXT(2) 
PARAMETRIC_REPRESENTATION_CONTEXT() REPRESENTATION_CONTEXT('2D SPACE',''
  ) );
#1296 = ADVANCED_FACE('',(#1297),#782,.T.);
#1297 = FACE_BOUND('',#1298,.T.);
#1298 = EDGE_LOOP('',(#1299,#1322,#1323,#1324));
#1299 = ORIENTED_EDGE('',*,*,#1300,.T.);
#1300 = EDGE_CURVE('',#1301,#1097,#1303,.T.);
#1301 = VERTEX_POINT('',#1302);
#1302 = CARTESIAN_POINT('',(-48.6,4.,17.236790671849));
#1303 = SURFACE_CURVE('',#1304,(#1308,#1315),.PCURVE_S1.);
#1304 = LINE('',#1305,#1306);
#1305 = CARTESIAN_POINT('',(-48.6,4.5,17.236790671849));
#1306 = VECTOR('',#1307,1.);
#1307 = DIRECTION('',(0.,-1.,0.));
#1308 = PCURVE('',#782,#1309);
#1309 = DEFINITIONAL_REPRESENTATION('',(#1310),#1314);
#1310 = LINE('',#1311,#1312);
#1311 = CARTESIAN_POINT('',(2.75,4.6));
#1312 = VECTOR('',#1313,1.);
#1313 = DIRECTION('',(-1.,0.));
#1314 = ( GEOMETRIC_REPRESENTATION_CONTEXT(2) 
PARAMETRIC_REPRESENTATION_CONTEXT() REPRESENTATION_CONTEXT('2D SPACE',''
  ) );
#1315 = PCURVE('',#1132,#1316);
#1316 = DEFINITIONAL_REPRESENTATION('',(#1317),#1321);
#1317 = LINE('',#1318,#1319);
#1318 = CARTESIAN_POINT('',(0.,-26.8));
#1319 = VECTOR('',#1320,1.);
#1320 = DIRECTION('',(1.,0.));
#1321 = ( GEOMETRIC_REPRESENTATION_CONTEXT(2) 
PARAMETRIC_REPRESENTATION_CONTEXT() REPRESENTATION_CONTEXT('2D SPACE',''
  ) );
#1322 = ORIENTED_EDGE('',*,*,#1096,.F.);
#1323 = ORIENTED_EDGE('',*,*,#767,.F.);
#1324 = ORIENTED_EDGE('',*,*,#1325,.T.);
#1325 = EDGE_CURVE('',#742,#1301,#1326,.T.);
#1326 = SURFACE_CURVE('',#1327,(#1331,#1337),.PCURVE_S1.);
#1327 = LINE('',#1328,#1329);
#1328 = CARTESIAN_POINT('',(-48.6,4.,15.436790671849));
#1329 = VECTOR('',#1330,1.);
#1330 = DIRECTION('',(-0.,0.,1.));
#1331 = PCURVE('',#782,#1332);
#1332 = DEFINITIONAL_REPRESENTATION('',(#1333),#1336);
#1333 = B_SPLINE_CURVE_WITH_KNOTS('',1,(#1334,#1335),.UNSPECIFIED.,.F.,
  .F.,(2,2),(-6.4,1.8),.PIECEWISE_BEZIER_KNOTS.);
#1334 = CARTESIAN_POINT('',(2.25,-3.6));
#1335 = CARTESIAN_POINT('',(2.25,4.6));
#1336 = ( GEOMETRIC_REPRESENTATION_CONTEXT(2) 
PARAMETRIC_REPRESENTATION_CONTEXT() REPRESENTATION_CONTEXT('2D SPACE',''
  ) );
#1337 = PCURVE('',#756,#1338);
#1338 = DEFINITIONAL_REPRESENTATION('',(#1339),#1342);
#1339 = B_SPLINE_CURVE_WITH_KNOTS('',1,(#1340,#1341),.UNSPECIFIED.,.F.,
  .F.,(2,2),(-6.4,1.8),.PIECEWISE_BEZIER_KNOTS.);
#1340 = CARTESIAN_POINT('',(9.2,-48.6));
#1341 = CARTESIAN_POINT('',(1.,-48.6));
#1342 = ( GEOMETRIC_REPRESENTATION_CONTEXT(2) 
PARAMETRIC_REPRESENTATION_CONTEXT() REPRESENTATION_CONTEXT('2D SPACE',''
  ) );
#1343 = ADVANCED_FACE('',(#1344),#124,.F.);
#1344 = FACE_BOUND('',#1345,.F.);
#1345 = EDGE_LOOP('',(#1346,#1370,#1389,#1390));
#1346 = ORIENTED_EDGE('',*,*,#1347,.F.);
#1347 = EDGE_CURVE('',#1348,#110,#1350,.T.);
#1348 = VERTEX_POINT('',#1349);
#1349 = CARTESIAN_POINT('',(-90.4,86.439734320801,23.080434676255));
#1350 = SURFACE_CURVE('',#1351,(#1356,#1363),.PCURVE_S1.);
#1351 = CIRCLE('',#1352,6.2);
#1352 = AXIS2_PLACEMENT_3D('',#1353,#1354,#1355);
#1353 = CARTESIAN_POINT('',(-90.4,90.05,18.04));
#1354 = DIRECTION('',(1.,-0.,2.22044604925E-16));
#1355 = DIRECTION('',(2.22044604925E-16,0.,-1.));
#1356 = PCURVE('',#124,#1357);
#1357 = DEFINITIONAL_REPRESENTATION('',(#1358),#1362);
#1358 = LINE('',#1359,#1360);
#1359 = CARTESIAN_POINT('',(0.,6.4));
#1360 = VECTOR('',#1361,1.);
#1361 = DIRECTION('',(1.,0.));
#1362 = ( GEOMETRIC_REPRESENTATION_CONTEXT(2) 
PARAMETRIC_REPRESENTATION_CONTEXT() REPRESENTATION_CONTEXT('2D SPACE',''
  ) );
#1363 = PCURVE('',#150,#1364);
#1364 = DEFINITIONAL_REPRESENTATION('',(#1365),#1369);
#1365 = CIRCLE('',#1366,6.2);
#1366 = AXIS2_PLACEMENT_2D('',#1367,#1368);
#1367 = CARTESIAN_POINT('',(0.,0.));
#1368 = DIRECTION('',(1.,0.));
#1369 = ( GEOMETRIC_REPRESENTATION_CONTEXT(2) 
PARAMETRIC_REPRESENTATION_CONTEXT() REPRESENTATION_CONTEXT('2D SPACE',''
  ) );
#1370 = ORIENTED_EDGE('',*,*,#1371,.F.);
#1371 = EDGE_CURVE('',#1227,#1348,#1372,.T.);
#1372 = SURFACE_CURVE('',#1373,(#1377,#1383),.PCURVE_S1.);
#1373 = LINE('',#1374,#1375);
#1374 = CARTESIAN_POINT('',(-96.8,86.439734320801,23.080434676255));
#1375 = VECTOR('',#1376,1.);
#1376 = DIRECTION('',(1.,0.,2.22044604925E-16));
#1377 = PCURVE('',#124,#1378);
#1378 = DEFINITIONAL_REPRESENTATION('',(#1379),#1382);
#1379 = B_SPLINE_CURVE_WITH_KNOTS('',1,(#1380,#1381),.UNSPECIFIED.,.F.,
  .F.,(2,2),(-6.000000070117E-07,6.4000006),.PIECEWISE_BEZIER_KNOTS.);
#1380 = CARTESIAN_POINT('',(3.7631487329,-6.000000058925E-07));
#1381 = CARTESIAN_POINT('',(3.7631487329,6.4000006));
#1382 = ( GEOMETRIC_REPRESENTATION_CONTEXT(2) 
PARAMETRIC_REPRESENTATION_CONTEXT() REPRESENTATION_CONTEXT('2D SPACE',''
  ) );
#1383 = PCURVE('',#876,#1384);
#1384 = DEFINITIONAL_REPRESENTATION('',(#1385),#1388);
#1385 = B_SPLINE_CURVE_WITH_KNOTS('',1,(#1386,#1387),.UNSPECIFIED.,.F.,
  .F.,(2,2),(-6.000000070117E-07,6.4000006),.PIECEWISE_BEZIER_KNOTS.);
#1386 = CARTESIAN_POINT('',(3.613790166424,-96.8000006));
#1387 = CARTESIAN_POINT('',(3.613790166424,-90.3999994));
#1388 = ( GEOMETRIC_REPRESENTATION_CONTEXT(2) 
PARAMETRIC_REPRESENTATION_CONTEXT() REPRESENTATION_CONTEXT('2D SPACE',''
  ) );
#1389 = ORIENTED_EDGE('',*,*,#1247,.T.);
#1390 = ORIENTED_EDGE('',*,*,#109,.T.);
#1391 = ADVANCED_FACE('',(#1392),#756,.F.);
#1392 = FACE_BOUND('',#1393,.F.);
#1393 = EDGE_LOOP('',(#1394,#1417,#1445,#1473,#1494,#1495,#1496,#1517));
#1394 = ORIENTED_EDGE('',*,*,#1395,.F.);
#1395 = EDGE_CURVE('',#1396,#1398,#1400,.T.);
#1396 = VERTEX_POINT('',#1397);
#1397 = CARTESIAN_POINT('',(72.19,4.,9.036790671849));
#1398 = VERTEX_POINT('',#1399);
#1399 = CARTESIAN_POINT('',(5.,4.,9.036790671849));
#1400 = SURFACE_CURVE('',#1401,(#1405,#1411),.PCURVE_S1.);
#1401 = LINE('',#1402,#1403);
#1402 = CARTESIAN_POINT('',(0.,4.,9.036790671849));
#1403 = VECTOR('',#1404,1.);
#1404 = DIRECTION('',(-1.,-0.,-0.));
#1405 = PCURVE('',#756,#1406);
#1406 = DEFINITIONAL_REPRESENTATION('',(#1407),#1410);
#1407 = B_SPLINE_CURVE_WITH_KNOTS('',1,(#1408,#1409),.UNSPECIFIED.,.F.,
  .F.,(2,2),(-72.19,72.19),.PIECEWISE_BEZIER_KNOTS.);
#1408 = CARTESIAN_POINT('',(9.2,72.19));
#1409 = CARTESIAN_POINT('',(9.2,-72.19));
#1410 = ( GEOMETRIC_REPRESENTATION_CONTEXT(2) 
PARAMETRIC_REPRESENTATION_CONTEXT() REPRESENTATION_CONTEXT('2D SPACE',''
  ) );
#1411 = PCURVE('',#1185,#1412);
#1412 = DEFINITIONAL_REPRESENTATION('',(#1413),#1416);
#1413 = B_SPLINE_CURVE_WITH_KNOTS('',1,(#1414,#1415),.UNSPECIFIED.,.F.,
  .F.,(2,2),(-72.19,72.19),.PIECEWISE_BEZIER_KNOTS.);
#1414 = CARTESIAN_POINT('',(4.003904961616,72.19));
#1415 = CARTESIAN_POINT('',(4.003904961616,-72.19));
#1416 = ( GEOMETRIC_REPRESENTATION_CONTEXT(2) 
PARAMETRIC_REPRESENTATION_CONTEXT() REPRESENTATION_CONTEXT('2D SPACE',''
  ) );
#1417 = ORIENTED_EDGE('',*,*,#1418,.T.);
#1418 = EDGE_CURVE('',#1396,#1419,#1421,.T.);
#1419 = VERTEX_POINT('',#1420);
#1420 = CARTESIAN_POINT('',(72.19,4.,18.236790671849));
#1421 = SURFACE_CURVE('',#1422,(#1426,#1433),.PCURVE_S1.);
#1422 = LINE('',#1423,#1424);
#1423 = CARTESIAN_POINT('',(72.19,4.,-50.));
#1424 = VECTOR('',#1425,1.);
#1425 = DIRECTION('',(0.,0.,1.));
#1426 = PCURVE('',#756,#1427);
#1427 = DEFINITIONAL_REPRESENTATION('',(#1428),#1432);
#1428 = LINE('',#1429,#1430);
#1429 = CARTESIAN_POINT('',(68.236790671849,72.19));
#1430 = VECTOR('',#1431,1.);
#1431 = DIRECTION('',(-1.,0.));
#1432 = ( GEOMETRIC_REPRESENTATION_CONTEXT(2) 
PARAMETRIC_REPRESENTATION_CONTEXT() REPRESENTATION_CONTEXT('2D SPACE',''
  ) );
#1433 = PCURVE('',#1434,#1439);
#1434 = CYLINDRICAL_SURFACE('',#1435,9.16);
#1435 = AXIS2_PLACEMENT_3D('',#1436,#1437,#1438);
#1436 = CARTESIAN_POINT('',(72.19,13.16,-50.));
#1437 = DIRECTION('',(-0.,-0.,-1.));
#1438 = DIRECTION('',(3.102806706376E-15,-1.,0.));
#1439 = DEFINITIONAL_REPRESENTATION('',(#1440),#1444);
#1440 = LINE('',#1441,#1442);
#1441 = CARTESIAN_POINT('',(-0.,0.));
#1442 = VECTOR('',#1443,1.);
#1443 = DIRECTION('',(-0.,-1.));
#1444 = ( GEOMETRIC_REPRESENTATION_CONTEXT(2) 
PARAMETRIC_REPRESENTATION_CONTEXT() REPRESENTATION_CONTEXT('2D SPACE',''
  ) );
#1445 = ORIENTED_EDGE('',*,*,#1446,.T.);
#1446 = EDGE_CURVE('',#1419,#1447,#1449,.T.);
#1447 = VERTEX_POINT('',#1448);
#1448 = CARTESIAN_POINT('',(-72.19,4.,18.236790671849));
#1449 = SURFACE_CURVE('',#1450,(#1454,#1461),.PCURVE_S1.);
#1450 = LINE('',#1451,#1452);
#1451 = CARTESIAN_POINT('',(81.35,4.,18.236790671849));
#1452 = VECTOR('',#1453,1.);
#1453 = DIRECTION('',(-1.,0.,0.));
#1454 = PCURVE('',#756,#1455);
#1455 = DEFINITIONAL_REPRESENTATION('',(#1456),#1460);
#1456 = LINE('',#1457,#1458);
#1457 = CARTESIAN_POINT('',(0.,81.35));
#1458 = VECTOR('',#1459,1.);
#1459 = DIRECTION('',(0.,-1.));
#1460 = ( GEOMETRIC_REPRESENTATION_CONTEXT(2) 
PARAMETRIC_REPRESENTATION_CONTEXT() REPRESENTATION_CONTEXT('2D SPACE',''
  ) );
#1461 = PCURVE('',#1462,#1467);
#1462 = PLANE('',#1463);
#1463 = AXIS2_PLACEMENT_3D('',#1464,#1465,#1466);
#1464 = CARTESIAN_POINT('',(0.,80.7,21.626751804553));
#1465 = DIRECTION('',(0.,-4.415456249432E-02,0.999024711712));
#1466 = DIRECTION('',(0.,-0.999024711712,-4.415456249432E-02));
#1467 = DEFINITIONAL_REPRESENTATION('',(#1468),#1472);
#1468 = LINE('',#1469,#1470);
#1469 = CARTESIAN_POINT('',(76.774877638986,81.35));
#1470 = VECTOR('',#1471,1.);
#1471 = DIRECTION('',(-0.,-1.));
#1472 = ( GEOMETRIC_REPRESENTATION_CONTEXT(2) 
PARAMETRIC_REPRESENTATION_CONTEXT() REPRESENTATION_CONTEXT('2D SPACE',''
  ) );
#1473 = ORIENTED_EDGE('',*,*,#1474,.F.);
#1474 = EDGE_CURVE('',#708,#1447,#1475,.T.);
#1475 = SURFACE_CURVE('',#1476,(#1480,#1487),.PCURVE_S1.);
#1476 = LINE('',#1477,#1478);
#1477 = CARTESIAN_POINT('',(-72.19,4.,-50.));
#1478 = VECTOR('',#1479,1.);
#1479 = DIRECTION('',(0.,0.,1.));
#1480 = PCURVE('',#756,#1481);
#1481 = DEFINITIONAL_REPRESENTATION('',(#1482),#1486);
#1482 = LINE('',#1483,#1484);
#1483 = CARTESIAN_POINT('',(68.236790671849,-72.19));
#1484 = VECTOR('',#1485,1.);
#1485 = DIRECTION('',(-1.,0.));
#1486 = ( GEOMETRIC_REPRESENTATION_CONTEXT(2) 
PARAMETRIC_REPRESENTATION_CONTEXT() REPRESENTATION_CONTEXT('2D SPACE',''
  ) );
#1487 = PCURVE('',#724,#1488);
#1488 = DEFINITIONAL_REPRESENTATION('',(#1489),#1493);
#1489 = LINE('',#1490,#1491);
#1490 = CARTESIAN_POINT('',(-1.570796326795,0.));
#1491 = VECTOR('',#1492,1.);
#1492 = DIRECTION('',(-0.,-1.));
#1493 = ( GEOMETRIC_REPRESENTATION_CONTEXT(2) 
PARAMETRIC_REPRESENTATION_CONTEXT() REPRESENTATION_CONTEXT('2D SPACE',''
  ) );
#1494 = ORIENTED_EDGE('',*,*,#741,.F.);
#1495 = ORIENTED_EDGE('',*,*,#1325,.T.);
#1496 = ORIENTED_EDGE('',*,*,#1497,.F.);
#1497 = EDGE_CURVE('',#1498,#1301,#1500,.T.);
#1498 = VERTEX_POINT('',#1499);
#1499 = CARTESIAN_POINT('',(5.,4.,17.236790671849));
#1500 = SURFACE_CURVE('',#1501,(#1505,#1511),.PCURVE_S1.);
#1501 = LINE('',#1502,#1503);
#1502 = CARTESIAN_POINT('',(-10.9,4.,17.236790671849));
#1503 = VECTOR('',#1504,1.);
#1504 = DIRECTION('',(-1.,-0.,0.));
#1505 = PCURVE('',#756,#1506);
#1506 = DEFINITIONAL_REPRESENTATION('',(#1507),#1510);
#1507 = B_SPLINE_CURVE_WITH_KNOTS('',1,(#1508,#1509),.UNSPECIFIED.,.F.,
  .F.,(2,2),(-15.9,37.7),.PIECEWISE_BEZIER_KNOTS.);
#1508 = CARTESIAN_POINT('',(1.,5.));
#1509 = CARTESIAN_POINT('',(1.,-48.6));
#1510 = ( GEOMETRIC_REPRESENTATION_CONTEXT(2) 
PARAMETRIC_REPRESENTATION_CONTEXT() REPRESENTATION_CONTEXT('2D SPACE',''
  ) );
#1511 = PCURVE('',#1132,#1512);
#1512 = DEFINITIONAL_REPRESENTATION('',(#1513),#1516);
#1513 = B_SPLINE_CURVE_WITH_KNOTS('',1,(#1514,#1515),.UNSPECIFIED.,.F.,
  .F.,(2,2),(-15.9,37.7),.PIECEWISE_BEZIER_KNOTS.);
#1514 = CARTESIAN_POINT('',(0.5,26.8));
#1515 = CARTESIAN_POINT('',(0.5,-26.8));
#1516 = ( GEOMETRIC_REPRESENTATION_CONTEXT(2) 
PARAMETRIC_REPRESENTATION_CONTEXT() REPRESENTATION_CONTEXT('2D SPACE',''
  ) );
#1517 = ORIENTED_EDGE('',*,*,#1518,.F.);
#1518 = EDGE_CURVE('',#1398,#1498,#1519,.T.);
#1519 = SURFACE_CURVE('',#1520,(#1524,#1530),.PCURVE_S1.);
#1520 = LINE('',#1521,#1522);
#1521 = CARTESIAN_POINT('',(5.,4.,15.436790671849));
#1522 = VECTOR('',#1523,1.);
#1523 = DIRECTION('',(-0.,0.,1.));
#1524 = PCURVE('',#756,#1525);
#1525 = DEFINITIONAL_REPRESENTATION('',(#1526),#1529);
#1526 = B_SPLINE_CURVE_WITH_KNOTS('',1,(#1527,#1528),.UNSPECIFIED.,.F.,
  .F.,(2,2),(-6.4,1.8),.PIECEWISE_BEZIER_KNOTS.);
#1527 = CARTESIAN_POINT('',(9.2,5.));
#1528 = CARTESIAN_POINT('',(1.,5.));
#1529 = ( GEOMETRIC_REPRESENTATION_CONTEXT(2) 
PARAMETRIC_REPRESENTATION_CONTEXT() REPRESENTATION_CONTEXT('2D SPACE',''
  ) );
#1530 = PCURVE('',#1158,#1531);
#1531 = DEFINITIONAL_REPRESENTATION('',(#1532),#1535);
#1532 = B_SPLINE_CURVE_WITH_KNOTS('',1,(#1533,#1534),.UNSPECIFIED.,.F.,
  .F.,(2,2),(-6.4,1.8),.PIECEWISE_BEZIER_KNOTS.);
#1533 = CARTESIAN_POINT('',(2.25,-3.6));
#1534 = CARTESIAN_POINT('',(2.25,4.6));
#1535 = ( GEOMETRIC_REPRESENTATION_CONTEXT(2) 
PARAMETRIC_REPRESENTATION_CONTEXT() REPRESENTATION_CONTEXT('2D SPACE',''
  ) );
#1536 = ADVANCED_FACE('',(#1537,#1585),#150,.F.);
#1537 = FACE_BOUND('',#1538,.F.);
#1538 = EDGE_LOOP('',(#1539,#1561,#1562,#1563));
#1539 = ORIENTED_EDGE('',*,*,#1540,.F.);
#1540 = EDGE_CURVE('',#1348,#1541,#1543,.T.);
#1541 = VERTEX_POINT('',#1542);
#1542 = CARTESIAN_POINT('',(-90.4,89.591240409707,23.219723895954));
#1543 = SURFACE_CURVE('',#1544,(#1548,#1555),.PCURVE_S1.);
#1544 = LINE('',#1545,#1546);
#1545 = CARTESIAN_POINT('',(-90.4,89.935310102427,23.234930973988));
#1546 = VECTOR('',#1547,1.);
#1547 = DIRECTION('',(-9.804282384688E-18,0.999024711712,
    4.415456249432E-02));
#1548 = PCURVE('',#150,#1549);
#1549 = DEFINITIONAL_REPRESENTATION('',(#1550),#1554);
#1550 = LINE('',#1551,#1552);
#1551 = CARTESIAN_POINT('',(-5.194930973988,-0.114689897573));
#1552 = VECTOR('',#1553,1.);
#1553 = DIRECTION('',(-4.415456249432E-02,0.999024711712));
#1554 = ( GEOMETRIC_REPRESENTATION_CONTEXT(2) 
PARAMETRIC_REPRESENTATION_CONTEXT() REPRESENTATION_CONTEXT('2D SPACE',''
  ) );
#1555 = PCURVE('',#876,#1556);
#1556 = DEFINITIONAL_REPRESENTATION('',(#1557),#1560);
#1557 = B_SPLINE_CURVE_WITH_KNOTS('',1,(#1558,#1559),.UNSPECIFIED.,.F.,
  .F.,(2,2),(-6.091250828019,-0.344405587455),.PIECEWISE_BEZIER_KNOTS.);
#1558 = CARTESIAN_POINT('',(6.206052690505,-90.4));
#1559 = CARTESIAN_POINT('',(0.45920744994,-90.4));
#1560 = ( GEOMETRIC_REPRESENTATION_CONTEXT(2) 
PARAMETRIC_REPRESENTATION_CONTEXT() REPRESENTATION_CONTEXT('2D SPACE',''
  ) );
#1561 = ORIENTED_EDGE('',*,*,#1347,.T.);
#1562 = ORIENTED_EDGE('',*,*,#135,.F.);
#1563 = ORIENTED_EDGE('',*,*,#1564,.T.);
#1564 = EDGE_CURVE('',#136,#1541,#1565,.T.);
#1565 = SURFACE_CURVE('',#1566,(#1571,#1578),.PCURVE_S1.);
#1566 = CIRCLE('',#1567,5.2);
#1567 = AXIS2_PLACEMENT_3D('',#1568,#1569,#1570);
#1568 = CARTESIAN_POINT('',(-90.4,90.05,18.04));
#1569 = DIRECTION('',(1.,0.,2.22044604925E-16));
#1570 = DIRECTION('',(2.22044604925E-16,0.,-1.));
#1571 = PCURVE('',#150,#1572);
#1572 = DEFINITIONAL_REPRESENTATION('',(#1573),#1577);
#1573 = CIRCLE('',#1574,5.2);
#1574 = AXIS2_PLACEMENT_2D('',#1575,#1576);
#1575 = CARTESIAN_POINT('',(1.7763568394E-14,0.));
#1576 = DIRECTION('',(1.,0.));
#1577 = ( GEOMETRIC_REPRESENTATION_CONTEXT(2) 
PARAMETRIC_REPRESENTATION_CONTEXT() REPRESENTATION_CONTEXT('2D SPACE',''
  ) );
#1578 = PCURVE('',#178,#1579);
#1579 = DEFINITIONAL_REPRESENTATION('',(#1580),#1584);
#1580 = LINE('',#1581,#1582);
#1581 = CARTESIAN_POINT('',(0.,8.8));
#1582 = VECTOR('',#1583,1.);
#1583 = DIRECTION('',(1.,0.));
#1584 = ( GEOMETRIC_REPRESENTATION_CONTEXT(2) 
PARAMETRIC_REPRESENTATION_CONTEXT() REPRESENTATION_CONTEXT('2D SPACE',''
  ) );
#1585 = FACE_BOUND('',#1586,.F.);
#1586 = EDGE_LOOP('',(#1587));
#1587 = ORIENTED_EDGE('',*,*,#1588,.F.);
#1588 = EDGE_CURVE('',#1589,#1589,#1591,.T.);
#1589 = VERTEX_POINT('',#1590);
#1590 = CARTESIAN_POINT('',(-90.4,90.05,16.29));
#1591 = SURFACE_CURVE('',#1592,(#1597,#1604),.PCURVE_S1.);
#1592 = CIRCLE('',#1593,1.75);
#1593 = AXIS2_PLACEMENT_3D('',#1594,#1595,#1596);
#1594 = CARTESIAN_POINT('',(-90.4,90.05,18.04));
#1595 = DIRECTION('',(1.,0.,2.22044604925E-16));
#1596 = DIRECTION('',(2.22044604925E-16,0.,-1.));
#1597 = PCURVE('',#150,#1598);
#1598 = DEFINITIONAL_REPRESENTATION('',(#1599),#1603);
#1599 = CIRCLE('',#1600,1.75);
#1600 = AXIS2_PLACEMENT_2D('',#1601,#1602);
#1601 = CARTESIAN_POINT('',(0.,0.));
#1602 = DIRECTION('',(1.,0.));
#1603 = ( GEOMETRIC_REPRESENTATION_CONTEXT(2) 
PARAMETRIC_REPRESENTATION_CONTEXT() REPRESENTATION_CONTEXT('2D SPACE',''
  ) );
#1604 = PCURVE('',#1605,#1610);
#1605 = CYLINDRICAL_SURFACE('',#1606,1.75);
#1606 = AXIS2_PLACEMENT_3D('',#1607,#1608,#1609);
#1607 = CARTESIAN_POINT('',(-98.6,90.05,18.04));
#1608 = DIRECTION('',(1.,0.,2.22044604925E-16));
#1609 = DIRECTION('',(2.22044604925E-16,0.,-1.));
#1610 = DEFINITIONAL_REPRESENTATION('',(#1611),#1615);
#1611 = LINE('',#1612,#1613);
#1612 = CARTESIAN_POINT('',(0.,8.2));
#1613 = VECTOR('',#1614,1.);
#1614 = DIRECTION('',(1.,0.));
#1615 = ( GEOMETRIC_REPRESENTATION_CONTEXT(2) 
PARAMETRIC_REPRESENTATION_CONTEXT() REPRESENTATION_CONTEXT('2D SPACE',''
  ) );
#1616 = ADVANCED_FACE('',(#1617),#724,.F.);
#1617 = FACE_BOUND('',#1618,.T.);
#1618 = EDGE_LOOP('',(#1619,#1620,#1621,#1644));
#1619 = ORIENTED_EDGE('',*,*,#1474,.F.);
#1620 = ORIENTED_EDGE('',*,*,#707,.T.);
#1621 = ORIENTED_EDGE('',*,*,#1622,.T.);
#1622 = EDGE_CURVE('',#682,#1623,#1625,.T.);
#1623 = VERTEX_POINT('',#1624);
#1624 = CARTESIAN_POINT('',(-81.35,13.16,18.641641310383));
#1625 = SURFACE_CURVE('',#1626,(#1630,#1637),.PCURVE_S1.);
#1626 = LINE('',#1627,#1628);
#1627 = CARTESIAN_POINT('',(-81.35,13.16,-50.));
#1628 = VECTOR('',#1629,1.);
#1629 = DIRECTION('',(0.,0.,1.));
#1630 = PCURVE('',#724,#1631);
#1631 = DEFINITIONAL_REPRESENTATION('',(#1632),#1636);
#1632 = LINE('',#1633,#1634);
#1633 = CARTESIAN_POINT('',(-0.,0.));
#1634 = VECTOR('',#1635,1.);
#1635 = DIRECTION('',(-0.,-1.));
#1636 = ( GEOMETRIC_REPRESENTATION_CONTEXT(2) 
PARAMETRIC_REPRESENTATION_CONTEXT() REPRESENTATION_CONTEXT('2D SPACE',''
  ) );
#1637 = PCURVE('',#696,#1638);
#1638 = DEFINITIONAL_REPRESENTATION('',(#1639),#1643);
#1639 = LINE('',#1640,#1641);
#1640 = CARTESIAN_POINT('',(-29.19,-64.8317712382));
#1641 = VECTOR('',#1642,1.);
#1642 = DIRECTION('',(0.,1.));
#1643 = ( GEOMETRIC_REPRESENTATION_CONTEXT(2) 
PARAMETRIC_REPRESENTATION_CONTEXT() REPRESENTATION_CONTEXT('2D SPACE',''
  ) );
#1644 = ORIENTED_EDGE('',*,*,#1645,.T.);
#1645 = EDGE_CURVE('',#1623,#1447,#1646,.T.);
#1646 = SURFACE_CURVE('',#1647,(#1652,#1664),.PCURVE_S1.);
#1647 = ELLIPSE('',#1648,9.168942362101,9.16);
#1648 = AXIS2_PLACEMENT_3D('',#1649,#1650,#1651);
#1649 = CARTESIAN_POINT('',(-72.19,13.16,18.641641310383));
#1650 = DIRECTION('',(0.,-4.415456249432E-02,0.999024711712));
#1651 = DIRECTION('',(0.,-0.999024711712,-4.415456249432E-02));
#1652 = PCURVE('',#724,#1653);
#1653 = DEFINITIONAL_REPRESENTATION('',(#1654),#1663);
#1654 = B_SPLINE_CURVE_WITH_KNOTS('',7,(#1655,#1656,#1657,#1658,#1659,
    #1660,#1661,#1662),.UNSPECIFIED.,.F.,.F.,(8,8),(4.712388980385,
    6.28318530718),.PIECEWISE_BEZIER_KNOTS.);
#1655 = CARTESIAN_POINT('',(0.,-68.64164131038));
#1656 = CARTESIAN_POINT('',(-0.224399475256,-68.55079303953));
#1657 = CARTESIAN_POINT('',(-0.448798950513,-68.45994513758));
#1658 = CARTESIAN_POINT('',(-0.673198425769,-68.3765666399));
#1659 = CARTESIAN_POINT('',(-0.897597901026,-68.30814053437));
#1660 = CARTESIAN_POINT('',(-1.121997376282,-68.26057510947));
#1661 = CARTESIAN_POINT('',(-1.346396851538,-68.23679067184));
#1662 = CARTESIAN_POINT('',(-1.570796326795,-68.23679067184));
#1663 = ( GEOMETRIC_REPRESENTATION_CONTEXT(2) 
PARAMETRIC_REPRESENTATION_CONTEXT() REPRESENTATION_CONTEXT('2D SPACE',''
  ) );
#1664 = PCURVE('',#1462,#1665);
#1665 = DEFINITIONAL_REPRESENTATION('',(#1666),#1670);
#1666 = ELLIPSE('',#1667,9.168942362101,9.16);
#1667 = AXIS2_PLACEMENT_2D('',#1668,#1669);
#1668 = CARTESIAN_POINT('',(67.605935276885,-72.19));
#1669 = DIRECTION('',(1.,0.));
#1670 = ( GEOMETRIC_REPRESENTATION_CONTEXT(2) 
PARAMETRIC_REPRESENTATION_CONTEXT() REPRESENTATION_CONTEXT('2D SPACE',''
  ) );
#1671 = ADVANCED_FACE('',(#1672),#178,.T.);
#1672 = FACE_BOUND('',#1673,.T.);
#1673 = EDGE_LOOP('',(#1674,#1675,#1676,#1697));
#1674 = ORIENTED_EDGE('',*,*,#162,.F.);
#1675 = ORIENTED_EDGE('',*,*,#1564,.T.);
#1676 = ORIENTED_EDGE('',*,*,#1677,.T.);
#1677 = EDGE_CURVE('',#1541,#1678,#1680,.T.);
#1678 = VERTEX_POINT('',#1679);
#1679 = CARTESIAN_POINT('',(-84.6,89.591240409707,23.219723895954));
#1680 = SURFACE_CURVE('',#1681,(#1685,#1691),.PCURVE_S1.);
#1681 = LINE('',#1682,#1683);
#1682 = CARTESIAN_POINT('',(-99.2,89.591240409707,23.219723895954));
#1683 = VECTOR('',#1684,1.);
#1684 = DIRECTION('',(1.,0.,2.22044604925E-16));
#1685 = PCURVE('',#178,#1686);
#1686 = DEFINITIONAL_REPRESENTATION('',(#1687),#1690);
#1687 = B_SPLINE_CURVE_WITH_KNOTS('',1,(#1688,#1689),.UNSPECIFIED.,.F.,
  .F.,(2,2),(-2.399999999625E-06,198.4000024),.PIECEWISE_BEZIER_KNOTS.);
#1688 = CARTESIAN_POINT('',(3.229930498735,-2.399999998475E-06));
#1689 = CARTESIAN_POINT('',(3.229930498735,198.4000024));
#1690 = ( GEOMETRIC_REPRESENTATION_CONTEXT(2) 
PARAMETRIC_REPRESENTATION_CONTEXT() REPRESENTATION_CONTEXT('2D SPACE',''
  ) );
#1691 = PCURVE('',#876,#1692);
#1692 = DEFINITIONAL_REPRESENTATION('',(#1693),#1696);
#1693 = B_SPLINE_CURVE_WITH_KNOTS('',1,(#1694,#1695),.UNSPECIFIED.,.F.,
  .F.,(2,2),(-2.399999999625E-06,198.4000024),.PIECEWISE_BEZIER_KNOTS.);
#1694 = CARTESIAN_POINT('',(0.45920744994,-99.2000024));
#1695 = CARTESIAN_POINT('',(0.45920744994,99.2000024));
#1696 = ( GEOMETRIC_REPRESENTATION_CONTEXT(2) 
PARAMETRIC_REPRESENTATION_CONTEXT() REPRESENTATION_CONTEXT('2D SPACE',''
  ) );
#1697 = ORIENTED_EDGE('',*,*,#1698,.F.);
#1698 = EDGE_CURVE('',#163,#1678,#1699,.T.);
#1699 = SURFACE_CURVE('',#1700,(#1705,#1712),.PCURVE_S1.);
#1700 = CIRCLE('',#1701,5.2);
#1701 = AXIS2_PLACEMENT_3D('',#1702,#1703,#1704);
#1702 = CARTESIAN_POINT('',(-84.6,90.05,18.04));
#1703 = DIRECTION('',(1.,0.,2.22044604925E-16));
#1704 = DIRECTION('',(2.22044604925E-16,0.,-1.));
#1705 = PCURVE('',#178,#1706);
#1706 = DEFINITIONAL_REPRESENTATION('',(#1707),#1711);
#1707 = LINE('',#1708,#1709);
#1708 = CARTESIAN_POINT('',(0.,14.6));
#1709 = VECTOR('',#1710,1.);
#1710 = DIRECTION('',(1.,0.));
#1711 = ( GEOMETRIC_REPRESENTATION_CONTEXT(2) 
PARAMETRIC_REPRESENTATION_CONTEXT() REPRESENTATION_CONTEXT('2D SPACE',''
  ) );
#1712 = PCURVE('',#204,#1713);
#1713 = DEFINITIONAL_REPRESENTATION('',(#1714),#1718);
#1714 = CIRCLE('',#1715,5.2);
#1715 = AXIS2_PLACEMENT_2D('',#1716,#1717);
#1716 = CARTESIAN_POINT('',(1.7763568394E-14,0.));
#1717 = DIRECTION('',(1.,0.));
#1718 = ( GEOMETRIC_REPRESENTATION_CONTEXT(2) 
PARAMETRIC_REPRESENTATION_CONTEXT() REPRESENTATION_CONTEXT('2D SPACE',''
  ) );
#1719 = ADVANCED_FACE('',(#1720),#696,.T.);
#1720 = FACE_BOUND('',#1721,.T.);
#1721 = EDGE_LOOP('',(#1722,#1723,#1724,#1747));
#1722 = ORIENTED_EDGE('',*,*,#1622,.F.);
#1723 = ORIENTED_EDGE('',*,*,#681,.F.);
#1724 = ORIENTED_EDGE('',*,*,#1725,.T.);
#1725 = EDGE_CURVE('',#648,#1726,#1728,.T.);
#1726 = VERTEX_POINT('',#1727);
#1727 = CARTESIAN_POINT('',(-81.35,70.,21.153836757357));
#1728 = SURFACE_CURVE('',#1729,(#1733,#1740),.PCURVE_S1.);
#1729 = LINE('',#1730,#1731);
#1730 = CARTESIAN_POINT('',(-81.35,70.,-50.));
#1731 = VECTOR('',#1732,1.);
#1732 = DIRECTION('',(0.,0.,1.));
#1733 = PCURVE('',#696,#1734);
#1734 = DEFINITIONAL_REPRESENTATION('',(#1735),#1739);
#1735 = LINE('',#1736,#1737);
#1736 = CARTESIAN_POINT('',(27.65,-64.8317712382));
#1737 = VECTOR('',#1738,1.);
#1738 = DIRECTION('',(0.,1.));
#1739 = ( GEOMETRIC_REPRESENTATION_CONTEXT(2) 
PARAMETRIC_REPRESENTATION_CONTEXT() REPRESENTATION_CONTEXT('2D SPACE',''
  ) );
#1740 = PCURVE('',#664,#1741);
#1741 = DEFINITIONAL_REPRESENTATION('',(#1742),#1746);
#1742 = LINE('',#1743,#1744);
#1743 = CARTESIAN_POINT('',(-1.570796326795,0.));
#1744 = VECTOR('',#1745,1.);
#1745 = DIRECTION('',(-0.,-1.));
#1746 = ( GEOMETRIC_REPRESENTATION_CONTEXT(2) 
PARAMETRIC_REPRESENTATION_CONTEXT() REPRESENTATION_CONTEXT('2D SPACE',''
  ) );
#1747 = ORIENTED_EDGE('',*,*,#1748,.T.);
#1748 = EDGE_CURVE('',#1726,#1623,#1749,.T.);
#1749 = SURFACE_CURVE('',#1750,(#1754,#1761),.PCURVE_S1.);
#1750 = LINE('',#1751,#1752);
#1751 = CARTESIAN_POINT('',(-81.35,80.7,21.626751804553));
#1752 = VECTOR('',#1753,1.);
#1753 = DIRECTION('',(0.,-0.999024711712,-4.415456249432E-02));
#1754 = PCURVE('',#696,#1755);
#1755 = DEFINITIONAL_REPRESENTATION('',(#1756),#1760);
#1756 = LINE('',#1757,#1758);
#1757 = CARTESIAN_POINT('',(38.35,6.794980566352));
#1758 = VECTOR('',#1759,1.);
#1759 = DIRECTION('',(-0.999024711712,-4.415456249432E-02));
#1760 = ( GEOMETRIC_REPRESENTATION_CONTEXT(2) 
PARAMETRIC_REPRESENTATION_CONTEXT() REPRESENTATION_CONTEXT('2D SPACE',''
  ) );
#1761 = PCURVE('',#1462,#1762);
#1762 = DEFINITIONAL_REPRESENTATION('',(#1763),#1767);
#1763 = LINE('',#1764,#1765);
#1764 = CARTESIAN_POINT('',(-0.,-81.35));
#1765 = VECTOR('',#1766,1.);
#1766 = DIRECTION('',(1.,0.));
#1767 = ( GEOMETRIC_REPRESENTATION_CONTEXT(2) 
PARAMETRIC_REPRESENTATION_CONTEXT() REPRESENTATION_CONTEXT('2D SPACE',''
  ) );
#1768 = ADVANCED_FACE('',(#1769,#1817),#204,.T.);
#1769 = FACE_BOUND('',#1770,.T.);
#1770 = EDGE_LOOP('',(#1771,#1793,#1815,#1816));
#1771 = ORIENTED_EDGE('',*,*,#1772,.F.);
#1772 = EDGE_CURVE('',#1773,#1678,#1775,.T.);
#1773 = VERTEX_POINT('',#1774);
#1774 = CARTESIAN_POINT('',(-84.6,86.439734320801,23.080434676255));
#1775 = SURFACE_CURVE('',#1776,(#1780,#1787),.PCURVE_S1.);
#1776 = LINE('',#1777,#1778);
#1777 = CARTESIAN_POINT('',(-84.6,89.935310102427,23.234930973988));
#1778 = VECTOR('',#1779,1.);
#1779 = DIRECTION('',(-9.804282384688E-18,0.999024711712,
    4.415456249432E-02));
#1780 = PCURVE('',#204,#1781);
#1781 = DEFINITIONAL_REPRESENTATION('',(#1782),#1786);
#1782 = LINE('',#1783,#1784);
#1783 = CARTESIAN_POINT('',(-5.194930973988,-0.114689897573));
#1784 = VECTOR('',#1785,1.);
#1785 = DIRECTION('',(-4.415456249432E-02,0.999024711712));
#1786 = ( GEOMETRIC_REPRESENTATION_CONTEXT(2) 
PARAMETRIC_REPRESENTATION_CONTEXT() REPRESENTATION_CONTEXT('2D SPACE',''
  ) );
#1787 = PCURVE('',#876,#1788);
#1788 = DEFINITIONAL_REPRESENTATION('',(#1789),#1792);
#1789 = B_SPLINE_CURVE_WITH_KNOTS('',1,(#1790,#1791),.UNSPECIFIED.,.F.,
  .F.,(2,2),(-6.091250828019,-0.344405587455),.PIECEWISE_BEZIER_KNOTS.);
#1790 = CARTESIAN_POINT('',(6.206052690505,-84.6));
#1791 = CARTESIAN_POINT('',(0.45920744994,-84.6));
#1792 = ( GEOMETRIC_REPRESENTATION_CONTEXT(2) 
PARAMETRIC_REPRESENTATION_CONTEXT() REPRESENTATION_CONTEXT('2D SPACE',''
  ) );
#1793 = ORIENTED_EDGE('',*,*,#1794,.T.);
#1794 = EDGE_CURVE('',#1773,#190,#1795,.T.);
#1795 = SURFACE_CURVE('',#1796,(#1801,#1808),.PCURVE_S1.);
#1796 = CIRCLE('',#1797,6.2);
#1797 = AXIS2_PLACEMENT_3D('',#1798,#1799,#1800);
#1798 = CARTESIAN_POINT('',(-84.6,90.05,18.04));
#1799 = DIRECTION('',(1.,-0.,2.22044604925E-16));
#1800 = DIRECTION('',(2.22044604925E-16,0.,-1.));
#1801 = PCURVE('',#204,#1802);
#1802 = DEFINITIONAL_REPRESENTATION('',(#1803),#1807);
#1803 = CIRCLE('',#1804,6.2);
#1804 = AXIS2_PLACEMENT_2D('',#1805,#1806);
#1805 = CARTESIAN_POINT('',(0.,0.));
#1806 = DIRECTION('',(1.,0.));
#1807 = ( GEOMETRIC_REPRESENTATION_CONTEXT(2) 
PARAMETRIC_REPRESENTATION_CONTEXT() REPRESENTATION_CONTEXT('2D SPACE',''
  ) );
#1808 = PCURVE('',#231,#1809);
#1809 = DEFINITIONAL_REPRESENTATION('',(#1810),#1814);
#1810 = LINE('',#1811,#1812);
#1811 = CARTESIAN_POINT('',(0.,0.));
#1812 = VECTOR('',#1813,1.);
#1813 = DIRECTION('',(1.,0.));
#1814 = ( GEOMETRIC_REPRESENTATION_CONTEXT(2) 
PARAMETRIC_REPRESENTATION_CONTEXT() REPRESENTATION_CONTEXT('2D SPACE',''
  ) );
#1815 = ORIENTED_EDGE('',*,*,#189,.F.);
#1816 = ORIENTED_EDGE('',*,*,#1698,.T.);
#1817 = FACE_BOUND('',#1818,.T.);
#1818 = EDGE_LOOP('',(#1819));
#1819 = ORIENTED_EDGE('',*,*,#1820,.F.);
#1820 = EDGE_CURVE('',#1821,#1821,#1823,.T.);
#1821 = VERTEX_POINT('',#1822);
#1822 = CARTESIAN_POINT('',(-84.6,90.05,16.29));
#1823 = SURFACE_CURVE('',#1824,(#1829,#1836),.PCURVE_S1.);
#1824 = CIRCLE('',#1825,1.75);
#1825 = AXIS2_PLACEMENT_3D('',#1826,#1827,#1828);
#1826 = CARTESIAN_POINT('',(-84.6,90.05,18.04));
#1827 = DIRECTION('',(1.,0.,2.22044604925E-16));
#1828 = DIRECTION('',(2.22044604925E-16,0.,-1.));
#1829 = PCURVE('',#204,#1830);
#1830 = DEFINITIONAL_REPRESENTATION('',(#1831),#1835);
#1831 = CIRCLE('',#1832,1.75);
#1832 = AXIS2_PLACEMENT_2D('',#1833,#1834);
#1833 = CARTESIAN_POINT('',(0.,0.));
#1834 = DIRECTION('',(1.,0.));
#1835 = ( GEOMETRIC_REPRESENTATION_CONTEXT(2) 
PARAMETRIC_REPRESENTATION_CONTEXT() REPRESENTATION_CONTEXT('2D SPACE',''
  ) );
#1836 = PCURVE('',#1605,#1837);
#1837 = DEFINITIONAL_REPRESENTATION('',(#1838),#1842);
#1838 = LINE('',#1839,#1840);
#1839 = CARTESIAN_POINT('',(0.,14.));
#1840 = VECTOR('',#1841,1.);
#1841 = DIRECTION('',(1.,0.));
#1842 = ( GEOMETRIC_REPRESENTATION_CONTEXT(2) 
PARAMETRIC_REPRESENTATION_CONTEXT() REPRESENTATION_CONTEXT('2D SPACE',''
  ) );
#1843 = ADVANCED_FACE('',(#1844),#664,.F.);
#1844 = FACE_BOUND('',#1845,.T.);
#1845 = EDGE_LOOP('',(#1846,#1847,#1848,#1871));
#1846 = ORIENTED_EDGE('',*,*,#1725,.F.);
#1847 = ORIENTED_EDGE('',*,*,#647,.T.);
#1848 = ORIENTED_EDGE('',*,*,#1849,.T.);
#1849 = EDGE_CURVE('',#622,#1850,#1852,.T.);
#1850 = VERTEX_POINT('',#1851);
#1851 = CARTESIAN_POINT('',(-70.65,80.7,21.626751804553));
#1852 = SURFACE_CURVE('',#1853,(#1857,#1864),.PCURVE_S1.);
#1853 = LINE('',#1854,#1855);
#1854 = CARTESIAN_POINT('',(-70.65,80.7,-50.));
#1855 = VECTOR('',#1856,1.);
#1856 = DIRECTION('',(0.,0.,1.));
#1857 = PCURVE('',#664,#1858);
#1858 = DEFINITIONAL_REPRESENTATION('',(#1859),#1863);
#1859 = LINE('',#1860,#1861);
#1860 = CARTESIAN_POINT('',(-0.,0.));
#1861 = VECTOR('',#1862,1.);
#1862 = DIRECTION('',(-0.,-1.));
#1863 = ( GEOMETRIC_REPRESENTATION_CONTEXT(2) 
PARAMETRIC_REPRESENTATION_CONTEXT() REPRESENTATION_CONTEXT('2D SPACE',''
  ) );
#1864 = PCURVE('',#636,#1865);
#1865 = DEFINITIONAL_REPRESENTATION('',(#1866),#1870);
#1866 = LINE('',#1867,#1868);
#1867 = CARTESIAN_POINT('',(-61.42675180455,-70.65));
#1868 = VECTOR('',#1869,1.);
#1869 = DIRECTION('',(1.,0.));
#1870 = ( GEOMETRIC_REPRESENTATION_CONTEXT(2) 
PARAMETRIC_REPRESENTATION_CONTEXT() REPRESENTATION_CONTEXT('2D SPACE',''
  ) );
#1871 = ORIENTED_EDGE('',*,*,#1872,.T.);
#1872 = EDGE_CURVE('',#1850,#1726,#1873,.T.);
#1873 = SURFACE_CURVE('',#1874,(#1879,#1891),.PCURVE_S1.);
#1874 = ELLIPSE('',#1875,10.710445772323,10.7);
#1875 = AXIS2_PLACEMENT_3D('',#1876,#1877,#1878);
#1876 = CARTESIAN_POINT('',(-70.65,70.,21.153836757357));
#1877 = DIRECTION('',(0.,-4.415456249432E-02,0.999024711712));
#1878 = DIRECTION('',(0.,-0.999024711712,-4.415456249432E-02));
#1879 = PCURVE('',#664,#1880);
#1880 = DEFINITIONAL_REPRESENTATION('',(#1881),#1890);
#1881 = B_SPLINE_CURVE_WITH_KNOTS('',7,(#1882,#1883,#1884,#1885,#1886,
    #1887,#1888,#1889),.UNSPECIFIED.,.F.,.F.,(8,8),(3.14159265359,
    4.712388980385),.PIECEWISE_BEZIER_KNOTS.);
#1882 = CARTESIAN_POINT('',(0.,-71.62675180455));
#1883 = CARTESIAN_POINT('',(-0.224399475256,-71.62675180455));
#1884 = CARTESIAN_POINT('',(-0.448798950513,-71.59896867328));
#1885 = CARTESIAN_POINT('',(-0.67319842577,-71.5434064411));
#1886 = CARTESIAN_POINT('',(-0.897597901025,-71.46347638338));
#1887 = CARTESIAN_POINT('',(-1.121997376282,-71.3660801033));
#1888 = CARTESIAN_POINT('',(-1.346396851538,-71.25995864578));
#1889 = CARTESIAN_POINT('',(-1.570796326795,-71.15383675735));
#1890 = ( GEOMETRIC_REPRESENTATION_CONTEXT(2) 
PARAMETRIC_REPRESENTATION_CONTEXT() REPRESENTATION_CONTEXT('2D SPACE',''
  ) );
#1891 = PCURVE('',#1462,#1892);
#1892 = DEFINITIONAL_REPRESENTATION('',(#1893),#1897);
#1893 = ELLIPSE('',#1894,10.710445772323,10.7);
#1894 = AXIS2_PLACEMENT_2D('',#1895,#1896);
#1895 = CARTESIAN_POINT('',(10.710445772323,-70.65));
#1896 = DIRECTION('',(1.,0.));
#1897 = ( GEOMETRIC_REPRESENTATION_CONTEXT(2) 
PARAMETRIC_REPRESENTATION_CONTEXT() REPRESENTATION_CONTEXT('2D SPACE',''
  ) );
#1898 = ADVANCED_FACE('',(#1899),#231,.F.);
#1899 = FACE_BOUND('',#1900,.F.);
#1900 = EDGE_LOOP('',(#1901,#1925,#1944,#1945));
#1901 = ORIENTED_EDGE('',*,*,#1902,.F.);
#1902 = EDGE_CURVE('',#1903,#217,#1905,.T.);
#1903 = VERTEX_POINT('',#1904);
#1904 = CARTESIAN_POINT('',(-78.2,86.439734320801,23.080434676255));
#1905 = SURFACE_CURVE('',#1906,(#1911,#1918),.PCURVE_S1.);
#1906 = CIRCLE('',#1907,6.2);
#1907 = AXIS2_PLACEMENT_3D('',#1908,#1909,#1910);
#1908 = CARTESIAN_POINT('',(-78.2,90.05,18.04));
#1909 = DIRECTION('',(1.,-0.,2.22044604925E-16));
#1910 = DIRECTION('',(2.22044604925E-16,0.,-1.));
#1911 = PCURVE('',#231,#1912);
#1912 = DEFINITIONAL_REPRESENTATION('',(#1913),#1917);
#1913 = LINE('',#1914,#1915);
#1914 = CARTESIAN_POINT('',(0.,6.4));
#1915 = VECTOR('',#1916,1.);
#1916 = DIRECTION('',(1.,0.));
#1917 = ( GEOMETRIC_REPRESENTATION_CONTEXT(2) 
PARAMETRIC_REPRESENTATION_CONTEXT() REPRESENTATION_CONTEXT('2D SPACE',''
  ) );
#1918 = PCURVE('',#257,#1919);
#1919 = DEFINITIONAL_REPRESENTATION('',(#1920),#1924);
#1920 = CIRCLE('',#1921,6.2);
#1921 = AXIS2_PLACEMENT_2D('',#1922,#1923);
#1922 = CARTESIAN_POINT('',(0.,0.));
#1923 = DIRECTION('',(1.,0.));
#1924 = ( GEOMETRIC_REPRESENTATION_CONTEXT(2) 
PARAMETRIC_REPRESENTATION_CONTEXT() REPRESENTATION_CONTEXT('2D SPACE',''
  ) );
#1925 = ORIENTED_EDGE('',*,*,#1926,.F.);
#1926 = EDGE_CURVE('',#1773,#1903,#1927,.T.);
#1927 = SURFACE_CURVE('',#1928,(#1932,#1938),.PCURVE_S1.);
#1928 = LINE('',#1929,#1930);
#1929 = CARTESIAN_POINT('',(-84.6,86.439734320801,23.080434676255));
#1930 = VECTOR('',#1931,1.);
#1931 = DIRECTION('',(1.,0.,2.22044604925E-16));
#1932 = PCURVE('',#231,#1933);
#1933 = DEFINITIONAL_REPRESENTATION('',(#1934),#1937);
#1934 = B_SPLINE_CURVE_WITH_KNOTS('',1,(#1935,#1936),.UNSPECIFIED.,.F.,
  .F.,(2,2),(-6.000000070117E-07,6.4000006),.PIECEWISE_BEZIER_KNOTS.);
#1935 = CARTESIAN_POINT('',(3.7631487329,-6.000000058925E-07));
#1936 = CARTESIAN_POINT('',(3.7631487329,6.4000006));
#1937 = ( GEOMETRIC_REPRESENTATION_CONTEXT(2) 
PARAMETRIC_REPRESENTATION_CONTEXT() REPRESENTATION_CONTEXT('2D SPACE',''
  ) );
#1938 = PCURVE('',#876,#1939);
#1939 = DEFINITIONAL_REPRESENTATION('',(#1940),#1943);
#1940 = B_SPLINE_CURVE_WITH_KNOTS('',1,(#1941,#1942),.UNSPECIFIED.,.F.,
  .F.,(2,2),(-6.000000070117E-07,6.4000006),.PIECEWISE_BEZIER_KNOTS.);
#1941 = CARTESIAN_POINT('',(3.613790166424,-84.6000006));
#1942 = CARTESIAN_POINT('',(3.613790166424,-78.1999994));
#1943 = ( GEOMETRIC_REPRESENTATION_CONTEXT(2) 
PARAMETRIC_REPRESENTATION_CONTEXT() REPRESENTATION_CONTEXT('2D SPACE',''
  ) );
#1944 = ORIENTED_EDGE('',*,*,#1794,.T.);
#1945 = ORIENTED_EDGE('',*,*,#216,.T.);
#1946 = ADVANCED_FACE('',(#1947),#636,.F.);
#1947 = FACE_BOUND('',#1948,.F.);
#1948 = EDGE_LOOP('',(#1949,#1950,#1951,#1974));
#1949 = ORIENTED_EDGE('',*,*,#621,.F.);
#1950 = ORIENTED_EDGE('',*,*,#1849,.T.);
#1951 = ORIENTED_EDGE('',*,*,#1952,.T.);
#1952 = EDGE_CURVE('',#1850,#1953,#1955,.T.);
#1953 = VERTEX_POINT('',#1954);
#1954 = CARTESIAN_POINT('',(70.65,80.7,21.626751804553));
#1955 = SURFACE_CURVE('',#1956,(#1960,#1967),.PCURVE_S1.);
#1956 = LINE('',#1957,#1958);
#1957 = CARTESIAN_POINT('',(-81.35,80.7,21.626751804553));
#1958 = VECTOR('',#1959,1.);
#1959 = DIRECTION('',(1.,0.,0.));
#1960 = PCURVE('',#636,#1961);
#1961 = DEFINITIONAL_REPRESENTATION('',(#1962),#1966);
#1962 = LINE('',#1963,#1964);
#1963 = CARTESIAN_POINT('',(10.2,-81.35));
#1964 = VECTOR('',#1965,1.);
#1965 = DIRECTION('',(0.,1.));
#1966 = ( GEOMETRIC_REPRESENTATION_CONTEXT(2) 
PARAMETRIC_REPRESENTATION_CONTEXT() REPRESENTATION_CONTEXT('2D SPACE',''
  ) );
#1967 = PCURVE('',#1462,#1968);
#1968 = DEFINITIONAL_REPRESENTATION('',(#1969),#1973);
#1969 = LINE('',#1970,#1971);
#1970 = CARTESIAN_POINT('',(-0.,-81.35));
#1971 = VECTOR('',#1972,1.);
#1972 = DIRECTION('',(0.,1.));
#1973 = ( GEOMETRIC_REPRESENTATION_CONTEXT(2) 
PARAMETRIC_REPRESENTATION_CONTEXT() REPRESENTATION_CONTEXT('2D SPACE',''
  ) );
#1974 = ORIENTED_EDGE('',*,*,#1975,.F.);
#1975 = EDGE_CURVE('',#588,#1953,#1976,.T.);
#1976 = SURFACE_CURVE('',#1977,(#1981,#1988),.PCURVE_S1.);
#1977 = LINE('',#1978,#1979);
#1978 = CARTESIAN_POINT('',(70.65,80.7,-50.));
#1979 = VECTOR('',#1980,1.);
#1980 = DIRECTION('',(0.,0.,1.));
#1981 = PCURVE('',#636,#1982);
#1982 = DEFINITIONAL_REPRESENTATION('',(#1983),#1987);
#1983 = LINE('',#1984,#1985);
#1984 = CARTESIAN_POINT('',(-61.42675180455,70.65));
#1985 = VECTOR('',#1986,1.);
#1986 = DIRECTION('',(1.,0.));
#1987 = ( GEOMETRIC_REPRESENTATION_CONTEXT(2) 
PARAMETRIC_REPRESENTATION_CONTEXT() REPRESENTATION_CONTEXT('2D SPACE',''
  ) );
#1988 = PCURVE('',#604,#1989);
#1989 = DEFINITIONAL_REPRESENTATION('',(#1990),#1994);
#1990 = LINE('',#1991,#1992);
#1991 = CARTESIAN_POINT('',(-1.570796326795,0.));
#1992 = VECTOR('',#1993,1.);
#1993 = DIRECTION('',(-0.,-1.));
#1994 = ( GEOMETRIC_REPRESENTATION_CONTEXT(2) 
PARAMETRIC_REPRESENTATION_CONTEXT() REPRESENTATION_CONTEXT('2D SPACE',''
  ) );
#1995 = ADVANCED_FACE('',(#1996,#2043),#257,.F.);
#1996 = FACE_BOUND('',#1997,.F.);
#1997 = EDGE_LOOP('',(#1998,#2019,#2020,#2021));
#1998 = ORIENTED_EDGE('',*,*,#1999,.F.);
#1999 = EDGE_CURVE('',#1903,#2000,#2002,.T.);
#2000 = VERTEX_POINT('',#2001);
#2001 = CARTESIAN_POINT('',(-78.2,89.591240409707,23.219723895954));
#2002 = SURFACE_CURVE('',#2003,(#2007,#2013),.PCURVE_S1.);
#2003 = LINE('',#2004,#2005);
#2004 = CARTESIAN_POINT('',(-78.2,89.935310102427,23.234930973988));
#2005 = VECTOR('',#2006,1.);
#2006 = DIRECTION('',(-9.804282384688E-18,0.999024711712,
    4.415456249432E-02));
#2007 = PCURVE('',#257,#2008);
#2008 = DEFINITIONAL_REPRESENTATION('',(#2009),#2012);
#2009 = B_SPLINE_CURVE_WITH_KNOTS('',1,(#2010,#2011),.UNSPECIFIED.,.F.,
  .F.,(2,2),(-6.091250828019,-0.344405587455),.PIECEWISE_BEZIER_KNOTS.);
#2010 = CARTESIAN_POINT('',(-4.925974458634,-6.2));
#2011 = CARTESIAN_POINT('',(-5.179723895954,-0.458759590293));
#2012 = ( GEOMETRIC_REPRESENTATION_CONTEXT(2) 
PARAMETRIC_REPRESENTATION_CONTEXT() REPRESENTATION_CONTEXT('2D SPACE',''
  ) );
#2013 = PCURVE('',#876,#2014);
#2014 = DEFINITIONAL_REPRESENTATION('',(#2015),#2018);
#2015 = B_SPLINE_CURVE_WITH_KNOTS('',1,(#2016,#2017),.UNSPECIFIED.,.F.,
  .F.,(2,2),(-6.091250828019,-0.344405587455),.PIECEWISE_BEZIER_KNOTS.);
#2016 = CARTESIAN_POINT('',(6.206052690505,-78.2));
#2017 = CARTESIAN_POINT('',(0.45920744994,-78.2));
#2018 = ( GEOMETRIC_REPRESENTATION_CONTEXT(2) 
PARAMETRIC_REPRESENTATION_CONTEXT() REPRESENTATION_CONTEXT('2D SPACE',''
  ) );
#2019 = ORIENTED_EDGE('',*,*,#1902,.T.);
#2020 = ORIENTED_EDGE('',*,*,#242,.F.);
#2021 = ORIENTED_EDGE('',*,*,#2022,.T.);
#2022 = EDGE_CURVE('',#243,#2000,#2023,.T.);
#2023 = SURFACE_CURVE('',#2024,(#2029,#2036),.PCURVE_S1.);
#2024 = CIRCLE('',#2025,5.2);
#2025 = AXIS2_PLACEMENT_3D('',#2026,#2027,#2028);
#2026 = CARTESIAN_POINT('',(-78.2,90.05,18.04));
#2027 = DIRECTION('',(1.,0.,2.22044604925E-16));
#2028 = DIRECTION('',(2.22044604925E-16,0.,-1.));
#2029 = PCURVE('',#257,#2030);
#2030 = DEFINITIONAL_REPRESENTATION('',(#2031),#2035);
#2031 = CIRCLE('',#2032,5.2);
#2032 = AXIS2_PLACEMENT_2D('',#2033,#2034);
#2033 = CARTESIAN_POINT('',(1.7763568394E-14,0.));
#2034 = DIRECTION('',(1.,0.));
#2035 = ( GEOMETRIC_REPRESENTATION_CONTEXT(2) 
PARAMETRIC_REPRESENTATION_CONTEXT() REPRESENTATION_CONTEXT('2D SPACE',''
  ) );
#2036 = PCURVE('',#284,#2037);
#2037 = DEFINITIONAL_REPRESENTATION('',(#2038),#2042);
#2038 = LINE('',#2039,#2040);
#2039 = CARTESIAN_POINT('',(0.,21.));
#2040 = VECTOR('',#2041,1.);
#2041 = DIRECTION('',(1.,0.));
#2042 = ( GEOMETRIC_REPRESENTATION_CONTEXT(2) 
PARAMETRIC_REPRESENTATION_CONTEXT() REPRESENTATION_CONTEXT('2D SPACE',''
  ) );
#2043 = FACE_BOUND('',#2044,.F.);
#2044 = EDGE_LOOP('',(#2045));
#2045 = ORIENTED_EDGE('',*,*,#2046,.F.);
#2046 = EDGE_CURVE('',#2047,#2047,#2049,.T.);
#2047 = VERTEX_POINT('',#2048);
#2048 = CARTESIAN_POINT('',(-78.2,90.05,16.29));
#2049 = SURFACE_CURVE('',#2050,(#2055,#2062),.PCURVE_S1.);
#2050 = CIRCLE('',#2051,1.75);
#2051 = AXIS2_PLACEMENT_3D('',#2052,#2053,#2054);
#2052 = CARTESIAN_POINT('',(-78.2,90.05,18.04));
#2053 = DIRECTION('',(1.,0.,2.22044604925E-16));
#2054 = DIRECTION('',(2.22044604925E-16,0.,-1.));
#2055 = PCURVE('',#257,#2056);
#2056 = DEFINITIONAL_REPRESENTATION('',(#2057),#2061);
#2057 = CIRCLE('',#2058,1.75);
#2058 = AXIS2_PLACEMENT_2D('',#2059,#2060);
#2059 = CARTESIAN_POINT('',(0.,0.));
#2060 = DIRECTION('',(1.,0.));
#2061 = ( GEOMETRIC_REPRESENTATION_CONTEXT(2) 
PARAMETRIC_REPRESENTATION_CONTEXT() REPRESENTATION_CONTEXT('2D SPACE',''
  ) );
#2062 = PCURVE('',#2063,#2068);
#2063 = CYLINDRICAL_SURFACE('',#2064,1.75);
#2064 = AXIS2_PLACEMENT_3D('',#2065,#2066,#2067);
#2065 = CARTESIAN_POINT('',(-98.6,90.05,18.04));
#2066 = DIRECTION('',(1.,0.,2.22044604925E-16));
#2067 = DIRECTION('',(2.22044604925E-16,0.,-1.));
#2068 = DEFINITIONAL_REPRESENTATION('',(#2069),#2073);
#2069 = LINE('',#2070,#2071);
#2070 = CARTESIAN_POINT('',(0.,20.4));
#2071 = VECTOR('',#2072,1.);
#2072 = DIRECTION('',(1.,0.));
#2073 = ( GEOMETRIC_REPRESENTATION_CONTEXT(2) 
PARAMETRIC_REPRESENTATION_CONTEXT() REPRESENTATION_CONTEXT('2D SPACE',''
  ) );
#2074 = ADVANCED_FACE('',(#2075),#604,.F.);
#2075 = FACE_BOUND('',#2076,.T.);
#2076 = EDGE_LOOP('',(#2077,#2078,#2079,#2102));
#2077 = ORIENTED_EDGE('',*,*,#1975,.F.);
#2078 = ORIENTED_EDGE('',*,*,#587,.T.);
#2079 = ORIENTED_EDGE('',*,*,#2080,.T.);
#2080 = EDGE_CURVE('',#562,#2081,#2083,.T.);
#2081 = VERTEX_POINT('',#2082);
#2082 = CARTESIAN_POINT('',(81.35,70.,21.153836757357));
#2083 = SURFACE_CURVE('',#2084,(#2088,#2095),.PCURVE_S1.);
#2084 = LINE('',#2085,#2086);
#2085 = CARTESIAN_POINT('',(81.35,70.,-50.));
#2086 = VECTOR('',#2087,1.);
#2087 = DIRECTION('',(0.,0.,1.));
#2088 = PCURVE('',#604,#2089);
#2089 = DEFINITIONAL_REPRESENTATION('',(#2090),#2094);
#2090 = LINE('',#2091,#2092);
#2091 = CARTESIAN_POINT('',(-0.,0.));
#2092 = VECTOR('',#2093,1.);
#2093 = DIRECTION('',(-0.,-1.));
#2094 = ( GEOMETRIC_REPRESENTATION_CONTEXT(2) 
PARAMETRIC_REPRESENTATION_CONTEXT() REPRESENTATION_CONTEXT('2D SPACE',''
  ) );
#2095 = PCURVE('',#576,#2096);
#2096 = DEFINITIONAL_REPRESENTATION('',(#2097),#2101);
#2097 = LINE('',#2098,#2099);
#2098 = CARTESIAN_POINT('',(27.65,-64.8317712382));
#2099 = VECTOR('',#2100,1.);
#2100 = DIRECTION('',(0.,1.));
#2101 = ( GEOMETRIC_REPRESENTATION_CONTEXT(2) 
PARAMETRIC_REPRESENTATION_CONTEXT() REPRESENTATION_CONTEXT('2D SPACE',''
  ) );
#2102 = ORIENTED_EDGE('',*,*,#2103,.T.);
#2103 = EDGE_CURVE('',#2081,#1953,#2104,.T.);
#2104 = SURFACE_CURVE('',#2105,(#2110,#2122),.PCURVE_S1.);
#2105 = ELLIPSE('',#2106,10.710445772323,10.7);
#2106 = AXIS2_PLACEMENT_3D('',#2107,#2108,#2109);
#2107 = CARTESIAN_POINT('',(70.65,70.,21.153836757357));
#2108 = DIRECTION('',(0.,-4.415456249432E-02,0.999024711712));
#2109 = DIRECTION('',(0.,-0.999024711712,-4.415456249432E-02));
#2110 = PCURVE('',#604,#2111);
#2111 = DEFINITIONAL_REPRESENTATION('',(#2112),#2121);
#2112 = B_SPLINE_CURVE_WITH_KNOTS('',7,(#2113,#2114,#2115,#2116,#2117,
    #2118,#2119,#2120),.UNSPECIFIED.,.F.,.F.,(8,8),(1.570796326795,
    3.14159265359),.PIECEWISE_BEZIER_KNOTS.);
#2113 = CARTESIAN_POINT('',(0.,-71.15383675735));
#2114 = CARTESIAN_POINT('',(-0.224399475256,-71.25995864578));
#2115 = CARTESIAN_POINT('',(-0.448798950513,-71.36608010331));
#2116 = CARTESIAN_POINT('',(-0.67319842577,-71.46347638333));
#2117 = CARTESIAN_POINT('',(-0.897597901026,-71.54340644116));
#2118 = CARTESIAN_POINT('',(-1.121997376282,-71.59896867326));
#2119 = CARTESIAN_POINT('',(-1.346396851538,-71.62675180455));
#2120 = CARTESIAN_POINT('',(-1.570796326795,-71.62675180455));
#2121 = ( GEOMETRIC_REPRESENTATION_CONTEXT(2) 
PARAMETRIC_REPRESENTATION_CONTEXT() REPRESENTATION_CONTEXT('2D SPACE',''
  ) );
#2122 = PCURVE('',#1462,#2123);
#2123 = DEFINITIONAL_REPRESENTATION('',(#2124),#2128);
#2124 = ELLIPSE('',#2125,10.710445772323,10.7);
#2125 = AXIS2_PLACEMENT_2D('',#2126,#2127);
#2126 = CARTESIAN_POINT('',(10.710445772323,70.65));
#2127 = DIRECTION('',(1.,0.));
#2128 = ( GEOMETRIC_REPRESENTATION_CONTEXT(2) 
PARAMETRIC_REPRESENTATION_CONTEXT() REPRESENTATION_CONTEXT('2D SPACE',''
  ) );
#2129 = ADVANCED_FACE('',(#2130),#284,.T.);
#2130 = FACE_BOUND('',#2131,.T.);
#2131 = EDGE_LOOP('',(#2132,#2153,#2175,#2176));
#2132 = ORIENTED_EDGE('',*,*,#2133,.T.);
#2133 = EDGE_CURVE('',#2000,#2134,#2136,.T.);
#2134 = VERTEX_POINT('',#2135);
#2135 = CARTESIAN_POINT('',(78.2,89.591240409707,23.219723895954));
#2136 = SURFACE_CURVE('',#2137,(#2141,#2147),.PCURVE_S1.);
#2137 = LINE('',#2138,#2139);
#2138 = CARTESIAN_POINT('',(-99.2,89.591240409707,23.219723895954));
#2139 = VECTOR('',#2140,1.);
#2140 = DIRECTION('',(1.,0.,2.22044604925E-16));
#2141 = PCURVE('',#284,#2142);
#2142 = DEFINITIONAL_REPRESENTATION('',(#2143),#2146);
#2143 = B_SPLINE_CURVE_WITH_KNOTS('',1,(#2144,#2145),.UNSPECIFIED.,.F.,
  .F.,(2,2),(-2.399999999625E-06,198.4000024),.PIECEWISE_BEZIER_KNOTS.);
#2144 = CARTESIAN_POINT('',(3.229930498735,-2.399999998475E-06));
#2145 = CARTESIAN_POINT('',(3.229930498735,198.4000024));
#2146 = ( GEOMETRIC_REPRESENTATION_CONTEXT(2) 
PARAMETRIC_REPRESENTATION_CONTEXT() REPRESENTATION_CONTEXT('2D SPACE',''
  ) );
#2147 = PCURVE('',#876,#2148);
#2148 = DEFINITIONAL_REPRESENTATION('',(#2149),#2152);
#2149 = B_SPLINE_CURVE_WITH_KNOTS('',1,(#2150,#2151),.UNSPECIFIED.,.F.,
  .F.,(2,2),(-2.399999999625E-06,198.4000024),.PIECEWISE_BEZIER_KNOTS.);
#2150 = CARTESIAN_POINT('',(0.45920744994,-99.2000024));
#2151 = CARTESIAN_POINT('',(0.45920744994,99.2000024));
#2152 = ( GEOMETRIC_REPRESENTATION_CONTEXT(2) 
PARAMETRIC_REPRESENTATION_CONTEXT() REPRESENTATION_CONTEXT('2D SPACE',''
  ) );
#2153 = ORIENTED_EDGE('',*,*,#2154,.F.);
#2154 = EDGE_CURVE('',#269,#2134,#2155,.T.);
#2155 = SURFACE_CURVE('',#2156,(#2161,#2168),.PCURVE_S1.);
#2156 = CIRCLE('',#2157,5.2);
#2157 = AXIS2_PLACEMENT_3D('',#2158,#2159,#2160);
#2158 = CARTESIAN_POINT('',(78.2,90.05,18.04));
#2159 = DIRECTION('',(1.,0.,2.22044604925E-16));
#2160 = DIRECTION('',(2.22044604925E-16,0.,-1.));
#2161 = PCURVE('',#284,#2162);
#2162 = DEFINITIONAL_REPRESENTATION('',(#2163),#2167);
#2163 = LINE('',#2164,#2165);
#2164 = CARTESIAN_POINT('',(0.,177.4));
#2165 = VECTOR('',#2166,1.);
#2166 = DIRECTION('',(1.,0.));
#2167 = ( GEOMETRIC_REPRESENTATION_CONTEXT(2) 
PARAMETRIC_REPRESENTATION_CONTEXT() REPRESENTATION_CONTEXT('2D SPACE',''
  ) );
#2168 = PCURVE('',#310,#2169);
#2169 = DEFINITIONAL_REPRESENTATION('',(#2170),#2174);
#2170 = CIRCLE('',#2171,5.2);
#2171 = AXIS2_PLACEMENT_2D('',#2172,#2173);
#2172 = CARTESIAN_POINT('',(-1.7763568394E-14,0.));
#2173 = DIRECTION('',(1.,0.));
#2174 = ( GEOMETRIC_REPRESENTATION_CONTEXT(2) 
PARAMETRIC_REPRESENTATION_CONTEXT() REPRESENTATION_CONTEXT('2D SPACE',''
  ) );
#2175 = ORIENTED_EDGE('',*,*,#268,.F.);
#2176 = ORIENTED_EDGE('',*,*,#2022,.T.);
#2177 = ADVANCED_FACE('',(#2178),#576,.F.);
#2178 = FACE_BOUND('',#2179,.F.);
#2179 = EDGE_LOOP('',(#2180,#2205,#2226,#2252,#2278,#2297,#2298,#2299));
#2180 = ORIENTED_EDGE('',*,*,#2181,.F.);
#2181 = EDGE_CURVE('',#2182,#2184,#2186,.T.);
#2182 = VERTEX_POINT('',#2183);
#2183 = CARTESIAN_POINT('',(81.35,13.16,9.441641310383));
#2184 = VERTEX_POINT('',#2185);
#2185 = CARTESIAN_POINT('',(81.35,13.16,18.641641310383));
#2186 = SURFACE_CURVE('',#2187,(#2191,#2198),.PCURVE_S1.);
#2187 = LINE('',#2188,#2189);
#2188 = CARTESIAN_POINT('',(81.35,13.16,-50.));
#2189 = VECTOR('',#2190,1.);
#2190 = DIRECTION('',(0.,0.,1.));
#2191 = PCURVE('',#576,#2192);
#2192 = DEFINITIONAL_REPRESENTATION('',(#2193),#2197);
#2193 = LINE('',#2194,#2195);
#2194 = CARTESIAN_POINT('',(-29.19,-64.8317712382));
#2195 = VECTOR('',#2196,1.);
#2196 = DIRECTION('',(0.,1.));
#2197 = ( GEOMETRIC_REPRESENTATION_CONTEXT(2) 
PARAMETRIC_REPRESENTATION_CONTEXT() REPRESENTATION_CONTEXT('2D SPACE',''
  ) );
#2198 = PCURVE('',#1434,#2199);
#2199 = DEFINITIONAL_REPRESENTATION('',(#2200),#2204);
#2200 = LINE('',#2201,#2202);
#2201 = CARTESIAN_POINT('',(-1.570796326795,0.));
#2202 = VECTOR('',#2203,1.);
#2203 = DIRECTION('',(-0.,-1.));
#2204 = ( GEOMETRIC_REPRESENTATION_CONTEXT(2) 
PARAMETRIC_REPRESENTATION_CONTEXT() REPRESENTATION_CONTEXT('2D SPACE',''
  ) );
#2205 = ORIENTED_EDGE('',*,*,#2206,.F.);
#2206 = EDGE_CURVE('',#2207,#2182,#2209,.T.);
#2207 = VERTEX_POINT('',#2208);
#2208 = CARTESIAN_POINT('',(81.35,36.35,10.466585230428));
#2209 = SURFACE_CURVE('',#2210,(#2214,#2220),.PCURVE_S1.);
#2210 = LINE('',#2211,#2212);
#2211 = CARTESIAN_POINT('',(81.35,21.265428573087,9.799882351148));
#2212 = VECTOR('',#2213,1.);
#2213 = DIRECTION('',(0.,-0.999024711712,-4.415456249432E-02));
#2214 = PCURVE('',#576,#2215);
#2215 = DEFINITIONAL_REPRESENTATION('',(#2216),#2219);
#2216 = B_SPLINE_CURVE_WITH_KNOTS('',1,(#2217,#2218),.UNSPECIFIED.,.F.,
  .F.,(2,2),(-48.78214808461,8.113341419951),.PIECEWISE_BEZIER_KNOTS.);
#2217 = CARTESIAN_POINT('',(27.65,-2.877934480844));
#2218 = CARTESIAN_POINT('',(-29.19,-5.390129927818));
#2219 = ( GEOMETRIC_REPRESENTATION_CONTEXT(2) 
PARAMETRIC_REPRESENTATION_CONTEXT() REPRESENTATION_CONTEXT('2D SPACE',''
  ) );
#2220 = PCURVE('',#1185,#2221);
#2221 = DEFINITIONAL_REPRESENTATION('',(#2222),#2225);
#2222 = B_SPLINE_CURVE_WITH_KNOTS('',1,(#2223,#2224),.UNSPECIFIED.,.F.,
  .F.,(2,2),(-48.78214808461,8.113341419951),.PIECEWISE_BEZIER_KNOTS.);
#2223 = CARTESIAN_POINT('',(70.068336828279,81.35));
#2224 = CARTESIAN_POINT('',(13.172847323716,81.35));
#2225 = ( GEOMETRIC_REPRESENTATION_CONTEXT(2) 
PARAMETRIC_REPRESENTATION_CONTEXT() REPRESENTATION_CONTEXT('2D SPACE',''
  ) );
#2226 = ORIENTED_EDGE('',*,*,#2227,.T.);
#2227 = EDGE_CURVE('',#2207,#2228,#2230,.T.);
#2228 = VERTEX_POINT('',#2229);
#2229 = CARTESIAN_POINT('',(81.35,36.35,18.331771238201));
#2230 = SURFACE_CURVE('',#2231,(#2235,#2241),.PCURVE_S1.);
#2231 = LINE('',#2232,#2233);
#2232 = CARTESIAN_POINT('',(81.35,36.35,11.281771238201));
#2233 = VECTOR('',#2234,1.);
#2234 = DIRECTION('',(0.,-0.,1.));
#2235 = PCURVE('',#576,#2236);
#2236 = DEFINITIONAL_REPRESENTATION('',(#2237),#2240);
#2237 = B_SPLINE_CURVE_WITH_KNOTS('',1,(#2238,#2239),.UNSPECIFIED.,.F.,
  .F.,(2,2),(-1.840129927818,7.05),.PIECEWISE_BEZIER_KNOTS.);
#2238 = CARTESIAN_POINT('',(-6.,-5.390129927818));
#2239 = CARTESIAN_POINT('',(-6.,3.5));
#2240 = ( GEOMETRIC_REPRESENTATION_CONTEXT(2) 
PARAMETRIC_REPRESENTATION_CONTEXT() REPRESENTATION_CONTEXT('2D SPACE',''
  ) );
#2241 = PCURVE('',#2242,#2247);
#2242 = PLANE('',#2243);
#2243 = AXIS2_PLACEMENT_3D('',#2244,#2245,#2246);
#2244 = CARTESIAN_POINT('',(80.35,36.35,7.731771238201));
#2245 = DIRECTION('',(-0.,1.,0.));
#2246 = DIRECTION('',(0.,0.,1.));
#2247 = DEFINITIONAL_REPRESENTATION('',(#2248),#2251);
#2248 = B_SPLINE_CURVE_WITH_KNOTS('',1,(#2249,#2250),.UNSPECIFIED.,.F.,
  .F.,(2,2),(-1.840129927818,7.05),.PIECEWISE_BEZIER_KNOTS.);
#2249 = CARTESIAN_POINT('',(1.709870072182,1.));
#2250 = CARTESIAN_POINT('',(10.6,1.));
#2251 = ( GEOMETRIC_REPRESENTATION_CONTEXT(2) 
PARAMETRIC_REPRESENTATION_CONTEXT() REPRESENTATION_CONTEXT('2D SPACE',''
  ) );
#2252 = ORIENTED_EDGE('',*,*,#2253,.F.);
#2253 = EDGE_CURVE('',#2254,#2228,#2256,.T.);
#2254 = VERTEX_POINT('',#2255);
#2255 = CARTESIAN_POINT('',(81.35,48.35,18.331771238201));
#2256 = SURFACE_CURVE('',#2257,(#2261,#2267),.PCURVE_S1.);
#2257 = LINE('',#2258,#2259);
#2258 = CARTESIAN_POINT('',(81.35,39.35,18.331771238201));
#2259 = VECTOR('',#2260,1.);
#2260 = DIRECTION('',(0.,-1.,0.));
#2261 = PCURVE('',#576,#2262);
#2262 = DEFINITIONAL_REPRESENTATION('',(#2263),#2266);
#2263 = B_SPLINE_CURVE_WITH_KNOTS('',1,(#2264,#2265),.UNSPECIFIED.,.F.,
  .F.,(2,2),(-9.,3.),.PIECEWISE_BEZIER_KNOTS.);
#2264 = CARTESIAN_POINT('',(6.,3.5));
#2265 = CARTESIAN_POINT('',(-6.,3.5));
#2266 = ( GEOMETRIC_REPRESENTATION_CONTEXT(2) 
PARAMETRIC_REPRESENTATION_CONTEXT() REPRESENTATION_CONTEXT('2D SPACE',''
  ) );
#2267 = PCURVE('',#2268,#2273);
#2268 = PLANE('',#2269);
#2269 = AXIS2_PLACEMENT_3D('',#2270,#2271,#2272);
#2270 = CARTESIAN_POINT('',(80.35,36.35,18.331771238201));
#2271 = DIRECTION('',(0.,0.,1.));
#2272 = DIRECTION('',(1.,0.,-0.));
#2273 = DEFINITIONAL_REPRESENTATION('',(#2274),#2277);
#2274 = B_SPLINE_CURVE_WITH_KNOTS('',1,(#2275,#2276),.UNSPECIFIED.,.F.,
  .F.,(2,2),(-9.,3.),.PIECEWISE_BEZIER_KNOTS.);
#2275 = CARTESIAN_POINT('',(1.,12.));
#2276 = CARTESIAN_POINT('',(1.,0.));
#2277 = ( GEOMETRIC_REPRESENTATION_CONTEXT(2) 
PARAMETRIC_REPRESENTATION_CONTEXT() REPRESENTATION_CONTEXT('2D SPACE',''
  ) );
#2278 = ORIENTED_EDGE('',*,*,#2279,.F.);
#2279 = EDGE_CURVE('',#536,#2254,#2280,.T.);
#2280 = SURFACE_CURVE('',#2281,(#2285,#2291),.PCURVE_S1.);
#2281 = LINE('',#2282,#2283);
#2282 = CARTESIAN_POINT('',(81.35,48.35,11.281771238201));
#2283 = VECTOR('',#2284,1.);
#2284 = DIRECTION('',(0.,-0.,1.));
#2285 = PCURVE('',#576,#2286);
#2286 = DEFINITIONAL_REPRESENTATION('',(#2287),#2290);
#2287 = B_SPLINE_CURVE_WITH_KNOTS('',1,(#2288,#2289),.UNSPECIFIED.,.F.,
  .F.,(2,2),(-1.840129927818,7.05),.PIECEWISE_BEZIER_KNOTS.);
#2288 = CARTESIAN_POINT('',(6.,-5.390129927818));
#2289 = CARTESIAN_POINT('',(6.,3.5));
#2290 = ( GEOMETRIC_REPRESENTATION_CONTEXT(2) 
PARAMETRIC_REPRESENTATION_CONTEXT() REPRESENTATION_CONTEXT('2D SPACE',''
  ) );
#2291 = PCURVE('',#550,#2292);
#2292 = DEFINITIONAL_REPRESENTATION('',(#2293),#2296);
#2293 = B_SPLINE_CURVE_WITH_KNOTS('',1,(#2294,#2295),.UNSPECIFIED.,.F.,
  .F.,(2,2),(-1.840129927818,7.05),.PIECEWISE_BEZIER_KNOTS.);
#2294 = CARTESIAN_POINT('',(1.709870072182,1.));
#2295 = CARTESIAN_POINT('',(10.6,1.));
#2296 = ( GEOMETRIC_REPRESENTATION_CONTEXT(2) 
PARAMETRIC_REPRESENTATION_CONTEXT() REPRESENTATION_CONTEXT('2D SPACE',''
  ) );
#2297 = ORIENTED_EDGE('',*,*,#561,.F.);
#2298 = ORIENTED_EDGE('',*,*,#2080,.T.);
#2299 = ORIENTED_EDGE('',*,*,#2300,.T.);
#2300 = EDGE_CURVE('',#2081,#2184,#2301,.T.);
#2301 = SURFACE_CURVE('',#2302,(#2306,#2313),.PCURVE_S1.);
#2302 = LINE('',#2303,#2304);
#2303 = CARTESIAN_POINT('',(81.35,80.7,21.626751804553));
#2304 = VECTOR('',#2305,1.);
#2305 = DIRECTION('',(0.,-0.999024711712,-4.415456249432E-02));
#2306 = PCURVE('',#576,#2307);
#2307 = DEFINITIONAL_REPRESENTATION('',(#2308),#2312);
#2308 = LINE('',#2309,#2310);
#2309 = CARTESIAN_POINT('',(38.35,6.794980566352));
#2310 = VECTOR('',#2311,1.);
#2311 = DIRECTION('',(-0.999024711712,-4.415456249432E-02));
#2312 = ( GEOMETRIC_REPRESENTATION_CONTEXT(2) 
PARAMETRIC_REPRESENTATION_CONTEXT() REPRESENTATION_CONTEXT('2D SPACE',''
  ) );
#2313 = PCURVE('',#1462,#2314);
#2314 = DEFINITIONAL_REPRESENTATION('',(#2315),#2319);
#2315 = LINE('',#2316,#2317);
#2316 = CARTESIAN_POINT('',(0.,81.35));
#2317 = VECTOR('',#2318,1.);
#2318 = DIRECTION('',(1.,0.));
#2319 = ( GEOMETRIC_REPRESENTATION_CONTEXT(2) 
PARAMETRIC_REPRESENTATION_CONTEXT() REPRESENTATION_CONTEXT('2D SPACE',''
  ) );
#2320 = ADVANCED_FACE('',(#2321,#2368),#310,.T.);
#2321 = FACE_BOUND('',#2322,.T.);
#2322 = EDGE_LOOP('',(#2323,#2344,#2366,#2367));
#2323 = ORIENTED_EDGE('',*,*,#2324,.F.);
#2324 = EDGE_CURVE('',#2325,#2134,#2327,.T.);
#2325 = VERTEX_POINT('',#2326);
#2326 = CARTESIAN_POINT('',(78.2,86.439734320801,23.080434676255));
#2327 = SURFACE_CURVE('',#2328,(#2332,#2338),.PCURVE_S1.);
#2328 = LINE('',#2329,#2330);
#2329 = CARTESIAN_POINT('',(78.2,89.935310102427,23.234930973988));
#2330 = VECTOR('',#2331,1.);
#2331 = DIRECTION('',(-9.804282384688E-18,0.999024711712,
    4.415456249432E-02));
#2332 = PCURVE('',#310,#2333);
#2333 = DEFINITIONAL_REPRESENTATION('',(#2334),#2337);
#2334 = B_SPLINE_CURVE_WITH_KNOTS('',1,(#2335,#2336),.UNSPECIFIED.,.F.,
  .F.,(2,2),(-6.091250828019,-0.344405587455),.PIECEWISE_BEZIER_KNOTS.);
#2335 = CARTESIAN_POINT('',(-4.925974458634,-6.2));
#2336 = CARTESIAN_POINT('',(-5.179723895954,-0.458759590293));
#2337 = ( GEOMETRIC_REPRESENTATION_CONTEXT(2) 
PARAMETRIC_REPRESENTATION_CONTEXT() REPRESENTATION_CONTEXT('2D SPACE',''
  ) );
#2338 = PCURVE('',#876,#2339);
#2339 = DEFINITIONAL_REPRESENTATION('',(#2340),#2343);
#2340 = B_SPLINE_CURVE_WITH_KNOTS('',1,(#2341,#2342),.UNSPECIFIED.,.F.,
  .F.,(2,2),(-6.091250828019,-0.344405587455),.PIECEWISE_BEZIER_KNOTS.);
#2341 = CARTESIAN_POINT('',(6.206052690505,78.2));
#2342 = CARTESIAN_POINT('',(0.45920744994,78.2));
#2343 = ( GEOMETRIC_REPRESENTATION_CONTEXT(2) 
PARAMETRIC_REPRESENTATION_CONTEXT() REPRESENTATION_CONTEXT('2D SPACE',''
  ) );
#2344 = ORIENTED_EDGE('',*,*,#2345,.T.);
#2345 = EDGE_CURVE('',#2325,#296,#2346,.T.);
#2346 = SURFACE_CURVE('',#2347,(#2352,#2359),.PCURVE_S1.);
#2347 = CIRCLE('',#2348,6.2);
#2348 = AXIS2_PLACEMENT_3D('',#2349,#2350,#2351);
#2349 = CARTESIAN_POINT('',(78.2,90.05,18.04));
#2350 = DIRECTION('',(1.,-0.,2.22044604925E-16));
#2351 = DIRECTION('',(2.22044604925E-16,0.,-1.));
#2352 = PCURVE('',#310,#2353);
#2353 = DEFINITIONAL_REPRESENTATION('',(#2354),#2358);
#2354 = CIRCLE('',#2355,6.2);
#2355 = AXIS2_PLACEMENT_2D('',#2356,#2357);
#2356 = CARTESIAN_POINT('',(0.,0.));
#2357 = DIRECTION('',(1.,0.));
#2358 = ( GEOMETRIC_REPRESENTATION_CONTEXT(2) 
PARAMETRIC_REPRESENTATION_CONTEXT() REPRESENTATION_CONTEXT('2D SPACE',''
  ) );
#2359 = PCURVE('',#336,#2360);
#2360 = DEFINITIONAL_REPRESENTATION('',(#2361),#2365);
#2361 = LINE('',#2362,#2363);
#2362 = CARTESIAN_POINT('',(0.,0.));
#2363 = VECTOR('',#2364,1.);
#2364 = DIRECTION('',(1.,0.));
#2365 = ( GEOMETRIC_REPRESENTATION_CONTEXT(2) 
PARAMETRIC_REPRESENTATION_CONTEXT() REPRESENTATION_CONTEXT('2D SPACE',''
  ) );
#2366 = ORIENTED_EDGE('',*,*,#295,.F.);
#2367 = ORIENTED_EDGE('',*,*,#2154,.T.);
#2368 = FACE_BOUND('',#2369,.T.);
#2369 = EDGE_LOOP('',(#2370));
#2370 = ORIENTED_EDGE('',*,*,#2371,.F.);
#2371 = EDGE_CURVE('',#2372,#2372,#2374,.T.);
#2372 = VERTEX_POINT('',#2373);
#2373 = CARTESIAN_POINT('',(78.2,90.05,16.29));
#2374 = SURFACE_CURVE('',#2375,(#2380,#2387),.PCURVE_S1.);
#2375 = CIRCLE('',#2376,1.75);
#2376 = AXIS2_PLACEMENT_3D('',#2377,#2378,#2379);
#2377 = CARTESIAN_POINT('',(78.2,90.05,18.04));
#2378 = DIRECTION('',(1.,0.,2.22044604925E-16));
#2379 = DIRECTION('',(2.22044604925E-16,0.,-1.));
#2380 = PCURVE('',#310,#2381);
#2381 = DEFINITIONAL_REPRESENTATION('',(#2382),#2386);
#2382 = CIRCLE('',#2383,1.75);
#2383 = AXIS2_PLACEMENT_2D('',#2384,#2385);
#2384 = CARTESIAN_POINT('',(3.552713678801E-15,0.));
#2385 = DIRECTION('',(1.,0.));
#2386 = ( GEOMETRIC_REPRESENTATION_CONTEXT(2) 
PARAMETRIC_REPRESENTATION_CONTEXT() REPRESENTATION_CONTEXT('2D SPACE',''
  ) );
#2387 = PCURVE('',#2388,#2393);
#2388 = CYLINDRICAL_SURFACE('',#2389,1.75);
#2389 = AXIS2_PLACEMENT_3D('',#2390,#2391,#2392);
#2390 = CARTESIAN_POINT('',(76.4,90.05,18.04));
#2391 = DIRECTION('',(1.,0.,2.22044604925E-16));
#2392 = DIRECTION('',(2.22044604925E-16,0.,-1.));
#2393 = DEFINITIONAL_REPRESENTATION('',(#2394),#2398);
#2394 = LINE('',#2395,#2396);
#2395 = CARTESIAN_POINT('',(0.,1.8));
#2396 = VECTOR('',#2397,1.);
#2397 = DIRECTION('',(1.,0.));
#2398 = ( GEOMETRIC_REPRESENTATION_CONTEXT(2) 
PARAMETRIC_REPRESENTATION_CONTEXT() REPRESENTATION_CONTEXT('2D SPACE',''
  ) );
#2399 = ADVANCED_FACE('',(#2400),#550,.F.);
#2400 = FACE_BOUND('',#2401,.F.);
#2401 = EDGE_LOOP('',(#2402,#2425,#2444,#2445));
#2402 = ORIENTED_EDGE('',*,*,#2403,.T.);
#2403 = EDGE_CURVE('',#2254,#2404,#2406,.T.);
#2404 = VERTEX_POINT('',#2405);
#2405 = CARTESIAN_POINT('',(99.2,48.35,18.331771238201));
#2406 = SURFACE_CURVE('',#2407,(#2411,#2418),.PCURVE_S1.);
#2407 = LINE('',#2408,#2409);
#2408 = CARTESIAN_POINT('',(80.35,48.35,18.331771238201));
#2409 = VECTOR('',#2410,1.);
#2410 = DIRECTION('',(1.,0.,-0.));
#2411 = PCURVE('',#550,#2412);
#2412 = DEFINITIONAL_REPRESENTATION('',(#2413),#2417);
#2413 = LINE('',#2414,#2415);
#2414 = CARTESIAN_POINT('',(10.6,0.));
#2415 = VECTOR('',#2416,1.);
#2416 = DIRECTION('',(0.,1.));
#2417 = ( GEOMETRIC_REPRESENTATION_CONTEXT(2) 
PARAMETRIC_REPRESENTATION_CONTEXT() REPRESENTATION_CONTEXT('2D SPACE',''
  ) );
#2418 = PCURVE('',#2268,#2419);
#2419 = DEFINITIONAL_REPRESENTATION('',(#2420),#2424);
#2420 = LINE('',#2421,#2422);
#2421 = CARTESIAN_POINT('',(0.,12.));
#2422 = VECTOR('',#2423,1.);
#2423 = DIRECTION('',(1.,0.));
#2424 = ( GEOMETRIC_REPRESENTATION_CONTEXT(2) 
PARAMETRIC_REPRESENTATION_CONTEXT() REPRESENTATION_CONTEXT('2D SPACE',''
  ) );
#2425 = ORIENTED_EDGE('',*,*,#2426,.F.);
#2426 = EDGE_CURVE('',#508,#2404,#2427,.T.);
#2427 = SURFACE_CURVE('',#2428,(#2432,#2438),.PCURVE_S1.);
#2428 = LINE('',#2429,#2430);
#2429 = CARTESIAN_POINT('',(99.2,48.35,11.8908856191));
#2430 = VECTOR('',#2431,1.);
#2431 = DIRECTION('',(0.,-0.,1.));
#2432 = PCURVE('',#550,#2433);
#2433 = DEFINITIONAL_REPRESENTATION('',(#2434),#2437);
#2434 = B_SPLINE_CURVE_WITH_KNOTS('',1,(#2435,#2436),.UNSPECIFIED.,.F.,
  .F.,(2,2),(-3.0308856191,6.4408856191),.PIECEWISE_BEZIER_KNOTS.);
#2435 = CARTESIAN_POINT('',(1.128228761799,18.85));
#2436 = CARTESIAN_POINT('',(10.6,18.85));
#2437 = ( GEOMETRIC_REPRESENTATION_CONTEXT(2) 
PARAMETRIC_REPRESENTATION_CONTEXT() REPRESENTATION_CONTEXT('2D SPACE',''
  ) );
#2438 = PCURVE('',#523,#2439);
#2439 = DEFINITIONAL_REPRESENTATION('',(#2440),#2443);
#2440 = B_SPLINE_CURVE_WITH_KNOTS('',1,(#2441,#2442),.UNSPECIFIED.,.F.,
  .F.,(2,2),(-3.0308856191,6.4408856191),.PIECEWISE_BEZIER_KNOTS.);
#2441 = CARTESIAN_POINT('',(3.325,-7.19));
#2442 = CARTESIAN_POINT('',(3.325,2.281771238201));
#2443 = ( GEOMETRIC_REPRESENTATION_CONTEXT(2) 
PARAMETRIC_REPRESENTATION_CONTEXT() REPRESENTATION_CONTEXT('2D SPACE',''
  ) );
#2444 = ORIENTED_EDGE('',*,*,#535,.F.);
#2445 = ORIENTED_EDGE('',*,*,#2279,.T.);
#2446 = ADVANCED_FACE('',(#2447),#336,.F.);
#2447 = FACE_BOUND('',#2448,.F.);
#2448 = EDGE_LOOP('',(#2449,#2473,#2492,#2493));
#2449 = ORIENTED_EDGE('',*,*,#2450,.F.);
#2450 = EDGE_CURVE('',#2451,#322,#2453,.T.);
#2451 = VERTEX_POINT('',#2452);
#2452 = CARTESIAN_POINT('',(84.6,86.439734320801,23.080434676255));
#2453 = SURFACE_CURVE('',#2454,(#2459,#2466),.PCURVE_S1.);
#2454 = CIRCLE('',#2455,6.2);
#2455 = AXIS2_PLACEMENT_3D('',#2456,#2457,#2458);
#2456 = CARTESIAN_POINT('',(84.6,90.05,18.04));
#2457 = DIRECTION('',(1.,-0.,2.22044604925E-16));
#2458 = DIRECTION('',(2.22044604925E-16,0.,-1.));
#2459 = PCURVE('',#336,#2460);
#2460 = DEFINITIONAL_REPRESENTATION('',(#2461),#2465);
#2461 = LINE('',#2462,#2463);
#2462 = CARTESIAN_POINT('',(0.,6.4));
#2463 = VECTOR('',#2464,1.);
#2464 = DIRECTION('',(1.,0.));
#2465 = ( GEOMETRIC_REPRESENTATION_CONTEXT(2) 
PARAMETRIC_REPRESENTATION_CONTEXT() REPRESENTATION_CONTEXT('2D SPACE',''
  ) );
#2466 = PCURVE('',#362,#2467);
#2467 = DEFINITIONAL_REPRESENTATION('',(#2468),#2472);
#2468 = CIRCLE('',#2469,6.2);
#2469 = AXIS2_PLACEMENT_2D('',#2470,#2471);
#2470 = CARTESIAN_POINT('',(0.,0.));
#2471 = DIRECTION('',(1.,0.));
#2472 = ( GEOMETRIC_REPRESENTATION_CONTEXT(2) 
PARAMETRIC_REPRESENTATION_CONTEXT() REPRESENTATION_CONTEXT('2D SPACE',''
  ) );
#2473 = ORIENTED_EDGE('',*,*,#2474,.F.);
#2474 = EDGE_CURVE('',#2325,#2451,#2475,.T.);
#2475 = SURFACE_CURVE('',#2476,(#2480,#2486),.PCURVE_S1.);
#2476 = LINE('',#2477,#2478);
#2477 = CARTESIAN_POINT('',(78.2,86.439734320801,23.080434676255));
#2478 = VECTOR('',#2479,1.);
#2479 = DIRECTION('',(1.,0.,2.22044604925E-16));
#2480 = PCURVE('',#336,#2481);
#2481 = DEFINITIONAL_REPRESENTATION('',(#2482),#2485);
#2482 = B_SPLINE_CURVE_WITH_KNOTS('',1,(#2483,#2484),.UNSPECIFIED.,.F.,
  .F.,(2,2),(-6.000000070117E-07,6.4000006),.PIECEWISE_BEZIER_KNOTS.);
#2483 = CARTESIAN_POINT('',(3.7631487329,-6.000000058925E-07));
#2484 = CARTESIAN_POINT('',(3.7631487329,6.4000006));
#2485 = ( GEOMETRIC_REPRESENTATION_CONTEXT(2) 
PARAMETRIC_REPRESENTATION_CONTEXT() REPRESENTATION_CONTEXT('2D SPACE',''
  ) );
#2486 = PCURVE('',#876,#2487);
#2487 = DEFINITIONAL_REPRESENTATION('',(#2488),#2491);
#2488 = B_SPLINE_CURVE_WITH_KNOTS('',1,(#2489,#2490),.UNSPECIFIED.,.F.,
  .F.,(2,2),(-6.000000070117E-07,6.4000006),.PIECEWISE_BEZIER_KNOTS.);
#2489 = CARTESIAN_POINT('',(3.613790166424,78.1999994));
#2490 = CARTESIAN_POINT('',(3.613790166424,84.6000006));
#2491 = ( GEOMETRIC_REPRESENTATION_CONTEXT(2) 
PARAMETRIC_REPRESENTATION_CONTEXT() REPRESENTATION_CONTEXT('2D SPACE',''
  ) );
#2492 = ORIENTED_EDGE('',*,*,#2345,.T.);
#2493 = ORIENTED_EDGE('',*,*,#321,.T.);
#2494 = ADVANCED_FACE('',(#2495,#2636),#523,.T.);
#2495 = FACE_BOUND('',#2496,.T.);
#2496 = EDGE_LOOP('',(#2497,#2522,#2545,#2568,#2589,#2608,#2609,#2610));
#2497 = ORIENTED_EDGE('',*,*,#2498,.T.);
#2498 = EDGE_CURVE('',#2499,#2501,#2503,.T.);
#2499 = VERTEX_POINT('',#2500);
#2500 = CARTESIAN_POINT('',(99.2,89.591240409706,23.219723895954));
#2501 = VERTEX_POINT('',#2502);
#2502 = CARTESIAN_POINT('',(99.2,3.,19.392593003887));
#2503 = SURFACE_CURVE('',#2504,(#2508,#2515),.PCURVE_S1.);
#2504 = LINE('',#2505,#2506);
#2505 = CARTESIAN_POINT('',(99.2,90.05,23.24));
#2506 = VECTOR('',#2507,1.);
#2507 = DIRECTION('',(0.,-0.999024711712,-4.415456249432E-02));
#2508 = PCURVE('',#523,#2509);
#2509 = DEFINITIONAL_REPRESENTATION('',(#2510),#2514);
#2510 = LINE('',#2511,#2512);
#2511 = CARTESIAN_POINT('',(45.025,7.19));
#2512 = VECTOR('',#2513,1.);
#2513 = DIRECTION('',(-0.999024711712,-4.415456249432E-02));
#2514 = ( GEOMETRIC_REPRESENTATION_CONTEXT(2) 
PARAMETRIC_REPRESENTATION_CONTEXT() REPRESENTATION_CONTEXT('2D SPACE',''
  ) );
#2515 = PCURVE('',#876,#2516);
#2516 = DEFINITIONAL_REPRESENTATION('',(#2517),#2521);
#2517 = LINE('',#2518,#2519);
#2518 = CARTESIAN_POINT('',(0.,99.2));
#2519 = VECTOR('',#2520,1.);
#2520 = DIRECTION('',(1.,0.));
#2521 = ( GEOMETRIC_REPRESENTATION_CONTEXT(2) 
PARAMETRIC_REPRESENTATION_CONTEXT() REPRESENTATION_CONTEXT('2D SPACE',''
  ) );
#2522 = ORIENTED_EDGE('',*,*,#2523,.T.);
#2523 = EDGE_CURVE('',#2501,#2524,#2526,.T.);
#2524 = VERTEX_POINT('',#2525);
#2525 = CARTESIAN_POINT('',(99.2,3.,8.992593003887));
#2526 = SURFACE_CURVE('',#2527,(#2531,#2538),.PCURVE_S1.);
#2527 = LINE('',#2528,#2529);
#2528 = CARTESIAN_POINT('',(99.2,3.,19.26));
#2529 = VECTOR('',#2530,1.);
#2530 = DIRECTION('',(0.,0.,-1.));
#2531 = PCURVE('',#523,#2532);
#2532 = DEFINITIONAL_REPRESENTATION('',(#2533),#2537);
#2533 = LINE('',#2534,#2535);
#2534 = CARTESIAN_POINT('',(-42.025,3.21));
#2535 = VECTOR('',#2536,1.);
#2536 = DIRECTION('',(0.,-1.));
#2537 = ( GEOMETRIC_REPRESENTATION_CONTEXT(2) 
PARAMETRIC_REPRESENTATION_CONTEXT() REPRESENTATION_CONTEXT('2D SPACE',''
  ) );
#2538 = PCURVE('',#1211,#2539);
#2539 = DEFINITIONAL_REPRESENTATION('',(#2540),#2544);
#2540 = LINE('',#2541,#2542);
#2541 = CARTESIAN_POINT('',(0.,0.));
#2542 = VECTOR('',#2543,1.);
#2543 = DIRECTION('',(0.,1.));
#2544 = ( GEOMETRIC_REPRESENTATION_CONTEXT(2) 
PARAMETRIC_REPRESENTATION_CONTEXT() REPRESENTATION_CONTEXT('2D SPACE',''
  ) );
#2545 = ORIENTED_EDGE('',*,*,#2546,.T.);
#2546 = EDGE_CURVE('',#2524,#2547,#2549,.T.);
#2547 = VERTEX_POINT('',#2548);
#2548 = CARTESIAN_POINT('',(99.2,36.35,10.466585230428));
#2549 = SURFACE_CURVE('',#2550,(#2554,#2561),.PCURVE_S1.);
#2550 = LINE('',#2551,#2552);
#2551 = CARTESIAN_POINT('',(99.2,0.,8.86));
#2552 = VECTOR('',#2553,1.);
#2553 = DIRECTION('',(0.,0.999024711712,4.415456249432E-02));
#2554 = PCURVE('',#523,#2555);
#2555 = DEFINITIONAL_REPRESENTATION('',(#2556),#2560);
#2556 = LINE('',#2557,#2558);
#2557 = CARTESIAN_POINT('',(-45.025,-7.19));
#2558 = VECTOR('',#2559,1.);
#2559 = DIRECTION('',(0.999024711712,4.415456249432E-02));
#2560 = ( GEOMETRIC_REPRESENTATION_CONTEXT(2) 
PARAMETRIC_REPRESENTATION_CONTEXT() REPRESENTATION_CONTEXT('2D SPACE',''
  ) );
#2561 = PCURVE('',#1185,#2562);
#2562 = DEFINITIONAL_REPRESENTATION('',(#2563),#2567);
#2563 = LINE('',#2564,#2565);
#2564 = CARTESIAN_POINT('',(0.,99.2));
#2565 = VECTOR('',#2566,1.);
#2566 = DIRECTION('',(1.,0.));
#2567 = ( GEOMETRIC_REPRESENTATION_CONTEXT(2) 
PARAMETRIC_REPRESENTATION_CONTEXT() REPRESENTATION_CONTEXT('2D SPACE',''
  ) );
#2568 = ORIENTED_EDGE('',*,*,#2569,.T.);
#2569 = EDGE_CURVE('',#2547,#2570,#2572,.T.);
#2570 = VERTEX_POINT('',#2571);
#2571 = CARTESIAN_POINT('',(99.2,36.35,18.331771238201));
#2572 = SURFACE_CURVE('',#2573,(#2577,#2583),.PCURVE_S1.);
#2573 = LINE('',#2574,#2575);
#2574 = CARTESIAN_POINT('',(99.2,36.35,11.8908856191));
#2575 = VECTOR('',#2576,1.);
#2576 = DIRECTION('',(0.,-0.,1.));
#2577 = PCURVE('',#523,#2578);
#2578 = DEFINITIONAL_REPRESENTATION('',(#2579),#2582);
#2579 = B_SPLINE_CURVE_WITH_KNOTS('',1,(#2580,#2581),.UNSPECIFIED.,.F.,
  .F.,(2,2),(-3.0308856191,6.4408856191),.PIECEWISE_BEZIER_KNOTS.);
#2580 = CARTESIAN_POINT('',(-8.675,-7.19));
#2581 = CARTESIAN_POINT('',(-8.675,2.281771238201));
#2582 = ( GEOMETRIC_REPRESENTATION_CONTEXT(2) 
PARAMETRIC_REPRESENTATION_CONTEXT() REPRESENTATION_CONTEXT('2D SPACE',''
  ) );
#2583 = PCURVE('',#2242,#2584);
#2584 = DEFINITIONAL_REPRESENTATION('',(#2585),#2588);
#2585 = B_SPLINE_CURVE_WITH_KNOTS('',1,(#2586,#2587),.UNSPECIFIED.,.F.,
  .F.,(2,2),(-3.0308856191,6.4408856191),.PIECEWISE_BEZIER_KNOTS.);
#2586 = CARTESIAN_POINT('',(1.128228761799,18.85));
#2587 = CARTESIAN_POINT('',(10.6,18.85));
#2588 = ( GEOMETRIC_REPRESENTATION_CONTEXT(2) 
PARAMETRIC_REPRESENTATION_CONTEXT() REPRESENTATION_CONTEXT('2D SPACE',''
  ) );
#2589 = ORIENTED_EDGE('',*,*,#2590,.F.);
#2590 = EDGE_CURVE('',#2404,#2570,#2591,.T.);
#2591 = SURFACE_CURVE('',#2592,(#2596,#2602),.PCURVE_S1.);
#2592 = LINE('',#2593,#2594);
#2593 = CARTESIAN_POINT('',(99.2,40.6875,18.331771238201));
#2594 = VECTOR('',#2595,1.);
#2595 = DIRECTION('',(0.,-1.,0.));
#2596 = PCURVE('',#523,#2597);
#2597 = DEFINITIONAL_REPRESENTATION('',(#2598),#2601);
#2598 = B_SPLINE_CURVE_WITH_KNOTS('',1,(#2599,#2600),.UNSPECIFIED.,.F.,
  .F.,(2,2),(-7.6625,4.3375),.PIECEWISE_BEZIER_KNOTS.);
#2599 = CARTESIAN_POINT('',(3.325,2.281771238201));
#2600 = CARTESIAN_POINT('',(-8.675,2.281771238201));
#2601 = ( GEOMETRIC_REPRESENTATION_CONTEXT(2) 
PARAMETRIC_REPRESENTATION_CONTEXT() REPRESENTATION_CONTEXT('2D SPACE',''
  ) );
#2602 = PCURVE('',#2268,#2603);
#2603 = DEFINITIONAL_REPRESENTATION('',(#2604),#2607);
#2604 = B_SPLINE_CURVE_WITH_KNOTS('',1,(#2605,#2606),.UNSPECIFIED.,.F.,
  .F.,(2,2),(-7.6625,4.3375),.PIECEWISE_BEZIER_KNOTS.);
#2605 = CARTESIAN_POINT('',(18.85,12.));
#2606 = CARTESIAN_POINT('',(18.85,0.));
#2607 = ( GEOMETRIC_REPRESENTATION_CONTEXT(2) 
PARAMETRIC_REPRESENTATION_CONTEXT() REPRESENTATION_CONTEXT('2D SPACE',''
  ) );
#2608 = ORIENTED_EDGE('',*,*,#2426,.F.);
#2609 = ORIENTED_EDGE('',*,*,#507,.T.);
#2610 = ORIENTED_EDGE('',*,*,#2611,.F.);
#2611 = EDGE_CURVE('',#2499,#481,#2612,.T.);
#2612 = SURFACE_CURVE('',#2613,(#2618,#2629),.PCURVE_S1.);
#2613 = CIRCLE('',#2614,5.2);
#2614 = AXIS2_PLACEMENT_3D('',#2615,#2616,#2617);
#2615 = CARTESIAN_POINT('',(99.2,90.05,18.04));
#2616 = DIRECTION('',(-1.,0.,0.));
#2617 = DIRECTION('',(0.,-8.822299813338E-02,0.996100749222));
#2618 = PCURVE('',#523,#2619);
#2619 = DEFINITIONAL_REPRESENTATION('',(#2620),#2628);
#2620 = ( BOUNDED_CURVE() B_SPLINE_CURVE(2,(#2621,#2622,#2623,#2624,
#2625,#2626,#2627),.UNSPECIFIED.,.T.,.F.) B_SPLINE_CURVE_WITH_KNOTS((1,2
    ,2,2,2,1),(-2.094395102393,0.,2.094395102393,4.188790204786,
6.28318530718,8.377580409573),.UNSPECIFIED.) CURVE() 
GEOMETRIC_REPRESENTATION_ITEM() RATIONAL_B_SPLINE_CURVE((1.,0.5,1.,0.5,
1.,0.5,1.)) REPRESENTATION_ITEM('') );
#2621 = CARTESIAN_POINT('',(44.566240409706,7.169723895954));
#2622 = CARTESIAN_POINT('',(53.537785366677,7.964318814802));
#2623 = CARTESIAN_POINT('',(49.740152273632,-0.202564488553));
#2624 = CARTESIAN_POINT('',(45.942519180587,-8.369447791907));
#2625 = CARTESIAN_POINT('',(40.768607316662,-0.997159407401));
#2626 = CARTESIAN_POINT('',(35.594695452736,6.375128977106));
#2627 = CARTESIAN_POINT('',(44.566240409706,7.169723895954));
#2628 = ( GEOMETRIC_REPRESENTATION_CONTEXT(2) 
PARAMETRIC_REPRESENTATION_CONTEXT() REPRESENTATION_CONTEXT('2D SPACE',''
  ) );
#2629 = PCURVE('',#496,#2630);
#2630 = DEFINITIONAL_REPRESENTATION('',(#2631),#2635);
#2631 = LINE('',#2632,#2633);
#2632 = CARTESIAN_POINT('',(3.229930498735,198.4));
#2633 = VECTOR('',#2634,1.);
#2634 = DIRECTION('',(-1.,-0.));
#2635 = ( GEOMETRIC_REPRESENTATION_CONTEXT(2) 
PARAMETRIC_REPRESENTATION_CONTEXT() REPRESENTATION_CONTEXT('2D SPACE',''
  ) );
#2636 = FACE_BOUND('',#2637,.T.);
#2637 = EDGE_LOOP('',(#2638));
#2638 = ORIENTED_EDGE('',*,*,#2639,.F.);
#2639 = EDGE_CURVE('',#2640,#2640,#2642,.T.);
#2640 = VERTEX_POINT('',#2641);
#2641 = CARTESIAN_POINT('',(99.2,90.05,14.84));
#2642 = SURFACE_CURVE('',#2643,(#2648,#2655),.PCURVE_S1.);
#2643 = CIRCLE('',#2644,3.2);
#2644 = AXIS2_PLACEMENT_3D('',#2645,#2646,#2647);
#2645 = CARTESIAN_POINT('',(99.2,90.05,18.04));
#2646 = DIRECTION('',(1.,0.,2.22044604925E-16));
#2647 = DIRECTION('',(2.22044604925E-16,0.,-1.));
#2648 = PCURVE('',#523,#2649);
#2649 = DEFINITIONAL_REPRESENTATION('',(#2650),#2654);
#2650 = CIRCLE('',#2651,3.2);
#2651 = AXIS2_PLACEMENT_2D('',#2652,#2653);
#2652 = CARTESIAN_POINT('',(45.025,1.99));
#2653 = DIRECTION('',(0.,-1.));
#2654 = ( GEOMETRIC_REPRESENTATION_CONTEXT(2) 
PARAMETRIC_REPRESENTATION_CONTEXT() REPRESENTATION_CONTEXT('2D SPACE',''
  ) );
#2655 = PCURVE('',#2656,#2661);
#2656 = CYLINDRICAL_SURFACE('',#2657,3.2);
#2657 = AXIS2_PLACEMENT_3D('',#2658,#2659,#2660);
#2658 = CARTESIAN_POINT('',(96.6,90.05,18.04));
#2659 = DIRECTION('',(1.,0.,2.22044604925E-16));
#2660 = DIRECTION('',(2.22044604925E-16,0.,-1.));
#2661 = DEFINITIONAL_REPRESENTATION('',(#2662),#2666);
#2662 = LINE('',#2663,#2664);
#2663 = CARTESIAN_POINT('',(0.,2.6));
#2664 = VECTOR('',#2665,1.);
#2665 = DIRECTION('',(1.,0.));
#2666 = ( GEOMETRIC_REPRESENTATION_CONTEXT(2) 
PARAMETRIC_REPRESENTATION_CONTEXT() REPRESENTATION_CONTEXT('2D SPACE',''
  ) );
#2667 = ADVANCED_FACE('',(#2668,#2716),#362,.F.);
#2668 = FACE_BOUND('',#2669,.F.);
#2669 = EDGE_LOOP('',(#2670,#2692,#2693,#2694));
#2670 = ORIENTED_EDGE('',*,*,#2671,.F.);
#2671 = EDGE_CURVE('',#2451,#2672,#2674,.T.);
#2672 = VERTEX_POINT('',#2673);
#2673 = CARTESIAN_POINT('',(84.6,89.591240409707,23.219723895954));
#2674 = SURFACE_CURVE('',#2675,(#2679,#2686),.PCURVE_S1.);
#2675 = LINE('',#2676,#2677);
#2676 = CARTESIAN_POINT('',(84.6,89.935310102427,23.234930973988));
#2677 = VECTOR('',#2678,1.);
#2678 = DIRECTION('',(-9.804282384688E-18,0.999024711712,
    4.415456249432E-02));
#2679 = PCURVE('',#362,#2680);
#2680 = DEFINITIONAL_REPRESENTATION('',(#2681),#2685);
#2681 = LINE('',#2682,#2683);
#2682 = CARTESIAN_POINT('',(-5.194930973988,-0.114689897573));
#2683 = VECTOR('',#2684,1.);
#2684 = DIRECTION('',(-4.415456249432E-02,0.999024711712));
#2685 = ( GEOMETRIC_REPRESENTATION_CONTEXT(2) 
PARAMETRIC_REPRESENTATION_CONTEXT() REPRESENTATION_CONTEXT('2D SPACE',''
  ) );
#2686 = PCURVE('',#876,#2687);
#2687 = DEFINITIONAL_REPRESENTATION('',(#2688),#2691);
#2688 = B_SPLINE_CURVE_WITH_KNOTS('',1,(#2689,#2690),.UNSPECIFIED.,.F.,
  .F.,(2,2),(-6.091250828019,-0.344405587455),.PIECEWISE_BEZIER_KNOTS.);
#2689 = CARTESIAN_POINT('',(6.206052690505,84.6));
#2690 = CARTESIAN_POINT('',(0.45920744994,84.6));
#2691 = ( GEOMETRIC_REPRESENTATION_CONTEXT(2) 
PARAMETRIC_REPRESENTATION_CONTEXT() REPRESENTATION_CONTEXT('2D SPACE',''
  ) );
#2692 = ORIENTED_EDGE('',*,*,#2450,.T.);
#2693 = ORIENTED_EDGE('',*,*,#347,.F.);
#2694 = ORIENTED_EDGE('',*,*,#2695,.T.);
#2695 = EDGE_CURVE('',#348,#2672,#2696,.T.);
#2696 = SURFACE_CURVE('',#2697,(#2702,#2709),.PCURVE_S1.);
#2697 = CIRCLE('',#2698,5.2);
#2698 = AXIS2_PLACEMENT_3D('',#2699,#2700,#2701);
#2699 = CARTESIAN_POINT('',(84.6,90.05,18.04));
#2700 = DIRECTION('',(1.,0.,2.22044604925E-16));
#2701 = DIRECTION('',(2.22044604925E-16,0.,-1.));
#2702 = PCURVE('',#362,#2703);
#2703 = DEFINITIONAL_REPRESENTATION('',(#2704),#2708);
#2704 = CIRCLE('',#2705,5.2);
#2705 = AXIS2_PLACEMENT_2D('',#2706,#2707);
#2706 = CARTESIAN_POINT('',(-1.7763568394E-14,0.));
#2707 = DIRECTION('',(1.,0.));
#2708 = ( GEOMETRIC_REPRESENTATION_CONTEXT(2) 
PARAMETRIC_REPRESENTATION_CONTEXT() REPRESENTATION_CONTEXT('2D SPACE',''
  ) );
#2709 = PCURVE('',#390,#2710);
#2710 = DEFINITIONAL_REPRESENTATION('',(#2711),#2715);
#2711 = LINE('',#2712,#2713);
#2712 = CARTESIAN_POINT('',(0.,183.8));
#2713 = VECTOR('',#2714,1.);
#2714 = DIRECTION('',(1.,0.));
#2715 = ( GEOMETRIC_REPRESENTATION_CONTEXT(2) 
PARAMETRIC_REPRESENTATION_CONTEXT() REPRESENTATION_CONTEXT('2D SPACE',''
  ) );
#2716 = FACE_BOUND('',#2717,.F.);
#2717 = EDGE_LOOP('',(#2718));
#2718 = ORIENTED_EDGE('',*,*,#2719,.F.);
#2719 = EDGE_CURVE('',#2720,#2720,#2722,.T.);
#2720 = VERTEX_POINT('',#2721);
#2721 = CARTESIAN_POINT('',(84.6,90.05,16.29));
#2722 = SURFACE_CURVE('',#2723,(#2728,#2735),.PCURVE_S1.);
#2723 = CIRCLE('',#2724,1.75);
#2724 = AXIS2_PLACEMENT_3D('',#2725,#2726,#2727);
#2725 = CARTESIAN_POINT('',(84.6,90.05,18.04));
#2726 = DIRECTION('',(1.,0.,2.22044604925E-16));
#2727 = DIRECTION('',(2.22044604925E-16,0.,-1.));
#2728 = PCURVE('',#362,#2729);
#2729 = DEFINITIONAL_REPRESENTATION('',(#2730),#2734);
#2730 = CIRCLE('',#2731,1.75);
#2731 = AXIS2_PLACEMENT_2D('',#2732,#2733);
#2732 = CARTESIAN_POINT('',(0.,0.));
#2733 = DIRECTION('',(1.,0.));
#2734 = ( GEOMETRIC_REPRESENTATION_CONTEXT(2) 
PARAMETRIC_REPRESENTATION_CONTEXT() REPRESENTATION_CONTEXT('2D SPACE',''
  ) );
#2735 = PCURVE('',#2736,#2741);
#2736 = CYLINDRICAL_SURFACE('',#2737,1.75);
#2737 = AXIS2_PLACEMENT_3D('',#2738,#2739,#2740);
#2738 = CARTESIAN_POINT('',(76.4,90.05,18.04));
#2739 = DIRECTION('',(1.,0.,2.22044604925E-16));
#2740 = DIRECTION('',(2.22044604925E-16,0.,-1.));
#2741 = DEFINITIONAL_REPRESENTATION('',(#2742),#2746);
#2742 = LINE('',#2743,#2744);
#2743 = CARTESIAN_POINT('',(0.,8.2));
#2744 = VECTOR('',#2745,1.);
#2745 = DIRECTION('',(1.,0.));
#2746 = ( GEOMETRIC_REPRESENTATION_CONTEXT(2) 
PARAMETRIC_REPRESENTATION_CONTEXT() REPRESENTATION_CONTEXT('2D SPACE',''
  ) );
#2747 = ADVANCED_FACE('',(#2748),#496,.T.);
#2748 = FACE_BOUND('',#2749,.T.);
#2749 = EDGE_LOOP('',(#2750,#2771,#2772,#2773));
#2750 = ORIENTED_EDGE('',*,*,#2751,.T.);
#2751 = EDGE_CURVE('',#2752,#2499,#2754,.T.);
#2752 = VERTEX_POINT('',#2753);
#2753 = CARTESIAN_POINT('',(96.8,89.591240409707,23.219723895954));
#2754 = SURFACE_CURVE('',#2755,(#2759,#2765),.PCURVE_S1.);
#2755 = LINE('',#2756,#2757);
#2756 = CARTESIAN_POINT('',(-99.2,89.591240409707,23.219723895954));
#2757 = VECTOR('',#2758,1.);
#2758 = DIRECTION('',(1.,0.,2.22044604925E-16));
#2759 = PCURVE('',#496,#2760);
#2760 = DEFINITIONAL_REPRESENTATION('',(#2761),#2764);
#2761 = B_SPLINE_CURVE_WITH_KNOTS('',1,(#2762,#2763),.UNSPECIFIED.,.F.,
  .F.,(2,2),(-2.399999999625E-06,198.4000024),.PIECEWISE_BEZIER_KNOTS.);
#2762 = CARTESIAN_POINT('',(3.229930498735,-2.399999998475E-06));
#2763 = CARTESIAN_POINT('',(3.229930498735,198.4000024));
#2764 = ( GEOMETRIC_REPRESENTATION_CONTEXT(2) 
PARAMETRIC_REPRESENTATION_CONTEXT() REPRESENTATION_CONTEXT('2D SPACE',''
  ) );
#2765 = PCURVE('',#876,#2766);
#2766 = DEFINITIONAL_REPRESENTATION('',(#2767),#2770);
#2767 = B_SPLINE_CURVE_WITH_KNOTS('',1,(#2768,#2769),.UNSPECIFIED.,.F.,
  .F.,(2,2),(-2.399999999625E-06,198.4000024),.PIECEWISE_BEZIER_KNOTS.);
#2768 = CARTESIAN_POINT('',(0.45920744994,-99.2000024));
#2769 = CARTESIAN_POINT('',(0.45920744994,99.2000024));
#2770 = ( GEOMETRIC_REPRESENTATION_CONTEXT(2) 
PARAMETRIC_REPRESENTATION_CONTEXT() REPRESENTATION_CONTEXT('2D SPACE',''
  ) );
#2771 = ORIENTED_EDGE('',*,*,#2611,.T.);
#2772 = ORIENTED_EDGE('',*,*,#480,.F.);
#2773 = ORIENTED_EDGE('',*,*,#2774,.T.);
#2774 = EDGE_CURVE('',#455,#2752,#2775,.T.);
#2775 = SURFACE_CURVE('',#2776,(#2781,#2788),.PCURVE_S1.);
#2776 = CIRCLE('',#2777,5.2);
#2777 = AXIS2_PLACEMENT_3D('',#2778,#2779,#2780);
#2778 = CARTESIAN_POINT('',(96.8,90.05,18.04));
#2779 = DIRECTION('',(1.,0.,2.22044604925E-16));
#2780 = DIRECTION('',(2.22044604925E-16,0.,-1.));
#2781 = PCURVE('',#496,#2782);
#2782 = DEFINITIONAL_REPRESENTATION('',(#2783),#2787);
#2783 = LINE('',#2784,#2785);
#2784 = CARTESIAN_POINT('',(0.,196.));
#2785 = VECTOR('',#2786,1.);
#2786 = DIRECTION('',(1.,0.));
#2787 = ( GEOMETRIC_REPRESENTATION_CONTEXT(2) 
PARAMETRIC_REPRESENTATION_CONTEXT() REPRESENTATION_CONTEXT('2D SPACE',''
  ) );
#2788 = PCURVE('',#469,#2789);
#2789 = DEFINITIONAL_REPRESENTATION('',(#2790),#2794);
#2790 = CIRCLE('',#2791,5.2);
#2791 = AXIS2_PLACEMENT_2D('',#2792,#2793);
#2792 = CARTESIAN_POINT('',(-2.13162820728E-14,0.));
#2793 = DIRECTION('',(1.,0.));
#2794 = ( GEOMETRIC_REPRESENTATION_CONTEXT(2) 
PARAMETRIC_REPRESENTATION_CONTEXT() REPRESENTATION_CONTEXT('2D SPACE',''
  ) );
#2795 = ADVANCED_FACE('',(#2796),#390,.T.);
#2796 = FACE_BOUND('',#2797,.T.);
#2797 = EDGE_LOOP('',(#2798,#2819,#2841,#2842));
#2798 = ORIENTED_EDGE('',*,*,#2799,.T.);
#2799 = EDGE_CURVE('',#2672,#2800,#2802,.T.);
#2800 = VERTEX_POINT('',#2801);
#2801 = CARTESIAN_POINT('',(90.4,89.591240409707,23.219723895954));
#2802 = SURFACE_CURVE('',#2803,(#2807,#2813),.PCURVE_S1.);
#2803 = LINE('',#2804,#2805);
#2804 = CARTESIAN_POINT('',(-99.2,89.591240409707,23.219723895954));
#2805 = VECTOR('',#2806,1.);
#2806 = DIRECTION('',(1.,0.,2.22044604925E-16));
#2807 = PCURVE('',#390,#2808);
#2808 = DEFINITIONAL_REPRESENTATION('',(#2809),#2812);
#2809 = B_SPLINE_CURVE_WITH_KNOTS('',1,(#2810,#2811),.UNSPECIFIED.,.F.,
  .F.,(2,2),(-2.399999999625E-06,198.4000024),.PIECEWISE_BEZIER_KNOTS.);
#2810 = CARTESIAN_POINT('',(3.229930498735,-2.399999998475E-06));
#2811 = CARTESIAN_POINT('',(3.229930498735,198.4000024));
#2812 = ( GEOMETRIC_REPRESENTATION_CONTEXT(2) 
PARAMETRIC_REPRESENTATION_CONTEXT() REPRESENTATION_CONTEXT('2D SPACE',''
  ) );
#2813 = PCURVE('',#876,#2814);
#2814 = DEFINITIONAL_REPRESENTATION('',(#2815),#2818);
#2815 = B_SPLINE_CURVE_WITH_KNOTS('',1,(#2816,#2817),.UNSPECIFIED.,.F.,
  .F.,(2,2),(-2.399999999625E-06,198.4000024),.PIECEWISE_BEZIER_KNOTS.);
#2816 = CARTESIAN_POINT('',(0.45920744994,-99.2000024));
#2817 = CARTESIAN_POINT('',(0.45920744994,99.2000024));
#2818 = ( GEOMETRIC_REPRESENTATION_CONTEXT(2) 
PARAMETRIC_REPRESENTATION_CONTEXT() REPRESENTATION_CONTEXT('2D SPACE',''
  ) );
#2819 = ORIENTED_EDGE('',*,*,#2820,.F.);
#2820 = EDGE_CURVE('',#375,#2800,#2821,.T.);
#2821 = SURFACE_CURVE('',#2822,(#2827,#2834),.PCURVE_S1.);
#2822 = CIRCLE('',#2823,5.2);
#2823 = AXIS2_PLACEMENT_3D('',#2824,#2825,#2826);
#2824 = CARTESIAN_POINT('',(90.4,90.05,18.04));
#2825 = DIRECTION('',(1.,0.,2.22044604925E-16));
#2826 = DIRECTION('',(2.22044604925E-16,0.,-1.));
#2827 = PCURVE('',#390,#2828);
#2828 = DEFINITIONAL_REPRESENTATION('',(#2829),#2833);
#2829 = LINE('',#2830,#2831);
#2830 = CARTESIAN_POINT('',(0.,189.6));
#2831 = VECTOR('',#2832,1.);
#2832 = DIRECTION('',(1.,0.));
#2833 = ( GEOMETRIC_REPRESENTATION_CONTEXT(2) 
PARAMETRIC_REPRESENTATION_CONTEXT() REPRESENTATION_CONTEXT('2D SPACE',''
  ) );
#2834 = PCURVE('',#416,#2835);
#2835 = DEFINITIONAL_REPRESENTATION('',(#2836),#2840);
#2836 = CIRCLE('',#2837,5.2);
#2837 = AXIS2_PLACEMENT_2D('',#2838,#2839);
#2838 = CARTESIAN_POINT('',(-2.13162820728E-14,0.));
#2839 = DIRECTION('',(1.,0.));
#2840 = ( GEOMETRIC_REPRESENTATION_CONTEXT(2) 
PARAMETRIC_REPRESENTATION_CONTEXT() REPRESENTATION_CONTEXT('2D SPACE',''
  ) );
#2841 = ORIENTED_EDGE('',*,*,#374,.F.);
#2842 = ORIENTED_EDGE('',*,*,#2695,.T.);
#2843 = ADVANCED_FACE('',(#2844,#2891),#469,.F.);
#2844 = FACE_BOUND('',#2845,.F.);
#2845 = EDGE_LOOP('',(#2846,#2867,#2889,#2890));
#2846 = ORIENTED_EDGE('',*,*,#2847,.F.);
#2847 = EDGE_CURVE('',#2848,#2752,#2850,.T.);
#2848 = VERTEX_POINT('',#2849);
#2849 = CARTESIAN_POINT('',(96.8,86.439734320801,23.080434676255));
#2850 = SURFACE_CURVE('',#2851,(#2855,#2861),.PCURVE_S1.);
#2851 = LINE('',#2852,#2853);
#2852 = CARTESIAN_POINT('',(96.8,89.935310102427,23.234930973988));
#2853 = VECTOR('',#2854,1.);
#2854 = DIRECTION('',(-9.804282384688E-18,0.999024711712,
    4.415456249432E-02));
#2855 = PCURVE('',#469,#2856);
#2856 = DEFINITIONAL_REPRESENTATION('',(#2857),#2860);
#2857 = B_SPLINE_CURVE_WITH_KNOTS('',1,(#2858,#2859),.UNSPECIFIED.,.F.,
  .F.,(2,2),(-6.091250828019,-0.344405587455),.PIECEWISE_BEZIER_KNOTS.);
#2858 = CARTESIAN_POINT('',(-4.925974458634,-6.2));
#2859 = CARTESIAN_POINT('',(-5.179723895954,-0.458759590293));
#2860 = ( GEOMETRIC_REPRESENTATION_CONTEXT(2) 
PARAMETRIC_REPRESENTATION_CONTEXT() REPRESENTATION_CONTEXT('2D SPACE',''
  ) );
#2861 = PCURVE('',#876,#2862);
#2862 = DEFINITIONAL_REPRESENTATION('',(#2863),#2866);
#2863 = B_SPLINE_CURVE_WITH_KNOTS('',1,(#2864,#2865),.UNSPECIFIED.,.F.,
  .F.,(2,2),(-6.091250828019,-0.344405587455),.PIECEWISE_BEZIER_KNOTS.);
#2864 = CARTESIAN_POINT('',(6.206052690505,96.8));
#2865 = CARTESIAN_POINT('',(0.45920744994,96.8));
#2866 = ( GEOMETRIC_REPRESENTATION_CONTEXT(2) 
PARAMETRIC_REPRESENTATION_CONTEXT() REPRESENTATION_CONTEXT('2D SPACE',''
  ) );
#2867 = ORIENTED_EDGE('',*,*,#2868,.T.);
#2868 = EDGE_CURVE('',#2848,#429,#2869,.T.);
#2869 = SURFACE_CURVE('',#2870,(#2875,#2882),.PCURVE_S1.);
#2870 = CIRCLE('',#2871,6.2);
#2871 = AXIS2_PLACEMENT_3D('',#2872,#2873,#2874);
#2872 = CARTESIAN_POINT('',(96.8,90.05,18.04));
#2873 = DIRECTION('',(1.,-0.,2.22044604925E-16));
#2874 = DIRECTION('',(2.22044604925E-16,0.,-1.));
#2875 = PCURVE('',#469,#2876);
#2876 = DEFINITIONAL_REPRESENTATION('',(#2877),#2881);
#2877 = CIRCLE('',#2878,6.2);
#2878 = AXIS2_PLACEMENT_2D('',#2879,#2880);
#2879 = CARTESIAN_POINT('',(0.,0.));
#2880 = DIRECTION('',(1.,0.));
#2881 = ( GEOMETRIC_REPRESENTATION_CONTEXT(2) 
PARAMETRIC_REPRESENTATION_CONTEXT() REPRESENTATION_CONTEXT('2D SPACE',''
  ) );
#2882 = PCURVE('',#443,#2883);
#2883 = DEFINITIONAL_REPRESENTATION('',(#2884),#2888);
#2884 = LINE('',#2885,#2886);
#2885 = CARTESIAN_POINT('',(0.,6.4));
#2886 = VECTOR('',#2887,1.);
#2887 = DIRECTION('',(1.,0.));
#2888 = ( GEOMETRIC_REPRESENTATION_CONTEXT(2) 
PARAMETRIC_REPRESENTATION_CONTEXT() REPRESENTATION_CONTEXT('2D SPACE',''
  ) );
#2889 = ORIENTED_EDGE('',*,*,#454,.F.);
#2890 = ORIENTED_EDGE('',*,*,#2774,.T.);
#2891 = FACE_BOUND('',#2892,.F.);
#2892 = EDGE_LOOP('',(#2893));
#2893 = ORIENTED_EDGE('',*,*,#2894,.F.);
#2894 = EDGE_CURVE('',#2895,#2895,#2897,.T.);
#2895 = VERTEX_POINT('',#2896);
#2896 = CARTESIAN_POINT('',(96.8,90.05,14.84));
#2897 = SURFACE_CURVE('',#2898,(#2903,#2910),.PCURVE_S1.);
#2898 = CIRCLE('',#2899,3.2);
#2899 = AXIS2_PLACEMENT_3D('',#2900,#2901,#2902);
#2900 = CARTESIAN_POINT('',(96.8,90.05,18.04));
#2901 = DIRECTION('',(1.,0.,2.22044604925E-16));
#2902 = DIRECTION('',(2.22044604925E-16,0.,-1.));
#2903 = PCURVE('',#469,#2904);
#2904 = DEFINITIONAL_REPRESENTATION('',(#2905),#2909);
#2905 = CIRCLE('',#2906,3.2);
#2906 = AXIS2_PLACEMENT_2D('',#2907,#2908);
#2907 = CARTESIAN_POINT('',(0.,0.));
#2908 = DIRECTION('',(1.,0.));
#2909 = ( GEOMETRIC_REPRESENTATION_CONTEXT(2) 
PARAMETRIC_REPRESENTATION_CONTEXT() REPRESENTATION_CONTEXT('2D SPACE',''
  ) );
#2910 = PCURVE('',#2656,#2911);
#2911 = DEFINITIONAL_REPRESENTATION('',(#2912),#2916);
#2912 = LINE('',#2913,#2914);
#2913 = CARTESIAN_POINT('',(0.,0.2));
#2914 = VECTOR('',#2915,1.);
#2915 = DIRECTION('',(1.,0.));
#2916 = ( GEOMETRIC_REPRESENTATION_CONTEXT(2) 
PARAMETRIC_REPRESENTATION_CONTEXT() REPRESENTATION_CONTEXT('2D SPACE',''
  ) );
#2917 = ADVANCED_FACE('',(#2918,#2966),#416,.T.);
#2918 = FACE_BOUND('',#2919,.T.);
#2919 = EDGE_LOOP('',(#2920,#2942,#2964,#2965));
#2920 = ORIENTED_EDGE('',*,*,#2921,.F.);
#2921 = EDGE_CURVE('',#2922,#2800,#2924,.T.);
#2922 = VERTEX_POINT('',#2923);
#2923 = CARTESIAN_POINT('',(90.4,86.439734320801,23.080434676255));
#2924 = SURFACE_CURVE('',#2925,(#2929,#2936),.PCURVE_S1.);
#2925 = LINE('',#2926,#2927);
#2926 = CARTESIAN_POINT('',(90.4,89.935310102427,23.234930973988));
#2927 = VECTOR('',#2928,1.);
#2928 = DIRECTION('',(-9.804282384688E-18,0.999024711712,
    4.415456249432E-02));
#2929 = PCURVE('',#416,#2930);
#2930 = DEFINITIONAL_REPRESENTATION('',(#2931),#2935);
#2931 = LINE('',#2932,#2933);
#2932 = CARTESIAN_POINT('',(-5.194930973988,-0.114689897573));
#2933 = VECTOR('',#2934,1.);
#2934 = DIRECTION('',(-4.415456249432E-02,0.999024711712));
#2935 = ( GEOMETRIC_REPRESENTATION_CONTEXT(2) 
PARAMETRIC_REPRESENTATION_CONTEXT() REPRESENTATION_CONTEXT('2D SPACE',''
  ) );
#2936 = PCURVE('',#876,#2937);
#2937 = DEFINITIONAL_REPRESENTATION('',(#2938),#2941);
#2938 = B_SPLINE_CURVE_WITH_KNOTS('',1,(#2939,#2940),.UNSPECIFIED.,.F.,
  .F.,(2,2),(-6.091250828019,-0.344405587455),.PIECEWISE_BEZIER_KNOTS.);
#2939 = CARTESIAN_POINT('',(6.206052690505,90.4));
#2940 = CARTESIAN_POINT('',(0.45920744994,90.4));
#2941 = ( GEOMETRIC_REPRESENTATION_CONTEXT(2) 
PARAMETRIC_REPRESENTATION_CONTEXT() REPRESENTATION_CONTEXT('2D SPACE',''
  ) );
#2942 = ORIENTED_EDGE('',*,*,#2943,.T.);
#2943 = EDGE_CURVE('',#2922,#402,#2944,.T.);
#2944 = SURFACE_CURVE('',#2945,(#2950,#2957),.PCURVE_S1.);
#2945 = CIRCLE('',#2946,6.2);
#2946 = AXIS2_PLACEMENT_3D('',#2947,#2948,#2949);
#2947 = CARTESIAN_POINT('',(90.4,90.05,18.04));
#2948 = DIRECTION('',(1.,-0.,2.22044604925E-16));
#2949 = DIRECTION('',(2.22044604925E-16,0.,-1.));
#2950 = PCURVE('',#416,#2951);
#2951 = DEFINITIONAL_REPRESENTATION('',(#2952),#2956);
#2952 = CIRCLE('',#2953,6.2);
#2953 = AXIS2_PLACEMENT_2D('',#2954,#2955);
#2954 = CARTESIAN_POINT('',(0.,0.));
#2955 = DIRECTION('',(1.,0.));
#2956 = ( GEOMETRIC_REPRESENTATION_CONTEXT(2) 
PARAMETRIC_REPRESENTATION_CONTEXT() REPRESENTATION_CONTEXT('2D SPACE',''
  ) );
#2957 = PCURVE('',#443,#2958);
#2958 = DEFINITIONAL_REPRESENTATION('',(#2959),#2963);
#2959 = LINE('',#2960,#2961);
#2960 = CARTESIAN_POINT('',(0.,0.));
#2961 = VECTOR('',#2962,1.);
#2962 = DIRECTION('',(1.,0.));
#2963 = ( GEOMETRIC_REPRESENTATION_CONTEXT(2) 
PARAMETRIC_REPRESENTATION_CONTEXT() REPRESENTATION_CONTEXT('2D SPACE',''
  ) );
#2964 = ORIENTED_EDGE('',*,*,#401,.F.);
#2965 = ORIENTED_EDGE('',*,*,#2820,.T.);
#2966 = FACE_BOUND('',#2967,.T.);
#2967 = EDGE_LOOP('',(#2968));
#2968 = ORIENTED_EDGE('',*,*,#2969,.F.);
#2969 = EDGE_CURVE('',#2970,#2970,#2972,.T.);
#2970 = VERTEX_POINT('',#2971);
#2971 = CARTESIAN_POINT('',(90.4,90.05,16.29));
#2972 = SURFACE_CURVE('',#2973,(#2978,#2985),.PCURVE_S1.);
#2973 = CIRCLE('',#2974,1.75);
#2974 = AXIS2_PLACEMENT_3D('',#2975,#2976,#2977);
#2975 = CARTESIAN_POINT('',(90.4,90.05,18.04));
#2976 = DIRECTION('',(1.,0.,2.22044604925E-16));
#2977 = DIRECTION('',(2.22044604925E-16,0.,-1.));
#2978 = PCURVE('',#416,#2979);
#2979 = DEFINITIONAL_REPRESENTATION('',(#2980),#2984);
#2980 = CIRCLE('',#2981,1.75);
#2981 = AXIS2_PLACEMENT_2D('',#2982,#2983);
#2982 = CARTESIAN_POINT('',(0.,0.));
#2983 = DIRECTION('',(1.,0.));
#2984 = ( GEOMETRIC_REPRESENTATION_CONTEXT(2) 
PARAMETRIC_REPRESENTATION_CONTEXT() REPRESENTATION_CONTEXT('2D SPACE',''
  ) );
#2985 = PCURVE('',#2736,#2986);
#2986 = DEFINITIONAL_REPRESENTATION('',(#2987),#2991);
#2987 = LINE('',#2988,#2989);
#2988 = CARTESIAN_POINT('',(0.,14.));
#2989 = VECTOR('',#2990,1.);
#2990 = DIRECTION('',(1.,0.));
#2991 = ( GEOMETRIC_REPRESENTATION_CONTEXT(2) 
PARAMETRIC_REPRESENTATION_CONTEXT() REPRESENTATION_CONTEXT('2D SPACE',''
  ) );
#2992 = ADVANCED_FACE('',(#2993),#443,.F.);
#2993 = FACE_BOUND('',#2994,.F.);
#2994 = EDGE_LOOP('',(#2995,#2996,#3015,#3016));
#2995 = ORIENTED_EDGE('',*,*,#2868,.F.);
#2996 = ORIENTED_EDGE('',*,*,#2997,.F.);
#2997 = EDGE_CURVE('',#2922,#2848,#2998,.T.);
#2998 = SURFACE_CURVE('',#2999,(#3003,#3009),.PCURVE_S1.);
#2999 = LINE('',#3000,#3001);
#3000 = CARTESIAN_POINT('',(90.4,86.439734320801,23.080434676255));
#3001 = VECTOR('',#3002,1.);
#3002 = DIRECTION('',(1.,0.,2.22044604925E-16));
#3003 = PCURVE('',#443,#3004);
#3004 = DEFINITIONAL_REPRESENTATION('',(#3005),#3008);
#3005 = B_SPLINE_CURVE_WITH_KNOTS('',1,(#3006,#3007),.UNSPECIFIED.,.F.,
  .F.,(2,2),(-6.000000070117E-07,6.4000006),.PIECEWISE_BEZIER_KNOTS.);
#3006 = CARTESIAN_POINT('',(3.7631487329,-6.000000058925E-07));
#3007 = CARTESIAN_POINT('',(3.7631487329,6.4000006));
#3008 = ( GEOMETRIC_REPRESENTATION_CONTEXT(2) 
PARAMETRIC_REPRESENTATION_CONTEXT() REPRESENTATION_CONTEXT('2D SPACE',''
  ) );
#3009 = PCURVE('',#876,#3010);
#3010 = DEFINITIONAL_REPRESENTATION('',(#3011),#3014);
#3011 = B_SPLINE_CURVE_WITH_KNOTS('',1,(#3012,#3013),.UNSPECIFIED.,.F.,
  .F.,(2,2),(-6.000000070117E-07,6.4000006),.PIECEWISE_BEZIER_KNOTS.);
#3012 = CARTESIAN_POINT('',(3.613790166424,90.3999994));
#3013 = CARTESIAN_POINT('',(3.613790166424,96.8000006));
#3014 = ( GEOMETRIC_REPRESENTATION_CONTEXT(2) 
PARAMETRIC_REPRESENTATION_CONTEXT() REPRESENTATION_CONTEXT('2D SPACE',''
  ) );
#3015 = ORIENTED_EDGE('',*,*,#2943,.T.);
#3016 = ORIENTED_EDGE('',*,*,#428,.T.);
#3017 = ADVANCED_FACE('',(#3018,#3070,#3176,#3407),#876,.T.);
#3018 = FACE_BOUND('',#3019,.T.);
#3019 = EDGE_LOOP('',(#3020,#3021,#3022,#3023,#3024,#3025,#3026,#3027,
    #3028,#3029,#3030,#3031,#3032,#3033,#3034,#3035,#3036,#3037,#3038,
    #3039,#3040,#3041));
#3020 = ORIENTED_EDGE('',*,*,#2498,.F.);
#3021 = ORIENTED_EDGE('',*,*,#2751,.F.);
#3022 = ORIENTED_EDGE('',*,*,#2847,.F.);
#3023 = ORIENTED_EDGE('',*,*,#2997,.F.);
#3024 = ORIENTED_EDGE('',*,*,#2921,.T.);
#3025 = ORIENTED_EDGE('',*,*,#2799,.F.);
#3026 = ORIENTED_EDGE('',*,*,#2671,.F.);
#3027 = ORIENTED_EDGE('',*,*,#2474,.F.);
#3028 = ORIENTED_EDGE('',*,*,#2324,.T.);
#3029 = ORIENTED_EDGE('',*,*,#2133,.F.);
#3030 = ORIENTED_EDGE('',*,*,#1999,.F.);
#3031 = ORIENTED_EDGE('',*,*,#1926,.F.);
#3032 = ORIENTED_EDGE('',*,*,#1772,.T.);
#3033 = ORIENTED_EDGE('',*,*,#1677,.F.);
#3034 = ORIENTED_EDGE('',*,*,#1540,.F.);
#3035 = ORIENTED_EDGE('',*,*,#1371,.F.);
#3036 = ORIENTED_EDGE('',*,*,#1226,.T.);
#3037 = ORIENTED_EDGE('',*,*,#1025,.F.);
#3038 = ORIENTED_EDGE('',*,*,#858,.T.);
#3039 = ORIENTED_EDGE('',*,*,#970,.T.);
#3040 = ORIENTED_EDGE('',*,*,#1071,.F.);
#3041 = ORIENTED_EDGE('',*,*,#3042,.F.);
#3042 = EDGE_CURVE('',#2501,#1072,#3043,.T.);
#3043 = SURFACE_CURVE('',#3044,(#3049,#3060),.PCURVE_S1.);
#3044 = ELLIPSE('',#3045,3.002928721212,3.);
#3045 = AXIS2_PLACEMENT_3D('',#3046,#3047,#3048);
#3046 = CARTESIAN_POINT('',(96.2,3.,19.392593003887));
#3047 = DIRECTION('',(-0.,4.415456249432E-02,-0.999024711712));
#3048 = DIRECTION('',(0.,-0.999024711712,-4.415456249432E-02));
#3049 = PCURVE('',#876,#3050);
#3050 = DEFINITIONAL_REPRESENTATION('',(#3051),#3059);
#3051 = ( BOUNDED_CURVE() B_SPLINE_CURVE(2,(#3052,#3053,#3054,#3055,
#3056,#3057,#3058),.UNSPECIFIED.,.T.,.F.) B_SPLINE_CURVE_WITH_KNOTS((1,2
    ,2,2,2,1),(-2.094395102393,0.,2.094395102393,4.188790204786,
6.28318530718,8.377580409573),.UNSPECIFIED.) CURVE() 
GEOMETRIC_REPRESENTATION_ITEM() RATIONAL_B_SPLINE_CURVE((1.,0.5,1.,0.5,
1.,0.5,1.)) REPRESENTATION_ITEM('') );
#3052 = CARTESIAN_POINT('',(90.137910448379,96.2));
#3053 = CARTESIAN_POINT('',(90.137910448379,91.003847577293));
#3054 = CARTESIAN_POINT('',(85.633517366561,93.601923788647));
#3055 = CARTESIAN_POINT('',(81.129124284743,96.2));
#3056 = CARTESIAN_POINT('',(85.633517366561,98.798076211353));
#3057 = CARTESIAN_POINT('',(90.137910448379,101.3961524227));
#3058 = CARTESIAN_POINT('',(90.137910448379,96.2));
#3059 = ( GEOMETRIC_REPRESENTATION_CONTEXT(2) 
PARAMETRIC_REPRESENTATION_CONTEXT() REPRESENTATION_CONTEXT('2D SPACE',''
  ) );
#3060 = PCURVE('',#1211,#3061);
#3061 = DEFINITIONAL_REPRESENTATION('',(#3062),#3069);
#3062 = B_SPLINE_CURVE_WITH_KNOTS('',5,(#3063,#3064,#3065,#3066,#3067,
    #3068),.UNSPECIFIED.,.F.,.F.,(6,6),(4.712388980385,6.28318530718),
  .PIECEWISE_BEZIER_KNOTS.);
#3063 = CARTESIAN_POINT('',(0.,-0.132593003887));
#3064 = CARTESIAN_POINT('',(0.314159265359,-9.093768319393E-02));
#3065 = CARTESIAN_POINT('',(0.628318504333,-4.924466519831E-02));
#3066 = CARTESIAN_POINT('',(0.942477857877,-1.631294123425E-02));
#3067 = CARTESIAN_POINT('',(1.256637061436,-4.645781575655E-17));
#3068 = CARTESIAN_POINT('',(1.570796326795,6.938893903907E-18));
#3069 = ( GEOMETRIC_REPRESENTATION_CONTEXT(2) 
PARAMETRIC_REPRESENTATION_CONTEXT() REPRESENTATION_CONTEXT('2D SPACE',''
  ) );
#3070 = FACE_BOUND('',#3071,.T.);
#3071 = EDGE_LOOP('',(#3072,#3100,#3126,#3152));
#3072 = ORIENTED_EDGE('',*,*,#3073,.T.);
#3073 = EDGE_CURVE('',#3074,#3076,#3078,.T.);
#3074 = VERTEX_POINT('',#3075);
#3075 = CARTESIAN_POINT('',(-58.6,13.15,19.841199333703));
#3076 = VERTEX_POINT('',#3077);
#3077 = CARTESIAN_POINT('',(-69.8,13.15,19.841199333703));
#3078 = SURFACE_CURVE('',#3079,(#3083,#3089),.PCURVE_S1.);
#3079 = LINE('',#3080,#3081);
#3080 = CARTESIAN_POINT('',(-34.9,13.15,19.841199333703));
#3081 = VECTOR('',#3082,1.);
#3082 = DIRECTION('',(-1.,-0.,0.));
#3083 = PCURVE('',#876,#3084);
#3084 = DEFINITIONAL_REPRESENTATION('',(#3085),#3088);
#3085 = B_SPLINE_CURVE_WITH_KNOTS('',1,(#3086,#3087),.UNSPECIFIED.,.F.,
  .F.,(2,2),(23.7,34.9),.PIECEWISE_BEZIER_KNOTS.);
#3086 = CARTESIAN_POINT('',(76.975072887067,-58.6));
#3087 = CARTESIAN_POINT('',(76.975072887067,-69.8));
#3088 = ( GEOMETRIC_REPRESENTATION_CONTEXT(2) 
PARAMETRIC_REPRESENTATION_CONTEXT() REPRESENTATION_CONTEXT('2D SPACE',''
  ) );
#3089 = PCURVE('',#3090,#3095);
#3090 = PLANE('',#3091);
#3091 = AXIS2_PLACEMENT_3D('',#3092,#3093,#3094);
#3092 = CARTESIAN_POINT('',(-69.8,13.15,18.153892282066));
#3093 = DIRECTION('',(-0.,1.,0.));
#3094 = DIRECTION('',(0.,0.,1.));
#3095 = DEFINITIONAL_REPRESENTATION('',(#3096),#3099);
#3096 = B_SPLINE_CURVE_WITH_KNOTS('',1,(#3097,#3098),.UNSPECIFIED.,.F.,
  .F.,(2,2),(23.7,34.9),.PIECEWISE_BEZIER_KNOTS.);
#3097 = CARTESIAN_POINT('',(1.687307051638,11.2));
#3098 = CARTESIAN_POINT('',(1.687307051638,0.));
#3099 = ( GEOMETRIC_REPRESENTATION_CONTEXT(2) 
PARAMETRIC_REPRESENTATION_CONTEXT() REPRESENTATION_CONTEXT('2D SPACE',''
  ) );
#3100 = ORIENTED_EDGE('',*,*,#3101,.T.);
#3101 = EDGE_CURVE('',#3076,#3102,#3104,.T.);
#3102 = VERTEX_POINT('',#3103);
#3103 = CARTESIAN_POINT('',(-69.8,36.35,20.866585230428));
#3104 = SURFACE_CURVE('',#3105,(#3109,#3115),.PCURVE_S1.);
#3105 = LINE('',#3106,#3107);
#3106 = CARTESIAN_POINT('',(-69.8,51.562785178283,21.538954858518));
#3107 = VECTOR('',#3108,1.);
#3108 = DIRECTION('',(0.,0.999024711712,4.415456249432E-02));
#3109 = PCURVE('',#876,#3110);
#3110 = DEFINITIONAL_REPRESENTATION('',(#3111),#3114);
#3111 = B_SPLINE_CURVE_WITH_KNOTS('',1,(#3112,#3113),.UNSPECIFIED.,.F.,
  .F.,(2,2),(-38.4502852912,-15.22763651383),.PIECEWISE_BEZIER_KNOTS.);
#3112 = CARTESIAN_POINT('',(76.975072887067,-69.8));
#3113 = CARTESIAN_POINT('',(53.752424109694,-69.8));
#3114 = ( GEOMETRIC_REPRESENTATION_CONTEXT(2) 
PARAMETRIC_REPRESENTATION_CONTEXT() REPRESENTATION_CONTEXT('2D SPACE',''
  ) );
#3115 = PCURVE('',#3116,#3121);
#3116 = PLANE('',#3117);
#3117 = AXIS2_PLACEMENT_3D('',#3118,#3119,#3120);
#3118 = CARTESIAN_POINT('',(-69.8,13.15,18.153892282066));
#3119 = DIRECTION('',(1.,0.,-0.));
#3120 = DIRECTION('',(0.,0.,1.));
#3121 = DEFINITIONAL_REPRESENTATION('',(#3122),#3125);
#3122 = B_SPLINE_CURVE_WITH_KNOTS('',1,(#3123,#3124),.UNSPECIFIED.,.F.,
  .F.,(2,2),(-38.4502852912,-15.22763651383),.PIECEWISE_BEZIER_KNOTS.);
#3123 = CARTESIAN_POINT('',(1.687307051638,2.277827004658E-15));
#3124 = CARTESIAN_POINT('',(2.712692948362,-23.2));
#3125 = ( GEOMETRIC_REPRESENTATION_CONTEXT(2) 
PARAMETRIC_REPRESENTATION_CONTEXT() REPRESENTATION_CONTEXT('2D SPACE',''
  ) );
#3126 = ORIENTED_EDGE('',*,*,#3127,.F.);
#3127 = EDGE_CURVE('',#3128,#3102,#3130,.T.);
#3128 = VERTEX_POINT('',#3129);
#3129 = CARTESIAN_POINT('',(-58.6,36.35,20.866585230428));
#3130 = SURFACE_CURVE('',#3131,(#3135,#3141),.PCURVE_S1.);
#3131 = LINE('',#3132,#3133);
#3132 = CARTESIAN_POINT('',(-34.9,36.35,20.866585230428));
#3133 = VECTOR('',#3134,1.);
#3134 = DIRECTION('',(-1.,-0.,0.));
#3135 = PCURVE('',#876,#3136);
#3136 = DEFINITIONAL_REPRESENTATION('',(#3137),#3140);
#3137 = B_SPLINE_CURVE_WITH_KNOTS('',1,(#3138,#3139),.UNSPECIFIED.,.F.,
  .F.,(2,2),(23.7,34.9),.PIECEWISE_BEZIER_KNOTS.);
#3138 = CARTESIAN_POINT('',(53.752424109694,-58.6));
#3139 = CARTESIAN_POINT('',(53.752424109694,-69.8));
#3140 = ( GEOMETRIC_REPRESENTATION_CONTEXT(2) 
PARAMETRIC_REPRESENTATION_CONTEXT() REPRESENTATION_CONTEXT('2D SPACE',''
  ) );
#3141 = PCURVE('',#3142,#3147);
#3142 = PLANE('',#3143);
#3143 = AXIS2_PLACEMENT_3D('',#3144,#3145,#3146);
#3144 = CARTESIAN_POINT('',(-69.8,36.35,18.153892282066));
#3145 = DIRECTION('',(-0.,1.,0.));
#3146 = DIRECTION('',(0.,0.,1.));
#3147 = DEFINITIONAL_REPRESENTATION('',(#3148),#3151);
#3148 = B_SPLINE_CURVE_WITH_KNOTS('',1,(#3149,#3150),.UNSPECIFIED.,.F.,
  .F.,(2,2),(23.7,34.9),.PIECEWISE_BEZIER_KNOTS.);
#3149 = CARTESIAN_POINT('',(2.712692948362,11.2));
#3150 = CARTESIAN_POINT('',(2.712692948362,0.));
#3151 = ( GEOMETRIC_REPRESENTATION_CONTEXT(2) 
PARAMETRIC_REPRESENTATION_CONTEXT() REPRESENTATION_CONTEXT('2D SPACE',''
  ) );
#3152 = ORIENTED_EDGE('',*,*,#3153,.F.);
#3153 = EDGE_CURVE('',#3074,#3128,#3154,.T.);
#3154 = SURFACE_CURVE('',#3155,(#3159,#3165),.PCURVE_S1.);
#3155 = LINE('',#3156,#3157);
#3156 = CARTESIAN_POINT('',(-58.6,51.562785178283,21.538954858518));
#3157 = VECTOR('',#3158,1.);
#3158 = DIRECTION('',(0.,0.999024711712,4.415456249432E-02));
#3159 = PCURVE('',#876,#3160);
#3160 = DEFINITIONAL_REPRESENTATION('',(#3161),#3164);
#3161 = B_SPLINE_CURVE_WITH_KNOTS('',1,(#3162,#3163),.UNSPECIFIED.,.F.,
  .F.,(2,2),(-38.4502852912,-15.22763651383),.PIECEWISE_BEZIER_KNOTS.);
#3162 = CARTESIAN_POINT('',(76.975072887067,-58.6));
#3163 = CARTESIAN_POINT('',(53.752424109694,-58.6));
#3164 = ( GEOMETRIC_REPRESENTATION_CONTEXT(2) 
PARAMETRIC_REPRESENTATION_CONTEXT() REPRESENTATION_CONTEXT('2D SPACE',''
  ) );
#3165 = PCURVE('',#3166,#3171);
#3166 = PLANE('',#3167);
#3167 = AXIS2_PLACEMENT_3D('',#3168,#3169,#3170);
#3168 = CARTESIAN_POINT('',(-58.6,13.15,18.153892282066));
#3169 = DIRECTION('',(1.,0.,-0.));
#3170 = DIRECTION('',(0.,0.,1.));
#3171 = DEFINITIONAL_REPRESENTATION('',(#3172),#3175);
#3172 = B_SPLINE_CURVE_WITH_KNOTS('',1,(#3173,#3174),.UNSPECIFIED.,.F.,
  .F.,(2,2),(-38.4502852912,-15.22763651383),.PIECEWISE_BEZIER_KNOTS.);
#3173 = CARTESIAN_POINT('',(1.687307051638,2.277827004658E-15));
#3174 = CARTESIAN_POINT('',(2.712692948362,-23.2));
#3175 = ( GEOMETRIC_REPRESENTATION_CONTEXT(2) 
PARAMETRIC_REPRESENTATION_CONTEXT() REPRESENTATION_CONTEXT('2D SPACE',''
  ) );
#3176 = FACE_BOUND('',#3177,.T.);
#3177 = EDGE_LOOP('',(#3178,#3208,#3236,#3264,#3292,#3325,#3353,#3381));
#3178 = ORIENTED_EDGE('',*,*,#3179,.T.);
#3179 = EDGE_CURVE('',#3180,#3182,#3184,.T.);
#3180 = VERTEX_POINT('',#3181);
#3181 = CARTESIAN_POINT('',(-13.55886037595,62.330494227924,
    22.014862487808));
#3182 = VERTEX_POINT('',#3183);
#3183 = CARTESIAN_POINT('',(11.212071685731,62.330494227924,
    22.014862487808));
#3184 = SURFACE_CURVE('',#3185,(#3189,#3196),.PCURVE_S1.);
#3185 = LINE('',#3186,#3187);
#3186 = CARTESIAN_POINT('',(-13.55886037595,62.330494227924,
    22.014862487808));
#3187 = VECTOR('',#3188,1.);
#3188 = DIRECTION('',(1.,-1.223452415467E-16,-5.407374362642E-18));
#3189 = PCURVE('',#876,#3190);
#3190 = DEFINITIONAL_REPRESENTATION('',(#3191),#3195);
#3191 = LINE('',#3192,#3193);
#3192 = CARTESIAN_POINT('',(27.746566673589,-13.55886037595));
#3193 = VECTOR('',#3194,1.);
#3194 = DIRECTION('',(1.224646799147E-16,1.));
#3195 = ( GEOMETRIC_REPRESENTATION_CONTEXT(2) 
PARAMETRIC_REPRESENTATION_CONTEXT() REPRESENTATION_CONTEXT('2D SPACE',''
  ) );
#3196 = PCURVE('',#3197,#3202);
#3197 = PLANE('',#3198);
#3198 = AXIS2_PLACEMENT_3D('',#3199,#3200,#3201);
#3199 = CARTESIAN_POINT('',(-13.55886037595,62.356986965421,
    21.415447660781));
#3200 = DIRECTION('',(1.224646799147E-16,0.999024711712,
    4.415456249432E-02));
#3201 = DIRECTION('',(1.,-1.223452415467E-16,-5.407374362642E-18));
#3202 = DEFINITIONAL_REPRESENTATION('',(#3203),#3207);
#3203 = LINE('',#3204,#3205);
#3204 = CARTESIAN_POINT('',(0.,-0.6));
#3205 = VECTOR('',#3206,1.);
#3206 = DIRECTION('',(1.,0.));
#3207 = ( GEOMETRIC_REPRESENTATION_CONTEXT(2) 
PARAMETRIC_REPRESENTATION_CONTEXT() REPRESENTATION_CONTEXT('2D SPACE',''
  ) );
#3208 = ORIENTED_EDGE('',*,*,#3209,.T.);
#3209 = EDGE_CURVE('',#3182,#3210,#3212,.T.);
#3210 = VERTEX_POINT('',#3211);
#3211 = CARTESIAN_POINT('',(11.085689379294,41.308362860156,
    21.085733305757));
#3212 = SURFACE_CURVE('',#3213,(#3217,#3224),.PCURVE_S1.);
#3213 = LINE('',#3214,#3215);
#3214 = CARTESIAN_POINT('',(11.212071685731,62.330494227924,
    22.014862487808));
#3215 = VECTOR('',#3216,1.);
#3216 = DIRECTION('',(-6.005897684288E-03,-0.999006693736,
    -4.415376614178E-02));
#3217 = PCURVE('',#876,#3218);
#3218 = DEFINITIONAL_REPRESENTATION('',(#3219),#3223);
#3219 = LINE('',#3220,#3221);
#3220 = CARTESIAN_POINT('',(27.746566673589,11.212071685731));
#3221 = VECTOR('',#3222,1.);
#3222 = DIRECTION('',(0.999981964434,-6.005897684288E-03));
#3223 = ( GEOMETRIC_REPRESENTATION_CONTEXT(2) 
PARAMETRIC_REPRESENTATION_CONTEXT() REPRESENTATION_CONTEXT('2D SPACE',''
  ) );
#3224 = PCURVE('',#3225,#3230);
#3225 = PLANE('',#3226);
#3226 = AXIS2_PLACEMENT_3D('',#3227,#3228,#3229);
#3227 = CARTESIAN_POINT('',(11.212071685731,62.356986965421,
    21.415447660781));
#3228 = DIRECTION('',(0.999981964434,-6.000040202616E-03,
    -2.651877846353E-04));
#3229 = DIRECTION('',(-6.005897684288E-03,-0.999006693736,
    -4.415376614178E-02));
#3230 = DEFINITIONAL_REPRESENTATION('',(#3231),#3235);
#3231 = LINE('',#3232,#3233);
#3232 = CARTESIAN_POINT('',(0.,-0.6));
#3233 = VECTOR('',#3234,1.);
#3234 = DIRECTION('',(1.,0.));
#3235 = ( GEOMETRIC_REPRESENTATION_CONTEXT(2) 
PARAMETRIC_REPRESENTATION_CONTEXT() REPRESENTATION_CONTEXT('2D SPACE',''
  ) );
#3236 = ORIENTED_EDGE('',*,*,#3237,.T.);
#3237 = EDGE_CURVE('',#3210,#3238,#3240,.T.);
#3238 = VERTEX_POINT('',#3239);
#3239 = CARTESIAN_POINT('',(-4.522525465695,38.467534296944,
    20.960175308183));
#3240 = SURFACE_CURVE('',#3241,(#3245,#3252),.PCURVE_S1.);
#3241 = LINE('',#3242,#3243);
#3242 = CARTESIAN_POINT('',(11.085689379294,41.308362860156,
    21.085733305757));
#3243 = VECTOR('',#3244,1.);
#3244 = DIRECTION('',(-0.983806119334,-0.179061125966,
    -7.914084190401E-03));
#3245 = PCURVE('',#876,#3246);
#3246 = DEFINITIONAL_REPRESENTATION('',(#3247),#3251);
#3247 = LINE('',#3248,#3249);
#3248 = CARTESIAN_POINT('',(48.789220695377,11.085689379294));
#3249 = VECTOR('',#3250,1.);
#3250 = DIRECTION('',(0.179235932672,-0.983806119334));
#3251 = ( GEOMETRIC_REPRESENTATION_CONTEXT(2) 
PARAMETRIC_REPRESENTATION_CONTEXT() REPRESENTATION_CONTEXT('2D SPACE',''
  ) );
#3252 = PCURVE('',#3253,#3258);
#3253 = PLANE('',#3254);
#3254 = AXIS2_PLACEMENT_3D('',#3255,#3256,#3257);
#3255 = CARTESIAN_POINT('',(11.085689379294,41.334855597652,
    20.48631847873));
#3256 = DIRECTION('',(0.179235932672,-0.982846624748,-4.343952877843E-02
    ));
#3257 = DIRECTION('',(-0.983806119334,-0.179061125966,
    -7.914084190401E-03));
#3258 = DEFINITIONAL_REPRESENTATION('',(#3259),#3263);
#3259 = LINE('',#3260,#3261);
#3260 = CARTESIAN_POINT('',(0.,-0.6));
#3261 = VECTOR('',#3262,1.);
#3262 = DIRECTION('',(1.,0.));
#3263 = ( GEOMETRIC_REPRESENTATION_CONTEXT(2) 
PARAMETRIC_REPRESENTATION_CONTEXT() REPRESENTATION_CONTEXT('2D SPACE',''
  ) );
#3264 = ORIENTED_EDGE('',*,*,#3265,.T.);
#3265 = EDGE_CURVE('',#3238,#3266,#3268,.T.);
#3266 = VERTEX_POINT('',#3267);
#3267 = CARTESIAN_POINT('',(-4.90081138052,38.507315031365,
    20.961933523874));
#3268 = SURFACE_CURVE('',#3269,(#3273,#3280),.PCURVE_S1.);
#3269 = LINE('',#3270,#3271);
#3270 = CARTESIAN_POINT('',(-4.522525465695,38.467534296944,
    20.960175308183));
#3271 = VECTOR('',#3272,1.);
#3272 = DIRECTION('',(-0.994505452921,0.104582686674,4.622310860206E-03)
  );
#3273 = PCURVE('',#876,#3274);
#3274 = DEFINITIONAL_REPRESENTATION('',(#3275),#3279);
#3275 = LINE('',#3276,#3277);
#3276 = CARTESIAN_POINT('',(51.632822590213,-4.522525465695));
#3277 = VECTOR('',#3278,1.);
#3278 = DIRECTION('',(-0.104684784518,-0.994505452921));
#3279 = ( GEOMETRIC_REPRESENTATION_CONTEXT(2) 
PARAMETRIC_REPRESENTATION_CONTEXT() REPRESENTATION_CONTEXT('2D SPACE',''
  ) );
#3280 = PCURVE('',#3281,#3286);
#3281 = PLANE('',#3282);
#3282 = AXIS2_PLACEMENT_3D('',#3283,#3284,#3285);
#3283 = CARTESIAN_POINT('',(-4.522525465695,38.49402703444,
    20.360760481155));
#3284 = DIRECTION('',(-0.104684784518,-0.993535523401,
    -4.391195317196E-02));
#3285 = DIRECTION('',(-0.994505452921,0.104582686674,4.622310860206E-03)
  );
#3286 = DEFINITIONAL_REPRESENTATION('',(#3287),#3291);
#3287 = LINE('',#3288,#3289);
#3288 = CARTESIAN_POINT('',(0.,-0.6));
#3289 = VECTOR('',#3290,1.);
#3290 = DIRECTION('',(1.,0.));
#3291 = ( GEOMETRIC_REPRESENTATION_CONTEXT(2) 
PARAMETRIC_REPRESENTATION_CONTEXT() REPRESENTATION_CONTEXT('2D SPACE',''
  ) );
#3292 = ORIENTED_EDGE('',*,*,#3293,.T.);
#3293 = EDGE_CURVE('',#3266,#3294,#3296,.T.);
#3294 = VERTEX_POINT('',#3295);
#3295 = CARTESIAN_POINT('',(-12.1091196008,46.480984145901,
    21.314351103839));
#3296 = SURFACE_CURVE('',#3297,(#3302,#3313),.PCURVE_S1.);
#3297 = CIRCLE('',#3298,6.066350708984);
#3298 = AXIS2_PLACEMENT_3D('',#3299,#3300,#3301);
#3299 = CARTESIAN_POINT('',(-10.58887617467,40.613938100259,
    21.055041350794));
#3300 = DIRECTION('',(-4.097445319562E-19,4.415456249432E-02,
    -0.999024711712));
#3301 = DIRECTION('',(0.937641931208,-0.347263646623,-1.534824334879E-02
    ));
#3302 = PCURVE('',#876,#3303);
#3303 = DEFINITIONAL_REPRESENTATION('',(#3304),#3312);
#3304 = ( BOUNDED_CURVE() B_SPLINE_CURVE(2,(#3305,#3306,#3307,#3308,
#3309,#3310,#3311),.UNSPECIFIED.,.T.,.F.) B_SPLINE_CURVE_WITH_KNOTS((1,2
    ,2,2,2,1),(-2.094395102393,0.,2.094395102393,4.188790204786,
6.28318530718,8.377580409573),.UNSPECIFIED.) CURVE() 
GEOMETRIC_REPRESENTATION_ITEM() RATIONAL_B_SPLINE_CURVE((1.,0.5,1.,0.5,
1.,0.5,1.)) REPRESENTATION_ITEM('') );
#3305 = CARTESIAN_POINT('',(51.593003020232,-4.90081138052));
#3306 = CARTESIAN_POINT('',(61.445020240459,-8.553151652934));
#3307 = CARTESIAN_POINT('',(53.35599217117,-15.25907870796));
#3308 = CARTESIAN_POINT('',(45.26696410188,-21.96500576299));
#3309 = CARTESIAN_POINT('',(43.503974950942,-11.60673843555));
#3310 = CARTESIAN_POINT('',(41.740985800004,-1.248471108106));
#3311 = CARTESIAN_POINT('',(51.593003020232,-4.90081138052));
#3312 = ( GEOMETRIC_REPRESENTATION_CONTEXT(2) 
PARAMETRIC_REPRESENTATION_CONTEXT() REPRESENTATION_CONTEXT('2D SPACE',''
  ) );
#3313 = PCURVE('',#3314,#3319);
#3314 = CYLINDRICAL_SURFACE('',#3315,6.066350708984);
#3315 = AXIS2_PLACEMENT_3D('',#3316,#3317,#3318);
#3316 = CARTESIAN_POINT('',(-10.58887617467,40.640430837756,
    20.455626523767));
#3317 = DIRECTION('',(0.,4.415456249432E-02,-0.999024711712));
#3318 = DIRECTION('',(0.937641931208,-0.347263646623,-1.534824334879E-02
    ));
#3319 = DEFINITIONAL_REPRESENTATION('',(#3320),#3324);
#3320 = LINE('',#3321,#3322);
#3321 = CARTESIAN_POINT('',(0.,-0.6));
#3322 = VECTOR('',#3323,1.);
#3323 = DIRECTION('',(1.,0.));
#3324 = ( GEOMETRIC_REPRESENTATION_CONTEXT(2) 
PARAMETRIC_REPRESENTATION_CONTEXT() REPRESENTATION_CONTEXT('2D SPACE',''
  ) );
#3325 = ORIENTED_EDGE('',*,*,#3326,.T.);
#3326 = EDGE_CURVE('',#3294,#3327,#3329,.T.);
#3327 = VERTEX_POINT('',#3328);
#3328 = CARTESIAN_POINT('',(-12.42141961801,47.936962840983,
    21.378701966764));
#3329 = SURFACE_CURVE('',#3330,(#3334,#3341),.PCURVE_S1.);
#3330 = LINE('',#3331,#3332);
#3331 = CARTESIAN_POINT('',(-10.52568502146,39.098829533213,
    20.988077085421));
#3332 = VECTOR('',#3333,1.);
#3333 = DIRECTION('',(-0.209529088731,0.976848774835,4.317443779947E-02)
  );
#3334 = PCURVE('',#876,#3335);
#3335 = DEFINITIONAL_REPRESENTATION('',(#3336),#3340);
#3336 = LINE('',#3337,#3338);
#3337 = CARTESIAN_POINT('',(51.000911058027,-10.52568502146));
#3338 = VECTOR('',#3339,1.);
#3339 = DIRECTION('',(-0.977802414077,-0.209529088731));
#3340 = ( GEOMETRIC_REPRESENTATION_CONTEXT(2) 
PARAMETRIC_REPRESENTATION_CONTEXT() REPRESENTATION_CONTEXT('2D SPACE',''
  ) );
#3341 = PCURVE('',#3342,#3347);
#3342 = PLANE('',#3343);
#3343 = AXIS2_PLACEMENT_3D('',#3344,#3345,#3346);
#3344 = CARTESIAN_POINT('',(-12.1091196008,46.507476883397,
    20.714936276812));
#3345 = DIRECTION('',(-0.977802414077,-0.209324737465,
    -9.251665242744E-03));
#3346 = DIRECTION('',(-0.209529088731,0.976848774835,4.317443779947E-02)
  );
#3347 = DEFINITIONAL_REPRESENTATION('',(#3348),#3352);
#3348 = LINE('',#3349,#3350);
#3349 = CARTESIAN_POINT('',(-7.557110990835,-0.6));
#3350 = VECTOR('',#3351,1.);
#3351 = DIRECTION('',(1.,0.));
#3352 = ( GEOMETRIC_REPRESENTATION_CONTEXT(2) 
PARAMETRIC_REPRESENTATION_CONTEXT() REPRESENTATION_CONTEXT('2D SPACE',''
  ) );
#3353 = ORIENTED_EDGE('',*,*,#3354,.T.);
#3354 = EDGE_CURVE('',#3327,#3355,#3357,.T.);
#3355 = VERTEX_POINT('',#3356);
#3356 = CARTESIAN_POINT('',(-13.0533311502,52.987324731138,
    21.601916184674));
#3357 = SURFACE_CURVE('',#3358,(#3362,#3369),.PCURVE_S1.);
#3358 = LINE('',#3359,#3360);
#3359 = CARTESIAN_POINT('',(-12.42141961801,47.936962840983,
    21.378701966764));
#3360 = VECTOR('',#3361,1.);
#3361 = DIRECTION('',(-0.124034734589,0.991310119722,4.381359551908E-02)
  );
#3362 = PCURVE('',#876,#3363);
#3363 = DEFINITIONAL_REPRESENTATION('',(#3364),#3368);
#3364 = LINE('',#3365,#3366);
#3365 = CARTESIAN_POINT('',(42.154149607426,-12.42141961801));
#3366 = VECTOR('',#3367,1.);
#3367 = DIRECTION('',(-0.992277876714,-0.124034734589));
#3368 = ( GEOMETRIC_REPRESENTATION_CONTEXT(2) 
PARAMETRIC_REPRESENTATION_CONTEXT() REPRESENTATION_CONTEXT('2D SPACE',''
  ) );
#3369 = PCURVE('',#3370,#3375);
#3370 = PLANE('',#3371);
#3371 = AXIS2_PLACEMENT_3D('',#3372,#3373,#3374);
#3372 = CARTESIAN_POINT('',(-12.42141961801,47.96345557848,
    20.779287139737));
#3373 = DIRECTION('',(-0.992277876714,-0.123913764965,
    -5.476699439885E-03));
#3374 = DIRECTION('',(-0.124034734589,0.991310119722,4.381359551908E-02)
  );
#3375 = DEFINITIONAL_REPRESENTATION('',(#3376),#3380);
#3376 = LINE('',#3377,#3378);
#3377 = CARTESIAN_POINT('',(0.,-0.6));
#3378 = VECTOR('',#3379,1.);
#3379 = DIRECTION('',(1.,0.));
#3380 = ( GEOMETRIC_REPRESENTATION_CONTEXT(2) 
PARAMETRIC_REPRESENTATION_CONTEXT() REPRESENTATION_CONTEXT('2D SPACE',''
  ) );
#3381 = ORIENTED_EDGE('',*,*,#3382,.T.);
#3382 = EDGE_CURVE('',#3355,#3180,#3383,.T.);
#3383 = SURFACE_CURVE('',#3384,(#3388,#3395),.PCURVE_S1.);
#3384 = LINE('',#3385,#3386);
#3385 = CARTESIAN_POINT('',(-13.0533311502,52.987324731138,
    21.601916184674));
#3386 = VECTOR('',#3387,1.);
#3387 = DIRECTION('',(-5.3975258015E-02,0.997568406693,
    4.409019720865E-02));
#3388 = PCURVE('',#876,#3389);
#3389 = DEFINITIONAL_REPRESENTATION('',(#3390),#3394);
#3390 = LINE('',#3391,#3392);
#3391 = CARTESIAN_POINT('',(37.098857349939,-13.0533311502));
#3392 = VECTOR('',#3393,1.);
#3393 = DIRECTION('',(-0.998542273278,-5.3975258015E-02));
#3394 = ( GEOMETRIC_REPRESENTATION_CONTEXT(2) 
PARAMETRIC_REPRESENTATION_CONTEXT() REPRESENTATION_CONTEXT('2D SPACE',''
  ) );
#3395 = PCURVE('',#3396,#3401);
#3396 = PLANE('',#3397);
#3397 = AXIS2_PLACEMENT_3D('',#3398,#3399,#3400);
#3398 = CARTESIAN_POINT('',(-13.0533311502,53.013817468635,
    21.002501357647));
#3399 = DIRECTION('',(-0.998542273278,-5.392261657801E-02,
    -2.38325390317E-03));
#3400 = DIRECTION('',(-5.3975258015E-02,0.997568406693,
    4.409019720865E-02));
#3401 = DEFINITIONAL_REPRESENTATION('',(#3402),#3406);
#3402 = LINE('',#3403,#3404);
#3403 = CARTESIAN_POINT('',(0.,-0.6));
#3404 = VECTOR('',#3405,1.);
#3405 = DIRECTION('',(1.,0.));
#3406 = ( GEOMETRIC_REPRESENTATION_CONTEXT(2) 
PARAMETRIC_REPRESENTATION_CONTEXT() REPRESENTATION_CONTEXT('2D SPACE',''
  ) );
#3407 = FACE_BOUND('',#3408,.T.);
#3408 = EDGE_LOOP('',(#3409,#3439,#3467,#3495,#3525,#3555,#3585,#3615));
#3409 = ORIENTED_EDGE('',*,*,#3410,.T.);
#3410 = EDGE_CURVE('',#3411,#3413,#3415,.T.);
#3411 = VERTEX_POINT('',#3412);
#3412 = CARTESIAN_POINT('',(9.695484008485,29.629400989173,
    20.56955042684));
#3413 = VERTEX_POINT('',#3414);
#3414 = CARTESIAN_POINT('',(6.346352887901,22.369505772076,
    20.248679988594));
#3415 = SURFACE_CURVE('',#3416,(#3420,#3427),.PCURVE_S1.);
#3416 = LINE('',#3417,#3418);
#3417 = CARTESIAN_POINT('',(9.695484008485,29.629400989173,
    20.56955042684));
#3418 = VECTOR('',#3419,1.);
#3419 = DIRECTION('',(-0.418557308837,-0.907304639651,-4.01007492039E-02
    ));
#3420 = PCURVE('',#876,#3421);
#3421 = DEFINITIONAL_REPRESENTATION('',(#3422),#3426);
#3422 = LINE('',#3423,#3424);
#3423 = CARTESIAN_POINT('',(60.479584040814,9.695484008485));
#3424 = VECTOR('',#3425,1.);
#3425 = DIRECTION('',(0.908190387099,-0.418557308837));
#3426 = ( GEOMETRIC_REPRESENTATION_CONTEXT(2) 
PARAMETRIC_REPRESENTATION_CONTEXT() REPRESENTATION_CONTEXT('2D SPACE',''
  ) );
#3427 = PCURVE('',#3428,#3433);
#3428 = PLANE('',#3429);
#3429 = AXIS2_PLACEMENT_3D('',#3430,#3431,#3432);
#3430 = CARTESIAN_POINT('',(9.695484008485,29.65589372667,
    19.970135599813));
#3431 = DIRECTION('',(0.908190387099,-0.418149094796,-1.848121485049E-02
    ));
#3432 = DIRECTION('',(-0.418557308837,-0.907304639651,-4.01007492039E-02
    ));
#3433 = DEFINITIONAL_REPRESENTATION('',(#3434),#3438);
#3434 = LINE('',#3435,#3436);
#3435 = CARTESIAN_POINT('',(0.,-0.6));
#3436 = VECTOR('',#3437,1.);
#3437 = DIRECTION('',(1.,0.));
#3438 = ( GEOMETRIC_REPRESENTATION_CONTEXT(2) 
PARAMETRIC_REPRESENTATION_CONTEXT() REPRESENTATION_CONTEXT('2D SPACE',''
  ) );
#3439 = ORIENTED_EDGE('',*,*,#3440,.T.);
#3440 = EDGE_CURVE('',#3413,#3441,#3443,.T.);
#3441 = VERTEX_POINT('',#3442);
#3442 = CARTESIAN_POINT('',(-1.362967804766,32.78587717052,
    20.709059313034));
#3443 = SURFACE_CURVE('',#3444,(#3448,#3455),.PCURVE_S1.);
#3444 = LINE('',#3445,#3446);
#3445 = CARTESIAN_POINT('',(6.346352887901,22.369505772076,
    20.248679988594));
#3446 = VECTOR('',#3447,1.);
#3447 = DIRECTION('',(-0.594528073435,0.803290648629,3.55035733653E-02)
  );
#3448 = PCURVE('',#876,#3449);
#3449 = DEFINITIONAL_REPRESENTATION('',(#3450),#3454);
#3450 = LINE('',#3451,#3452);
#3451 = CARTESIAN_POINT('',(67.746566660951,6.346352887901));
#3452 = VECTOR('',#3453,1.);
#3453 = DIRECTION('',(-0.804074853417,-0.594528073435));
#3454 = ( GEOMETRIC_REPRESENTATION_CONTEXT(2) 
PARAMETRIC_REPRESENTATION_CONTEXT() REPRESENTATION_CONTEXT('2D SPACE',''
  ) );
#3455 = PCURVE('',#3456,#3461);
#3456 = PLANE('',#3457);
#3457 = AXIS2_PLACEMENT_3D('',#3458,#3459,#3460);
#3458 = CARTESIAN_POINT('',(6.346352887901,22.395998509573,
    19.649265161567));
#3459 = DIRECTION('',(-0.804074853417,-0.593948237168,
    -2.625112697313E-02));
#3460 = DIRECTION('',(-0.594528073435,0.803290648629,3.55035733653E-02)
  );
#3461 = DEFINITIONAL_REPRESENTATION('',(#3462),#3466);
#3462 = LINE('',#3463,#3464);
#3463 = CARTESIAN_POINT('',(0.,-0.6));
#3464 = VECTOR('',#3465,1.);
#3465 = DIRECTION('',(1.,0.));
#3466 = ( GEOMETRIC_REPRESENTATION_CONTEXT(2) 
PARAMETRIC_REPRESENTATION_CONTEXT() REPRESENTATION_CONTEXT('2D SPACE',''
  ) );
#3467 = ORIENTED_EDGE('',*,*,#3468,.T.);
#3468 = EDGE_CURVE('',#3441,#3469,#3471,.T.);
#3469 = VERTEX_POINT('',#3470);
#3470 = CARTESIAN_POINT('',(-1.236585498329,36.69990763539,
    20.882050331914));
#3471 = SURFACE_CURVE('',#3472,(#3476,#3483),.PCURVE_S1.);
#3472 = LINE('',#3473,#3474);
#3473 = CARTESIAN_POINT('',(-1.362967804766,32.78587717052,
    20.709059313034));
#3474 = VECTOR('',#3475,1.);
#3475 = DIRECTION('',(3.224129401096E-02,0.99850533309,
    4.413160717044E-02));
#3476 = PCURVE('',#876,#3477);
#3477 = DEFINITIONAL_REPRESENTATION('',(#3478),#3482);
#3478 = LINE('',#3479,#3480);
#3479 = CARTESIAN_POINT('',(57.320026379885,-1.362967804766));
#3480 = VECTOR('',#3481,1.);
#3481 = DIRECTION('',(-0.99948011434,3.224129401096E-02));
#3482 = ( GEOMETRIC_REPRESENTATION_CONTEXT(2) 
PARAMETRIC_REPRESENTATION_CONTEXT() REPRESENTATION_CONTEXT('2D SPACE',''
  ) );
#3483 = PCURVE('',#3484,#3489);
#3484 = PLANE('',#3485);
#3485 = AXIS2_PLACEMENT_3D('',#3486,#3487,#3488);
#3486 = CARTESIAN_POINT('',(-1.362967804766,32.812369908016,
    20.109644486006));
#3487 = DIRECTION('',(-0.99948011434,3.220984945451E-02,
    1.423600231304E-03));
#3488 = DIRECTION('',(3.224129401096E-02,0.99850533309,
    4.413160717044E-02));
#3489 = DEFINITIONAL_REPRESENTATION('',(#3490),#3494);
#3490 = LINE('',#3491,#3492);
#3491 = CARTESIAN_POINT('',(0.,-0.6));
#3492 = VECTOR('',#3493,1.);
#3493 = DIRECTION('',(1.,0.));
#3494 = ( GEOMETRIC_REPRESENTATION_CONTEXT(2) 
PARAMETRIC_REPRESENTATION_CONTEXT() REPRESENTATION_CONTEXT('2D SPACE',''
  ) );
#3495 = ORIENTED_EDGE('',*,*,#3496,.T.);
#3496 = EDGE_CURVE('',#3469,#3497,#3499,.T.);
#3497 = VERTEX_POINT('',#3498);
#3498 = CARTESIAN_POINT('',(9.695484008485,38.720052391451,
    20.971336019078));
#3499 = SURFACE_CURVE('',#3500,(#3504,#3511),.PCURVE_S1.);
#3500 = B_SPLINE_CURVE_WITH_KNOTS('',2,(#3501,#3502,#3503),
  .UNSPECIFIED.,.F.,.F.,(3,3),(0.,1.),.PIECEWISE_BEZIER_KNOTS.);
#3501 = CARTESIAN_POINT('',(-1.236585498329,36.69990763539,
    20.882050331914));
#3502 = CARTESIAN_POINT('',(4.008280218813,38.151886678809,
    20.946224419563));
#3503 = CARTESIAN_POINT('',(9.695484008485,38.720052391451,
    20.971336019078));
#3504 = PCURVE('',#876,#3505);
#3505 = DEFINITIONAL_REPRESENTATION('',(#3506),#3510);
#3506 = B_SPLINE_CURVE_WITH_KNOTS('',2,(#3507,#3508,#3509),
  .UNSPECIFIED.,.F.,.F.,(3,3),(0.,1.),.PIECEWISE_BEZIER_KNOTS.);
#3507 = CARTESIAN_POINT('',(53.402174880333,-1.236585498329));
#3508 = CARTESIAN_POINT('',(51.948778356306,4.008280218813));
#3509 = CARTESIAN_POINT('',(51.380057977339,9.695484008485));
#3510 = ( GEOMETRIC_REPRESENTATION_CONTEXT(2) 
PARAMETRIC_REPRESENTATION_CONTEXT() REPRESENTATION_CONTEXT('2D SPACE',''
  ) );
#3511 = PCURVE('',#3512,#3519);
#3512 = SURFACE_OF_LINEAR_EXTRUSION('',#3513,#3517);
#3513 = B_SPLINE_CURVE_WITH_KNOTS('',2,(#3514,#3515,#3516),
  .UNSPECIFIED.,.F.,.F.,(3,3),(0.,1.),.PIECEWISE_BEZIER_KNOTS.);
#3514 = CARTESIAN_POINT('',(-1.236585498329,36.726400372886,
    20.282635504887));
#3515 = CARTESIAN_POINT('',(4.008280218813,38.178379416306,
    20.346809592536));
#3516 = CARTESIAN_POINT('',(9.695484008485,38.746545128948,
    20.371921192051));
#3517 = VECTOR('',#3518,1.);
#3518 = DIRECTION('',(0.,4.415456249432E-02,-0.999024711712));
#3519 = DEFINITIONAL_REPRESENTATION('',(#3520),#3524);
#3520 = LINE('',#3521,#3522);
#3521 = CARTESIAN_POINT('',(0.,-0.6));
#3522 = VECTOR('',#3523,1.);
#3523 = DIRECTION('',(1.,0.));
#3524 = ( GEOMETRIC_REPRESENTATION_CONTEXT(2) 
PARAMETRIC_REPRESENTATION_CONTEXT() REPRESENTATION_CONTEXT('2D SPACE',''
  ) );
#3525 = ORIENTED_EDGE('',*,*,#3526,.T.);
#3526 = EDGE_CURVE('',#3497,#3527,#3529,.T.);
#3527 = VERTEX_POINT('',#3528);
#3528 = CARTESIAN_POINT('',(15.066732032065,37.331202871659,
    20.909952109153));
#3529 = SURFACE_CURVE('',#3530,(#3534,#3541),.PCURVE_S1.);
#3530 = B_SPLINE_CURVE_WITH_KNOTS('',2,(#3531,#3532,#3533),
  .UNSPECIFIED.,.F.,.F.,(3,3),(0.,1.),.PIECEWISE_BEZIER_KNOTS.);
#3531 = CARTESIAN_POINT('',(9.695484008485,38.720052391451,
    20.971336019078));
#3532 = CARTESIAN_POINT('',(13.4869532016,38.151886678809,
    20.946224419563));
#3533 = CARTESIAN_POINT('',(15.066732032065,37.331202871659,
    20.909952109153));
#3534 = PCURVE('',#876,#3535);
#3535 = DEFINITIONAL_REPRESENTATION('',(#3536),#3540);
#3536 = B_SPLINE_CURVE_WITH_KNOTS('',2,(#3537,#3538,#3539),
  .UNSPECIFIED.,.F.,.F.,(3,3),(0.,1.),.PIECEWISE_BEZIER_KNOTS.);
#3537 = CARTESIAN_POINT('',(51.380057977339,9.695484008485));
#3538 = CARTESIAN_POINT('',(51.948778356306,13.4869532016));
#3539 = CARTESIAN_POINT('',(52.770263348147,15.066732032065));
#3540 = ( GEOMETRIC_REPRESENTATION_CONTEXT(2) 
PARAMETRIC_REPRESENTATION_CONTEXT() REPRESENTATION_CONTEXT('2D SPACE',''
  ) );
#3541 = PCURVE('',#3542,#3549);
#3542 = SURFACE_OF_LINEAR_EXTRUSION('',#3543,#3547);
#3543 = B_SPLINE_CURVE_WITH_KNOTS('',2,(#3544,#3545,#3546),
  .UNSPECIFIED.,.F.,.F.,(3,3),(0.,1.),.PIECEWISE_BEZIER_KNOTS.);
#3544 = CARTESIAN_POINT('',(9.695484008485,38.746545128948,
    20.371921192051));
#3545 = CARTESIAN_POINT('',(13.4869532016,38.178379416306,
    20.346809592536));
#3546 = CARTESIAN_POINT('',(15.066732032065,37.357695609155,
    20.310537282126));
#3547 = VECTOR('',#3548,1.);
#3548 = DIRECTION('',(0.,4.415456249432E-02,-0.999024711712));
#3549 = DEFINITIONAL_REPRESENTATION('',(#3550),#3554);
#3550 = LINE('',#3551,#3552);
#3551 = CARTESIAN_POINT('',(0.,-0.6));
#3552 = VECTOR('',#3553,1.);
#3553 = DIRECTION('',(1.,0.));
#3554 = ( GEOMETRIC_REPRESENTATION_CONTEXT(2) 
PARAMETRIC_REPRESENTATION_CONTEXT() REPRESENTATION_CONTEXT('2D SPACE',''
  ) );
#3555 = ORIENTED_EDGE('',*,*,#3556,.T.);
#3556 = EDGE_CURVE('',#3527,#3557,#3559,.T.);
#3557 = VERTEX_POINT('',#3558);
#3558 = CARTESIAN_POINT('',(16.646510862529,34.364115261193,
    20.77881375613));
#3559 = SURFACE_CURVE('',#3560,(#3564,#3571),.PCURVE_S1.);
#3560 = B_SPLINE_CURVE_WITH_KNOTS('',2,(#3561,#3562,#3563),
  .UNSPECIFIED.,.F.,.F.,(3,3),(0.,1.),.PIECEWISE_BEZIER_KNOTS.);
#3561 = CARTESIAN_POINT('',(15.066732032065,37.331202871659,
    20.909952109153));
#3562 = CARTESIAN_POINT('',(16.772893168966,36.258000970001,
    20.862519087847));
#3563 = CARTESIAN_POINT('',(16.646510862529,34.364115261193,
    20.77881375613));
#3564 = PCURVE('',#876,#3565);
#3565 = DEFINITIONAL_REPRESENTATION('',(#3566),#3570);
#3566 = B_SPLINE_CURVE_WITH_KNOTS('',2,(#3567,#3568,#3569),
  .UNSPECIFIED.,.F.,.F.,(3,3),(0.,1.),.PIECEWISE_BEZIER_KNOTS.);
#3567 = CARTESIAN_POINT('',(52.770263348147,15.066732032065));
#3568 = CARTESIAN_POINT('',(53.844512952863,16.772893168966));
#3569 = CARTESIAN_POINT('',(55.740247549421,16.646510862529));
#3570 = ( GEOMETRIC_REPRESENTATION_CONTEXT(2) 
PARAMETRIC_REPRESENTATION_CONTEXT() REPRESENTATION_CONTEXT('2D SPACE',''
  ) );
#3571 = PCURVE('',#3572,#3579);
#3572 = SURFACE_OF_LINEAR_EXTRUSION('',#3573,#3577);
#3573 = B_SPLINE_CURVE_WITH_KNOTS('',2,(#3574,#3575,#3576),
  .UNSPECIFIED.,.F.,.F.,(3,3),(0.,1.),.PIECEWISE_BEZIER_KNOTS.);
#3574 = CARTESIAN_POINT('',(15.066732032065,37.357695609155,
    20.310537282126));
#3575 = CARTESIAN_POINT('',(16.772893168966,36.284493707498,
    20.26310426082));
#3576 = CARTESIAN_POINT('',(16.646510862529,34.39060799869,
    20.179398929103));
#3577 = VECTOR('',#3578,1.);
#3578 = DIRECTION('',(0.,4.415456249432E-02,-0.999024711712));
#3579 = DEFINITIONAL_REPRESENTATION('',(#3580),#3584);
#3580 = LINE('',#3581,#3582);
#3581 = CARTESIAN_POINT('',(0.,-0.6));
#3582 = VECTOR('',#3583,1.);
#3583 = DIRECTION('',(1.,0.));
#3584 = ( GEOMETRIC_REPRESENTATION_CONTEXT(2) 
PARAMETRIC_REPRESENTATION_CONTEXT() REPRESENTATION_CONTEXT('2D SPACE',''
  ) );
#3585 = ORIENTED_EDGE('',*,*,#3586,.T.);
#3586 = EDGE_CURVE('',#3557,#3587,#3589,.T.);
#3587 = VERTEX_POINT('',#3588);
#3588 = CARTESIAN_POINT('',(13.170997435507,32.533359076012,
    20.697898602138));
#3589 = SURFACE_CURVE('',#3590,(#3594,#3601),.PCURVE_S1.);
#3590 = B_SPLINE_CURVE_WITH_KNOTS('',2,(#3591,#3592,#3593),
  .UNSPECIFIED.,.F.,.F.,(3,3),(0.,1.),.PIECEWISE_BEZIER_KNOTS.);
#3591 = CARTESIAN_POINT('',(16.646510862529,34.364115261193,
    20.77881375613));
#3592 = CARTESIAN_POINT('',(16.014599330343,33.101524788654,
    20.723010201653));
#3593 = CARTESIAN_POINT('',(13.170997435507,32.533359076012,
    20.697898602138));
#3594 = PCURVE('',#876,#3595);
#3595 = DEFINITIONAL_REPRESENTATION('',(#3596),#3600);
#3596 = B_SPLINE_CURVE_WITH_KNOTS('',2,(#3597,#3598,#3599),
  .UNSPECIFIED.,.F.,.F.,(3,3),(0.,1.),.PIECEWISE_BEZIER_KNOTS.);
#3597 = CARTESIAN_POINT('',(55.740247549421,16.646510862529));
#3598 = CARTESIAN_POINT('',(57.004070613792,16.014599330343));
#3599 = CARTESIAN_POINT('',(57.57279099276,13.170997435507));
#3600 = ( GEOMETRIC_REPRESENTATION_CONTEXT(2) 
PARAMETRIC_REPRESENTATION_CONTEXT() REPRESENTATION_CONTEXT('2D SPACE',''
  ) );
#3601 = PCURVE('',#3602,#3609);
#3602 = SURFACE_OF_LINEAR_EXTRUSION('',#3603,#3607);
#3603 = B_SPLINE_CURVE_WITH_KNOTS('',2,(#3604,#3605,#3606),
  .UNSPECIFIED.,.F.,.F.,(3,3),(0.,1.),.PIECEWISE_BEZIER_KNOTS.);
#3604 = CARTESIAN_POINT('',(16.646510862529,34.39060799869,
    20.179398929103));
#3605 = CARTESIAN_POINT('',(16.014599330343,33.128017526151,
    20.123595374626));
#3606 = CARTESIAN_POINT('',(13.170997435507,32.559851813509,
    20.098483775111));
#3607 = VECTOR('',#3608,1.);
#3608 = DIRECTION('',(0.,4.415456249432E-02,-0.999024711712));
#3609 = DEFINITIONAL_REPRESENTATION('',(#3610),#3614);
#3610 = LINE('',#3611,#3612);
#3611 = CARTESIAN_POINT('',(0.,-0.6));
#3612 = VECTOR('',#3613,1.);
#3613 = DIRECTION('',(1.,0.));
#3614 = ( GEOMETRIC_REPRESENTATION_CONTEXT(2) 
PARAMETRIC_REPRESENTATION_CONTEXT() REPRESENTATION_CONTEXT('2D SPACE',''
  ) );
#3615 = ORIENTED_EDGE('',*,*,#3616,.T.);
#3616 = EDGE_CURVE('',#3587,#3411,#3617,.T.);
#3617 = SURFACE_CURVE('',#3618,(#3622,#3629),.PCURVE_S1.);
#3618 = B_SPLINE_CURVE_WITH_KNOTS('',2,(#3619,#3620,#3621),
  .UNSPECIFIED.,.F.,.F.,(3,3),(0.,1.),.PIECEWISE_BEZIER_KNOTS.);
#3619 = CARTESIAN_POINT('',(13.170997435507,32.533359076012,
    20.697898602138));
#3620 = CARTESIAN_POINT('',(11.27526283895,31.838934316116,
    20.667206647175));
#3621 = CARTESIAN_POINT('',(9.695484008485,29.629400989173,
    20.56955042684));
#3622 = PCURVE('',#876,#3623);
#3623 = DEFINITIONAL_REPRESENTATION('',(#3624),#3628);
#3624 = B_SPLINE_CURVE_WITH_KNOTS('',2,(#3625,#3626,#3627),
  .UNSPECIFIED.,.F.,.F.,(3,3),(0.,1.),.PIECEWISE_BEZIER_KNOTS.);
#3625 = CARTESIAN_POINT('',(57.57279099276,13.170997435507));
#3626 = CARTESIAN_POINT('',(58.267893678164,11.27526283895));
#3627 = CARTESIAN_POINT('',(60.479584040814,9.695484008485));
#3628 = ( GEOMETRIC_REPRESENTATION_CONTEXT(2) 
PARAMETRIC_REPRESENTATION_CONTEXT() REPRESENTATION_CONTEXT('2D SPACE',''
  ) );
#3629 = PCURVE('',#3630,#3637);
#3630 = SURFACE_OF_LINEAR_EXTRUSION('',#3631,#3635);
#3631 = B_SPLINE_CURVE_WITH_KNOTS('',2,(#3632,#3633,#3634),
  .UNSPECIFIED.,.F.,.F.,(3,3),(0.,1.),.PIECEWISE_BEZIER_KNOTS.);
#3632 = CARTESIAN_POINT('',(13.170997435507,32.559851813509,
    20.098483775111));
#3633 = CARTESIAN_POINT('',(11.27526283895,31.865427053612,
    20.067791820148));
#3634 = CARTESIAN_POINT('',(9.695484008485,29.65589372667,
    19.970135599813));
#3635 = VECTOR('',#3636,1.);
#3636 = DIRECTION('',(0.,4.415456249432E-02,-0.999024711712));
#3637 = DEFINITIONAL_REPRESENTATION('',(#3638),#3642);
#3638 = LINE('',#3639,#3640);
#3639 = CARTESIAN_POINT('',(0.,-0.6));
#3640 = VECTOR('',#3641,1.);
#3641 = DIRECTION('',(1.,0.));
#3642 = ( GEOMETRIC_REPRESENTATION_CONTEXT(2) 
PARAMETRIC_REPRESENTATION_CONTEXT() REPRESENTATION_CONTEXT('2D SPACE',''
  ) );
#3643 = ADVANCED_FACE('',(#3644),#955,.F.);
#3644 = FACE_BOUND('',#3645,.F.);
#3645 = EDGE_LOOP('',(#3646,#3647,#3668,#3669));
#3646 = ORIENTED_EDGE('',*,*,#1273,.F.);
#3647 = ORIENTED_EDGE('',*,*,#3648,.F.);
#3648 = EDGE_CURVE('',#939,#1274,#3649,.T.);
#3649 = SEAM_CURVE('',#3650,(#3654,#3661),.PCURVE_S1.);
#3650 = LINE('',#3651,#3652);
#3651 = CARTESIAN_POINT('',(-102.2,90.05,14.84));
#3652 = VECTOR('',#3653,1.);
#3653 = DIRECTION('',(1.,0.,2.22044604925E-16));
#3654 = PCURVE('',#955,#3655);
#3655 = DEFINITIONAL_REPRESENTATION('',(#3656),#3660);
#3656 = LINE('',#3657,#3658);
#3657 = CARTESIAN_POINT('',(6.28318530718,-0.));
#3658 = VECTOR('',#3659,1.);
#3659 = DIRECTION('',(0.,1.));
#3660 = ( GEOMETRIC_REPRESENTATION_CONTEXT(2) 
PARAMETRIC_REPRESENTATION_CONTEXT() REPRESENTATION_CONTEXT('2D SPACE',''
  ) );
#3661 = PCURVE('',#955,#3662);
#3662 = DEFINITIONAL_REPRESENTATION('',(#3663),#3667);
#3663 = LINE('',#3664,#3665);
#3664 = CARTESIAN_POINT('',(0.,-0.));
#3665 = VECTOR('',#3666,1.);
#3666 = DIRECTION('',(0.,1.));
#3667 = ( GEOMETRIC_REPRESENTATION_CONTEXT(2) 
PARAMETRIC_REPRESENTATION_CONTEXT() REPRESENTATION_CONTEXT('2D SPACE',''
  ) );
#3668 = ORIENTED_EDGE('',*,*,#938,.T.);
#3669 = ORIENTED_EDGE('',*,*,#3648,.T.);
#3670 = ADVANCED_FACE('',(#3671),#1211,.T.);
#3671 = FACE_BOUND('',#3672,.T.);
#3672 = EDGE_LOOP('',(#3673,#3674,#3675,#3700));
#3673 = ORIENTED_EDGE('',*,*,#3042,.T.);
#3674 = ORIENTED_EDGE('',*,*,#1197,.T.);
#3675 = ORIENTED_EDGE('',*,*,#3676,.F.);
#3676 = EDGE_CURVE('',#2524,#1170,#3677,.T.);
#3677 = SURFACE_CURVE('',#3678,(#3683,#3693),.PCURVE_S1.);
#3678 = ELLIPSE('',#3679,3.002928721212,3.);
#3679 = AXIS2_PLACEMENT_3D('',#3680,#3681,#3682);
#3680 = CARTESIAN_POINT('',(96.2,3.,8.992593003887));
#3681 = DIRECTION('',(0.,4.415456249432E-02,-0.999024711712));
#3682 = DIRECTION('',(0.,-0.999024711712,-4.415456249432E-02));
#3683 = PCURVE('',#1211,#3684);
#3684 = DEFINITIONAL_REPRESENTATION('',(#3685),#3692);
#3685 = B_SPLINE_CURVE_WITH_KNOTS('',5,(#3686,#3687,#3688,#3689,#3690,
    #3691),.UNSPECIFIED.,.F.,.F.,(6,6),(4.712388980385,6.28318530718),
  .PIECEWISE_BEZIER_KNOTS.);
#3686 = CARTESIAN_POINT('',(-1.110223024625E-16,10.267406996113));
#3687 = CARTESIAN_POINT('',(0.314159265359,10.309062316806));
#3688 = CARTESIAN_POINT('',(0.628318504333,10.350755334802));
#3689 = CARTESIAN_POINT('',(0.942477857877,10.383687058766));
#3690 = CARTESIAN_POINT('',(1.256637061436,10.4));
#3691 = CARTESIAN_POINT('',(1.570796326795,10.4));
#3692 = ( GEOMETRIC_REPRESENTATION_CONTEXT(2) 
PARAMETRIC_REPRESENTATION_CONTEXT() REPRESENTATION_CONTEXT('2D SPACE',''
  ) );
#3693 = PCURVE('',#1185,#3694);
#3694 = DEFINITIONAL_REPRESENTATION('',(#3695),#3699);
#3695 = ELLIPSE('',#3696,3.002928721212,3.);
#3696 = AXIS2_PLACEMENT_2D('',#3697,#3698);
#3697 = CARTESIAN_POINT('',(3.002928721212,96.2));
#3698 = DIRECTION('',(-1.,0.));
#3699 = ( GEOMETRIC_REPRESENTATION_CONTEXT(2) 
PARAMETRIC_REPRESENTATION_CONTEXT() REPRESENTATION_CONTEXT('2D SPACE',''
  ) );
#3700 = ORIENTED_EDGE('',*,*,#2523,.F.);
#3701 = ADVANCED_FACE('',(#3702),#1185,.T.);
#3702 = FACE_BOUND('',#3703,.T.);
#3703 = EDGE_LOOP('',(#3704,#3705,#3724,#3725,#3752,#3753,#3772,#3773));
#3704 = ORIENTED_EDGE('',*,*,#1169,.T.);
#3705 = ORIENTED_EDGE('',*,*,#3706,.F.);
#3706 = EDGE_CURVE('',#1398,#1144,#3707,.T.);
#3707 = SURFACE_CURVE('',#3708,(#3712,#3718),.PCURVE_S1.);
#3708 = LINE('',#3709,#3710);
#3709 = CARTESIAN_POINT('',(5.,0.956594026883,8.902279225175));
#3710 = VECTOR('',#3711,1.);
#3711 = DIRECTION('',(0.,-0.999024711712,-4.415456249432E-02));
#3712 = PCURVE('',#1185,#3713);
#3713 = DEFINITIONAL_REPRESENTATION('',(#3714),#3717);
#3714 = B_SPLINE_CURVE_WITH_KNOTS('',1,(#3715,#3716),.UNSPECIFIED.,.F.,
  .F.,(2,2),(-3.546865189196,0.957527892622),.PIECEWISE_BEZIER_KNOTS.);
#3715 = CARTESIAN_POINT('',(4.504393081818,5.));
#3716 = CARTESIAN_POINT('',(0.,5.));
#3717 = ( GEOMETRIC_REPRESENTATION_CONTEXT(2) 
PARAMETRIC_REPRESENTATION_CONTEXT() REPRESENTATION_CONTEXT('2D SPACE',''
  ) );
#3718 = PCURVE('',#1158,#3719);
#3719 = DEFINITIONAL_REPRESENTATION('',(#3720),#3723);
#3720 = B_SPLINE_CURVE_WITH_KNOTS('',1,(#3721,#3722),.UNSPECIFIED.,.F.,
  .F.,(2,2),(-3.546865189196,0.957527892622),.PIECEWISE_BEZIER_KNOTS.);
#3721 = CARTESIAN_POINT('',(2.75,-3.577901166019));
#3722 = CARTESIAN_POINT('',(-1.75,-3.776790671849));
#3723 = ( GEOMETRIC_REPRESENTATION_CONTEXT(2) 
PARAMETRIC_REPRESENTATION_CONTEXT() REPRESENTATION_CONTEXT('2D SPACE',''
  ) );
#3724 = ORIENTED_EDGE('',*,*,#1395,.F.);
#3725 = ORIENTED_EDGE('',*,*,#3726,.F.);
#3726 = EDGE_CURVE('',#2182,#1396,#3727,.T.);
#3727 = SURFACE_CURVE('',#3728,(#3733,#3740),.PCURVE_S1.);
#3728 = ELLIPSE('',#3729,9.168942362101,9.16);
#3729 = AXIS2_PLACEMENT_3D('',#3730,#3731,#3732);
#3730 = CARTESIAN_POINT('',(72.19,13.16,9.441641310383));
#3731 = DIRECTION('',(0.,4.415456249432E-02,-0.999024711712));
#3732 = DIRECTION('',(0.,-0.999024711712,-4.415456249432E-02));
#3733 = PCURVE('',#1185,#3734);
#3734 = DEFINITIONAL_REPRESENTATION('',(#3735),#3739);
#3735 = ELLIPSE('',#3736,9.168942362101,9.16);
#3736 = AXIS2_PLACEMENT_2D('',#3737,#3738);
#3737 = CARTESIAN_POINT('',(13.172847323716,72.19));
#3738 = DIRECTION('',(-1.,0.));
#3739 = ( GEOMETRIC_REPRESENTATION_CONTEXT(2) 
PARAMETRIC_REPRESENTATION_CONTEXT() REPRESENTATION_CONTEXT('2D SPACE',''
  ) );
#3740 = PCURVE('',#1434,#3741);
#3741 = DEFINITIONAL_REPRESENTATION('',(#3742),#3751);
#3742 = B_SPLINE_CURVE_WITH_KNOTS('',7,(#3743,#3744,#3745,#3746,#3747,
    #3748,#3749,#3750),.UNSPECIFIED.,.F.,.F.,(8,8),(4.712388980385,
    6.28318530718),.PIECEWISE_BEZIER_KNOTS.);
#3743 = CARTESIAN_POINT('',(-1.570796326795,-59.44164131038));
#3744 = CARTESIAN_POINT('',(-1.346396851538,-59.35079303953));
#3745 = CARTESIAN_POINT('',(-1.121997376282,-59.25994513758));
#3746 = CARTESIAN_POINT('',(-0.897597901026,-59.1765666399));
#3747 = CARTESIAN_POINT('',(-0.673198425769,-59.10814053438));
#3748 = CARTESIAN_POINT('',(-0.448798950513,-59.06057510946));
#3749 = CARTESIAN_POINT('',(-0.224399475256,-59.03679067184));
#3750 = CARTESIAN_POINT('',(0.,-59.03679067184));
#3751 = ( GEOMETRIC_REPRESENTATION_CONTEXT(2) 
PARAMETRIC_REPRESENTATION_CONTEXT() REPRESENTATION_CONTEXT('2D SPACE',''
  ) );
#3752 = ORIENTED_EDGE('',*,*,#2206,.F.);
#3753 = ORIENTED_EDGE('',*,*,#3754,.T.);
#3754 = EDGE_CURVE('',#2207,#2547,#3755,.T.);
#3755 = SURFACE_CURVE('',#3756,(#3760,#3766),.PCURVE_S1.);
#3756 = LINE('',#3757,#3758);
#3757 = CARTESIAN_POINT('',(40.175,36.35,10.466585230428));
#3758 = VECTOR('',#3759,1.);
#3759 = DIRECTION('',(1.,0.,0.));
#3760 = PCURVE('',#1185,#3761);
#3761 = DEFINITIONAL_REPRESENTATION('',(#3762),#3765);
#3762 = B_SPLINE_CURVE_WITH_KNOTS('',1,(#3763,#3764),.UNSPECIFIED.,.F.,
  .F.,(2,2),(40.175,59.025),.PIECEWISE_BEZIER_KNOTS.);
#3763 = CARTESIAN_POINT('',(36.385486338685,80.35));
#3764 = CARTESIAN_POINT('',(36.385486338685,99.2));
#3765 = ( GEOMETRIC_REPRESENTATION_CONTEXT(2) 
PARAMETRIC_REPRESENTATION_CONTEXT() REPRESENTATION_CONTEXT('2D SPACE',''
  ) );
#3766 = PCURVE('',#2242,#3767);
#3767 = DEFINITIONAL_REPRESENTATION('',(#3768),#3771);
#3768 = B_SPLINE_CURVE_WITH_KNOTS('',1,(#3769,#3770),.UNSPECIFIED.,.F.,
  .F.,(2,2),(40.175,59.025),.PIECEWISE_BEZIER_KNOTS.);
#3769 = CARTESIAN_POINT('',(2.734813992227,0.));
#3770 = CARTESIAN_POINT('',(2.734813992227,18.85));
#3771 = ( GEOMETRIC_REPRESENTATION_CONTEXT(2) 
PARAMETRIC_REPRESENTATION_CONTEXT() REPRESENTATION_CONTEXT('2D SPACE',''
  ) );
#3772 = ORIENTED_EDGE('',*,*,#2546,.F.);
#3773 = ORIENTED_EDGE('',*,*,#3676,.T.);
#3774 = ADVANCED_FACE('',(#3775),#1158,.F.);
#3775 = FACE_BOUND('',#3776,.F.);
#3776 = EDGE_LOOP('',(#3777,#3798,#3799,#3800));
#3777 = ORIENTED_EDGE('',*,*,#3778,.T.);
#3778 = EDGE_CURVE('',#1498,#1118,#3779,.T.);
#3779 = SURFACE_CURVE('',#3780,(#3784,#3791),.PCURVE_S1.);
#3780 = LINE('',#3781,#3782);
#3781 = CARTESIAN_POINT('',(5.,4.5,17.236790671849));
#3782 = VECTOR('',#3783,1.);
#3783 = DIRECTION('',(0.,-1.,0.));
#3784 = PCURVE('',#1158,#3785);
#3785 = DEFINITIONAL_REPRESENTATION('',(#3786),#3790);
#3786 = LINE('',#3787,#3788);
#3787 = CARTESIAN_POINT('',(2.75,4.6));
#3788 = VECTOR('',#3789,1.);
#3789 = DIRECTION('',(-1.,0.));
#3790 = ( GEOMETRIC_REPRESENTATION_CONTEXT(2) 
PARAMETRIC_REPRESENTATION_CONTEXT() REPRESENTATION_CONTEXT('2D SPACE',''
  ) );
#3791 = PCURVE('',#1132,#3792);
#3792 = DEFINITIONAL_REPRESENTATION('',(#3793),#3797);
#3793 = LINE('',#3794,#3795);
#3794 = CARTESIAN_POINT('',(0.,26.8));
#3795 = VECTOR('',#3796,1.);
#3796 = DIRECTION('',(1.,0.));
#3797 = ( GEOMETRIC_REPRESENTATION_CONTEXT(2) 
PARAMETRIC_REPRESENTATION_CONTEXT() REPRESENTATION_CONTEXT('2D SPACE',''
  ) );
#3798 = ORIENTED_EDGE('',*,*,#1143,.F.);
#3799 = ORIENTED_EDGE('',*,*,#3706,.F.);
#3800 = ORIENTED_EDGE('',*,*,#1518,.T.);
#3801 = ADVANCED_FACE('',(#3802),#1132,.F.);
#3802 = FACE_BOUND('',#3803,.F.);
#3803 = EDGE_LOOP('',(#3804,#3805,#3806,#3807));
#3804 = ORIENTED_EDGE('',*,*,#1497,.T.);
#3805 = ORIENTED_EDGE('',*,*,#1300,.T.);
#3806 = ORIENTED_EDGE('',*,*,#1117,.F.);
#3807 = ORIENTED_EDGE('',*,*,#3778,.F.);
#3808 = ADVANCED_FACE('',(#3809,#3845),#1462,.F.);
#3809 = FACE_BOUND('',#3810,.F.);
#3810 = EDGE_LOOP('',(#3811,#3812,#3813,#3814,#3815,#3816,#3843,#3844));
#3811 = ORIENTED_EDGE('',*,*,#1952,.F.);
#3812 = ORIENTED_EDGE('',*,*,#1872,.T.);
#3813 = ORIENTED_EDGE('',*,*,#1748,.T.);
#3814 = ORIENTED_EDGE('',*,*,#1645,.T.);
#3815 = ORIENTED_EDGE('',*,*,#1446,.F.);
#3816 = ORIENTED_EDGE('',*,*,#3817,.T.);
#3817 = EDGE_CURVE('',#1419,#2184,#3818,.T.);
#3818 = SURFACE_CURVE('',#3819,(#3824,#3831),.PCURVE_S1.);
#3819 = ELLIPSE('',#3820,9.168942362101,9.16);
#3820 = AXIS2_PLACEMENT_3D('',#3821,#3822,#3823);
#3821 = CARTESIAN_POINT('',(72.19,13.16,18.641641310383));
#3822 = DIRECTION('',(0.,-4.415456249432E-02,0.999024711712));
#3823 = DIRECTION('',(0.,-0.999024711712,-4.415456249432E-02));
#3824 = PCURVE('',#1462,#3825);
#3825 = DEFINITIONAL_REPRESENTATION('',(#3826),#3830);
#3826 = ELLIPSE('',#3827,9.168942362101,9.16);
#3827 = AXIS2_PLACEMENT_2D('',#3828,#3829);
#3828 = CARTESIAN_POINT('',(67.605935276885,72.19));
#3829 = DIRECTION('',(1.,0.));
#3830 = ( GEOMETRIC_REPRESENTATION_CONTEXT(2) 
PARAMETRIC_REPRESENTATION_CONTEXT() REPRESENTATION_CONTEXT('2D SPACE',''
  ) );
#3831 = PCURVE('',#1434,#3832);
#3832 = DEFINITIONAL_REPRESENTATION('',(#3833),#3842);
#3833 = B_SPLINE_CURVE_WITH_KNOTS('',7,(#3834,#3835,#3836,#3837,#3838,
    #3839,#3840,#3841),.UNSPECIFIED.,.F.,.F.,(8,8),(3.102812800782E-15,
    1.570796326795),.PIECEWISE_BEZIER_KNOTS.);
#3834 = CARTESIAN_POINT('',(0.,-68.23679067184));
#3835 = CARTESIAN_POINT('',(-0.224399475256,-68.23679067184));
#3836 = CARTESIAN_POINT('',(-0.448798950513,-68.26057510948));
#3837 = CARTESIAN_POINT('',(-0.673198425769,-68.30814053434));
#3838 = CARTESIAN_POINT('',(-0.897597901026,-68.37656663992));
#3839 = CARTESIAN_POINT('',(-1.121997376282,-68.45994513758));
#3840 = CARTESIAN_POINT('',(-1.346396851538,-68.55079303953));
#3841 = CARTESIAN_POINT('',(-1.570796326795,-68.64164131038));
#3842 = ( GEOMETRIC_REPRESENTATION_CONTEXT(2) 
PARAMETRIC_REPRESENTATION_CONTEXT() REPRESENTATION_CONTEXT('2D SPACE',''
  ) );
#3843 = ORIENTED_EDGE('',*,*,#2300,.F.);
#3844 = ORIENTED_EDGE('',*,*,#2103,.T.);
#3845 = FACE_BOUND('',#3846,.F.);
#3846 = EDGE_LOOP('',(#3847,#3870,#3891,#3912));
#3847 = ORIENTED_EDGE('',*,*,#3848,.T.);
#3848 = EDGE_CURVE('',#3849,#3851,#3853,.T.);
#3849 = VERTEX_POINT('',#3850);
#3850 = CARTESIAN_POINT('',(-58.6,13.15,18.641199333704));
#3851 = VERTEX_POINT('',#3852);
#3852 = CARTESIAN_POINT('',(-69.8,13.15,18.641199333704));
#3853 = SURFACE_CURVE('',#3854,(#3858,#3864),.PCURVE_S1.);
#3854 = LINE('',#3855,#3856);
#3855 = CARTESIAN_POINT('',(-34.9,13.15,18.641199333703));
#3856 = VECTOR('',#3857,1.);
#3857 = DIRECTION('',(-1.,-0.,0.));
#3858 = PCURVE('',#1462,#3859);
#3859 = DEFINITIONAL_REPRESENTATION('',(#3860),#3863);
#3860 = B_SPLINE_CURVE_WITH_KNOTS('',1,(#3861,#3862),.UNSPECIFIED.,.F.,
  .F.,(2,2),(23.7,34.9),.PIECEWISE_BEZIER_KNOTS.);
#3861 = CARTESIAN_POINT('',(67.615945039289,-58.6));
#3862 = CARTESIAN_POINT('',(67.615945039289,-69.8));
#3863 = ( GEOMETRIC_REPRESENTATION_CONTEXT(2) 
PARAMETRIC_REPRESENTATION_CONTEXT() REPRESENTATION_CONTEXT('2D SPACE',''
  ) );
#3864 = PCURVE('',#3090,#3865);
#3865 = DEFINITIONAL_REPRESENTATION('',(#3866),#3869);
#3866 = B_SPLINE_CURVE_WITH_KNOTS('',1,(#3867,#3868),.UNSPECIFIED.,.F.,
  .F.,(2,2),(23.7,34.9),.PIECEWISE_BEZIER_KNOTS.);
#3867 = CARTESIAN_POINT('',(0.487307051638,11.2));
#3868 = CARTESIAN_POINT('',(0.487307051638,0.));
#3869 = ( GEOMETRIC_REPRESENTATION_CONTEXT(2) 
PARAMETRIC_REPRESENTATION_CONTEXT() REPRESENTATION_CONTEXT('2D SPACE',''
  ) );
#3870 = ORIENTED_EDGE('',*,*,#3871,.T.);
#3871 = EDGE_CURVE('',#3851,#3872,#3874,.T.);
#3872 = VERTEX_POINT('',#3873);
#3873 = CARTESIAN_POINT('',(-69.8,36.35,19.666585230428));
#3874 = SURFACE_CURVE('',#3875,(#3879,#3885),.PCURVE_S1.);
#3875 = LINE('',#3876,#3877);
#3876 = CARTESIAN_POINT('',(-69.8,46.914252077723,20.133500536028));
#3877 = VECTOR('',#3878,1.);
#3878 = DIRECTION('',(0.,0.999024711712,4.415456249432E-02));
#3879 = PCURVE('',#1462,#3880);
#3880 = DEFINITIONAL_REPRESENTATION('',(#3881),#3884);
#3881 = B_SPLINE_CURVE_WITH_KNOTS('',1,(#3882,#3883),.UNSPECIFIED.,.F.,
  .F.,(2,2),(-33.79721410481,-10.57456532743),.PIECEWISE_BEZIER_KNOTS.);
#3882 = CARTESIAN_POINT('',(67.615945039289,-69.8));
#3883 = CARTESIAN_POINT('',(44.393296261917,-69.8));
#3884 = ( GEOMETRIC_REPRESENTATION_CONTEXT(2) 
PARAMETRIC_REPRESENTATION_CONTEXT() REPRESENTATION_CONTEXT('2D SPACE',''
  ) );
#3885 = PCURVE('',#3116,#3886);
#3886 = DEFINITIONAL_REPRESENTATION('',(#3887),#3890);
#3887 = B_SPLINE_CURVE_WITH_KNOTS('',1,(#3888,#3889),.UNSPECIFIED.,.F.,
  .F.,(2,2),(-33.79721410481,-10.57456532743),.PIECEWISE_BEZIER_KNOTS.);
#3888 = CARTESIAN_POINT('',(0.487307051638,8.7970788819E-15));
#3889 = CARTESIAN_POINT('',(1.512692948362,-23.2));
#3890 = ( GEOMETRIC_REPRESENTATION_CONTEXT(2) 
PARAMETRIC_REPRESENTATION_CONTEXT() REPRESENTATION_CONTEXT('2D SPACE',''
  ) );
#3891 = ORIENTED_EDGE('',*,*,#3892,.F.);
#3892 = EDGE_CURVE('',#3893,#3872,#3895,.T.);
#3893 = VERTEX_POINT('',#3894);
#3894 = CARTESIAN_POINT('',(-58.6,36.35,19.666585230428));
#3895 = SURFACE_CURVE('',#3896,(#3900,#3906),.PCURVE_S1.);
#3896 = LINE('',#3897,#3898);
#3897 = CARTESIAN_POINT('',(-34.9,36.35,19.666585230428));
#3898 = VECTOR('',#3899,1.);
#3899 = DIRECTION('',(-1.,-0.,0.));
#3900 = PCURVE('',#1462,#3901);
#3901 = DEFINITIONAL_REPRESENTATION('',(#3902),#3905);
#3902 = B_SPLINE_CURVE_WITH_KNOTS('',1,(#3903,#3904),.UNSPECIFIED.,.F.,
  .F.,(2,2),(23.7,34.9),.PIECEWISE_BEZIER_KNOTS.);
#3903 = CARTESIAN_POINT('',(44.393296261917,-58.6));
#3904 = CARTESIAN_POINT('',(44.393296261917,-69.8));
#3905 = ( GEOMETRIC_REPRESENTATION_CONTEXT(2) 
PARAMETRIC_REPRESENTATION_CONTEXT() REPRESENTATION_CONTEXT('2D SPACE',''
  ) );
#3906 = PCURVE('',#3142,#3907);
#3907 = DEFINITIONAL_REPRESENTATION('',(#3908),#3911);
#3908 = B_SPLINE_CURVE_WITH_KNOTS('',1,(#3909,#3910),.UNSPECIFIED.,.F.,
  .F.,(2,2),(23.7,34.9),.PIECEWISE_BEZIER_KNOTS.);
#3909 = CARTESIAN_POINT('',(1.512692948362,11.2));
#3910 = CARTESIAN_POINT('',(1.512692948362,0.));
#3911 = ( GEOMETRIC_REPRESENTATION_CONTEXT(2) 
PARAMETRIC_REPRESENTATION_CONTEXT() REPRESENTATION_CONTEXT('2D SPACE',''
  ) );
#3912 = ORIENTED_EDGE('',*,*,#3913,.F.);
#3913 = EDGE_CURVE('',#3849,#3893,#3914,.T.);
#3914 = SURFACE_CURVE('',#3915,(#3919,#3925),.PCURVE_S1.);
#3915 = LINE('',#3916,#3917);
#3916 = CARTESIAN_POINT('',(-58.6,46.914252077723,20.133500536028));
#3917 = VECTOR('',#3918,1.);
#3918 = DIRECTION('',(0.,0.999024711712,4.415456249432E-02));
#3919 = PCURVE('',#1462,#3920);
#3920 = DEFINITIONAL_REPRESENTATION('',(#3921),#3924);
#3921 = B_SPLINE_CURVE_WITH_KNOTS('',1,(#3922,#3923),.UNSPECIFIED.,.F.,
  .F.,(2,2),(-33.79721410481,-10.57456532743),.PIECEWISE_BEZIER_KNOTS.);
#3922 = CARTESIAN_POINT('',(67.615945039289,-58.6));
#3923 = CARTESIAN_POINT('',(44.393296261917,-58.6));
#3924 = ( GEOMETRIC_REPRESENTATION_CONTEXT(2) 
PARAMETRIC_REPRESENTATION_CONTEXT() REPRESENTATION_CONTEXT('2D SPACE',''
  ) );
#3925 = PCURVE('',#3166,#3926);
#3926 = DEFINITIONAL_REPRESENTATION('',(#3927),#3930);
#3927 = B_SPLINE_CURVE_WITH_KNOTS('',1,(#3928,#3929),.UNSPECIFIED.,.F.,
  .F.,(2,2),(-33.79721410481,-10.57456532743),.PIECEWISE_BEZIER_KNOTS.);
#3928 = CARTESIAN_POINT('',(0.487307051638,8.7970788819E-15));
#3929 = CARTESIAN_POINT('',(1.512692948362,-23.2));
#3930 = ( GEOMETRIC_REPRESENTATION_CONTEXT(2) 
PARAMETRIC_REPRESENTATION_CONTEXT() REPRESENTATION_CONTEXT('2D SPACE',''
  ) );
#3931 = ADVANCED_FACE('',(#3932),#1434,.F.);
#3932 = FACE_BOUND('',#3933,.T.);
#3933 = EDGE_LOOP('',(#3934,#3935,#3936,#3937));
#3934 = ORIENTED_EDGE('',*,*,#2181,.F.);
#3935 = ORIENTED_EDGE('',*,*,#3726,.T.);
#3936 = ORIENTED_EDGE('',*,*,#1418,.T.);
#3937 = ORIENTED_EDGE('',*,*,#3817,.T.);
#3938 = ADVANCED_FACE('',(#3939),#1605,.F.);
#3939 = FACE_BOUND('',#3940,.F.);
#3940 = EDGE_LOOP('',(#3941,#3942,#3963,#3964));
#3941 = ORIENTED_EDGE('',*,*,#1820,.F.);
#3942 = ORIENTED_EDGE('',*,*,#3943,.F.);
#3943 = EDGE_CURVE('',#1589,#1821,#3944,.T.);
#3944 = SEAM_CURVE('',#3945,(#3949,#3956),.PCURVE_S1.);
#3945 = LINE('',#3946,#3947);
#3946 = CARTESIAN_POINT('',(-98.6,90.05,16.29));
#3947 = VECTOR('',#3948,1.);
#3948 = DIRECTION('',(1.,0.,2.22044604925E-16));
#3949 = PCURVE('',#1605,#3950);
#3950 = DEFINITIONAL_REPRESENTATION('',(#3951),#3955);
#3951 = LINE('',#3952,#3953);
#3952 = CARTESIAN_POINT('',(6.28318530718,-0.));
#3953 = VECTOR('',#3954,1.);
#3954 = DIRECTION('',(0.,1.));
#3955 = ( GEOMETRIC_REPRESENTATION_CONTEXT(2) 
PARAMETRIC_REPRESENTATION_CONTEXT() REPRESENTATION_CONTEXT('2D SPACE',''
  ) );
#3956 = PCURVE('',#1605,#3957);
#3957 = DEFINITIONAL_REPRESENTATION('',(#3958),#3962);
#3958 = LINE('',#3959,#3960);
#3959 = CARTESIAN_POINT('',(0.,-0.));
#3960 = VECTOR('',#3961,1.);
#3961 = DIRECTION('',(0.,1.));
#3962 = ( GEOMETRIC_REPRESENTATION_CONTEXT(2) 
PARAMETRIC_REPRESENTATION_CONTEXT() REPRESENTATION_CONTEXT('2D SPACE',''
  ) );
#3963 = ORIENTED_EDGE('',*,*,#1588,.T.);
#3964 = ORIENTED_EDGE('',*,*,#3943,.T.);
#3965 = ADVANCED_FACE('',(#3966),#2063,.F.);
#3966 = FACE_BOUND('',#3967,.F.);
#3967 = EDGE_LOOP('',(#3968,#3991,#4018,#4019));
#3968 = ORIENTED_EDGE('',*,*,#3969,.T.);
#3969 = EDGE_CURVE('',#2047,#3970,#3972,.T.);
#3970 = VERTEX_POINT('',#3971);
#3971 = CARTESIAN_POINT('',(-76.4,90.05,16.29));
#3972 = SEAM_CURVE('',#3973,(#3977,#3984),.PCURVE_S1.);
#3973 = LINE('',#3974,#3975);
#3974 = CARTESIAN_POINT('',(-98.6,90.05,16.29));
#3975 = VECTOR('',#3976,1.);
#3976 = DIRECTION('',(1.,0.,2.22044604925E-16));
#3977 = PCURVE('',#2063,#3978);
#3978 = DEFINITIONAL_REPRESENTATION('',(#3979),#3983);
#3979 = LINE('',#3980,#3981);
#3980 = CARTESIAN_POINT('',(6.28318530718,-0.));
#3981 = VECTOR('',#3982,1.);
#3982 = DIRECTION('',(0.,1.));
#3983 = ( GEOMETRIC_REPRESENTATION_CONTEXT(2) 
PARAMETRIC_REPRESENTATION_CONTEXT() REPRESENTATION_CONTEXT('2D SPACE',''
  ) );
#3984 = PCURVE('',#2063,#3985);
#3985 = DEFINITIONAL_REPRESENTATION('',(#3986),#3990);
#3986 = LINE('',#3987,#3988);
#3987 = CARTESIAN_POINT('',(0.,-0.));
#3988 = VECTOR('',#3989,1.);
#3989 = DIRECTION('',(0.,1.));
#3990 = ( GEOMETRIC_REPRESENTATION_CONTEXT(2) 
PARAMETRIC_REPRESENTATION_CONTEXT() REPRESENTATION_CONTEXT('2D SPACE',''
  ) );
#3991 = ORIENTED_EDGE('',*,*,#3992,.F.);
#3992 = EDGE_CURVE('',#3970,#3970,#3993,.T.);
#3993 = SURFACE_CURVE('',#3994,(#3999,#4006),.PCURVE_S1.);
#3994 = CIRCLE('',#3995,1.75);
#3995 = AXIS2_PLACEMENT_3D('',#3996,#3997,#3998);
#3996 = CARTESIAN_POINT('',(-76.4,90.05,18.04));
#3997 = DIRECTION('',(1.,-0.,2.22044604925E-16));
#3998 = DIRECTION('',(2.22044604925E-16,0.,-1.));
#3999 = PCURVE('',#2063,#4000);
#4000 = DEFINITIONAL_REPRESENTATION('',(#4001),#4005);
#4001 = LINE('',#4002,#4003);
#4002 = CARTESIAN_POINT('',(0.,22.2));
#4003 = VECTOR('',#4004,1.);
#4004 = DIRECTION('',(1.,0.));
#4005 = ( GEOMETRIC_REPRESENTATION_CONTEXT(2) 
PARAMETRIC_REPRESENTATION_CONTEXT() REPRESENTATION_CONTEXT('2D SPACE',''
  ) );
#4006 = PCURVE('',#4007,#4012);
#4007 = PLANE('',#4008);
#4008 = AXIS2_PLACEMENT_3D('',#4009,#4010,#4011);
#4009 = CARTESIAN_POINT('',(-76.4,90.05,18.04));
#4010 = DIRECTION('',(1.,0.,2.22044604925E-16));
#4011 = DIRECTION('',(2.22044604925E-16,0.,-1.));
#4012 = DEFINITIONAL_REPRESENTATION('',(#4013),#4017);
#4013 = CIRCLE('',#4014,1.75);
#4014 = AXIS2_PLACEMENT_2D('',#4015,#4016);
#4015 = CARTESIAN_POINT('',(0.,0.));
#4016 = DIRECTION('',(1.,0.));
#4017 = ( GEOMETRIC_REPRESENTATION_CONTEXT(2) 
PARAMETRIC_REPRESENTATION_CONTEXT() REPRESENTATION_CONTEXT('2D SPACE',''
  ) );
#4018 = ORIENTED_EDGE('',*,*,#3969,.F.);
#4019 = ORIENTED_EDGE('',*,*,#2046,.T.);
#4020 = ADVANCED_FACE('',(#4021),#2268,.F.);
#4021 = FACE_BOUND('',#4022,.F.);
#4022 = EDGE_LOOP('',(#4023,#4024,#4025,#4046));
#4023 = ORIENTED_EDGE('',*,*,#2403,.F.);
#4024 = ORIENTED_EDGE('',*,*,#2253,.T.);
#4025 = ORIENTED_EDGE('',*,*,#4026,.T.);
#4026 = EDGE_CURVE('',#2228,#2570,#4027,.T.);
#4027 = SURFACE_CURVE('',#4028,(#4032,#4039),.PCURVE_S1.);
#4028 = LINE('',#4029,#4030);
#4029 = CARTESIAN_POINT('',(80.35,36.35,18.331771238201));
#4030 = VECTOR('',#4031,1.);
#4031 = DIRECTION('',(1.,0.,-0.));
#4032 = PCURVE('',#2268,#4033);
#4033 = DEFINITIONAL_REPRESENTATION('',(#4034),#4038);
#4034 = LINE('',#4035,#4036);
#4035 = CARTESIAN_POINT('',(0.,0.));
#4036 = VECTOR('',#4037,1.);
#4037 = DIRECTION('',(1.,0.));
#4038 = ( GEOMETRIC_REPRESENTATION_CONTEXT(2) 
PARAMETRIC_REPRESENTATION_CONTEXT() REPRESENTATION_CONTEXT('2D SPACE',''
  ) );
#4039 = PCURVE('',#2242,#4040);
#4040 = DEFINITIONAL_REPRESENTATION('',(#4041),#4045);
#4041 = LINE('',#4042,#4043);
#4042 = CARTESIAN_POINT('',(10.6,0.));
#4043 = VECTOR('',#4044,1.);
#4044 = DIRECTION('',(0.,1.));
#4045 = ( GEOMETRIC_REPRESENTATION_CONTEXT(2) 
PARAMETRIC_REPRESENTATION_CONTEXT() REPRESENTATION_CONTEXT('2D SPACE',''
  ) );
#4046 = ORIENTED_EDGE('',*,*,#2590,.F.);
#4047 = ADVANCED_FACE('',(#4048),#2242,.T.);
#4048 = FACE_BOUND('',#4049,.T.);
#4049 = EDGE_LOOP('',(#4050,#4051,#4052,#4053));
#4050 = ORIENTED_EDGE('',*,*,#4026,.T.);
#4051 = ORIENTED_EDGE('',*,*,#2569,.F.);
#4052 = ORIENTED_EDGE('',*,*,#3754,.F.);
#4053 = ORIENTED_EDGE('',*,*,#2227,.T.);
#4054 = ADVANCED_FACE('',(#4055),#2388,.F.);
#4055 = FACE_BOUND('',#4056,.F.);
#4056 = EDGE_LOOP('',(#4057,#4058,#4081,#4108));
#4057 = ORIENTED_EDGE('',*,*,#2371,.F.);
#4058 = ORIENTED_EDGE('',*,*,#4059,.F.);
#4059 = EDGE_CURVE('',#4060,#2372,#4062,.T.);
#4060 = VERTEX_POINT('',#4061);
#4061 = CARTESIAN_POINT('',(76.4,90.05,16.29));
#4062 = SEAM_CURVE('',#4063,(#4067,#4074),.PCURVE_S1.);
#4063 = LINE('',#4064,#4065);
#4064 = CARTESIAN_POINT('',(76.4,90.05,16.29));
#4065 = VECTOR('',#4066,1.);
#4066 = DIRECTION('',(1.,0.,2.22044604925E-16));
#4067 = PCURVE('',#2388,#4068);
#4068 = DEFINITIONAL_REPRESENTATION('',(#4069),#4073);
#4069 = LINE('',#4070,#4071);
#4070 = CARTESIAN_POINT('',(6.28318530718,-0.));
#4071 = VECTOR('',#4072,1.);
#4072 = DIRECTION('',(0.,1.));
#4073 = ( GEOMETRIC_REPRESENTATION_CONTEXT(2) 
PARAMETRIC_REPRESENTATION_CONTEXT() REPRESENTATION_CONTEXT('2D SPACE',''
  ) );
#4074 = PCURVE('',#2388,#4075);
#4075 = DEFINITIONAL_REPRESENTATION('',(#4076),#4080);
#4076 = LINE('',#4077,#4078);
#4077 = CARTESIAN_POINT('',(0.,-0.));
#4078 = VECTOR('',#4079,1.);
#4079 = DIRECTION('',(0.,1.));
#4080 = ( GEOMETRIC_REPRESENTATION_CONTEXT(2) 
PARAMETRIC_REPRESENTATION_CONTEXT() REPRESENTATION_CONTEXT('2D SPACE',''
  ) );
#4081 = ORIENTED_EDGE('',*,*,#4082,.T.);
#4082 = EDGE_CURVE('',#4060,#4060,#4083,.T.);
#4083 = SURFACE_CURVE('',#4084,(#4089,#4096),.PCURVE_S1.);
#4084 = CIRCLE('',#4085,1.75);
#4085 = AXIS2_PLACEMENT_3D('',#4086,#4087,#4088);
#4086 = CARTESIAN_POINT('',(76.4,90.05,18.04));
#4087 = DIRECTION('',(1.,-0.,2.22044604925E-16));
#4088 = DIRECTION('',(2.22044604925E-16,0.,-1.));
#4089 = PCURVE('',#2388,#4090);
#4090 = DEFINITIONAL_REPRESENTATION('',(#4091),#4095);
#4091 = LINE('',#4092,#4093);
#4092 = CARTESIAN_POINT('',(0.,0.));
#4093 = VECTOR('',#4094,1.);
#4094 = DIRECTION('',(1.,0.));
#4095 = ( GEOMETRIC_REPRESENTATION_CONTEXT(2) 
PARAMETRIC_REPRESENTATION_CONTEXT() REPRESENTATION_CONTEXT('2D SPACE',''
  ) );
#4096 = PCURVE('',#4097,#4102);
#4097 = PLANE('',#4098);
#4098 = AXIS2_PLACEMENT_3D('',#4099,#4100,#4101);
#4099 = CARTESIAN_POINT('',(76.4,90.05,18.04));
#4100 = DIRECTION('',(1.,0.,2.22044604925E-16));
#4101 = DIRECTION('',(2.22044604925E-16,0.,-1.));
#4102 = DEFINITIONAL_REPRESENTATION('',(#4103),#4107);
#4103 = CIRCLE('',#4104,1.75);
#4104 = AXIS2_PLACEMENT_2D('',#4105,#4106);
#4105 = CARTESIAN_POINT('',(0.,0.));
#4106 = DIRECTION('',(1.,0.));
#4107 = ( GEOMETRIC_REPRESENTATION_CONTEXT(2) 
PARAMETRIC_REPRESENTATION_CONTEXT() REPRESENTATION_CONTEXT('2D SPACE',''
  ) );
#4108 = ORIENTED_EDGE('',*,*,#4059,.T.);
#4109 = ADVANCED_FACE('',(#4110),#2656,.F.);
#4110 = FACE_BOUND('',#4111,.F.);
#4111 = EDGE_LOOP('',(#4112,#4113,#4134,#4135));
#4112 = ORIENTED_EDGE('',*,*,#2639,.F.);
#4113 = ORIENTED_EDGE('',*,*,#4114,.F.);
#4114 = EDGE_CURVE('',#2895,#2640,#4115,.T.);
#4115 = SEAM_CURVE('',#4116,(#4120,#4127),.PCURVE_S1.);
#4116 = LINE('',#4117,#4118);
#4117 = CARTESIAN_POINT('',(96.6,90.05,14.84));
#4118 = VECTOR('',#4119,1.);
#4119 = DIRECTION('',(1.,0.,2.22044604925E-16));
#4120 = PCURVE('',#2656,#4121);
#4121 = DEFINITIONAL_REPRESENTATION('',(#4122),#4126);
#4122 = LINE('',#4123,#4124);
#4123 = CARTESIAN_POINT('',(6.28318530718,-0.));
#4124 = VECTOR('',#4125,1.);
#4125 = DIRECTION('',(0.,1.));
#4126 = ( GEOMETRIC_REPRESENTATION_CONTEXT(2) 
PARAMETRIC_REPRESENTATION_CONTEXT() REPRESENTATION_CONTEXT('2D SPACE',''
  ) );
#4127 = PCURVE('',#2656,#4128);
#4128 = DEFINITIONAL_REPRESENTATION('',(#4129),#4133);
#4129 = LINE('',#4130,#4131);
#4130 = CARTESIAN_POINT('',(0.,-0.));
#4131 = VECTOR('',#4132,1.);
#4132 = DIRECTION('',(0.,1.));
#4133 = ( GEOMETRIC_REPRESENTATION_CONTEXT(2) 
PARAMETRIC_REPRESENTATION_CONTEXT() REPRESENTATION_CONTEXT('2D SPACE',''
  ) );
#4134 = ORIENTED_EDGE('',*,*,#2894,.T.);
#4135 = ORIENTED_EDGE('',*,*,#4114,.T.);
#4136 = ADVANCED_FACE('',(#4137),#2736,.F.);
#4137 = FACE_BOUND('',#4138,.F.);
#4138 = EDGE_LOOP('',(#4139,#4140,#4161,#4162));
#4139 = ORIENTED_EDGE('',*,*,#2969,.F.);
#4140 = ORIENTED_EDGE('',*,*,#4141,.F.);
#4141 = EDGE_CURVE('',#2720,#2970,#4142,.T.);
#4142 = SEAM_CURVE('',#4143,(#4147,#4154),.PCURVE_S1.);
#4143 = LINE('',#4144,#4145);
#4144 = CARTESIAN_POINT('',(76.4,90.05,16.29));
#4145 = VECTOR('',#4146,1.);
#4146 = DIRECTION('',(1.,0.,2.22044604925E-16));
#4147 = PCURVE('',#2736,#4148);
#4148 = DEFINITIONAL_REPRESENTATION('',(#4149),#4153);
#4149 = LINE('',#4150,#4151);
#4150 = CARTESIAN_POINT('',(6.28318530718,-0.));
#4151 = VECTOR('',#4152,1.);
#4152 = DIRECTION('',(0.,1.));
#4153 = ( GEOMETRIC_REPRESENTATION_CONTEXT(2) 
PARAMETRIC_REPRESENTATION_CONTEXT() REPRESENTATION_CONTEXT('2D SPACE',''
  ) );
#4154 = PCURVE('',#2736,#4155);
#4155 = DEFINITIONAL_REPRESENTATION('',(#4156),#4160);
#4156 = LINE('',#4157,#4158);
#4157 = CARTESIAN_POINT('',(0.,-0.));
#4158 = VECTOR('',#4159,1.);
#4159 = DIRECTION('',(0.,1.));
#4160 = ( GEOMETRIC_REPRESENTATION_CONTEXT(2) 
PARAMETRIC_REPRESENTATION_CONTEXT() REPRESENTATION_CONTEXT('2D SPACE',''
  ) );
#4161 = ORIENTED_EDGE('',*,*,#2719,.T.);
#4162 = ORIENTED_EDGE('',*,*,#4141,.T.);
#4163 = ADVANCED_FACE('',(#4164),#3090,.T.);
#4164 = FACE_BOUND('',#4165,.T.);
#4165 = EDGE_LOOP('',(#4166,#4187,#4188,#4209));
#4166 = ORIENTED_EDGE('',*,*,#4167,.F.);
#4167 = EDGE_CURVE('',#3849,#3074,#4168,.T.);
#4168 = SURFACE_CURVE('',#4169,(#4173,#4180),.PCURVE_S1.);
#4169 = LINE('',#4170,#4171);
#4170 = CARTESIAN_POINT('',(-58.6,13.15,18.153892282066));
#4171 = VECTOR('',#4172,1.);
#4172 = DIRECTION('',(0.,0.,1.));
#4173 = PCURVE('',#3090,#4174);
#4174 = DEFINITIONAL_REPRESENTATION('',(#4175),#4179);
#4175 = LINE('',#4176,#4177);
#4176 = CARTESIAN_POINT('',(0.,11.2));
#4177 = VECTOR('',#4178,1.);
#4178 = DIRECTION('',(1.,0.));
#4179 = ( GEOMETRIC_REPRESENTATION_CONTEXT(2) 
PARAMETRIC_REPRESENTATION_CONTEXT() REPRESENTATION_CONTEXT('2D SPACE',''
  ) );
#4180 = PCURVE('',#3166,#4181);
#4181 = DEFINITIONAL_REPRESENTATION('',(#4182),#4186);
#4182 = LINE('',#4183,#4184);
#4183 = CARTESIAN_POINT('',(0.,0.));
#4184 = VECTOR('',#4185,1.);
#4185 = DIRECTION('',(1.,0.));
#4186 = ( GEOMETRIC_REPRESENTATION_CONTEXT(2) 
PARAMETRIC_REPRESENTATION_CONTEXT() REPRESENTATION_CONTEXT('2D SPACE',''
  ) );
#4187 = ORIENTED_EDGE('',*,*,#3848,.T.);
#4188 = ORIENTED_EDGE('',*,*,#4189,.T.);
#4189 = EDGE_CURVE('',#3851,#3076,#4190,.T.);
#4190 = SURFACE_CURVE('',#4191,(#4195,#4202),.PCURVE_S1.);
#4191 = LINE('',#4192,#4193);
#4192 = CARTESIAN_POINT('',(-69.8,13.15,18.153892282066));
#4193 = VECTOR('',#4194,1.);
#4194 = DIRECTION('',(0.,0.,1.));
#4195 = PCURVE('',#3090,#4196);
#4196 = DEFINITIONAL_REPRESENTATION('',(#4197),#4201);
#4197 = LINE('',#4198,#4199);
#4198 = CARTESIAN_POINT('',(0.,0.));
#4199 = VECTOR('',#4200,1.);
#4200 = DIRECTION('',(1.,0.));
#4201 = ( GEOMETRIC_REPRESENTATION_CONTEXT(2) 
PARAMETRIC_REPRESENTATION_CONTEXT() REPRESENTATION_CONTEXT('2D SPACE',''
  ) );
#4202 = PCURVE('',#3116,#4203);
#4203 = DEFINITIONAL_REPRESENTATION('',(#4204),#4208);
#4204 = LINE('',#4205,#4206);
#4205 = CARTESIAN_POINT('',(0.,0.));
#4206 = VECTOR('',#4207,1.);
#4207 = DIRECTION('',(1.,0.));
#4208 = ( GEOMETRIC_REPRESENTATION_CONTEXT(2) 
PARAMETRIC_REPRESENTATION_CONTEXT() REPRESENTATION_CONTEXT('2D SPACE',''
  ) );
#4209 = ORIENTED_EDGE('',*,*,#3073,.F.);
#4210 = ADVANCED_FACE('',(#4211),#3166,.F.);
#4211 = FACE_BOUND('',#4212,.F.);
#4212 = EDGE_LOOP('',(#4213,#4214,#4215,#4236));
#4213 = ORIENTED_EDGE('',*,*,#4167,.F.);
#4214 = ORIENTED_EDGE('',*,*,#3913,.T.);
#4215 = ORIENTED_EDGE('',*,*,#4216,.T.);
#4216 = EDGE_CURVE('',#3893,#3128,#4217,.T.);
#4217 = SURFACE_CURVE('',#4218,(#4222,#4229),.PCURVE_S1.);
#4218 = LINE('',#4219,#4220);
#4219 = CARTESIAN_POINT('',(-58.6,36.35,18.153892282066));
#4220 = VECTOR('',#4221,1.);
#4221 = DIRECTION('',(0.,0.,1.));
#4222 = PCURVE('',#3166,#4223);
#4223 = DEFINITIONAL_REPRESENTATION('',(#4224),#4228);
#4224 = LINE('',#4225,#4226);
#4225 = CARTESIAN_POINT('',(0.,-23.2));
#4226 = VECTOR('',#4227,1.);
#4227 = DIRECTION('',(1.,0.));
#4228 = ( GEOMETRIC_REPRESENTATION_CONTEXT(2) 
PARAMETRIC_REPRESENTATION_CONTEXT() REPRESENTATION_CONTEXT('2D SPACE',''
  ) );
#4229 = PCURVE('',#3142,#4230);
#4230 = DEFINITIONAL_REPRESENTATION('',(#4231),#4235);
#4231 = LINE('',#4232,#4233);
#4232 = CARTESIAN_POINT('',(0.,11.2));
#4233 = VECTOR('',#4234,1.);
#4234 = DIRECTION('',(1.,0.));
#4235 = ( GEOMETRIC_REPRESENTATION_CONTEXT(2) 
PARAMETRIC_REPRESENTATION_CONTEXT() REPRESENTATION_CONTEXT('2D SPACE',''
  ) );
#4236 = ORIENTED_EDGE('',*,*,#3153,.F.);
#4237 = ADVANCED_FACE('',(#4238),#3116,.T.);
#4238 = FACE_BOUND('',#4239,.T.);
#4239 = EDGE_LOOP('',(#4240,#4241,#4242,#4263));
#4240 = ORIENTED_EDGE('',*,*,#4189,.F.);
#4241 = ORIENTED_EDGE('',*,*,#3871,.T.);
#4242 = ORIENTED_EDGE('',*,*,#4243,.T.);
#4243 = EDGE_CURVE('',#3872,#3102,#4244,.T.);
#4244 = SURFACE_CURVE('',#4245,(#4249,#4256),.PCURVE_S1.);
#4245 = LINE('',#4246,#4247);
#4246 = CARTESIAN_POINT('',(-69.8,36.35,18.153892282066));
#4247 = VECTOR('',#4248,1.);
#4248 = DIRECTION('',(0.,0.,1.));
#4249 = PCURVE('',#3116,#4250);
#4250 = DEFINITIONAL_REPRESENTATION('',(#4251),#4255);
#4251 = LINE('',#4252,#4253);
#4252 = CARTESIAN_POINT('',(0.,-23.2));
#4253 = VECTOR('',#4254,1.);
#4254 = DIRECTION('',(1.,0.));
#4255 = ( GEOMETRIC_REPRESENTATION_CONTEXT(2) 
PARAMETRIC_REPRESENTATION_CONTEXT() REPRESENTATION_CONTEXT('2D SPACE',''
  ) );
#4256 = PCURVE('',#3142,#4257);
#4257 = DEFINITIONAL_REPRESENTATION('',(#4258),#4262);
#4258 = LINE('',#4259,#4260);
#4259 = CARTESIAN_POINT('',(0.,0.));
#4260 = VECTOR('',#4261,1.);
#4261 = DIRECTION('',(1.,0.));
#4262 = ( GEOMETRIC_REPRESENTATION_CONTEXT(2) 
PARAMETRIC_REPRESENTATION_CONTEXT() REPRESENTATION_CONTEXT('2D SPACE',''
  ) );
#4263 = ORIENTED_EDGE('',*,*,#3101,.F.);
#4264 = ADVANCED_FACE('',(#4265),#3142,.F.);
#4265 = FACE_BOUND('',#4266,.F.);
#4266 = EDGE_LOOP('',(#4267,#4268,#4269,#4270));
#4267 = ORIENTED_EDGE('',*,*,#4216,.F.);
#4268 = ORIENTED_EDGE('',*,*,#3892,.T.);
#4269 = ORIENTED_EDGE('',*,*,#4243,.T.);
#4270 = ORIENTED_EDGE('',*,*,#3127,.F.);
#4271 = ADVANCED_FACE('',(#4272),#3197,.F.);
#4272 = FACE_BOUND('',#4273,.F.);
#4273 = EDGE_LOOP('',(#4274,#4297,#4298,#4321));
#4274 = ORIENTED_EDGE('',*,*,#4275,.T.);
#4275 = EDGE_CURVE('',#4276,#3180,#4278,.T.);
#4276 = VERTEX_POINT('',#4277);
#4277 = CARTESIAN_POINT('',(-13.55886037595,62.356986965421,
    21.415447660781));
#4278 = SURFACE_CURVE('',#4279,(#4283,#4290),.PCURVE_S1.);
#4279 = LINE('',#4280,#4281);
#4280 = CARTESIAN_POINT('',(-13.55886037595,62.356986965421,
    21.415447660781));
#4281 = VECTOR('',#4282,1.);
#4282 = DIRECTION('',(0.,-4.415456249432E-02,0.999024711712));
#4283 = PCURVE('',#3197,#4284);
#4284 = DEFINITIONAL_REPRESENTATION('',(#4285),#4289);
#4285 = LINE('',#4286,#4287);
#4286 = CARTESIAN_POINT('',(0.,0.));
#4287 = VECTOR('',#4288,1.);
#4288 = DIRECTION('',(0.,-1.));
#4289 = ( GEOMETRIC_REPRESENTATION_CONTEXT(2) 
PARAMETRIC_REPRESENTATION_CONTEXT() REPRESENTATION_CONTEXT('2D SPACE',''
  ) );
#4290 = PCURVE('',#3396,#4291);
#4291 = DEFINITIONAL_REPRESENTATION('',(#4292),#4296);
#4292 = LINE('',#4293,#4294);
#4293 = CARTESIAN_POINT('',(9.365943662708,0.));
#4294 = VECTOR('',#4295,1.);
#4295 = DIRECTION('',(0.,-1.));
#4296 = ( GEOMETRIC_REPRESENTATION_CONTEXT(2) 
PARAMETRIC_REPRESENTATION_CONTEXT() REPRESENTATION_CONTEXT('2D SPACE',''
  ) );
#4297 = ORIENTED_EDGE('',*,*,#3179,.T.);
#4298 = ORIENTED_EDGE('',*,*,#4299,.F.);
#4299 = EDGE_CURVE('',#4300,#3182,#4302,.T.);
#4300 = VERTEX_POINT('',#4301);
#4301 = CARTESIAN_POINT('',(11.212071685731,62.356986965421,
    21.415447660781));
#4302 = SURFACE_CURVE('',#4303,(#4307,#4314),.PCURVE_S1.);
#4303 = LINE('',#4304,#4305);
#4304 = CARTESIAN_POINT('',(11.212071685731,62.356986965421,
    21.415447660781));
#4305 = VECTOR('',#4306,1.);
#4306 = DIRECTION('',(0.,-4.415456249432E-02,0.999024711712));
#4307 = PCURVE('',#3197,#4308);
#4308 = DEFINITIONAL_REPRESENTATION('',(#4309),#4313);
#4309 = LINE('',#4310,#4311);
#4310 = CARTESIAN_POINT('',(24.770932061684,0.));
#4311 = VECTOR('',#4312,1.);
#4312 = DIRECTION('',(0.,-1.));
#4313 = ( GEOMETRIC_REPRESENTATION_CONTEXT(2) 
PARAMETRIC_REPRESENTATION_CONTEXT() REPRESENTATION_CONTEXT('2D SPACE',''
  ) );
#4314 = PCURVE('',#3225,#4315);
#4315 = DEFINITIONAL_REPRESENTATION('',(#4316),#4320);
#4316 = LINE('',#4317,#4318);
#4317 = CARTESIAN_POINT('',(0.,0.));
#4318 = VECTOR('',#4319,1.);
#4319 = DIRECTION('',(0.,-1.));
#4320 = ( GEOMETRIC_REPRESENTATION_CONTEXT(2) 
PARAMETRIC_REPRESENTATION_CONTEXT() REPRESENTATION_CONTEXT('2D SPACE',''
  ) );
#4321 = ORIENTED_EDGE('',*,*,#4322,.F.);
#4322 = EDGE_CURVE('',#4276,#4300,#4323,.T.);
#4323 = SURFACE_CURVE('',#4324,(#4328),.PCURVE_S1.);
#4324 = LINE('',#4325,#4326);
#4325 = CARTESIAN_POINT('',(-13.55886037595,62.356986965421,
    21.415447660781));
#4326 = VECTOR('',#4327,1.);
#4327 = DIRECTION('',(1.,-1.223452415467E-16,-5.407374362642E-18));
#4328 = PCURVE('',#3197,#4329);
#4329 = DEFINITIONAL_REPRESENTATION('',(#4330),#4334);
#4330 = LINE('',#4331,#4332);
#4331 = CARTESIAN_POINT('',(0.,0.));
#4332 = VECTOR('',#4333,1.);
#4333 = DIRECTION('',(1.,0.));
#4334 = ( GEOMETRIC_REPRESENTATION_CONTEXT(2) 
PARAMETRIC_REPRESENTATION_CONTEXT() REPRESENTATION_CONTEXT('2D SPACE',''
  ) );
#4335 = ADVANCED_FACE('',(#4336),#3396,.F.);
#4336 = FACE_BOUND('',#4337,.F.);
#4337 = EDGE_LOOP('',(#4338,#4361,#4362,#4363));
#4338 = ORIENTED_EDGE('',*,*,#4339,.T.);
#4339 = EDGE_CURVE('',#4340,#3355,#4342,.T.);
#4340 = VERTEX_POINT('',#4341);
#4341 = CARTESIAN_POINT('',(-13.0533311502,53.013817468635,
    21.002501357647));
#4342 = SURFACE_CURVE('',#4343,(#4347,#4354),.PCURVE_S1.);
#4343 = LINE('',#4344,#4345);
#4344 = CARTESIAN_POINT('',(-13.0533311502,53.013817468635,
    21.002501357647));
#4345 = VECTOR('',#4346,1.);
#4346 = DIRECTION('',(0.,-4.415456249432E-02,0.999024711712));
#4347 = PCURVE('',#3396,#4348);
#4348 = DEFINITIONAL_REPRESENTATION('',(#4349),#4353);
#4349 = LINE('',#4350,#4351);
#4350 = CARTESIAN_POINT('',(0.,0.));
#4351 = VECTOR('',#4352,1.);
#4352 = DIRECTION('',(0.,-1.));
#4353 = ( GEOMETRIC_REPRESENTATION_CONTEXT(2) 
PARAMETRIC_REPRESENTATION_CONTEXT() REPRESENTATION_CONTEXT('2D SPACE',''
  ) );
#4354 = PCURVE('',#3370,#4355);
#4355 = DEFINITIONAL_REPRESENTATION('',(#4356),#4360);
#4356 = LINE('',#4357,#4358);
#4357 = CARTESIAN_POINT('',(5.094633646604,0.));
#4358 = VECTOR('',#4359,1.);
#4359 = DIRECTION('',(0.,-1.));
#4360 = ( GEOMETRIC_REPRESENTATION_CONTEXT(2) 
PARAMETRIC_REPRESENTATION_CONTEXT() REPRESENTATION_CONTEXT('2D SPACE',''
  ) );
#4361 = ORIENTED_EDGE('',*,*,#3382,.T.);
#4362 = ORIENTED_EDGE('',*,*,#4275,.F.);
#4363 = ORIENTED_EDGE('',*,*,#4364,.F.);
#4364 = EDGE_CURVE('',#4340,#4276,#4365,.T.);
#4365 = SURFACE_CURVE('',#4366,(#4370),.PCURVE_S1.);
#4366 = LINE('',#4367,#4368);
#4367 = CARTESIAN_POINT('',(-13.0533311502,53.013817468635,
    21.002501357647));
#4368 = VECTOR('',#4369,1.);
#4369 = DIRECTION('',(-5.3975258015E-02,0.997568406693,
    4.409019720865E-02));
#4370 = PCURVE('',#3396,#4371);
#4371 = DEFINITIONAL_REPRESENTATION('',(#4372),#4376);
#4372 = LINE('',#4373,#4374);
#4373 = CARTESIAN_POINT('',(0.,0.));
#4374 = VECTOR('',#4375,1.);
#4375 = DIRECTION('',(1.,0.));
#4376 = ( GEOMETRIC_REPRESENTATION_CONTEXT(2) 
PARAMETRIC_REPRESENTATION_CONTEXT() REPRESENTATION_CONTEXT('2D SPACE',''
  ) );
#4377 = ADVANCED_FACE('',(#4378),#3370,.F.);
#4378 = FACE_BOUND('',#4379,.F.);
#4379 = EDGE_LOOP('',(#4380,#4403,#4404,#4405));
#4380 = ORIENTED_EDGE('',*,*,#4381,.T.);
#4381 = EDGE_CURVE('',#4382,#3327,#4384,.T.);
#4382 = VERTEX_POINT('',#4383);
#4383 = CARTESIAN_POINT('',(-12.42141961801,47.96345557848,
    20.779287139737));
#4384 = SURFACE_CURVE('',#4385,(#4389,#4396),.PCURVE_S1.);
#4385 = LINE('',#4386,#4387);
#4386 = CARTESIAN_POINT('',(-12.42141961801,47.96345557848,
    20.779287139737));
#4387 = VECTOR('',#4388,1.);
#4388 = DIRECTION('',(0.,-4.415456249432E-02,0.999024711712));
#4389 = PCURVE('',#3370,#4390);
#4390 = DEFINITIONAL_REPRESENTATION('',(#4391),#4395);
#4391 = LINE('',#4392,#4393);
#4392 = CARTESIAN_POINT('',(0.,0.));
#4393 = VECTOR('',#4394,1.);
#4394 = DIRECTION('',(0.,-1.));
#4395 = ( GEOMETRIC_REPRESENTATION_CONTEXT(2) 
PARAMETRIC_REPRESENTATION_CONTEXT() REPRESENTATION_CONTEXT('2D SPACE',''
  ) );
#4396 = PCURVE('',#3342,#4397);
#4397 = DEFINITIONAL_REPRESENTATION('',(#4398),#4402);
#4398 = LINE('',#4399,#4400);
#4399 = CARTESIAN_POINT('',(1.490485254823,0.));
#4400 = VECTOR('',#4401,1.);
#4401 = DIRECTION('',(0.,-1.));
#4402 = ( GEOMETRIC_REPRESENTATION_CONTEXT(2) 
PARAMETRIC_REPRESENTATION_CONTEXT() REPRESENTATION_CONTEXT('2D SPACE',''
  ) );
#4403 = ORIENTED_EDGE('',*,*,#3354,.T.);
#4404 = ORIENTED_EDGE('',*,*,#4339,.F.);
#4405 = ORIENTED_EDGE('',*,*,#4406,.F.);
#4406 = EDGE_CURVE('',#4382,#4340,#4407,.T.);
#4407 = SURFACE_CURVE('',#4408,(#4412),.PCURVE_S1.);
#4408 = LINE('',#4409,#4410);
#4409 = CARTESIAN_POINT('',(-12.42141961801,47.96345557848,
    20.779287139737));
#4410 = VECTOR('',#4411,1.);
#4411 = DIRECTION('',(-0.124034734589,0.991310119722,4.381359551908E-02)
  );
#4412 = PCURVE('',#3370,#4413);
#4413 = DEFINITIONAL_REPRESENTATION('',(#4414),#4418);
#4414 = LINE('',#4415,#4416);
#4415 = CARTESIAN_POINT('',(0.,0.));
#4416 = VECTOR('',#4417,1.);
#4417 = DIRECTION('',(1.,0.));
#4418 = ( GEOMETRIC_REPRESENTATION_CONTEXT(2) 
PARAMETRIC_REPRESENTATION_CONTEXT() REPRESENTATION_CONTEXT('2D SPACE',''
  ) );
#4419 = ADVANCED_FACE('',(#4420),#3342,.F.);
#4420 = FACE_BOUND('',#4421,.F.);
#4421 = EDGE_LOOP('',(#4422,#4445,#4446,#4447));
#4422 = ORIENTED_EDGE('',*,*,#4423,.T.);
#4423 = EDGE_CURVE('',#4424,#3294,#4426,.T.);
#4424 = VERTEX_POINT('',#4425);
#4425 = CARTESIAN_POINT('',(-12.1091196008,46.507476883397,
    20.714936276812));
#4426 = SURFACE_CURVE('',#4427,(#4431,#4438),.PCURVE_S1.);
#4427 = LINE('',#4428,#4429);
#4428 = CARTESIAN_POINT('',(-12.1091196008,46.507476883397,
    20.714936276812));
#4429 = VECTOR('',#4430,1.);
#4430 = DIRECTION('',(0.,-4.415456249432E-02,0.999024711712));
#4431 = PCURVE('',#3342,#4432);
#4432 = DEFINITIONAL_REPRESENTATION('',(#4433),#4437);
#4433 = LINE('',#4434,#4435);
#4434 = CARTESIAN_POINT('',(-2.605389008743E-15,0.));
#4435 = VECTOR('',#4436,1.);
#4436 = DIRECTION('',(0.,-1.));
#4437 = ( GEOMETRIC_REPRESENTATION_CONTEXT(2) 
PARAMETRIC_REPRESENTATION_CONTEXT() REPRESENTATION_CONTEXT('2D SPACE',''
  ) );
#4438 = PCURVE('',#3314,#4439);
#4439 = DEFINITIONAL_REPRESENTATION('',(#4440),#4444);
#4440 = LINE('',#4441,#4442);
#4441 = CARTESIAN_POINT('',(4.104073172544,0.));
#4442 = VECTOR('',#4443,1.);
#4443 = DIRECTION('',(0.,-1.));
#4444 = ( GEOMETRIC_REPRESENTATION_CONTEXT(2) 
PARAMETRIC_REPRESENTATION_CONTEXT() REPRESENTATION_CONTEXT('2D SPACE',''
  ) );
#4445 = ORIENTED_EDGE('',*,*,#3326,.T.);
#4446 = ORIENTED_EDGE('',*,*,#4381,.F.);
#4447 = ORIENTED_EDGE('',*,*,#4448,.F.);
#4448 = EDGE_CURVE('',#4424,#4382,#4449,.T.);
#4449 = SURFACE_CURVE('',#4450,(#4454),.PCURVE_S1.);
#4450 = LINE('',#4451,#4452);
#4451 = CARTESIAN_POINT('',(-10.52568502146,39.12532227071,
    20.388662258394));
#4452 = VECTOR('',#4453,1.);
#4453 = DIRECTION('',(-0.209529088731,0.976848774835,4.317443779947E-02)
  );
#4454 = PCURVE('',#3342,#4455);
#4455 = DEFINITIONAL_REPRESENTATION('',(#4456),#4460);
#4456 = LINE('',#4457,#4458);
#4457 = CARTESIAN_POINT('',(-7.557110990835,0.));
#4458 = VECTOR('',#4459,1.);
#4459 = DIRECTION('',(1.,0.));
#4460 = ( GEOMETRIC_REPRESENTATION_CONTEXT(2) 
PARAMETRIC_REPRESENTATION_CONTEXT() REPRESENTATION_CONTEXT('2D SPACE',''
  ) );
#4461 = ADVANCED_FACE('',(#4462),#3314,.F.);
#4462 = FACE_BOUND('',#4463,.F.);
#4463 = EDGE_LOOP('',(#4464,#4487,#4488,#4489));
#4464 = ORIENTED_EDGE('',*,*,#4465,.T.);
#4465 = EDGE_CURVE('',#4466,#3266,#4468,.T.);
#4466 = VERTEX_POINT('',#4467);
#4467 = CARTESIAN_POINT('',(-4.90081138052,38.533807768861,
    20.362518696847));
#4468 = SURFACE_CURVE('',#4469,(#4473,#4480),.PCURVE_S1.);
#4469 = LINE('',#4470,#4471);
#4470 = CARTESIAN_POINT('',(-4.90081138052,38.533807768861,
    20.362518696847));
#4471 = VECTOR('',#4472,1.);
#4472 = DIRECTION('',(0.,-4.415456249432E-02,0.999024711712));
#4473 = PCURVE('',#3314,#4474);
#4474 = DEFINITIONAL_REPRESENTATION('',(#4475),#4479);
#4475 = LINE('',#4476,#4477);
#4476 = CARTESIAN_POINT('',(0.,0.));
#4477 = VECTOR('',#4478,1.);
#4478 = DIRECTION('',(0.,-1.));
#4479 = ( GEOMETRIC_REPRESENTATION_CONTEXT(2) 
PARAMETRIC_REPRESENTATION_CONTEXT() REPRESENTATION_CONTEXT('2D SPACE',''
  ) );
#4480 = PCURVE('',#3281,#4481);
#4481 = DEFINITIONAL_REPRESENTATION('',(#4482),#4486);
#4482 = LINE('',#4483,#4484);
#4483 = CARTESIAN_POINT('',(0.380375908159,0.));
#4484 = VECTOR('',#4485,1.);
#4485 = DIRECTION('',(0.,-1.));
#4486 = ( GEOMETRIC_REPRESENTATION_CONTEXT(2) 
PARAMETRIC_REPRESENTATION_CONTEXT() REPRESENTATION_CONTEXT('2D SPACE',''
  ) );
#4487 = ORIENTED_EDGE('',*,*,#3293,.T.);
#4488 = ORIENTED_EDGE('',*,*,#4423,.F.);
#4489 = ORIENTED_EDGE('',*,*,#4490,.F.);
#4490 = EDGE_CURVE('',#4466,#4424,#4491,.T.);
#4491 = SURFACE_CURVE('',#4492,(#4497),.PCURVE_S1.);
#4492 = CIRCLE('',#4493,6.066350708984);
#4493 = AXIS2_PLACEMENT_3D('',#4494,#4495,#4496);
#4494 = CARTESIAN_POINT('',(-10.58887617467,40.640430837756,
    20.455626523767));
#4495 = DIRECTION('',(-4.097445319562E-19,4.415456249432E-02,
    -0.999024711712));
#4496 = DIRECTION('',(0.937641931208,-0.347263646623,-1.534824334879E-02
    ));
#4497 = PCURVE('',#3314,#4498);
#4498 = DEFINITIONAL_REPRESENTATION('',(#4499),#4503);
#4499 = LINE('',#4500,#4501);
#4500 = CARTESIAN_POINT('',(0.,0.));
#4501 = VECTOR('',#4502,1.);
#4502 = DIRECTION('',(1.,0.));
#4503 = ( GEOMETRIC_REPRESENTATION_CONTEXT(2) 
PARAMETRIC_REPRESENTATION_CONTEXT() REPRESENTATION_CONTEXT('2D SPACE',''
  ) );
#4504 = ADVANCED_FACE('',(#4505),#3281,.F.);
#4505 = FACE_BOUND('',#4506,.F.);
#4506 = EDGE_LOOP('',(#4507,#4530,#4531,#4532));
#4507 = ORIENTED_EDGE('',*,*,#4508,.T.);
#4508 = EDGE_CURVE('',#4509,#3238,#4511,.T.);
#4509 = VERTEX_POINT('',#4510);
#4510 = CARTESIAN_POINT('',(-4.522525465695,38.49402703444,
    20.360760481155));
#4511 = SURFACE_CURVE('',#4512,(#4516,#4523),.PCURVE_S1.);
#4512 = LINE('',#4513,#4514);
#4513 = CARTESIAN_POINT('',(-4.522525465695,38.49402703444,
    20.360760481155));
#4514 = VECTOR('',#4515,1.);
#4515 = DIRECTION('',(0.,-4.415456249432E-02,0.999024711712));
#4516 = PCURVE('',#3281,#4517);
#4517 = DEFINITIONAL_REPRESENTATION('',(#4518),#4522);
#4518 = LINE('',#4519,#4520);
#4519 = CARTESIAN_POINT('',(0.,0.));
#4520 = VECTOR('',#4521,1.);
#4521 = DIRECTION('',(0.,-1.));
#4522 = ( GEOMETRIC_REPRESENTATION_CONTEXT(2) 
PARAMETRIC_REPRESENTATION_CONTEXT() REPRESENTATION_CONTEXT('2D SPACE',''
  ) );
#4523 = PCURVE('',#3253,#4524);
#4524 = DEFINITIONAL_REPRESENTATION('',(#4525),#4529);
#4525 = LINE('',#4526,#4527);
#4526 = CARTESIAN_POINT('',(15.865132914151,0.));
#4527 = VECTOR('',#4528,1.);
#4528 = DIRECTION('',(0.,-1.));
#4529 = ( GEOMETRIC_REPRESENTATION_CONTEXT(2) 
PARAMETRIC_REPRESENTATION_CONTEXT() REPRESENTATION_CONTEXT('2D SPACE',''
  ) );
#4530 = ORIENTED_EDGE('',*,*,#3265,.T.);
#4531 = ORIENTED_EDGE('',*,*,#4465,.F.);
#4532 = ORIENTED_EDGE('',*,*,#4533,.F.);
#4533 = EDGE_CURVE('',#4509,#4466,#4534,.T.);
#4534 = SURFACE_CURVE('',#4535,(#4539),.PCURVE_S1.);
#4535 = LINE('',#4536,#4537);
#4536 = CARTESIAN_POINT('',(-4.522525465695,38.49402703444,
    20.360760481155));
#4537 = VECTOR('',#4538,1.);
#4538 = DIRECTION('',(-0.994505452921,0.104582686674,4.622310860206E-03)
  );
#4539 = PCURVE('',#3281,#4540);
#4540 = DEFINITIONAL_REPRESENTATION('',(#4541),#4545);
#4541 = LINE('',#4542,#4543);
#4542 = CARTESIAN_POINT('',(0.,0.));
#4543 = VECTOR('',#4544,1.);
#4544 = DIRECTION('',(1.,0.));
#4545 = ( GEOMETRIC_REPRESENTATION_CONTEXT(2) 
PARAMETRIC_REPRESENTATION_CONTEXT() REPRESENTATION_CONTEXT('2D SPACE',''
  ) );
#4546 = ADVANCED_FACE('',(#4547),#3253,.F.);
#4547 = FACE_BOUND('',#4548,.F.);
#4548 = EDGE_LOOP('',(#4549,#4572,#4573,#4574));
#4549 = ORIENTED_EDGE('',*,*,#4550,.T.);
#4550 = EDGE_CURVE('',#4551,#3210,#4553,.T.);
#4551 = VERTEX_POINT('',#4552);
#4552 = CARTESIAN_POINT('',(11.085689379294,41.334855597652,
    20.48631847873));
#4553 = SURFACE_CURVE('',#4554,(#4558,#4565),.PCURVE_S1.);
#4554 = LINE('',#4555,#4556);
#4555 = CARTESIAN_POINT('',(11.085689379294,41.334855597652,
    20.48631847873));
#4556 = VECTOR('',#4557,1.);
#4557 = DIRECTION('',(0.,-4.415456249432E-02,0.999024711712));
#4558 = PCURVE('',#3253,#4559);
#4559 = DEFINITIONAL_REPRESENTATION('',(#4560),#4564);
#4560 = LINE('',#4561,#4562);
#4561 = CARTESIAN_POINT('',(0.,0.));
#4562 = VECTOR('',#4563,1.);
#4563 = DIRECTION('',(0.,-1.));
#4564 = ( GEOMETRIC_REPRESENTATION_CONTEXT(2) 
PARAMETRIC_REPRESENTATION_CONTEXT() REPRESENTATION_CONTEXT('2D SPACE',''
  ) );
#4565 = PCURVE('',#3225,#4566);
#4566 = DEFINITIONAL_REPRESENTATION('',(#4567),#4571);
#4567 = LINE('',#4568,#4569);
#4568 = CARTESIAN_POINT('',(21.043033544811,0.));
#4569 = VECTOR('',#4570,1.);
#4570 = DIRECTION('',(0.,-1.));
#4571 = ( GEOMETRIC_REPRESENTATION_CONTEXT(2) 
PARAMETRIC_REPRESENTATION_CONTEXT() REPRESENTATION_CONTEXT('2D SPACE',''
  ) );
#4572 = ORIENTED_EDGE('',*,*,#3237,.T.);
#4573 = ORIENTED_EDGE('',*,*,#4508,.F.);
#4574 = ORIENTED_EDGE('',*,*,#4575,.F.);
#4575 = EDGE_CURVE('',#4551,#4509,#4576,.T.);
#4576 = SURFACE_CURVE('',#4577,(#4581),.PCURVE_S1.);
#4577 = LINE('',#4578,#4579);
#4578 = CARTESIAN_POINT('',(11.085689379294,41.334855597652,
    20.48631847873));
#4579 = VECTOR('',#4580,1.);
#4580 = DIRECTION('',(-0.983806119334,-0.179061125966,
    -7.914084190401E-03));
#4581 = PCURVE('',#3253,#4582);
#4582 = DEFINITIONAL_REPRESENTATION('',(#4583),#4587);
#4583 = LINE('',#4584,#4585);
#4584 = CARTESIAN_POINT('',(0.,0.));
#4585 = VECTOR('',#4586,1.);
#4586 = DIRECTION('',(1.,0.));
#4587 = ( GEOMETRIC_REPRESENTATION_CONTEXT(2) 
PARAMETRIC_REPRESENTATION_CONTEXT() REPRESENTATION_CONTEXT('2D SPACE',''
  ) );
#4588 = ADVANCED_FACE('',(#4589),#3225,.F.);
#4589 = FACE_BOUND('',#4590,.F.);
#4590 = EDGE_LOOP('',(#4591,#4592,#4593,#4594));
#4591 = ORIENTED_EDGE('',*,*,#4299,.T.);
#4592 = ORIENTED_EDGE('',*,*,#3209,.T.);
#4593 = ORIENTED_EDGE('',*,*,#4550,.F.);
#4594 = ORIENTED_EDGE('',*,*,#4595,.F.);
#4595 = EDGE_CURVE('',#4300,#4551,#4596,.T.);
#4596 = SURFACE_CURVE('',#4597,(#4601),.PCURVE_S1.);
#4597 = LINE('',#4598,#4599);
#4598 = CARTESIAN_POINT('',(11.212071685731,62.356986965421,
    21.415447660781));
#4599 = VECTOR('',#4600,1.);
#4600 = DIRECTION('',(-6.005897684288E-03,-0.999006693736,
    -4.415376614178E-02));
#4601 = PCURVE('',#3225,#4602);
#4602 = DEFINITIONAL_REPRESENTATION('',(#4603),#4607);
#4603 = LINE('',#4604,#4605);
#4604 = CARTESIAN_POINT('',(0.,0.));
#4605 = VECTOR('',#4606,1.);
#4606 = DIRECTION('',(1.,0.));
#4607 = ( GEOMETRIC_REPRESENTATION_CONTEXT(2) 
PARAMETRIC_REPRESENTATION_CONTEXT() REPRESENTATION_CONTEXT('2D SPACE',''
  ) );
#4608 = ADVANCED_FACE('',(#4609),#3428,.F.);
#4609 = FACE_BOUND('',#4610,.F.);
#4610 = EDGE_LOOP('',(#4611,#4634,#4635,#4658));
#4611 = ORIENTED_EDGE('',*,*,#4612,.T.);
#4612 = EDGE_CURVE('',#4613,#3411,#4615,.T.);
#4613 = VERTEX_POINT('',#4614);
#4614 = CARTESIAN_POINT('',(9.695484008485,29.65589372667,
    19.970135599813));
#4615 = SURFACE_CURVE('',#4616,(#4620,#4627),.PCURVE_S1.);
#4616 = LINE('',#4617,#4618);
#4617 = CARTESIAN_POINT('',(9.695484008485,29.65589372667,
    19.970135599813));
#4618 = VECTOR('',#4619,1.);
#4619 = DIRECTION('',(0.,-4.415456249432E-02,0.999024711712));
#4620 = PCURVE('',#3428,#4621);
#4621 = DEFINITIONAL_REPRESENTATION('',(#4622),#4626);
#4622 = LINE('',#4623,#4624);
#4623 = CARTESIAN_POINT('',(1.613270205601E-15,0.));
#4624 = VECTOR('',#4625,1.);
#4625 = DIRECTION('',(0.,-1.));
#4626 = ( GEOMETRIC_REPRESENTATION_CONTEXT(2) 
PARAMETRIC_REPRESENTATION_CONTEXT() REPRESENTATION_CONTEXT('2D SPACE',''
  ) );
#4627 = PCURVE('',#3630,#4628);
#4628 = DEFINITIONAL_REPRESENTATION('',(#4629),#4633);
#4629 = LINE('',#4630,#4631);
#4630 = CARTESIAN_POINT('',(1.,0.));
#4631 = VECTOR('',#4632,1.);
#4632 = DIRECTION('',(0.,-1.));
#4633 = ( GEOMETRIC_REPRESENTATION_CONTEXT(2) 
PARAMETRIC_REPRESENTATION_CONTEXT() REPRESENTATION_CONTEXT('2D SPACE',''
  ) );
#4634 = ORIENTED_EDGE('',*,*,#3410,.T.);
#4635 = ORIENTED_EDGE('',*,*,#4636,.F.);
#4636 = EDGE_CURVE('',#4637,#3413,#4639,.T.);
#4637 = VERTEX_POINT('',#4638);
#4638 = CARTESIAN_POINT('',(6.346352887901,22.395998509573,
    19.649265161567));
#4639 = SURFACE_CURVE('',#4640,(#4644,#4651),.PCURVE_S1.);
#4640 = LINE('',#4641,#4642);
#4641 = CARTESIAN_POINT('',(6.346352887901,22.395998509573,
    19.649265161567));
#4642 = VECTOR('',#4643,1.);
#4643 = DIRECTION('',(0.,-4.415456249432E-02,0.999024711712));
#4644 = PCURVE('',#3428,#4645);
#4645 = DEFINITIONAL_REPRESENTATION('',(#4646),#4650);
#4646 = LINE('',#4647,#4648);
#4647 = CARTESIAN_POINT('',(8.001607067598,0.));
#4648 = VECTOR('',#4649,1.);
#4649 = DIRECTION('',(0.,-1.));
#4650 = ( GEOMETRIC_REPRESENTATION_CONTEXT(2) 
PARAMETRIC_REPRESENTATION_CONTEXT() REPRESENTATION_CONTEXT('2D SPACE',''
  ) );
#4651 = PCURVE('',#3456,#4652);
#4652 = DEFINITIONAL_REPRESENTATION('',(#4653),#4657);
#4653 = LINE('',#4654,#4655);
#4654 = CARTESIAN_POINT('',(-3.912741739976E-15,0.));
#4655 = VECTOR('',#4656,1.);
#4656 = DIRECTION('',(0.,-1.));
#4657 = ( GEOMETRIC_REPRESENTATION_CONTEXT(2) 
PARAMETRIC_REPRESENTATION_CONTEXT() REPRESENTATION_CONTEXT('2D SPACE',''
  ) );
#4658 = ORIENTED_EDGE('',*,*,#4659,.F.);
#4659 = EDGE_CURVE('',#4613,#4637,#4660,.T.);
#4660 = SURFACE_CURVE('',#4661,(#4665,#4672),.PCURVE_S1.);
#4661 = LINE('',#4662,#4663);
#4662 = CARTESIAN_POINT('',(9.695484008485,29.65589372667,
    19.970135599813));
#4663 = VECTOR('',#4664,1.);
#4664 = DIRECTION('',(-0.418557308837,-0.907304639651,-4.01007492039E-02
    ));
#4665 = PCURVE('',#3428,#4666);
#4666 = DEFINITIONAL_REPRESENTATION('',(#4667),#4671);
#4667 = LINE('',#4668,#4669);
#4668 = CARTESIAN_POINT('',(0.,0.));
#4669 = VECTOR('',#4670,1.);
#4670 = DIRECTION('',(1.,0.));
#4671 = ( GEOMETRIC_REPRESENTATION_CONTEXT(2) 
PARAMETRIC_REPRESENTATION_CONTEXT() REPRESENTATION_CONTEXT('2D SPACE',''
  ) );
#4672 = PCURVE('',#4673,#4678);
#4673 = PLANE('',#4674);
#4674 = AXIS2_PLACEMENT_3D('',#4675,#4676,#4677);
#4675 = CARTESIAN_POINT('',(7.001246921509,32.393488196628,
    20.091130891211));
#4676 = DIRECTION('',(0.,-4.415456249432E-02,0.999024711712));
#4677 = DIRECTION('',(1.,-1.223452415467E-16,-5.407374362642E-18));
#4678 = DEFINITIONAL_REPRESENTATION('',(#4679),#4683);
#4679 = LINE('',#4680,#4681);
#4680 = CARTESIAN_POINT('',(2.694237086976,-2.740267020289));
#4681 = VECTOR('',#4682,1.);
#4682 = DIRECTION('',(-0.418557308837,-0.908190387099));
#4683 = ( GEOMETRIC_REPRESENTATION_CONTEXT(2) 
PARAMETRIC_REPRESENTATION_CONTEXT() REPRESENTATION_CONTEXT('2D SPACE',''
  ) );
#4684 = ADVANCED_FACE('',(#4685),#3630,.F.);
#4685 = FACE_BOUND('',#4686,.F.);
#4686 = EDGE_LOOP('',(#4687,#4710,#4711,#4712));
#4687 = ORIENTED_EDGE('',*,*,#4688,.T.);
#4688 = EDGE_CURVE('',#4689,#3587,#4691,.T.);
#4689 = VERTEX_POINT('',#4690);
#4690 = CARTESIAN_POINT('',(13.170997435507,32.559851813509,
    20.098483775111));
#4691 = SURFACE_CURVE('',#4692,(#4696,#4703),.PCURVE_S1.);
#4692 = LINE('',#4693,#4694);
#4693 = CARTESIAN_POINT('',(13.170997435507,32.559851813509,
    20.098483775111));
#4694 = VECTOR('',#4695,1.);
#4695 = DIRECTION('',(0.,-4.415456249432E-02,0.999024711712));
#4696 = PCURVE('',#3630,#4697);
#4697 = DEFINITIONAL_REPRESENTATION('',(#4698),#4702);
#4698 = LINE('',#4699,#4700);
#4699 = CARTESIAN_POINT('',(0.,0.));
#4700 = VECTOR('',#4701,1.);
#4701 = DIRECTION('',(0.,-1.));
#4702 = ( GEOMETRIC_REPRESENTATION_CONTEXT(2) 
PARAMETRIC_REPRESENTATION_CONTEXT() REPRESENTATION_CONTEXT('2D SPACE',''
  ) );
#4703 = PCURVE('',#3602,#4704);
#4704 = DEFINITIONAL_REPRESENTATION('',(#4705),#4709);
#4705 = LINE('',#4706,#4707);
#4706 = CARTESIAN_POINT('',(1.,0.));
#4707 = VECTOR('',#4708,1.);
#4708 = DIRECTION('',(0.,-1.));
#4709 = ( GEOMETRIC_REPRESENTATION_CONTEXT(2) 
PARAMETRIC_REPRESENTATION_CONTEXT() REPRESENTATION_CONTEXT('2D SPACE',''
  ) );
#4710 = ORIENTED_EDGE('',*,*,#3616,.T.);
#4711 = ORIENTED_EDGE('',*,*,#4612,.F.);
#4712 = ORIENTED_EDGE('',*,*,#4713,.F.);
#4713 = EDGE_CURVE('',#4689,#4613,#4714,.T.);
#4714 = SURFACE_CURVE('',#4715,(#4719,#4726),.PCURVE_S1.);
#4715 = B_SPLINE_CURVE_WITH_KNOTS('',2,(#4716,#4717,#4718),
  .UNSPECIFIED.,.F.,.F.,(3,3),(0.,1.),.PIECEWISE_BEZIER_KNOTS.);
#4716 = CARTESIAN_POINT('',(13.170997435507,32.559851813509,
    20.098483775111));
#4717 = CARTESIAN_POINT('',(11.27526283895,31.865427053612,
    20.067791820148));
#4718 = CARTESIAN_POINT('',(9.695484008485,29.65589372667,
    19.970135599813));
#4719 = PCURVE('',#3630,#4720);
#4720 = DEFINITIONAL_REPRESENTATION('',(#4721),#4725);
#4721 = LINE('',#4722,#4723);
#4722 = CARTESIAN_POINT('',(0.,0.));
#4723 = VECTOR('',#4724,1.);
#4724 = DIRECTION('',(1.,0.));
#4725 = ( GEOMETRIC_REPRESENTATION_CONTEXT(2) 
PARAMETRIC_REPRESENTATION_CONTEXT() REPRESENTATION_CONTEXT('2D SPACE',''
  ) );
#4726 = PCURVE('',#4673,#4727);
#4727 = DEFINITIONAL_REPRESENTATION('',(#4728),#4732);
#4728 = B_SPLINE_CURVE_WITH_KNOTS('',2,(#4729,#4730,#4731),
  .UNSPECIFIED.,.F.,.F.,(3,3),(0.,1.),.PIECEWISE_BEZIER_KNOTS.);
#4729 = CARTESIAN_POINT('',(6.169750513998,0.166526027766));
#4730 = CARTESIAN_POINT('',(4.274015917441,-0.528576657639));
#4731 = CARTESIAN_POINT('',(2.694237086976,-2.740267020289));
#4732 = ( GEOMETRIC_REPRESENTATION_CONTEXT(2) 
PARAMETRIC_REPRESENTATION_CONTEXT() REPRESENTATION_CONTEXT('2D SPACE',''
  ) );
#4733 = ADVANCED_FACE('',(#4734),#3602,.F.);
#4734 = FACE_BOUND('',#4735,.F.);
#4735 = EDGE_LOOP('',(#4736,#4759,#4760,#4761));
#4736 = ORIENTED_EDGE('',*,*,#4737,.T.);
#4737 = EDGE_CURVE('',#4738,#3557,#4740,.T.);
#4738 = VERTEX_POINT('',#4739);
#4739 = CARTESIAN_POINT('',(16.646510862529,34.39060799869,
    20.179398929103));
#4740 = SURFACE_CURVE('',#4741,(#4745,#4752),.PCURVE_S1.);
#4741 = LINE('',#4742,#4743);
#4742 = CARTESIAN_POINT('',(16.646510862529,34.39060799869,
    20.179398929103));
#4743 = VECTOR('',#4744,1.);
#4744 = DIRECTION('',(0.,-4.415456249432E-02,0.999024711712));
#4745 = PCURVE('',#3602,#4746);
#4746 = DEFINITIONAL_REPRESENTATION('',(#4747),#4751);
#4747 = LINE('',#4748,#4749);
#4748 = CARTESIAN_POINT('',(0.,0.));
#4749 = VECTOR('',#4750,1.);
#4750 = DIRECTION('',(0.,-1.));
#4751 = ( GEOMETRIC_REPRESENTATION_CONTEXT(2) 
PARAMETRIC_REPRESENTATION_CONTEXT() REPRESENTATION_CONTEXT('2D SPACE',''
  ) );
#4752 = PCURVE('',#3572,#4753);
#4753 = DEFINITIONAL_REPRESENTATION('',(#4754),#4758);
#4754 = LINE('',#4755,#4756);
#4755 = CARTESIAN_POINT('',(1.,0.));
#4756 = VECTOR('',#4757,1.);
#4757 = DIRECTION('',(0.,-1.));
#4758 = ( GEOMETRIC_REPRESENTATION_CONTEXT(2) 
PARAMETRIC_REPRESENTATION_CONTEXT() REPRESENTATION_CONTEXT('2D SPACE',''
  ) );
#4759 = ORIENTED_EDGE('',*,*,#3586,.T.);
#4760 = ORIENTED_EDGE('',*,*,#4688,.F.);
#4761 = ORIENTED_EDGE('',*,*,#4762,.F.);
#4762 = EDGE_CURVE('',#4738,#4689,#4763,.T.);
#4763 = SURFACE_CURVE('',#4764,(#4768,#4775),.PCURVE_S1.);
#4764 = B_SPLINE_CURVE_WITH_KNOTS('',2,(#4765,#4766,#4767),
  .UNSPECIFIED.,.F.,.F.,(3,3),(0.,1.),.PIECEWISE_BEZIER_KNOTS.);
#4765 = CARTESIAN_POINT('',(16.646510862529,34.39060799869,
    20.179398929103));
#4766 = CARTESIAN_POINT('',(16.014599330343,33.128017526151,
    20.123595374626));
#4767 = CARTESIAN_POINT('',(13.170997435507,32.559851813509,
    20.098483775111));
#4768 = PCURVE('',#3602,#4769);
#4769 = DEFINITIONAL_REPRESENTATION('',(#4770),#4774);
#4770 = LINE('',#4771,#4772);
#4771 = CARTESIAN_POINT('',(0.,0.));
#4772 = VECTOR('',#4773,1.);
#4773 = DIRECTION('',(1.,0.));
#4774 = ( GEOMETRIC_REPRESENTATION_CONTEXT(2) 
PARAMETRIC_REPRESENTATION_CONTEXT() REPRESENTATION_CONTEXT('2D SPACE',''
  ) );
#4775 = PCURVE('',#4673,#4776);
#4776 = DEFINITIONAL_REPRESENTATION('',(#4777),#4781);
#4777 = B_SPLINE_CURVE_WITH_KNOTS('',2,(#4778,#4779,#4780),
  .UNSPECIFIED.,.F.,.F.,(3,3),(0.,1.),.PIECEWISE_BEZIER_KNOTS.);
#4778 = CARTESIAN_POINT('',(9.64526394102,1.999069471104));
#4779 = CARTESIAN_POINT('',(9.013352408835,0.735246406733));
#4780 = CARTESIAN_POINT('',(6.169750513998,0.166526027766));
#4781 = ( GEOMETRIC_REPRESENTATION_CONTEXT(2) 
PARAMETRIC_REPRESENTATION_CONTEXT() REPRESENTATION_CONTEXT('2D SPACE',''
  ) );
#4782 = ADVANCED_FACE('',(#4783),#3572,.F.);
#4783 = FACE_BOUND('',#4784,.F.);
#4784 = EDGE_LOOP('',(#4785,#4808,#4809,#4810));
#4785 = ORIENTED_EDGE('',*,*,#4786,.T.);
#4786 = EDGE_CURVE('',#4787,#3527,#4789,.T.);
#4787 = VERTEX_POINT('',#4788);
#4788 = CARTESIAN_POINT('',(15.066732032065,37.357695609155,
    20.310537282126));
#4789 = SURFACE_CURVE('',#4790,(#4794,#4801),.PCURVE_S1.);
#4790 = LINE('',#4791,#4792);
#4791 = CARTESIAN_POINT('',(15.066732032065,37.357695609155,
    20.310537282126));
#4792 = VECTOR('',#4793,1.);
#4793 = DIRECTION('',(0.,-4.415456249432E-02,0.999024711712));
#4794 = PCURVE('',#3572,#4795);
#4795 = DEFINITIONAL_REPRESENTATION('',(#4796),#4800);
#4796 = LINE('',#4797,#4798);
#4797 = CARTESIAN_POINT('',(0.,0.));
#4798 = VECTOR('',#4799,1.);
#4799 = DIRECTION('',(0.,-1.));
#4800 = ( GEOMETRIC_REPRESENTATION_CONTEXT(2) 
PARAMETRIC_REPRESENTATION_CONTEXT() REPRESENTATION_CONTEXT('2D SPACE',''
  ) );
#4801 = PCURVE('',#3542,#4802);
#4802 = DEFINITIONAL_REPRESENTATION('',(#4803),#4807);
#4803 = LINE('',#4804,#4805);
#4804 = CARTESIAN_POINT('',(1.,0.));
#4805 = VECTOR('',#4806,1.);
#4806 = DIRECTION('',(0.,-1.));
#4807 = ( GEOMETRIC_REPRESENTATION_CONTEXT(2) 
PARAMETRIC_REPRESENTATION_CONTEXT() REPRESENTATION_CONTEXT('2D SPACE',''
  ) );
#4808 = ORIENTED_EDGE('',*,*,#3556,.T.);
#4809 = ORIENTED_EDGE('',*,*,#4737,.F.);
#4810 = ORIENTED_EDGE('',*,*,#4811,.F.);
#4811 = EDGE_CURVE('',#4787,#4738,#4812,.T.);
#4812 = SURFACE_CURVE('',#4813,(#4817,#4824),.PCURVE_S1.);
#4813 = B_SPLINE_CURVE_WITH_KNOTS('',2,(#4814,#4815,#4816),
  .UNSPECIFIED.,.F.,.F.,(3,3),(0.,1.),.PIECEWISE_BEZIER_KNOTS.);
#4814 = CARTESIAN_POINT('',(15.066732032065,37.357695609155,
    20.310537282126));
#4815 = CARTESIAN_POINT('',(16.772893168966,36.284493707498,
    20.26310426082));
#4816 = CARTESIAN_POINT('',(16.646510862529,34.39060799869,
    20.179398929103));
#4817 = PCURVE('',#3572,#4818);
#4818 = DEFINITIONAL_REPRESENTATION('',(#4819),#4823);
#4819 = LINE('',#4820,#4821);
#4820 = CARTESIAN_POINT('',(0.,0.));
#4821 = VECTOR('',#4822,1.);
#4822 = DIRECTION('',(1.,0.));
#4823 = ( GEOMETRIC_REPRESENTATION_CONTEXT(2) 
PARAMETRIC_REPRESENTATION_CONTEXT() REPRESENTATION_CONTEXT('2D SPACE',''
  ) );
#4824 = PCURVE('',#4673,#4825);
#4825 = DEFINITIONAL_REPRESENTATION('',(#4826),#4830);
#4826 = B_SPLINE_CURVE_WITH_KNOTS('',2,(#4827,#4828,#4829),
  .UNSPECIFIED.,.F.,.F.,(3,3),(0.,1.),.PIECEWISE_BEZIER_KNOTS.);
#4827 = CARTESIAN_POINT('',(8.065485110556,4.969053672378));
#4828 = CARTESIAN_POINT('',(9.771646247457,3.894804067662));
#4829 = CARTESIAN_POINT('',(9.64526394102,1.999069471104));
#4830 = ( GEOMETRIC_REPRESENTATION_CONTEXT(2) 
PARAMETRIC_REPRESENTATION_CONTEXT() REPRESENTATION_CONTEXT('2D SPACE',''
  ) );
#4831 = ADVANCED_FACE('',(#4832),#3542,.F.);
#4832 = FACE_BOUND('',#4833,.F.);
#4833 = EDGE_LOOP('',(#4834,#4857,#4858,#4859));
#4834 = ORIENTED_EDGE('',*,*,#4835,.T.);
#4835 = EDGE_CURVE('',#4836,#3497,#4838,.T.);
#4836 = VERTEX_POINT('',#4837);
#4837 = CARTESIAN_POINT('',(9.695484008485,38.746545128948,
    20.371921192051));
#4838 = SURFACE_CURVE('',#4839,(#4843,#4850),.PCURVE_S1.);
#4839 = LINE('',#4840,#4841);
#4840 = CARTESIAN_POINT('',(9.695484008485,38.746545128948,
    20.371921192051));
#4841 = VECTOR('',#4842,1.);
#4842 = DIRECTION('',(0.,-4.415456249432E-02,0.999024711712));
#4843 = PCURVE('',#3542,#4844);
#4844 = DEFINITIONAL_REPRESENTATION('',(#4845),#4849);
#4845 = LINE('',#4846,#4847);
#4846 = CARTESIAN_POINT('',(0.,0.));
#4847 = VECTOR('',#4848,1.);
#4848 = DIRECTION('',(0.,-1.));
#4849 = ( GEOMETRIC_REPRESENTATION_CONTEXT(2) 
PARAMETRIC_REPRESENTATION_CONTEXT() REPRESENTATION_CONTEXT('2D SPACE',''
  ) );
#4850 = PCURVE('',#3512,#4851);
#4851 = DEFINITIONAL_REPRESENTATION('',(#4852),#4856);
#4852 = LINE('',#4853,#4854);
#4853 = CARTESIAN_POINT('',(1.,0.));
#4854 = VECTOR('',#4855,1.);
#4855 = DIRECTION('',(0.,-1.));
#4856 = ( GEOMETRIC_REPRESENTATION_CONTEXT(2) 
PARAMETRIC_REPRESENTATION_CONTEXT() REPRESENTATION_CONTEXT('2D SPACE',''
  ) );
#4857 = ORIENTED_EDGE('',*,*,#3526,.T.);
#4858 = ORIENTED_EDGE('',*,*,#4786,.F.);
#4859 = ORIENTED_EDGE('',*,*,#4860,.F.);
#4860 = EDGE_CURVE('',#4836,#4787,#4861,.T.);
#4861 = SURFACE_CURVE('',#4862,(#4866,#4873),.PCURVE_S1.);
#4862 = B_SPLINE_CURVE_WITH_KNOTS('',2,(#4863,#4864,#4865),
  .UNSPECIFIED.,.F.,.F.,(3,3),(0.,1.),.PIECEWISE_BEZIER_KNOTS.);
#4863 = CARTESIAN_POINT('',(9.695484008485,38.746545128948,
    20.371921192051));
#4864 = CARTESIAN_POINT('',(13.4869532016,38.178379416306,
    20.346809592536));
#4865 = CARTESIAN_POINT('',(15.066732032065,37.357695609155,
    20.310537282126));
#4866 = PCURVE('',#3542,#4867);
#4867 = DEFINITIONAL_REPRESENTATION('',(#4868),#4872);
#4868 = LINE('',#4869,#4870);
#4869 = CARTESIAN_POINT('',(0.,0.));
#4870 = VECTOR('',#4871,1.);
#4871 = DIRECTION('',(1.,0.));
#4872 = ( GEOMETRIC_REPRESENTATION_CONTEXT(2) 
PARAMETRIC_REPRESENTATION_CONTEXT() REPRESENTATION_CONTEXT('2D SPACE',''
  ) );
#4873 = PCURVE('',#4673,#4874);
#4874 = DEFINITIONAL_REPRESENTATION('',(#4875),#4879);
#4875 = B_SPLINE_CURVE_WITH_KNOTS('',2,(#4876,#4877,#4878),
  .UNSPECIFIED.,.F.,.F.,(3,3),(0.,1.),.PIECEWISE_BEZIER_KNOTS.);
#4876 = CARTESIAN_POINT('',(2.694237086976,6.359259043187));
#4877 = CARTESIAN_POINT('',(6.485706280091,5.790538664219));
#4878 = CARTESIAN_POINT('',(8.065485110556,4.969053672378));
#4879 = ( GEOMETRIC_REPRESENTATION_CONTEXT(2) 
PARAMETRIC_REPRESENTATION_CONTEXT() REPRESENTATION_CONTEXT('2D SPACE',''
  ) );
#4880 = ADVANCED_FACE('',(#4881),#3512,.F.);
#4881 = FACE_BOUND('',#4882,.F.);
#4882 = EDGE_LOOP('',(#4883,#4906,#4907,#4908));
#4883 = ORIENTED_EDGE('',*,*,#4884,.T.);
#4884 = EDGE_CURVE('',#4885,#3469,#4887,.T.);
#4885 = VERTEX_POINT('',#4886);
#4886 = CARTESIAN_POINT('',(-1.236585498329,36.726400372886,
    20.282635504887));
#4887 = SURFACE_CURVE('',#4888,(#4892,#4899),.PCURVE_S1.);
#4888 = LINE('',#4889,#4890);
#4889 = CARTESIAN_POINT('',(-1.236585498329,36.726400372886,
    20.282635504887));
#4890 = VECTOR('',#4891,1.);
#4891 = DIRECTION('',(0.,-4.415456249432E-02,0.999024711712));
#4892 = PCURVE('',#3512,#4893);
#4893 = DEFINITIONAL_REPRESENTATION('',(#4894),#4898);
#4894 = LINE('',#4895,#4896);
#4895 = CARTESIAN_POINT('',(0.,0.));
#4896 = VECTOR('',#4897,1.);
#4897 = DIRECTION('',(0.,-1.));
#4898 = ( GEOMETRIC_REPRESENTATION_CONTEXT(2) 
PARAMETRIC_REPRESENTATION_CONTEXT() REPRESENTATION_CONTEXT('2D SPACE',''
  ) );
#4899 = PCURVE('',#3484,#4900);
#4900 = DEFINITIONAL_REPRESENTATION('',(#4901),#4905);
#4901 = LINE('',#4902,#4903);
#4902 = CARTESIAN_POINT('',(3.919889393838,0.));
#4903 = VECTOR('',#4904,1.);
#4904 = DIRECTION('',(0.,-1.));
#4905 = ( GEOMETRIC_REPRESENTATION_CONTEXT(2) 
PARAMETRIC_REPRESENTATION_CONTEXT() REPRESENTATION_CONTEXT('2D SPACE',''
  ) );
#4906 = ORIENTED_EDGE('',*,*,#3496,.T.);
#4907 = ORIENTED_EDGE('',*,*,#4835,.F.);
#4908 = ORIENTED_EDGE('',*,*,#4909,.F.);
#4909 = EDGE_CURVE('',#4885,#4836,#4910,.T.);
#4910 = SURFACE_CURVE('',#4911,(#4915,#4922),.PCURVE_S1.);
#4911 = B_SPLINE_CURVE_WITH_KNOTS('',2,(#4912,#4913,#4914),
  .UNSPECIFIED.,.F.,.F.,(3,3),(0.,1.),.PIECEWISE_BEZIER_KNOTS.);
#4912 = CARTESIAN_POINT('',(-1.236585498329,36.726400372886,
    20.282635504887));
#4913 = CARTESIAN_POINT('',(4.008280218813,38.178379416306,
    20.346809592536));
#4914 = CARTESIAN_POINT('',(9.695484008485,38.746545128948,
    20.371921192051));
#4915 = PCURVE('',#3512,#4916);
#4916 = DEFINITIONAL_REPRESENTATION('',(#4917),#4921);
#4917 = LINE('',#4918,#4919);
#4918 = CARTESIAN_POINT('',(0.,0.));
#4919 = VECTOR('',#4920,1.);
#4920 = DIRECTION('',(1.,0.));
#4921 = ( GEOMETRIC_REPRESENTATION_CONTEXT(2) 
PARAMETRIC_REPRESENTATION_CONTEXT() REPRESENTATION_CONTEXT('2D SPACE',''
  ) );
#4922 = PCURVE('',#4673,#4923);
#4923 = DEFINITIONAL_REPRESENTATION('',(#4924),#4928);
#4924 = B_SPLINE_CURVE_WITH_KNOTS('',2,(#4925,#4926,#4927),
  .UNSPECIFIED.,.F.,.F.,(3,3),(0.,1.),.PIECEWISE_BEZIER_KNOTS.);
#4925 = CARTESIAN_POINT('',(-8.237832419838,4.337142140192));
#4926 = CARTESIAN_POINT('',(-2.992966702696,5.790538664219));
#4927 = CARTESIAN_POINT('',(2.694237086976,6.359259043187));
#4928 = ( GEOMETRIC_REPRESENTATION_CONTEXT(2) 
PARAMETRIC_REPRESENTATION_CONTEXT() REPRESENTATION_CONTEXT('2D SPACE',''
  ) );
#4929 = ADVANCED_FACE('',(#4930),#3484,.F.);
#4930 = FACE_BOUND('',#4931,.F.);
#4931 = EDGE_LOOP('',(#4932,#4955,#4956,#4957));
#4932 = ORIENTED_EDGE('',*,*,#4933,.T.);
#4933 = EDGE_CURVE('',#4934,#3441,#4936,.T.);
#4934 = VERTEX_POINT('',#4935);
#4935 = CARTESIAN_POINT('',(-1.362967804766,32.812369908016,
    20.109644486006));
#4936 = SURFACE_CURVE('',#4937,(#4941,#4948),.PCURVE_S1.);
#4937 = LINE('',#4938,#4939);
#4938 = CARTESIAN_POINT('',(-1.362967804766,32.812369908016,
    20.109644486006));
#4939 = VECTOR('',#4940,1.);
#4940 = DIRECTION('',(0.,-4.415456249432E-02,0.999024711712));
#4941 = PCURVE('',#3484,#4942);
#4942 = DEFINITIONAL_REPRESENTATION('',(#4943),#4947);
#4943 = LINE('',#4944,#4945);
#4944 = CARTESIAN_POINT('',(1.775433336952E-15,-0.));
#4945 = VECTOR('',#4946,1.);
#4946 = DIRECTION('',(0.,-1.));
#4947 = ( GEOMETRIC_REPRESENTATION_CONTEXT(2) 
PARAMETRIC_REPRESENTATION_CONTEXT() REPRESENTATION_CONTEXT('2D SPACE',''
  ) );
#4948 = PCURVE('',#3456,#4949);
#4949 = DEFINITIONAL_REPRESENTATION('',(#4950),#4954);
#4950 = LINE('',#4951,#4952);
#4951 = CARTESIAN_POINT('',(12.967126427049,0.));
#4952 = VECTOR('',#4953,1.);
#4953 = DIRECTION('',(0.,-1.));
#4954 = ( GEOMETRIC_REPRESENTATION_CONTEXT(2) 
PARAMETRIC_REPRESENTATION_CONTEXT() REPRESENTATION_CONTEXT('2D SPACE',''
  ) );
#4955 = ORIENTED_EDGE('',*,*,#3468,.T.);
#4956 = ORIENTED_EDGE('',*,*,#4884,.F.);
#4957 = ORIENTED_EDGE('',*,*,#4958,.F.);
#4958 = EDGE_CURVE('',#4934,#4885,#4959,.T.);
#4959 = SURFACE_CURVE('',#4960,(#4964,#4971),.PCURVE_S1.);
#4960 = LINE('',#4961,#4962);
#4961 = CARTESIAN_POINT('',(-1.362967804766,32.812369908016,
    20.109644486006));
#4962 = VECTOR('',#4963,1.);
#4963 = DIRECTION('',(3.224129401096E-02,0.99850533309,
    4.413160717044E-02));
#4964 = PCURVE('',#3484,#4965);
#4965 = DEFINITIONAL_REPRESENTATION('',(#4966),#4970);
#4966 = LINE('',#4967,#4968);
#4967 = CARTESIAN_POINT('',(0.,0.));
#4968 = VECTOR('',#4969,1.);
#4969 = DIRECTION('',(1.,0.));
#4970 = ( GEOMETRIC_REPRESENTATION_CONTEXT(2) 
PARAMETRIC_REPRESENTATION_CONTEXT() REPRESENTATION_CONTEXT('2D SPACE',''
  ) );
#4971 = PCURVE('',#4673,#4972);
#4972 = DEFINITIONAL_REPRESENTATION('',(#4973),#4977);
#4973 = LINE('',#4974,#4975);
#4974 = CARTESIAN_POINT('',(-8.364214726275,0.41929064064));
#4975 = VECTOR('',#4976,1.);
#4976 = DIRECTION('',(3.224129401096E-02,0.99948011434));
#4977 = ( GEOMETRIC_REPRESENTATION_CONTEXT(2) 
PARAMETRIC_REPRESENTATION_CONTEXT() REPRESENTATION_CONTEXT('2D SPACE',''
  ) );
#4978 = ADVANCED_FACE('',(#4979),#3456,.F.);
#4979 = FACE_BOUND('',#4980,.F.);
#4980 = EDGE_LOOP('',(#4981,#4982,#4983,#4984));
#4981 = ORIENTED_EDGE('',*,*,#4636,.T.);
#4982 = ORIENTED_EDGE('',*,*,#3440,.T.);
#4983 = ORIENTED_EDGE('',*,*,#4933,.F.);
#4984 = ORIENTED_EDGE('',*,*,#4985,.F.);
#4985 = EDGE_CURVE('',#4637,#4934,#4986,.T.);
#4986 = SURFACE_CURVE('',#4987,(#4991,#4998),.PCURVE_S1.);
#4987 = LINE('',#4988,#4989);
#4988 = CARTESIAN_POINT('',(6.346352887901,22.395998509573,
    19.649265161567));
#4989 = VECTOR('',#4990,1.);
#4990 = DIRECTION('',(-0.594528073435,0.803290648629,3.55035733653E-02)
  );
#4991 = PCURVE('',#3456,#4992);
#4992 = DEFINITIONAL_REPRESENTATION('',(#4993),#4997);
#4993 = LINE('',#4994,#4995);
#4994 = CARTESIAN_POINT('',(0.,0.));
#4995 = VECTOR('',#4996,1.);
#4996 = DIRECTION('',(1.,0.));
#4997 = ( GEOMETRIC_REPRESENTATION_CONTEXT(2) 
PARAMETRIC_REPRESENTATION_CONTEXT() REPRESENTATION_CONTEXT('2D SPACE',''
  ) );
#4998 = PCURVE('',#4673,#4999);
#4999 = DEFINITIONAL_REPRESENTATION('',(#5000),#5004);
#5000 = LINE('',#5001,#5002);
#5001 = CARTESIAN_POINT('',(-0.654894033608,-10.00724964042));
#5002 = VECTOR('',#5003,1.);
#5003 = DIRECTION('',(-0.594528073435,0.804074853417));
#5004 = ( GEOMETRIC_REPRESENTATION_CONTEXT(2) 
PARAMETRIC_REPRESENTATION_CONTEXT() REPRESENTATION_CONTEXT('2D SPACE',''
  ) );
#5005 = ADVANCED_FACE('',(#5006),#4007,.F.);
#5006 = FACE_BOUND('',#5007,.F.);
#5007 = EDGE_LOOP('',(#5008));
#5008 = ORIENTED_EDGE('',*,*,#3992,.T.);
#5009 = ADVANCED_FACE('',(#5010),#4097,.T.);
#5010 = FACE_BOUND('',#5011,.F.);
#5011 = EDGE_LOOP('',(#5012));
#5012 = ORIENTED_EDGE('',*,*,#4082,.F.);
#5013 = ADVANCED_FACE('',(#5014,#5024),#4673,.T.);
#5014 = FACE_BOUND('',#5015,.F.);
#5015 = EDGE_LOOP('',(#5016,#5017,#5018,#5019,#5020,#5021,#5022,#5023));
#5016 = ORIENTED_EDGE('',*,*,#4985,.T.);
#5017 = ORIENTED_EDGE('',*,*,#4958,.T.);
#5018 = ORIENTED_EDGE('',*,*,#4909,.T.);
#5019 = ORIENTED_EDGE('',*,*,#4860,.T.);
#5020 = ORIENTED_EDGE('',*,*,#4811,.T.);
#5021 = ORIENTED_EDGE('',*,*,#4762,.T.);
#5022 = ORIENTED_EDGE('',*,*,#4713,.T.);
#5023 = ORIENTED_EDGE('',*,*,#4659,.T.);
#5024 = FACE_BOUND('',#5025,.F.);
#5025 = EDGE_LOOP('',(#5026));
#5026 = ORIENTED_EDGE('',*,*,#5027,.F.);
#5027 = EDGE_CURVE('',#5028,#5028,#5030,.T.);
#5028 = VERTEX_POINT('',#5029);
#5029 = CARTESIAN_POINT('',(7.799749411928,32.181074671747,
    20.081742708768));
#5030 = SURFACE_CURVE('',#5031,(#5036,#5047),.PCURVE_S1.);
#5031 = CIRCLE('',#5032,0.631911532186);
#5032 = AXIS2_PLACEMENT_3D('',#5033,#5034,#5035);
#5033 = CARTESIAN_POINT('',(8.431660944114,32.181074671747,
    20.081742708768));
#5034 = DIRECTION('',(-9.96354144802E-35,4.415456249432E-02,
    -0.999024711712));
#5035 = DIRECTION('',(-1.,1.223452415467E-16,5.407374362642E-18));
#5036 = PCURVE('',#4673,#5037);
#5037 = DEFINITIONAL_REPRESENTATION('',(#5038),#5046);
#5038 = ( BOUNDED_CURVE() B_SPLINE_CURVE(2,(#5039,#5040,#5041,#5042,
#5043,#5044,#5045),.UNSPECIFIED.,.T.,.F.) B_SPLINE_CURVE_WITH_KNOTS((1,2
    ,2,2,2,1),(-2.094395102393,0.,2.094395102393,4.188790204786,
6.28318530718,8.377580409573),.UNSPECIFIED.) CURVE() 
GEOMETRIC_REPRESENTATION_ITEM() RATIONAL_B_SPLINE_CURVE((1.,0.5,1.,0.5,
1.,0.5,1.)) REPRESENTATION_ITEM('') );
#5039 = CARTESIAN_POINT('',(0.798502490419,-0.212620891546));
#5040 = CARTESIAN_POINT('',(0.798502490419,0.881881988089));
#5041 = CARTESIAN_POINT('',(1.746369788698,0.334630548271));
#5042 = CARTESIAN_POINT('',(2.694237086976,-0.212620891546));
#5043 = CARTESIAN_POINT('',(1.746369788698,-0.759872331363));
#5044 = CARTESIAN_POINT('',(0.798502490419,-1.30712377118));
#5045 = CARTESIAN_POINT('',(0.798502490419,-0.212620891546));
#5046 = ( GEOMETRIC_REPRESENTATION_CONTEXT(2) 
PARAMETRIC_REPRESENTATION_CONTEXT() REPRESENTATION_CONTEXT('2D SPACE',''
  ) );
#5047 = PCURVE('',#5048,#5053);
#5048 = CYLINDRICAL_SURFACE('',#5049,0.631911532186);
#5049 = AXIS2_PLACEMENT_3D('',#5050,#5051,#5052);
#5050 = CARTESIAN_POINT('',(8.431660944114,32.181074671747,
    20.081742708768));
#5051 = DIRECTION('',(0.,4.415456249432E-02,-0.999024711712));
#5052 = DIRECTION('',(-1.,1.223452415467E-16,5.407374362642E-18));
#5053 = DEFINITIONAL_REPRESENTATION('',(#5054),#5058);
#5054 = LINE('',#5055,#5056);
#5055 = CARTESIAN_POINT('',(0.,0.));
#5056 = VECTOR('',#5057,1.);
#5057 = DIRECTION('',(1.,0.));
#5058 = ( GEOMETRIC_REPRESENTATION_CONTEXT(2) 
PARAMETRIC_REPRESENTATION_CONTEXT() REPRESENTATION_CONTEXT('2D SPACE',''
  ) );
#5059 = ADVANCED_FACE('',(#5060),#5074,.T.);
#5060 = FACE_BOUND('',#5061,.T.);
#5061 = EDGE_LOOP('',(#5062,#5097,#5125,#5153));
#5062 = ORIENTED_EDGE('',*,*,#5063,.T.);
#5063 = EDGE_CURVE('',#5064,#5066,#5068,.T.);
#5064 = VERTEX_POINT('',#5065);
#5065 = CARTESIAN_POINT('',(7.483793645835,41.713632739414,
    20.503059545073));
#5066 = VERTEX_POINT('',#5067);
#5067 = CARTESIAN_POINT('',(7.483793645835,41.687140001917,21.1024743721
    ));
#5068 = SURFACE_CURVE('',#5069,(#5073,#5085),.PCURVE_S1.);
#5069 = LINE('',#5070,#5071);
#5070 = CARTESIAN_POINT('',(7.483793645835,41.713632739414,
    20.503059545073));
#5071 = VECTOR('',#5072,1.);
#5072 = DIRECTION('',(0.,-4.415456249432E-02,0.999024711712));
#5073 = PCURVE('',#5074,#5079);
#5074 = PLANE('',#5075);
#5075 = AXIS2_PLACEMENT_3D('',#5076,#5077,#5078);
#5076 = CARTESIAN_POINT('',(7.483793645835,41.713632739414,
    20.503059545073));
#5077 = DIRECTION('',(-0.505719499712,-0.861856590871,-3.80920514344E-02
    ));
#5078 = DIRECTION('',(-0.862697970098,0.505226277407,2.232982325465E-02)
  );
#5079 = DEFINITIONAL_REPRESENTATION('',(#5080),#5084);
#5080 = LINE('',#5081,#5082);
#5081 = CARTESIAN_POINT('',(0.,0.));
#5082 = VECTOR('',#5083,1.);
#5083 = DIRECTION('',(0.,-1.));
#5084 = ( GEOMETRIC_REPRESENTATION_CONTEXT(2) 
PARAMETRIC_REPRESENTATION_CONTEXT() REPRESENTATION_CONTEXT('2D SPACE',''
  ) );
#5085 = PCURVE('',#5086,#5091);
#5086 = PLANE('',#5087);
#5087 = AXIS2_PLACEMENT_3D('',#5088,#5089,#5090);
#5088 = CARTESIAN_POINT('',(9.316337089174,42.786834641072,
    20.550492566379));
#5089 = DIRECTION('',(0.505719499712,-0.861856590871,-3.80920514344E-02)
  );
#5090 = DIRECTION('',(-0.862697970098,-0.505226277407,
    -2.232982325465E-02));
#5091 = DEFINITIONAL_REPRESENTATION('',(#5092),#5096);
#5092 = LINE('',#5093,#5094);
#5093 = CARTESIAN_POINT('',(2.124200481347,0.));
#5094 = VECTOR('',#5095,1.);
#5095 = DIRECTION('',(0.,-1.));
#5096 = ( GEOMETRIC_REPRESENTATION_CONTEXT(2) 
PARAMETRIC_REPRESENTATION_CONTEXT() REPRESENTATION_CONTEXT('2D SPACE',''
  ) );
#5097 = ORIENTED_EDGE('',*,*,#5098,.T.);
#5098 = EDGE_CURVE('',#5066,#5099,#5101,.T.);
#5099 = VERTEX_POINT('',#5100);
#5100 = CARTESIAN_POINT('',(5.651250202496,42.760341903575,
    21.149907393406));
#5101 = SURFACE_CURVE('',#5102,(#5106,#5113),.PCURVE_S1.);
#5102 = LINE('',#5103,#5104);
#5103 = CARTESIAN_POINT('',(7.483793645835,41.687140001917,21.1024743721
    ));
#5104 = VECTOR('',#5105,1.);
#5105 = DIRECTION('',(-0.862697970098,0.505226277407,2.232982325465E-02)
  );
#5106 = PCURVE('',#5074,#5107);
#5107 = DEFINITIONAL_REPRESENTATION('',(#5108),#5112);
#5108 = LINE('',#5109,#5110);
#5109 = CARTESIAN_POINT('',(0.,-0.6));
#5110 = VECTOR('',#5111,1.);
#5111 = DIRECTION('',(1.,0.));
#5112 = ( GEOMETRIC_REPRESENTATION_CONTEXT(2) 
PARAMETRIC_REPRESENTATION_CONTEXT() REPRESENTATION_CONTEXT('2D SPACE',''
  ) );
#5113 = PCURVE('',#5114,#5119);
#5114 = PLANE('',#5115);
#5115 = AXIS2_PLACEMENT_3D('',#5116,#5117,#5118);
#5116 = CARTESIAN_POINT('',(0.,90.05,23.24));
#5117 = DIRECTION('',(0.,-4.415456249432E-02,0.999024711712));
#5118 = DIRECTION('',(0.,-0.999024711712,-4.415456249432E-02));
#5119 = DEFINITIONAL_REPRESENTATION('',(#5120),#5124);
#5120 = LINE('',#5121,#5122);
#5121 = CARTESIAN_POINT('',(48.410073776065,7.483793645835));
#5122 = VECTOR('',#5123,1.);
#5123 = DIRECTION('',(-0.505719499712,-0.862697970098));
#5124 = ( GEOMETRIC_REPRESENTATION_CONTEXT(2) 
PARAMETRIC_REPRESENTATION_CONTEXT() REPRESENTATION_CONTEXT('2D SPACE',''
  ) );
#5125 = ORIENTED_EDGE('',*,*,#5126,.F.);
#5126 = EDGE_CURVE('',#5127,#5099,#5129,.T.);
#5127 = VERTEX_POINT('',#5128);
#5128 = CARTESIAN_POINT('',(5.651250202496,42.786834641072,
    20.550492566379));
#5129 = SURFACE_CURVE('',#5130,(#5134,#5141),.PCURVE_S1.);
#5130 = LINE('',#5131,#5132);
#5131 = CARTESIAN_POINT('',(5.651250202496,42.786834641072,
    20.550492566379));
#5132 = VECTOR('',#5133,1.);
#5133 = DIRECTION('',(0.,-4.415456249432E-02,0.999024711712));
#5134 = PCURVE('',#5074,#5135);
#5135 = DEFINITIONAL_REPRESENTATION('',(#5136),#5140);
#5136 = LINE('',#5137,#5138);
#5137 = CARTESIAN_POINT('',(2.124200481347,0.));
#5138 = VECTOR('',#5139,1.);
#5139 = DIRECTION('',(0.,-1.));
#5140 = ( GEOMETRIC_REPRESENTATION_CONTEXT(2) 
PARAMETRIC_REPRESENTATION_CONTEXT() REPRESENTATION_CONTEXT('2D SPACE',''
  ) );
#5141 = PCURVE('',#5142,#5147);
#5142 = PLANE('',#5143);
#5143 = AXIS2_PLACEMENT_3D('',#5144,#5145,#5146);
#5144 = CARTESIAN_POINT('',(5.651250202496,42.786834641072,
    20.550492566379));
#5145 = DIRECTION('',(-1.,1.223452415467E-16,5.407374362642E-18));
#5146 = DIRECTION('',(1.224646799147E-16,0.999024711712,
    4.415456249432E-02));
#5147 = DEFINITIONAL_REPRESENTATION('',(#5148),#5152);
#5148 = LINE('',#5149,#5150);
#5149 = CARTESIAN_POINT('',(0.,0.));
#5150 = VECTOR('',#5151,1.);
#5151 = DIRECTION('',(0.,-1.));
#5152 = ( GEOMETRIC_REPRESENTATION_CONTEXT(2) 
PARAMETRIC_REPRESENTATION_CONTEXT() REPRESENTATION_CONTEXT('2D SPACE',''
  ) );
#5153 = ORIENTED_EDGE('',*,*,#5154,.F.);
#5154 = EDGE_CURVE('',#5064,#5127,#5155,.T.);
#5155 = SURFACE_CURVE('',#5156,(#5160),.PCURVE_S1.);
#5156 = LINE('',#5157,#5158);
#5157 = CARTESIAN_POINT('',(7.483793645835,41.713632739414,
    20.503059545073));
#5158 = VECTOR('',#5159,1.);
#5159 = DIRECTION('',(-0.862697970098,0.505226277407,2.232982325465E-02)
  );
#5160 = PCURVE('',#5074,#5161);
#5161 = DEFINITIONAL_REPRESENTATION('',(#5162),#5166);
#5162 = LINE('',#5163,#5164);
#5163 = CARTESIAN_POINT('',(0.,0.));
#5164 = VECTOR('',#5165,1.);
#5165 = DIRECTION('',(1.,0.));
#5166 = ( GEOMETRIC_REPRESENTATION_CONTEXT(2) 
PARAMETRIC_REPRESENTATION_CONTEXT() REPRESENTATION_CONTEXT('2D SPACE',''
  ) );
#5167 = ADVANCED_FACE('',(#5168),#5142,.T.);
#5168 = FACE_BOUND('',#5169,.T.);
#5169 = EDGE_LOOP('',(#5170,#5171,#5194,#5222));
#5170 = ORIENTED_EDGE('',*,*,#5126,.T.);
#5171 = ORIENTED_EDGE('',*,*,#5172,.T.);
#5172 = EDGE_CURVE('',#5099,#5173,#5175,.T.);
#5173 = VERTEX_POINT('',#5174);
#5174 = CARTESIAN_POINT('',(5.651250202496,44.906745706891,
    21.244773436018));
#5175 = SURFACE_CURVE('',#5176,(#5180,#5187),.PCURVE_S1.);
#5176 = LINE('',#5177,#5178);
#5177 = CARTESIAN_POINT('',(5.651250202496,42.760341903575,
    21.149907393406));
#5178 = VECTOR('',#5179,1.);
#5179 = DIRECTION('',(1.224646799147E-16,0.999024711712,
    4.415456249432E-02));
#5180 = PCURVE('',#5142,#5181);
#5181 = DEFINITIONAL_REPRESENTATION('',(#5182),#5186);
#5182 = LINE('',#5183,#5184);
#5183 = CARTESIAN_POINT('',(0.,-0.6));
#5184 = VECTOR('',#5185,1.);
#5185 = DIRECTION('',(1.,0.));
#5186 = ( GEOMETRIC_REPRESENTATION_CONTEXT(2) 
PARAMETRIC_REPRESENTATION_CONTEXT() REPRESENTATION_CONTEXT('2D SPACE',''
  ) );
#5187 = PCURVE('',#5114,#5188);
#5188 = DEFINITIONAL_REPRESENTATION('',(#5189),#5193);
#5189 = LINE('',#5190,#5191);
#5190 = CARTESIAN_POINT('',(47.335824171349,5.651250202496));
#5191 = VECTOR('',#5192,1.);
#5192 = DIRECTION('',(-1.,1.224646799147E-16));
#5193 = ( GEOMETRIC_REPRESENTATION_CONTEXT(2) 
PARAMETRIC_REPRESENTATION_CONTEXT() REPRESENTATION_CONTEXT('2D SPACE',''
  ) );
#5194 = ORIENTED_EDGE('',*,*,#5195,.F.);
#5195 = EDGE_CURVE('',#5196,#5173,#5198,.T.);
#5196 = VERTEX_POINT('',#5197);
#5197 = CARTESIAN_POINT('',(5.651250202496,44.933238444387,
    20.645358608991));
#5198 = SURFACE_CURVE('',#5199,(#5203,#5210),.PCURVE_S1.);
#5199 = LINE('',#5200,#5201);
#5200 = CARTESIAN_POINT('',(5.651250202496,44.933238444387,
    20.645358608991));
#5201 = VECTOR('',#5202,1.);
#5202 = DIRECTION('',(0.,-4.415456249432E-02,0.999024711712));
#5203 = PCURVE('',#5142,#5204);
#5204 = DEFINITIONAL_REPRESENTATION('',(#5205),#5209);
#5205 = LINE('',#5206,#5207);
#5206 = CARTESIAN_POINT('',(2.148499209432,-0.));
#5207 = VECTOR('',#5208,1.);
#5208 = DIRECTION('',(0.,-1.));
#5209 = ( GEOMETRIC_REPRESENTATION_CONTEXT(2) 
PARAMETRIC_REPRESENTATION_CONTEXT() REPRESENTATION_CONTEXT('2D SPACE',''
  ) );
#5210 = PCURVE('',#5211,#5216);
#5211 = PLANE('',#5212);
#5212 = AXIS2_PLACEMENT_3D('',#5213,#5214,#5215);
#5213 = CARTESIAN_POINT('',(5.651250202496,44.933238444387,
    20.645358608991));
#5214 = DIRECTION('',(-0.505719499712,0.861856590871,3.80920514344E-02)
  );
#5215 = DIRECTION('',(0.862697970098,0.505226277407,2.232982325465E-02)
  );
#5216 = DEFINITIONAL_REPRESENTATION('',(#5217),#5221);
#5217 = LINE('',#5218,#5219);
#5218 = CARTESIAN_POINT('',(0.,0.));
#5219 = VECTOR('',#5220,1.);
#5220 = DIRECTION('',(0.,-1.));
#5221 = ( GEOMETRIC_REPRESENTATION_CONTEXT(2) 
PARAMETRIC_REPRESENTATION_CONTEXT() REPRESENTATION_CONTEXT('2D SPACE',''
  ) );
#5222 = ORIENTED_EDGE('',*,*,#5223,.F.);
#5223 = EDGE_CURVE('',#5127,#5196,#5224,.T.);
#5224 = SURFACE_CURVE('',#5225,(#5229),.PCURVE_S1.);
#5225 = LINE('',#5226,#5227);
#5226 = CARTESIAN_POINT('',(5.651250202496,42.786834641072,
    20.550492566379));
#5227 = VECTOR('',#5228,1.);
#5228 = DIRECTION('',(1.224646799147E-16,0.999024711712,
    4.415456249432E-02));
#5229 = PCURVE('',#5142,#5230);
#5230 = DEFINITIONAL_REPRESENTATION('',(#5231),#5235);
#5231 = LINE('',#5232,#5233);
#5232 = CARTESIAN_POINT('',(0.,0.));
#5233 = VECTOR('',#5234,1.);
#5234 = DIRECTION('',(1.,0.));
#5235 = ( GEOMETRIC_REPRESENTATION_CONTEXT(2) 
PARAMETRIC_REPRESENTATION_CONTEXT() REPRESENTATION_CONTEXT('2D SPACE',''
  ) );
#5236 = ADVANCED_FACE('',(#5237),#5211,.T.);
#5237 = FACE_BOUND('',#5238,.T.);
#5238 = EDGE_LOOP('',(#5239,#5240,#5263,#5291));
#5239 = ORIENTED_EDGE('',*,*,#5195,.T.);
#5240 = ORIENTED_EDGE('',*,*,#5241,.T.);
#5241 = EDGE_CURVE('',#5173,#5242,#5244,.T.);
#5242 = VERTEX_POINT('',#5243);
#5243 = CARTESIAN_POINT('',(7.483793645835,45.979947608549,
    21.292206457324));
#5244 = SURFACE_CURVE('',#5245,(#5249,#5256),.PCURVE_S1.);
#5245 = LINE('',#5246,#5247);
#5246 = CARTESIAN_POINT('',(5.651250202496,44.906745706891,
    21.244773436018));
#5247 = VECTOR('',#5248,1.);
#5248 = DIRECTION('',(0.862697970098,0.505226277407,2.232982325465E-02)
  );
#5249 = PCURVE('',#5211,#5250);
#5250 = DEFINITIONAL_REPRESENTATION('',(#5251),#5255);
#5251 = LINE('',#5252,#5253);
#5252 = CARTESIAN_POINT('',(0.,-0.6));
#5253 = VECTOR('',#5254,1.);
#5254 = DIRECTION('',(1.,0.));
#5255 = ( GEOMETRIC_REPRESENTATION_CONTEXT(2) 
PARAMETRIC_REPRESENTATION_CONTEXT() REPRESENTATION_CONTEXT('2D SPACE',''
  ) );
#5256 = PCURVE('',#5114,#5257);
#5257 = DEFINITIONAL_REPRESENTATION('',(#5258),#5262);
#5258 = LINE('',#5259,#5260);
#5259 = CARTESIAN_POINT('',(45.187324961918,5.651250202496));
#5260 = VECTOR('',#5261,1.);
#5261 = DIRECTION('',(-0.505719499712,0.862697970098));
#5262 = ( GEOMETRIC_REPRESENTATION_CONTEXT(2) 
PARAMETRIC_REPRESENTATION_CONTEXT() REPRESENTATION_CONTEXT('2D SPACE',''
  ) );
#5263 = ORIENTED_EDGE('',*,*,#5264,.F.);
#5264 = EDGE_CURVE('',#5265,#5242,#5267,.T.);
#5265 = VERTEX_POINT('',#5266);
#5266 = CARTESIAN_POINT('',(7.483793645835,46.006440346045,
    20.692791630297));
#5267 = SURFACE_CURVE('',#5268,(#5272,#5279),.PCURVE_S1.);
#5268 = LINE('',#5269,#5270);
#5269 = CARTESIAN_POINT('',(7.483793645835,46.006440346045,
    20.692791630297));
#5270 = VECTOR('',#5271,1.);
#5271 = DIRECTION('',(0.,-4.415456249432E-02,0.999024711712));
#5272 = PCURVE('',#5211,#5273);
#5273 = DEFINITIONAL_REPRESENTATION('',(#5274),#5278);
#5274 = LINE('',#5275,#5276);
#5275 = CARTESIAN_POINT('',(2.124200481347,0.));
#5276 = VECTOR('',#5277,1.);
#5277 = DIRECTION('',(0.,-1.));
#5278 = ( GEOMETRIC_REPRESENTATION_CONTEXT(2) 
PARAMETRIC_REPRESENTATION_CONTEXT() REPRESENTATION_CONTEXT('2D SPACE',''
  ) );
#5279 = PCURVE('',#5280,#5285);
#5280 = PLANE('',#5281);
#5281 = AXIS2_PLACEMENT_3D('',#5282,#5283,#5284);
#5282 = CARTESIAN_POINT('',(7.483793645835,46.006440346045,
    20.692791630297));
#5283 = DIRECTION('',(0.505719499712,0.861856590871,3.80920514344E-02));
#5284 = DIRECTION('',(0.862697970098,-0.505226277407,-2.232982325465E-02
    ));
#5285 = DEFINITIONAL_REPRESENTATION('',(#5286),#5290);
#5286 = LINE('',#5287,#5288);
#5287 = CARTESIAN_POINT('',(0.,0.));
#5288 = VECTOR('',#5289,1.);
#5289 = DIRECTION('',(0.,-1.));
#5290 = ( GEOMETRIC_REPRESENTATION_CONTEXT(2) 
PARAMETRIC_REPRESENTATION_CONTEXT() REPRESENTATION_CONTEXT('2D SPACE',''
  ) );
#5291 = ORIENTED_EDGE('',*,*,#5292,.F.);
#5292 = EDGE_CURVE('',#5196,#5265,#5293,.T.);
#5293 = SURFACE_CURVE('',#5294,(#5298),.PCURVE_S1.);
#5294 = LINE('',#5295,#5296);
#5295 = CARTESIAN_POINT('',(5.651250202496,44.933238444387,
    20.645358608991));
#5296 = VECTOR('',#5297,1.);
#5297 = DIRECTION('',(0.862697970098,0.505226277407,2.232982325465E-02)
  );
#5298 = PCURVE('',#5211,#5299);
#5299 = DEFINITIONAL_REPRESENTATION('',(#5300),#5304);
#5300 = LINE('',#5301,#5302);
#5301 = CARTESIAN_POINT('',(0.,0.));
#5302 = VECTOR('',#5303,1.);
#5303 = DIRECTION('',(1.,0.));
#5304 = ( GEOMETRIC_REPRESENTATION_CONTEXT(2) 
PARAMETRIC_REPRESENTATION_CONTEXT() REPRESENTATION_CONTEXT('2D SPACE',''
  ) );
#5305 = ADVANCED_FACE('',(#5306),#5280,.T.);
#5306 = FACE_BOUND('',#5307,.T.);
#5307 = EDGE_LOOP('',(#5308,#5309,#5332,#5360));
#5308 = ORIENTED_EDGE('',*,*,#5264,.T.);
#5309 = ORIENTED_EDGE('',*,*,#5310,.T.);
#5310 = EDGE_CURVE('',#5242,#5311,#5313,.T.);
#5311 = VERTEX_POINT('',#5312);
#5312 = CARTESIAN_POINT('',(9.316337089174,44.906745706891,
    21.244773436018));
#5313 = SURFACE_CURVE('',#5314,(#5318,#5325),.PCURVE_S1.);
#5314 = LINE('',#5315,#5316);
#5315 = CARTESIAN_POINT('',(7.483793645835,45.979947608549,
    21.292206457324));
#5316 = VECTOR('',#5317,1.);
#5317 = DIRECTION('',(0.862697970098,-0.505226277407,-2.232982325465E-02
    ));
#5318 = PCURVE('',#5280,#5319);
#5319 = DEFINITIONAL_REPRESENTATION('',(#5320),#5324);
#5320 = LINE('',#5321,#5322);
#5321 = CARTESIAN_POINT('',(0.,-0.6));
#5322 = VECTOR('',#5323,1.);
#5323 = DIRECTION('',(1.,0.));
#5324 = ( GEOMETRIC_REPRESENTATION_CONTEXT(2) 
PARAMETRIC_REPRESENTATION_CONTEXT() REPRESENTATION_CONTEXT('2D SPACE',''
  ) );
#5325 = PCURVE('',#5114,#5326);
#5326 = DEFINITIONAL_REPRESENTATION('',(#5327),#5331);
#5327 = LINE('',#5328,#5329);
#5328 = CARTESIAN_POINT('',(44.113075357202,7.483793645835));
#5329 = VECTOR('',#5330,1.);
#5330 = DIRECTION('',(0.505719499712,0.862697970098));
#5331 = ( GEOMETRIC_REPRESENTATION_CONTEXT(2) 
PARAMETRIC_REPRESENTATION_CONTEXT() REPRESENTATION_CONTEXT('2D SPACE',''
  ) );
#5332 = ORIENTED_EDGE('',*,*,#5333,.F.);
#5333 = EDGE_CURVE('',#5334,#5311,#5336,.T.);
#5334 = VERTEX_POINT('',#5335);
#5335 = CARTESIAN_POINT('',(9.316337089174,44.933238444387,
    20.645358608991));
#5336 = SURFACE_CURVE('',#5337,(#5341,#5348),.PCURVE_S1.);
#5337 = LINE('',#5338,#5339);
#5338 = CARTESIAN_POINT('',(9.316337089174,44.933238444387,
    20.645358608991));
#5339 = VECTOR('',#5340,1.);
#5340 = DIRECTION('',(0.,-4.415456249432E-02,0.999024711712));
#5341 = PCURVE('',#5280,#5342);
#5342 = DEFINITIONAL_REPRESENTATION('',(#5343),#5347);
#5343 = LINE('',#5344,#5345);
#5344 = CARTESIAN_POINT('',(2.124200481347,0.));
#5345 = VECTOR('',#5346,1.);
#5346 = DIRECTION('',(0.,-1.));
#5347 = ( GEOMETRIC_REPRESENTATION_CONTEXT(2) 
PARAMETRIC_REPRESENTATION_CONTEXT() REPRESENTATION_CONTEXT('2D SPACE',''
  ) );
#5348 = PCURVE('',#5349,#5354);
#5349 = PLANE('',#5350);
#5350 = AXIS2_PLACEMENT_3D('',#5351,#5352,#5353);
#5351 = CARTESIAN_POINT('',(9.316337089174,44.933238444387,
    20.645358608991));
#5352 = DIRECTION('',(1.,-1.223452415467E-16,-5.407374362642E-18));
#5353 = DIRECTION('',(-1.224646799147E-16,-0.999024711712,
    -4.415456249432E-02));
#5354 = DEFINITIONAL_REPRESENTATION('',(#5355),#5359);
#5355 = LINE('',#5356,#5357);
#5356 = CARTESIAN_POINT('',(0.,0.));
#5357 = VECTOR('',#5358,1.);
#5358 = DIRECTION('',(0.,-1.));
#5359 = ( GEOMETRIC_REPRESENTATION_CONTEXT(2) 
PARAMETRIC_REPRESENTATION_CONTEXT() REPRESENTATION_CONTEXT('2D SPACE',''
  ) );
#5360 = ORIENTED_EDGE('',*,*,#5361,.F.);
#5361 = EDGE_CURVE('',#5265,#5334,#5362,.T.);
#5362 = SURFACE_CURVE('',#5363,(#5367),.PCURVE_S1.);
#5363 = LINE('',#5364,#5365);
#5364 = CARTESIAN_POINT('',(7.483793645835,46.006440346045,
    20.692791630297));
#5365 = VECTOR('',#5366,1.);
#5366 = DIRECTION('',(0.862697970098,-0.505226277407,-2.232982325465E-02
    ));
#5367 = PCURVE('',#5280,#5368);
#5368 = DEFINITIONAL_REPRESENTATION('',(#5369),#5373);
#5369 = LINE('',#5370,#5371);
#5370 = CARTESIAN_POINT('',(0.,0.));
#5371 = VECTOR('',#5372,1.);
#5372 = DIRECTION('',(1.,0.));
#5373 = ( GEOMETRIC_REPRESENTATION_CONTEXT(2) 
PARAMETRIC_REPRESENTATION_CONTEXT() REPRESENTATION_CONTEXT('2D SPACE',''
  ) );
#5374 = ADVANCED_FACE('',(#5375),#5349,.T.);
#5375 = FACE_BOUND('',#5376,.T.);
#5376 = EDGE_LOOP('',(#5377,#5378,#5401,#5424));
#5377 = ORIENTED_EDGE('',*,*,#5333,.T.);
#5378 = ORIENTED_EDGE('',*,*,#5379,.T.);
#5379 = EDGE_CURVE('',#5311,#5380,#5382,.T.);
#5380 = VERTEX_POINT('',#5381);
#5381 = CARTESIAN_POINT('',(9.316337089174,42.760341903575,
    21.149907393406));
#5382 = SURFACE_CURVE('',#5383,(#5387,#5394),.PCURVE_S1.);
#5383 = LINE('',#5384,#5385);
#5384 = CARTESIAN_POINT('',(9.316337089174,44.906745706891,
    21.244773436018));
#5385 = VECTOR('',#5386,1.);
#5386 = DIRECTION('',(-1.224646799147E-16,-0.999024711712,
    -4.415456249432E-02));
#5387 = PCURVE('',#5349,#5388);
#5388 = DEFINITIONAL_REPRESENTATION('',(#5389),#5393);
#5389 = LINE('',#5390,#5391);
#5390 = CARTESIAN_POINT('',(0.,-0.6));
#5391 = VECTOR('',#5392,1.);
#5392 = DIRECTION('',(1.,0.));
#5393 = ( GEOMETRIC_REPRESENTATION_CONTEXT(2) 
PARAMETRIC_REPRESENTATION_CONTEXT() REPRESENTATION_CONTEXT('2D SPACE',''
  ) );
#5394 = PCURVE('',#5114,#5395);
#5395 = DEFINITIONAL_REPRESENTATION('',(#5396),#5400);
#5396 = LINE('',#5397,#5398);
#5397 = CARTESIAN_POINT('',(45.187324961918,9.316337089174));
#5398 = VECTOR('',#5399,1.);
#5399 = DIRECTION('',(1.,-1.224646799147E-16));
#5400 = ( GEOMETRIC_REPRESENTATION_CONTEXT(2) 
PARAMETRIC_REPRESENTATION_CONTEXT() REPRESENTATION_CONTEXT('2D SPACE',''
  ) );
#5401 = ORIENTED_EDGE('',*,*,#5402,.F.);
#5402 = EDGE_CURVE('',#5403,#5380,#5405,.T.);
#5403 = VERTEX_POINT('',#5404);
#5404 = CARTESIAN_POINT('',(9.316337089174,42.786834641072,
    20.550492566379));
#5405 = SURFACE_CURVE('',#5406,(#5410,#5417),.PCURVE_S1.);
#5406 = LINE('',#5407,#5408);
#5407 = CARTESIAN_POINT('',(9.316337089174,42.786834641072,
    20.550492566379));
#5408 = VECTOR('',#5409,1.);
#5409 = DIRECTION('',(0.,-4.415456249432E-02,0.999024711712));
#5410 = PCURVE('',#5349,#5411);
#5411 = DEFINITIONAL_REPRESENTATION('',(#5412),#5416);
#5412 = LINE('',#5413,#5414);
#5413 = CARTESIAN_POINT('',(2.148499209432,0.));
#5414 = VECTOR('',#5415,1.);
#5415 = DIRECTION('',(0.,-1.));
#5416 = ( GEOMETRIC_REPRESENTATION_CONTEXT(2) 
PARAMETRIC_REPRESENTATION_CONTEXT() REPRESENTATION_CONTEXT('2D SPACE',''
  ) );
#5417 = PCURVE('',#5086,#5418);
#5418 = DEFINITIONAL_REPRESENTATION('',(#5419),#5423);
#5419 = LINE('',#5420,#5421);
#5420 = CARTESIAN_POINT('',(0.,0.));
#5421 = VECTOR('',#5422,1.);
#5422 = DIRECTION('',(0.,-1.));
#5423 = ( GEOMETRIC_REPRESENTATION_CONTEXT(2) 
PARAMETRIC_REPRESENTATION_CONTEXT() REPRESENTATION_CONTEXT('2D SPACE',''
  ) );
#5424 = ORIENTED_EDGE('',*,*,#5425,.F.);
#5425 = EDGE_CURVE('',#5334,#5403,#5426,.T.);
#5426 = SURFACE_CURVE('',#5427,(#5431),.PCURVE_S1.);
#5427 = LINE('',#5428,#5429);
#5428 = CARTESIAN_POINT('',(9.316337089174,44.933238444387,
    20.645358608991));
#5429 = VECTOR('',#5430,1.);
#5430 = DIRECTION('',(-1.224646799147E-16,-0.999024711712,
    -4.415456249432E-02));
#5431 = PCURVE('',#5349,#5432);
#5432 = DEFINITIONAL_REPRESENTATION('',(#5433),#5437);
#5433 = LINE('',#5434,#5435);
#5434 = CARTESIAN_POINT('',(0.,0.));
#5435 = VECTOR('',#5436,1.);
#5436 = DIRECTION('',(1.,0.));
#5437 = ( GEOMETRIC_REPRESENTATION_CONTEXT(2) 
PARAMETRIC_REPRESENTATION_CONTEXT() REPRESENTATION_CONTEXT('2D SPACE',''
  ) );
#5438 = ADVANCED_FACE('',(#5439),#5086,.T.);
#5439 = FACE_BOUND('',#5440,.T.);
#5440 = EDGE_LOOP('',(#5441,#5442,#5463,#5464));
#5441 = ORIENTED_EDGE('',*,*,#5402,.T.);
#5442 = ORIENTED_EDGE('',*,*,#5443,.T.);
#5443 = EDGE_CURVE('',#5380,#5066,#5444,.T.);
#5444 = SURFACE_CURVE('',#5445,(#5449,#5456),.PCURVE_S1.);
#5445 = LINE('',#5446,#5447);
#5446 = CARTESIAN_POINT('',(9.316337089174,42.760341903575,
    21.149907393406));
#5447 = VECTOR('',#5448,1.);
#5448 = DIRECTION('',(-0.862697970098,-0.505226277407,
    -2.232982325465E-02));
#5449 = PCURVE('',#5086,#5450);
#5450 = DEFINITIONAL_REPRESENTATION('',(#5451),#5455);
#5451 = LINE('',#5452,#5453);
#5452 = CARTESIAN_POINT('',(0.,-0.6));
#5453 = VECTOR('',#5454,1.);
#5454 = DIRECTION('',(1.,0.));
#5455 = ( GEOMETRIC_REPRESENTATION_CONTEXT(2) 
PARAMETRIC_REPRESENTATION_CONTEXT() REPRESENTATION_CONTEXT('2D SPACE',''
  ) );
#5456 = PCURVE('',#5114,#5457);
#5457 = DEFINITIONAL_REPRESENTATION('',(#5458),#5462);
#5458 = LINE('',#5459,#5460);
#5459 = CARTESIAN_POINT('',(47.335824171349,9.316337089174));
#5460 = VECTOR('',#5461,1.);
#5461 = DIRECTION('',(0.505719499712,-0.862697970098));
#5462 = ( GEOMETRIC_REPRESENTATION_CONTEXT(2) 
PARAMETRIC_REPRESENTATION_CONTEXT() REPRESENTATION_CONTEXT('2D SPACE',''
  ) );
#5463 = ORIENTED_EDGE('',*,*,#5063,.F.);
#5464 = ORIENTED_EDGE('',*,*,#5465,.F.);
#5465 = EDGE_CURVE('',#5403,#5064,#5466,.T.);
#5466 = SURFACE_CURVE('',#5467,(#5471),.PCURVE_S1.);
#5467 = LINE('',#5468,#5469);
#5468 = CARTESIAN_POINT('',(9.316337089174,42.786834641072,
    20.550492566379));
#5469 = VECTOR('',#5470,1.);
#5470 = DIRECTION('',(-0.862697970098,-0.505226277407,
    -2.232982325465E-02));
#5471 = PCURVE('',#5086,#5472);
#5472 = DEFINITIONAL_REPRESENTATION('',(#5473),#5477);
#5473 = LINE('',#5474,#5475);
#5474 = CARTESIAN_POINT('',(0.,0.));
#5475 = VECTOR('',#5476,1.);
#5476 = DIRECTION('',(1.,0.));
#5477 = ( GEOMETRIC_REPRESENTATION_CONTEXT(2) 
PARAMETRIC_REPRESENTATION_CONTEXT() REPRESENTATION_CONTEXT('2D SPACE',''
  ) );
#5478 = ADVANCED_FACE('',(#5479),#5493,.T.);
#5479 = FACE_BOUND('',#5480,.T.);
#5480 = EDGE_LOOP('',(#5481,#5526,#5560,#5588));
#5481 = ORIENTED_EDGE('',*,*,#5482,.T.);
#5482 = EDGE_CURVE('',#5483,#5485,#5487,.T.);
#5483 = VERTEX_POINT('',#5484);
#5484 = CARTESIAN_POINT('',(-10.39930271502,37.862731798171,
    20.332858703917));
#5485 = VERTEX_POINT('',#5486);
#5486 = CARTESIAN_POINT('',(-10.39930271502,37.836239060674,
    20.932273530944));
#5487 = SURFACE_CURVE('',#5488,(#5492,#5509),.PCURVE_S1.);
#5488 = LINE('',#5489,#5490);
#5489 = CARTESIAN_POINT('',(-10.39930271502,37.862731798171,
    20.332858703917));
#5490 = VECTOR('',#5491,1.);
#5491 = DIRECTION('',(0.,-4.415456249432E-02,0.999024711712));
#5492 = PCURVE('',#5493,#5503);
#5493 = SURFACE_OF_LINEAR_EXTRUSION('',#5494,#5501);
#5494 = B_SPLINE_CURVE_WITH_KNOTS('',3,(#5495,#5496,#5497,#5498,#5499,
    #5500),.UNSPECIFIED.,.F.,.F.,(4,2,4),(0.,1.,1.666666666667),
  .UNSPECIFIED.);
#5495 = CARTESIAN_POINT('',(-10.39930271502,37.862731798171,
    20.332858703917));
#5496 = CARTESIAN_POINT('',(-12.42141961801,37.862731798171,
    20.332858703917));
#5497 = CARTESIAN_POINT('',(-13.55886037595,39.440969888844,
    20.402613147014));
#5498 = CARTESIAN_POINT('',(-13.55886037595,42.597446070191,
    20.542122033207));
#5499 = CARTESIAN_POINT('',(-12.73737538411,43.860036542729,
    20.597925587685));
#5500 = CARTESIAN_POINT('',(-11.78950808583,44.554461302626,
    20.628617542648));
#5501 = VECTOR('',#5502,1.);
#5502 = DIRECTION('',(0.,4.415456249432E-02,-0.999024711712));
#5503 = DEFINITIONAL_REPRESENTATION('',(#5504),#5508);
#5504 = LINE('',#5505,#5506);
#5505 = CARTESIAN_POINT('',(0.,0.));
#5506 = VECTOR('',#5507,1.);
#5507 = DIRECTION('',(0.,-1.));
#5508 = ( GEOMETRIC_REPRESENTATION_CONTEXT(2) 
PARAMETRIC_REPRESENTATION_CONTEXT() REPRESENTATION_CONTEXT('2D SPACE',''
  ) );
#5509 = PCURVE('',#5510,#5520);
#5510 = SURFACE_OF_LINEAR_EXTRUSION('',#5511,#5518);
#5511 = B_SPLINE_CURVE_WITH_KNOTS('',3,(#5512,#5513,#5514,#5515,#5516,
    #5517),.UNSPECIFIED.,.F.,.F.,(4,2,4),(0.,1.,2.375),.UNSPECIFIED.);
#5512 = CARTESIAN_POINT('',(-8.75633273134,42.281798452056,
    20.528171144588));
#5513 = CARTESIAN_POINT('',(-7.87165658628,41.650503215787,
    20.500269367349));
#5514 = CARTESIAN_POINT('',(-7.366127360531,40.892948932264,
    20.466787234663));
#5515 = CARTESIAN_POINT('',(-7.366127360531,38.49402703444,
    20.360760481155));
#5516 = CARTESIAN_POINT('',(-8.75633273134,37.736472750917,
    20.327278348469));
#5517 = CARTESIAN_POINT('',(-10.39930271502,37.862731798171,
    20.332858703917));
#5518 = VECTOR('',#5519,1.);
#5519 = DIRECTION('',(0.,4.415456249432E-02,-0.999024711712));
#5520 = DEFINITIONAL_REPRESENTATION('',(#5521),#5525);
#5521 = LINE('',#5522,#5523);
#5522 = CARTESIAN_POINT('',(2.375,0.));
#5523 = VECTOR('',#5524,1.);
#5524 = DIRECTION('',(0.,-1.));
#5525 = ( GEOMETRIC_REPRESENTATION_CONTEXT(2) 
PARAMETRIC_REPRESENTATION_CONTEXT() REPRESENTATION_CONTEXT('2D SPACE',''
  ) );
#5526 = ORIENTED_EDGE('',*,*,#5527,.T.);
#5527 = EDGE_CURVE('',#5485,#5528,#5530,.T.);
#5528 = VERTEX_POINT('',#5529);
#5529 = CARTESIAN_POINT('',(-11.78950808583,44.527968565129,
    21.228032369675));
#5530 = SURFACE_CURVE('',#5531,(#5538,#5545),.PCURVE_S1.);
#5531 = B_SPLINE_CURVE_WITH_KNOTS('',3,(#5532,#5533,#5534,#5535,#5536,
    #5537),.UNSPECIFIED.,.F.,.F.,(4,2,4),(0.,1.,1.666666666667),
  .UNSPECIFIED.);
#5532 = CARTESIAN_POINT('',(-10.39930271502,37.836239060674,
    20.932273530944));
#5533 = CARTESIAN_POINT('',(-12.42141961801,37.836239060674,
    20.932273530944));
#5534 = CARTESIAN_POINT('',(-13.55886037595,39.414477151348,
    21.002027974041));
#5535 = CARTESIAN_POINT('',(-13.55886037595,42.570953332694,
    21.141536860235));
#5536 = CARTESIAN_POINT('',(-12.73737538411,43.833543805233,
    21.197340414712));
#5537 = CARTESIAN_POINT('',(-11.78950808583,44.527968565129,
    21.228032369675));
#5538 = PCURVE('',#5493,#5539);
#5539 = DEFINITIONAL_REPRESENTATION('',(#5540),#5544);
#5540 = LINE('',#5541,#5542);
#5541 = CARTESIAN_POINT('',(0.,-0.6));
#5542 = VECTOR('',#5543,1.);
#5543 = DIRECTION('',(1.,0.));
#5544 = ( GEOMETRIC_REPRESENTATION_CONTEXT(2) 
PARAMETRIC_REPRESENTATION_CONTEXT() REPRESENTATION_CONTEXT('2D SPACE',''
  ) );
#5545 = PCURVE('',#5546,#5551);
#5546 = PLANE('',#5547);
#5547 = AXIS2_PLACEMENT_3D('',#5548,#5549,#5550);
#5548 = CARTESIAN_POINT('',(0.,90.05,23.24));
#5549 = DIRECTION('',(0.,-4.415456249432E-02,0.999024711712));
#5550 = DIRECTION('',(0.,-0.999024711712,-4.415456249432E-02));
#5551 = DEFINITIONAL_REPRESENTATION('',(#5552),#5559);
#5552 = B_SPLINE_CURVE_WITH_KNOTS('',3,(#5553,#5554,#5555,#5556,#5557,
    #5558),.UNSPECIFIED.,.F.,.F.,(4,2,4),(0.,1.,1.666666666667),
  .UNSPECIFIED.);
#5553 = CARTESIAN_POINT('',(52.264734122399,-10.39930271502));
#5554 = CARTESIAN_POINT('',(52.264734122399,-12.42141961801));
#5555 = CARTESIAN_POINT('',(50.684955291934,-13.55886037595));
#5556 = CARTESIAN_POINT('',(47.525397631005,-13.55886037595));
#5557 = CARTESIAN_POINT('',(46.261574566634,-12.73737538411));
#5558 = CARTESIAN_POINT('',(45.566471881229,-11.78950808583));
#5559 = ( GEOMETRIC_REPRESENTATION_CONTEXT(2) 
PARAMETRIC_REPRESENTATION_CONTEXT() REPRESENTATION_CONTEXT('2D SPACE',''
  ) );
#5560 = ORIENTED_EDGE('',*,*,#5561,.F.);
#5561 = EDGE_CURVE('',#5562,#5528,#5564,.T.);
#5562 = VERTEX_POINT('',#5563);
#5563 = CARTESIAN_POINT('',(-11.78950808583,44.554461302626,
    20.628617542648));
#5564 = SURFACE_CURVE('',#5565,(#5569,#5576),.PCURVE_S1.);
#5565 = LINE('',#5566,#5567);
#5566 = CARTESIAN_POINT('',(-11.78950808583,44.554461302626,
    20.628617542648));
#5567 = VECTOR('',#5568,1.);
#5568 = DIRECTION('',(0.,-4.415456249432E-02,0.999024711712));
#5569 = PCURVE('',#5493,#5570);
#5570 = DEFINITIONAL_REPRESENTATION('',(#5571),#5575);
#5571 = LINE('',#5572,#5573);
#5572 = CARTESIAN_POINT('',(1.666666666667,0.));
#5573 = VECTOR('',#5574,1.);
#5574 = DIRECTION('',(0.,-1.));
#5575 = ( GEOMETRIC_REPRESENTATION_CONTEXT(2) 
PARAMETRIC_REPRESENTATION_CONTEXT() REPRESENTATION_CONTEXT('2D SPACE',''
  ) );
#5576 = PCURVE('',#5577,#5582);
#5577 = PLANE('',#5578);
#5578 = AXIS2_PLACEMENT_3D('',#5579,#5580,#5581);
#5579 = CARTESIAN_POINT('',(-11.78950808583,44.554461302626,
    20.628617542648));
#5580 = DIRECTION('',(0.6,0.799219769369,3.532364999545E-02));
#5581 = DIRECTION('',(0.8,-0.599414827027,-2.649273749659E-02));
#5582 = DEFINITIONAL_REPRESENTATION('',(#5583),#5587);
#5583 = LINE('',#5584,#5585);
#5584 = CARTESIAN_POINT('',(0.,0.));
#5585 = VECTOR('',#5586,1.);
#5586 = DIRECTION('',(0.,-1.));
#5587 = ( GEOMETRIC_REPRESENTATION_CONTEXT(2) 
PARAMETRIC_REPRESENTATION_CONTEXT() REPRESENTATION_CONTEXT('2D SPACE',''
  ) );
#5588 = ORIENTED_EDGE('',*,*,#5589,.F.);
#5589 = EDGE_CURVE('',#5483,#5562,#5590,.T.);
#5590 = SURFACE_CURVE('',#5591,(#5598),.PCURVE_S1.);
#5591 = B_SPLINE_CURVE_WITH_KNOTS('',3,(#5592,#5593,#5594,#5595,#5596,
    #5597),.UNSPECIFIED.,.F.,.F.,(4,2,4),(0.,1.,1.666666666667),
  .UNSPECIFIED.);
#5592 = CARTESIAN_POINT('',(-10.39930271502,37.862731798171,
    20.332858703917));
#5593 = CARTESIAN_POINT('',(-12.42141961801,37.862731798171,
    20.332858703917));
#5594 = CARTESIAN_POINT('',(-13.55886037595,39.440969888844,
    20.402613147014));
#5595 = CARTESIAN_POINT('',(-13.55886037595,42.597446070191,
    20.542122033207));
#5596 = CARTESIAN_POINT('',(-12.73737538411,43.860036542729,
    20.597925587685));
#5597 = CARTESIAN_POINT('',(-11.78950808583,44.554461302626,
    20.628617542648));
#5598 = PCURVE('',#5493,#5599);
#5599 = DEFINITIONAL_REPRESENTATION('',(#5600),#5604);
#5600 = LINE('',#5601,#5602);
#5601 = CARTESIAN_POINT('',(0.,0.));
#5602 = VECTOR('',#5603,1.);
#5603 = DIRECTION('',(1.,0.));
#5604 = ( GEOMETRIC_REPRESENTATION_CONTEXT(2) 
PARAMETRIC_REPRESENTATION_CONTEXT() REPRESENTATION_CONTEXT('2D SPACE',''
  ) );
#5605 = ADVANCED_FACE('',(#5606),#5577,.T.);
#5606 = FACE_BOUND('',#5607,.T.);
#5607 = EDGE_LOOP('',(#5608,#5609,#5632,#5655));
#5608 = ORIENTED_EDGE('',*,*,#5561,.T.);
#5609 = ORIENTED_EDGE('',*,*,#5610,.T.);
#5610 = EDGE_CURVE('',#5528,#5611,#5613,.T.);
#5611 = VERTEX_POINT('',#5612);
#5612 = CARTESIAN_POINT('',(-8.75633273134,42.25530571456,
    21.127585971615));
#5613 = SURFACE_CURVE('',#5614,(#5618,#5625),.PCURVE_S1.);
#5614 = LINE('',#5615,#5616);
#5615 = CARTESIAN_POINT('',(-11.78950808583,44.527968565129,
    21.228032369675));
#5616 = VECTOR('',#5617,1.);
#5617 = DIRECTION('',(0.8,-0.599414827027,-2.649273749659E-02));
#5618 = PCURVE('',#5577,#5619);
#5619 = DEFINITIONAL_REPRESENTATION('',(#5620),#5624);
#5620 = LINE('',#5621,#5622);
#5621 = CARTESIAN_POINT('',(0.,-0.6));
#5622 = VECTOR('',#5623,1.);
#5623 = DIRECTION('',(1.,0.));
#5624 = ( GEOMETRIC_REPRESENTATION_CONTEXT(2) 
PARAMETRIC_REPRESENTATION_CONTEXT() REPRESENTATION_CONTEXT('2D SPACE',''
  ) );
#5625 = PCURVE('',#5546,#5626);
#5626 = DEFINITIONAL_REPRESENTATION('',(#5627),#5631);
#5627 = LINE('',#5628,#5629);
#5628 = CARTESIAN_POINT('',(45.566471881229,-11.78950808583));
#5629 = VECTOR('',#5630,1.);
#5630 = DIRECTION('',(0.6,0.8));
#5631 = ( GEOMETRIC_REPRESENTATION_CONTEXT(2) 
PARAMETRIC_REPRESENTATION_CONTEXT() REPRESENTATION_CONTEXT('2D SPACE',''
  ) );
#5632 = ORIENTED_EDGE('',*,*,#5633,.F.);
#5633 = EDGE_CURVE('',#5634,#5611,#5636,.T.);
#5634 = VERTEX_POINT('',#5635);
#5635 = CARTESIAN_POINT('',(-8.75633273134,42.281798452056,
    20.528171144588));
#5636 = SURFACE_CURVE('',#5637,(#5641,#5648),.PCURVE_S1.);
#5637 = LINE('',#5638,#5639);
#5638 = CARTESIAN_POINT('',(-8.75633273134,42.281798452056,
    20.528171144588));
#5639 = VECTOR('',#5640,1.);
#5640 = DIRECTION('',(0.,-4.415456249432E-02,0.999024711712));
#5641 = PCURVE('',#5577,#5642);
#5642 = DEFINITIONAL_REPRESENTATION('',(#5643),#5647);
#5643 = LINE('',#5644,#5645);
#5644 = CARTESIAN_POINT('',(3.791469193115,0.));
#5645 = VECTOR('',#5646,1.);
#5646 = DIRECTION('',(0.,-1.));
#5647 = ( GEOMETRIC_REPRESENTATION_CONTEXT(2) 
PARAMETRIC_REPRESENTATION_CONTEXT() REPRESENTATION_CONTEXT('2D SPACE',''
  ) );
#5648 = PCURVE('',#5510,#5649);
#5649 = DEFINITIONAL_REPRESENTATION('',(#5650),#5654);
#5650 = LINE('',#5651,#5652);
#5651 = CARTESIAN_POINT('',(0.,0.));
#5652 = VECTOR('',#5653,1.);
#5653 = DIRECTION('',(0.,-1.));
#5654 = ( GEOMETRIC_REPRESENTATION_CONTEXT(2) 
PARAMETRIC_REPRESENTATION_CONTEXT() REPRESENTATION_CONTEXT('2D SPACE',''
  ) );
#5655 = ORIENTED_EDGE('',*,*,#5656,.F.);
#5656 = EDGE_CURVE('',#5562,#5634,#5657,.T.);
#5657 = SURFACE_CURVE('',#5658,(#5662),.PCURVE_S1.);
#5658 = LINE('',#5659,#5660);
#5659 = CARTESIAN_POINT('',(-11.78950808583,44.554461302626,
    20.628617542648));
#5660 = VECTOR('',#5661,1.);
#5661 = DIRECTION('',(0.8,-0.599414827027,-2.649273749659E-02));
#5662 = PCURVE('',#5577,#5663);
#5663 = DEFINITIONAL_REPRESENTATION('',(#5664),#5668);
#5664 = LINE('',#5665,#5666);
#5665 = CARTESIAN_POINT('',(0.,0.));
#5666 = VECTOR('',#5667,1.);
#5667 = DIRECTION('',(1.,0.));
#5668 = ( GEOMETRIC_REPRESENTATION_CONTEXT(2) 
PARAMETRIC_REPRESENTATION_CONTEXT() REPRESENTATION_CONTEXT('2D SPACE',''
  ) );
#5669 = ADVANCED_FACE('',(#5670),#5510,.T.);
#5670 = FACE_BOUND('',#5671,.T.);
#5671 = EDGE_LOOP('',(#5672,#5673,#5700,#5701));
#5672 = ORIENTED_EDGE('',*,*,#5633,.T.);
#5673 = ORIENTED_EDGE('',*,*,#5674,.T.);
#5674 = EDGE_CURVE('',#5611,#5485,#5675,.T.);
#5675 = SURFACE_CURVE('',#5676,(#5683,#5690),.PCURVE_S1.);
#5676 = B_SPLINE_CURVE_WITH_KNOTS('',3,(#5677,#5678,#5679,#5680,#5681,
    #5682),.UNSPECIFIED.,.F.,.F.,(4,2,4),(0.,1.,2.375),.UNSPECIFIED.);
#5677 = CARTESIAN_POINT('',(-8.75633273134,42.25530571456,
    21.127585971615));
#5678 = CARTESIAN_POINT('',(-7.87165658628,41.62401047829,
    21.099684194376));
#5679 = CARTESIAN_POINT('',(-7.366127360531,40.866456194767,
    21.06620206169));
#5680 = CARTESIAN_POINT('',(-7.366127360531,38.467534296944,
    20.960175308183));
#5681 = CARTESIAN_POINT('',(-8.75633273134,37.70998001342,
    20.926693175496));
#5682 = CARTESIAN_POINT('',(-10.39930271502,37.836239060674,
    20.932273530944));
#5683 = PCURVE('',#5510,#5684);
#5684 = DEFINITIONAL_REPRESENTATION('',(#5685),#5689);
#5685 = LINE('',#5686,#5687);
#5686 = CARTESIAN_POINT('',(0.,-0.6));
#5687 = VECTOR('',#5688,1.);
#5688 = DIRECTION('',(1.,0.));
#5689 = ( GEOMETRIC_REPRESENTATION_CONTEXT(2) 
PARAMETRIC_REPRESENTATION_CONTEXT() REPRESENTATION_CONTEXT('2D SPACE',''
  ) );
#5690 = PCURVE('',#5546,#5691);
#5691 = DEFINITIONAL_REPRESENTATION('',(#5692),#5699);
#5692 = B_SPLINE_CURVE_WITH_KNOTS('',3,(#5693,#5694,#5695,#5696,#5697,
    #5698),.UNSPECIFIED.,.F.,.F.,(4,2,4),(0.,1.,2.375),.UNSPECIFIED.);
#5693 = CARTESIAN_POINT('',(47.841353397098,-8.75633273134));
#5694 = CARTESIAN_POINT('',(48.473264929284,-7.87165658628));
#5695 = CARTESIAN_POINT('',(49.231558767907,-7.366127360531));
#5696 = CARTESIAN_POINT('',(51.632822590213,-7.366127360531));
#5697 = CARTESIAN_POINT('',(52.391116428836,-8.75633273134));
#5698 = CARTESIAN_POINT('',(52.264734122399,-10.39930271502));
#5699 = ( GEOMETRIC_REPRESENTATION_CONTEXT(2) 
PARAMETRIC_REPRESENTATION_CONTEXT() REPRESENTATION_CONTEXT('2D SPACE',''
  ) );
#5700 = ORIENTED_EDGE('',*,*,#5482,.F.);
#5701 = ORIENTED_EDGE('',*,*,#5702,.F.);
#5702 = EDGE_CURVE('',#5634,#5483,#5703,.T.);
#5703 = SURFACE_CURVE('',#5704,(#5711),.PCURVE_S1.);
#5704 = B_SPLINE_CURVE_WITH_KNOTS('',3,(#5705,#5706,#5707,#5708,#5709,
    #5710),.UNSPECIFIED.,.F.,.F.,(4,2,4),(0.,1.,2.375),.UNSPECIFIED.);
#5705 = CARTESIAN_POINT('',(-8.75633273134,42.281798452056,
    20.528171144588));
#5706 = CARTESIAN_POINT('',(-7.87165658628,41.650503215787,
    20.500269367349));
#5707 = CARTESIAN_POINT('',(-7.366127360531,40.892948932264,
    20.466787234663));
#5708 = CARTESIAN_POINT('',(-7.366127360531,38.49402703444,
    20.360760481155));
#5709 = CARTESIAN_POINT('',(-8.75633273134,37.736472750917,
    20.327278348469));
#5710 = CARTESIAN_POINT('',(-10.39930271502,37.862731798171,
    20.332858703917));
#5711 = PCURVE('',#5510,#5712);
#5712 = DEFINITIONAL_REPRESENTATION('',(#5713),#5717);
#5713 = LINE('',#5714,#5715);
#5714 = CARTESIAN_POINT('',(0.,0.));
#5715 = VECTOR('',#5716,1.);
#5716 = DIRECTION('',(1.,0.));
#5717 = ( GEOMETRIC_REPRESENTATION_CONTEXT(2) 
PARAMETRIC_REPRESENTATION_CONTEXT() REPRESENTATION_CONTEXT('2D SPACE',''
  ) );
#5718 = ADVANCED_FACE('',(#5719),#5733,.T.);
#5719 = FACE_BOUND('',#5720,.T.);
#5720 = EDGE_LOOP('',(#5721,#5756,#5784,#5812));
#5721 = ORIENTED_EDGE('',*,*,#5722,.T.);
#5722 = EDGE_CURVE('',#5723,#5725,#5727,.T.);
#5723 = VERTEX_POINT('',#5724);
#5724 = CARTESIAN_POINT('',(4.892956363873,61.094396492882,
    21.359644106304));
#5725 = VERTEX_POINT('',#5726);
#5726 = CARTESIAN_POINT('',(4.892956363873,61.067903755385,
    21.959058933331));
#5727 = SURFACE_CURVE('',#5728,(#5732,#5744),.PCURVE_S1.);
#5728 = LINE('',#5729,#5730);
#5729 = CARTESIAN_POINT('',(4.892956363873,61.094396492882,
    21.359644106304));
#5730 = VECTOR('',#5731,1.);
#5731 = DIRECTION('',(0.,-4.415456249432E-02,0.999024711712));
#5732 = PCURVE('',#5733,#5738);
#5733 = PLANE('',#5734);
#5734 = AXIS2_PLACEMENT_3D('',#5735,#5736,#5737);
#5735 = CARTESIAN_POINT('',(4.892956363873,61.094396492882,
    21.359644106304));
#5736 = DIRECTION('',(1.,-1.223452415467E-16,-5.407374362642E-18));
#5737 = DIRECTION('',(-1.224646799147E-16,-0.999024711712,
    -4.415456249432E-02));
#5738 = DEFINITIONAL_REPRESENTATION('',(#5739),#5743);
#5739 = LINE('',#5740,#5741);
#5740 = CARTESIAN_POINT('',(0.,0.));
#5741 = VECTOR('',#5742,1.);
#5742 = DIRECTION('',(0.,-1.));
#5743 = ( GEOMETRIC_REPRESENTATION_CONTEXT(2) 
PARAMETRIC_REPRESENTATION_CONTEXT() REPRESENTATION_CONTEXT('2D SPACE',''
  ) );
#5744 = PCURVE('',#5745,#5750);
#5745 = CYLINDRICAL_SURFACE('',#5746,0.44233807253);
#5746 = AXIS2_PLACEMENT_3D('',#5747,#5748,#5749);
#5747 = CARTESIAN_POINT('',(4.450618291343,61.094396492882,
    21.359644106304));
#5748 = DIRECTION('',(0.,4.415456249432E-02,-0.999024711712));
#5749 = DIRECTION('',(-1.224646799147E-16,-0.999024711712,
    -4.415456249432E-02));
#5750 = DEFINITIONAL_REPRESENTATION('',(#5751),#5755);
#5751 = LINE('',#5752,#5753);
#5752 = CARTESIAN_POINT('',(-1.570796326795,0.));
#5753 = VECTOR('',#5754,1.);
#5754 = DIRECTION('',(-0.,-1.));
#5755 = ( GEOMETRIC_REPRESENTATION_CONTEXT(2) 
PARAMETRIC_REPRESENTATION_CONTEXT() REPRESENTATION_CONTEXT('2D SPACE',''
  ) );
#5756 = ORIENTED_EDGE('',*,*,#5757,.T.);
#5757 = EDGE_CURVE('',#5725,#5758,#5760,.T.);
#5758 = VERTEX_POINT('',#5759);
#5759 = CARTESIAN_POINT('',(4.892956363873,50.904050451449,
    21.509840319786));
#5760 = SURFACE_CURVE('',#5761,(#5765,#5772),.PCURVE_S1.);
#5761 = LINE('',#5762,#5763);
#5762 = CARTESIAN_POINT('',(4.892956363873,61.067903755385,
    21.959058933331));
#5763 = VECTOR('',#5764,1.);
#5764 = DIRECTION('',(-1.224646799147E-16,-0.999024711712,
    -4.415456249432E-02));
#5765 = PCURVE('',#5733,#5766);
#5766 = DEFINITIONAL_REPRESENTATION('',(#5767),#5771);
#5767 = LINE('',#5768,#5769);
#5768 = CARTESIAN_POINT('',(0.,-0.6));
#5769 = VECTOR('',#5770,1.);
#5770 = DIRECTION('',(1.,0.));
#5771 = ( GEOMETRIC_REPRESENTATION_CONTEXT(2) 
PARAMETRIC_REPRESENTATION_CONTEXT() REPRESENTATION_CONTEXT('2D SPACE',''
  ) );
#5772 = PCURVE('',#5773,#5778);
#5773 = PLANE('',#5774);
#5774 = AXIS2_PLACEMENT_3D('',#5775,#5776,#5777);
#5775 = CARTESIAN_POINT('',(0.,90.05,23.24));
#5776 = DIRECTION('',(0.,-4.415456249432E-02,0.999024711712));
#5777 = DIRECTION('',(0.,-0.999024711712,-4.415456249432E-02));
#5778 = DEFINITIONAL_REPRESENTATION('',(#5779),#5783);
#5779 = LINE('',#5780,#5781);
#5780 = CARTESIAN_POINT('',(29.010389737961,4.892956363873));
#5781 = VECTOR('',#5782,1.);
#5782 = DIRECTION('',(1.,-1.224646799147E-16));
#5783 = ( GEOMETRIC_REPRESENTATION_CONTEXT(2) 
PARAMETRIC_REPRESENTATION_CONTEXT() REPRESENTATION_CONTEXT('2D SPACE',''
  ) );
#5784 = ORIENTED_EDGE('',*,*,#5785,.F.);
#5785 = EDGE_CURVE('',#5786,#5758,#5788,.T.);
#5786 = VERTEX_POINT('',#5787);
#5787 = CARTESIAN_POINT('',(4.892956363873,50.930543188946,
    20.910425492759));
#5788 = SURFACE_CURVE('',#5789,(#5793,#5800),.PCURVE_S1.);
#5789 = LINE('',#5790,#5791);
#5790 = CARTESIAN_POINT('',(4.892956363873,50.930543188946,
    20.910425492759));
#5791 = VECTOR('',#5792,1.);
#5792 = DIRECTION('',(0.,-4.415456249432E-02,0.999024711712));
#5793 = PCURVE('',#5733,#5794);
#5794 = DEFINITIONAL_REPRESENTATION('',(#5795),#5799);
#5795 = LINE('',#5796,#5797);
#5796 = CARTESIAN_POINT('',(10.173775668192,0.));
#5797 = VECTOR('',#5798,1.);
#5798 = DIRECTION('',(0.,-1.));
#5799 = ( GEOMETRIC_REPRESENTATION_CONTEXT(2) 
PARAMETRIC_REPRESENTATION_CONTEXT() REPRESENTATION_CONTEXT('2D SPACE',''
  ) );
#5800 = PCURVE('',#5801,#5806);
#5801 = CYLINDRICAL_SURFACE('',#5802,0.44233807253);
#5802 = AXIS2_PLACEMENT_3D('',#5803,#5804,#5805);
#5803 = CARTESIAN_POINT('',(4.450618291343,50.930543188946,
    20.910425492759));
#5804 = DIRECTION('',(0.,4.415456249432E-02,-0.999024711712));
#5805 = DIRECTION('',(1.224646799147E-16,0.999024711712,
    4.415456249432E-02));
#5806 = DEFINITIONAL_REPRESENTATION('',(#5807),#5811);
#5807 = LINE('',#5808,#5809);
#5808 = CARTESIAN_POINT('',(-4.712388980385,0.));
#5809 = VECTOR('',#5810,1.);
#5810 = DIRECTION('',(-0.,-1.));
#5811 = ( GEOMETRIC_REPRESENTATION_CONTEXT(2) 
PARAMETRIC_REPRESENTATION_CONTEXT() REPRESENTATION_CONTEXT('2D SPACE',''
  ) );
#5812 = ORIENTED_EDGE('',*,*,#5813,.F.);
#5813 = EDGE_CURVE('',#5723,#5786,#5814,.T.);
#5814 = SURFACE_CURVE('',#5815,(#5819),.PCURVE_S1.);
#5815 = LINE('',#5816,#5817);
#5816 = CARTESIAN_POINT('',(4.892956363873,61.094396492882,
    21.359644106304));
#5817 = VECTOR('',#5818,1.);
#5818 = DIRECTION('',(-1.224646799147E-16,-0.999024711712,
    -4.415456249432E-02));
#5819 = PCURVE('',#5733,#5820);
#5820 = DEFINITIONAL_REPRESENTATION('',(#5821),#5825);
#5821 = LINE('',#5822,#5823);
#5822 = CARTESIAN_POINT('',(0.,0.));
#5823 = VECTOR('',#5824,1.);
#5824 = DIRECTION('',(1.,0.));
#5825 = ( GEOMETRIC_REPRESENTATION_CONTEXT(2) 
PARAMETRIC_REPRESENTATION_CONTEXT() REPRESENTATION_CONTEXT('2D SPACE',''
  ) );
#5826 = ADVANCED_FACE('',(#5827),#5801,.T.);
#5827 = FACE_BOUND('',#5828,.F.);
#5828 = EDGE_LOOP('',(#5829,#5859,#5881,#5882));
#5829 = ORIENTED_EDGE('',*,*,#5830,.T.);
#5830 = EDGE_CURVE('',#5831,#5833,#5835,.T.);
#5831 = VERTEX_POINT('',#5832);
#5832 = CARTESIAN_POINT('',(4.008280218813,50.930543188946,
    20.910425492759));
#5833 = VERTEX_POINT('',#5834);
#5834 = CARTESIAN_POINT('',(4.008280218813,50.904050451449,
    21.509840319786));
#5835 = SURFACE_CURVE('',#5836,(#5840,#5847),.PCURVE_S1.);
#5836 = LINE('',#5837,#5838);
#5837 = CARTESIAN_POINT('',(4.008280218813,50.930543188946,
    20.910425492759));
#5838 = VECTOR('',#5839,1.);
#5839 = DIRECTION('',(0.,-4.415456249432E-02,0.999024711712));
#5840 = PCURVE('',#5801,#5841);
#5841 = DEFINITIONAL_REPRESENTATION('',(#5842),#5846);
#5842 = LINE('',#5843,#5844);
#5843 = CARTESIAN_POINT('',(-1.570796326795,0.));
#5844 = VECTOR('',#5845,1.);
#5845 = DIRECTION('',(-0.,-1.));
#5846 = ( GEOMETRIC_REPRESENTATION_CONTEXT(2) 
PARAMETRIC_REPRESENTATION_CONTEXT() REPRESENTATION_CONTEXT('2D SPACE',''
  ) );
#5847 = PCURVE('',#5848,#5853);
#5848 = PLANE('',#5849);
#5849 = AXIS2_PLACEMENT_3D('',#5850,#5851,#5852);
#5850 = CARTESIAN_POINT('',(4.008280218813,50.930543188946,
    20.910425492759));
#5851 = DIRECTION('',(-1.,1.223452415467E-16,5.407374362642E-18));
#5852 = DIRECTION('',(1.224646799147E-16,0.999024711712,
    4.415456249432E-02));
#5853 = DEFINITIONAL_REPRESENTATION('',(#5854),#5858);
#5854 = LINE('',#5855,#5856);
#5855 = CARTESIAN_POINT('',(0.,0.));
#5856 = VECTOR('',#5857,1.);
#5857 = DIRECTION('',(0.,-1.));
#5858 = ( GEOMETRIC_REPRESENTATION_CONTEXT(2) 
PARAMETRIC_REPRESENTATION_CONTEXT() REPRESENTATION_CONTEXT('2D SPACE',''
  ) );
#5859 = ORIENTED_EDGE('',*,*,#5860,.T.);
#5860 = EDGE_CURVE('',#5833,#5758,#5861,.T.);
#5861 = SURFACE_CURVE('',#5862,(#5867,#5874),.PCURVE_S1.);
#5862 = CIRCLE('',#5863,0.44233807253);
#5863 = AXIS2_PLACEMENT_3D('',#5864,#5865,#5866);
#5864 = CARTESIAN_POINT('',(4.450618291343,50.904050451449,
    21.509840319786));
#5865 = DIRECTION('',(-1.591637599649E-34,-4.415456249432E-02,
    0.999024711712));
#5866 = DIRECTION('',(1.224646799147E-16,0.999024711712,
    4.415456249432E-02));
#5867 = PCURVE('',#5801,#5868);
#5868 = DEFINITIONAL_REPRESENTATION('',(#5869),#5873);
#5869 = LINE('',#5870,#5871);
#5870 = CARTESIAN_POINT('',(-0.,-0.6));
#5871 = VECTOR('',#5872,1.);
#5872 = DIRECTION('',(-1.,0.));
#5873 = ( GEOMETRIC_REPRESENTATION_CONTEXT(2) 
PARAMETRIC_REPRESENTATION_CONTEXT() REPRESENTATION_CONTEXT('2D SPACE',''
  ) );
#5874 = PCURVE('',#5773,#5875);
#5875 = DEFINITIONAL_REPRESENTATION('',(#5876),#5880);
#5876 = CIRCLE('',#5877,0.44233807253);
#5877 = AXIS2_PLACEMENT_2D('',#5878,#5879);
#5878 = CARTESIAN_POINT('',(39.184165406152,4.450618291343));
#5879 = DIRECTION('',(-1.,1.224646799147E-16));
#5880 = ( GEOMETRIC_REPRESENTATION_CONTEXT(2) 
PARAMETRIC_REPRESENTATION_CONTEXT() REPRESENTATION_CONTEXT('2D SPACE',''
  ) );
#5881 = ORIENTED_EDGE('',*,*,#5785,.F.);
#5882 = ORIENTED_EDGE('',*,*,#5883,.F.);
#5883 = EDGE_CURVE('',#5831,#5786,#5884,.T.);
#5884 = SURFACE_CURVE('',#5885,(#5890),.PCURVE_S1.);
#5885 = CIRCLE('',#5886,0.44233807253);
#5886 = AXIS2_PLACEMENT_3D('',#5887,#5888,#5889);
#5887 = CARTESIAN_POINT('',(4.450618291343,50.930543188946,
    20.910425492759));
#5888 = DIRECTION('',(-1.591637599649E-34,-4.415456249432E-02,
    0.999024711712));
#5889 = DIRECTION('',(1.224646799147E-16,0.999024711712,
    4.415456249432E-02));
#5890 = PCURVE('',#5801,#5891);
#5891 = DEFINITIONAL_REPRESENTATION('',(#5892),#5896);
#5892 = LINE('',#5893,#5894);
#5893 = CARTESIAN_POINT('',(-0.,0.));
#5894 = VECTOR('',#5895,1.);
#5895 = DIRECTION('',(-1.,0.));
#5896 = ( GEOMETRIC_REPRESENTATION_CONTEXT(2) 
PARAMETRIC_REPRESENTATION_CONTEXT() REPRESENTATION_CONTEXT('2D SPACE',''
  ) );
#5897 = ADVANCED_FACE('',(#5898),#5848,.T.);
#5898 = FACE_BOUND('',#5899,.T.);
#5899 = EDGE_LOOP('',(#5900,#5901,#5924,#5947));
#5900 = ORIENTED_EDGE('',*,*,#5830,.T.);
#5901 = ORIENTED_EDGE('',*,*,#5902,.T.);
#5902 = EDGE_CURVE('',#5833,#5903,#5905,.T.);
#5903 = VERTEX_POINT('',#5904);
#5904 = CARTESIAN_POINT('',(4.008280218813,61.067903755385,
    21.959058933331));
#5905 = SURFACE_CURVE('',#5906,(#5910,#5917),.PCURVE_S1.);
#5906 = LINE('',#5907,#5908);
#5907 = CARTESIAN_POINT('',(4.008280218813,50.904050451449,
    21.509840319786));
#5908 = VECTOR('',#5909,1.);
#5909 = DIRECTION('',(1.224646799147E-16,0.999024711712,
    4.415456249432E-02));
#5910 = PCURVE('',#5848,#5911);
#5911 = DEFINITIONAL_REPRESENTATION('',(#5912),#5916);
#5912 = LINE('',#5913,#5914);
#5913 = CARTESIAN_POINT('',(0.,-0.6));
#5914 = VECTOR('',#5915,1.);
#5915 = DIRECTION('',(1.,0.));
#5916 = ( GEOMETRIC_REPRESENTATION_CONTEXT(2) 
PARAMETRIC_REPRESENTATION_CONTEXT() REPRESENTATION_CONTEXT('2D SPACE',''
  ) );
#5917 = PCURVE('',#5773,#5918);
#5918 = DEFINITIONAL_REPRESENTATION('',(#5919),#5923);
#5919 = LINE('',#5920,#5921);
#5920 = CARTESIAN_POINT('',(39.184165406152,4.008280218813));
#5921 = VECTOR('',#5922,1.);
#5922 = DIRECTION('',(-1.,1.224646799147E-16));
#5923 = ( GEOMETRIC_REPRESENTATION_CONTEXT(2) 
PARAMETRIC_REPRESENTATION_CONTEXT() REPRESENTATION_CONTEXT('2D SPACE',''
  ) );
#5924 = ORIENTED_EDGE('',*,*,#5925,.F.);
#5925 = EDGE_CURVE('',#5926,#5903,#5928,.T.);
#5926 = VERTEX_POINT('',#5927);
#5927 = CARTESIAN_POINT('',(4.008280218813,61.094396492882,
    21.359644106304));
#5928 = SURFACE_CURVE('',#5929,(#5933,#5940),.PCURVE_S1.);
#5929 = LINE('',#5930,#5931);
#5930 = CARTESIAN_POINT('',(4.008280218813,61.094396492882,
    21.359644106304));
#5931 = VECTOR('',#5932,1.);
#5932 = DIRECTION('',(0.,-4.415456249432E-02,0.999024711712));
#5933 = PCURVE('',#5848,#5934);
#5934 = DEFINITIONAL_REPRESENTATION('',(#5935),#5939);
#5935 = LINE('',#5936,#5937);
#5936 = CARTESIAN_POINT('',(10.173775668192,-0.));
#5937 = VECTOR('',#5938,1.);
#5938 = DIRECTION('',(0.,-1.));
#5939 = ( GEOMETRIC_REPRESENTATION_CONTEXT(2) 
PARAMETRIC_REPRESENTATION_CONTEXT() REPRESENTATION_CONTEXT('2D SPACE',''
  ) );
#5940 = PCURVE('',#5745,#5941);
#5941 = DEFINITIONAL_REPRESENTATION('',(#5942),#5946);
#5942 = LINE('',#5943,#5944);
#5943 = CARTESIAN_POINT('',(-4.712388980385,0.));
#5944 = VECTOR('',#5945,1.);
#5945 = DIRECTION('',(-0.,-1.));
#5946 = ( GEOMETRIC_REPRESENTATION_CONTEXT(2) 
PARAMETRIC_REPRESENTATION_CONTEXT() REPRESENTATION_CONTEXT('2D SPACE',''
  ) );
#5947 = ORIENTED_EDGE('',*,*,#5948,.F.);
#5948 = EDGE_CURVE('',#5831,#5926,#5949,.T.);
#5949 = SURFACE_CURVE('',#5950,(#5954),.PCURVE_S1.);
#5950 = LINE('',#5951,#5952);
#5951 = CARTESIAN_POINT('',(4.008280218813,50.930543188946,
    20.910425492759));
#5952 = VECTOR('',#5953,1.);
#5953 = DIRECTION('',(1.224646799147E-16,0.999024711712,
    4.415456249432E-02));
#5954 = PCURVE('',#5848,#5955);
#5955 = DEFINITIONAL_REPRESENTATION('',(#5956),#5960);
#5956 = LINE('',#5957,#5958);
#5957 = CARTESIAN_POINT('',(0.,0.));
#5958 = VECTOR('',#5959,1.);
#5959 = DIRECTION('',(1.,0.));
#5960 = ( GEOMETRIC_REPRESENTATION_CONTEXT(2) 
PARAMETRIC_REPRESENTATION_CONTEXT() REPRESENTATION_CONTEXT('2D SPACE',''
  ) );
#5961 = ADVANCED_FACE('',(#5962),#5745,.T.);
#5962 = FACE_BOUND('',#5963,.F.);
#5963 = EDGE_LOOP('',(#5964,#5965,#5987,#5988));
#5964 = ORIENTED_EDGE('',*,*,#5722,.T.);
#5965 = ORIENTED_EDGE('',*,*,#5966,.T.);
#5966 = EDGE_CURVE('',#5725,#5903,#5967,.T.);
#5967 = SURFACE_CURVE('',#5968,(#5973,#5980),.PCURVE_S1.);
#5968 = CIRCLE('',#5969,0.44233807253);
#5969 = AXIS2_PLACEMENT_3D('',#5970,#5971,#5972);
#5970 = CARTESIAN_POINT('',(4.450618291343,61.067903755385,
    21.959058933331));
#5971 = DIRECTION('',(-1.591637599649E-34,-4.415456249432E-02,
    0.999024711712));
#5972 = DIRECTION('',(-1.224646799147E-16,-0.999024711712,
    -4.415456249432E-02));
#5973 = PCURVE('',#5745,#5974);
#5974 = DEFINITIONAL_REPRESENTATION('',(#5975),#5979);
#5975 = LINE('',#5976,#5977);
#5976 = CARTESIAN_POINT('',(-0.,-0.6));
#5977 = VECTOR('',#5978,1.);
#5978 = DIRECTION('',(-1.,0.));
#5979 = ( GEOMETRIC_REPRESENTATION_CONTEXT(2) 
PARAMETRIC_REPRESENTATION_CONTEXT() REPRESENTATION_CONTEXT('2D SPACE',''
  ) );
#5980 = PCURVE('',#5773,#5981);
#5981 = DEFINITIONAL_REPRESENTATION('',(#5982),#5986);
#5982 = CIRCLE('',#5983,0.44233807253);
#5983 = AXIS2_PLACEMENT_2D('',#5984,#5985);
#5984 = CARTESIAN_POINT('',(29.010389737961,4.450618291343));
#5985 = DIRECTION('',(1.,-1.224646799147E-16));
#5986 = ( GEOMETRIC_REPRESENTATION_CONTEXT(2) 
PARAMETRIC_REPRESENTATION_CONTEXT() REPRESENTATION_CONTEXT('2D SPACE',''
  ) );
#5987 = ORIENTED_EDGE('',*,*,#5925,.F.);
#5988 = ORIENTED_EDGE('',*,*,#5989,.F.);
#5989 = EDGE_CURVE('',#5723,#5926,#5990,.T.);
#5990 = SURFACE_CURVE('',#5991,(#5996),.PCURVE_S1.);
#5991 = CIRCLE('',#5992,0.44233807253);
#5992 = AXIS2_PLACEMENT_3D('',#5993,#5994,#5995);
#5993 = CARTESIAN_POINT('',(4.450618291343,61.094396492882,
    21.359644106304));
#5994 = DIRECTION('',(-1.591637599649E-34,-4.415456249432E-02,
    0.999024711712));
#5995 = DIRECTION('',(-1.224646799147E-16,-0.999024711712,
    -4.415456249432E-02));
#5996 = PCURVE('',#5745,#5997);
#5997 = DEFINITIONAL_REPRESENTATION('',(#5998),#6002);
#5998 = LINE('',#5999,#6000);
#5999 = CARTESIAN_POINT('',(-0.,0.));
#6000 = VECTOR('',#6001,1.);
#6001 = DIRECTION('',(-1.,0.));
#6002 = ( GEOMETRIC_REPRESENTATION_CONTEXT(2) 
PARAMETRIC_REPRESENTATION_CONTEXT() REPRESENTATION_CONTEXT('2D SPACE',''
  ) );
#6003 = ADVANCED_FACE('',(#6004),#6018,.T.);
#6004 = FACE_BOUND('',#6005,.F.);
#6005 = EDGE_LOOP('',(#6006,#6029,#6046,#6062));
#6006 = ORIENTED_EDGE('',*,*,#6007,.T.);
#6007 = EDGE_CURVE('',#6008,#6010,#6012,.T.);
#6008 = VERTEX_POINT('',#6009);
#6009 = CARTESIAN_POINT('',(-9.577290539501,50.130597800596,
    20.875069772097));
#6010 = VERTEX_POINT('',#6011);
#6011 = CARTESIAN_POINT('',(-9.577290539501,50.104105063099,
    21.474484599124));
#6012 = SURFACE_CURVE('',#6013,(#6017),.PCURVE_S1.);
#6013 = LINE('',#6014,#6015);
#6014 = CARTESIAN_POINT('',(-9.577290539501,50.130597800596,
    20.875069772097));
#6015 = VECTOR('',#6016,1.);
#6016 = DIRECTION('',(0.,-4.415456249432E-02,0.999024711712));
#6017 = PCURVE('',#6018,#6023);
#6018 = CYLINDRICAL_SURFACE('',#6019,0.44233807253);
#6019 = AXIS2_PLACEMENT_3D('',#6020,#6021,#6022);
#6020 = CARTESIAN_POINT('',(-9.388244263526,49.731082240034,
    20.857412116006));
#6021 = DIRECTION('',(0.,4.415456249432E-02,-0.999024711712));
#6022 = DIRECTION('',(0.904072266505,0.426962798558,1.887076000292E-02)
  );
#6023 = DEFINITIONAL_REPRESENTATION('',(#6024),#6028);
#6024 = LINE('',#6025,#6026);
#6025 = CARTESIAN_POINT('',(-1.570796326795,0.));
#6026 = VECTOR('',#6027,1.);
#6027 = DIRECTION('',(-0.,-1.));
#6028 = ( GEOMETRIC_REPRESENTATION_CONTEXT(2) 
PARAMETRIC_REPRESENTATION_CONTEXT() REPRESENTATION_CONTEXT('2D SPACE',''
  ) );
#6029 = ORIENTED_EDGE('',*,*,#6030,.T.);
#6030 = EDGE_CURVE('',#6010,#6031,#6033,.T.);
#6031 = VERTEX_POINT('',#6032);
#6032 = CARTESIAN_POINT('',(-9.199197987551,49.305073941976,
    21.439169286941));
#6033 = SURFACE_CURVE('',#6034,(#6039),.PCURVE_S1.);
#6034 = CIRCLE('',#6035,0.44233807253);
#6035 = AXIS2_PLACEMENT_3D('',#6036,#6037,#6038);
#6036 = CARTESIAN_POINT('',(-9.388244263526,49.704589502538,
    21.456826943033));
#6037 = DIRECTION('',(-4.181404191007E-18,-4.415456249432E-02,
    0.999024711712));
#6038 = DIRECTION('',(0.904072266505,0.426962798558,1.887076000292E-02)
  );
#6039 = PCURVE('',#6018,#6040);
#6040 = DEFINITIONAL_REPRESENTATION('',(#6041),#6045);
#6041 = LINE('',#6042,#6043);
#6042 = CARTESIAN_POINT('',(-0.,-0.6));
#6043 = VECTOR('',#6044,1.);
#6044 = DIRECTION('',(-1.,0.));
#6045 = ( GEOMETRIC_REPRESENTATION_CONTEXT(2) 
PARAMETRIC_REPRESENTATION_CONTEXT() REPRESENTATION_CONTEXT('2D SPACE',''
  ) );
#6046 = ORIENTED_EDGE('',*,*,#6047,.F.);
#6047 = EDGE_CURVE('',#6048,#6031,#6050,.T.);
#6048 = VERTEX_POINT('',#6049);
#6049 = CARTESIAN_POINT('',(-9.199197987551,49.331566679473,
    20.839754459914));
#6050 = SURFACE_CURVE('',#6051,(#6055),.PCURVE_S1.);
#6051 = LINE('',#6052,#6053);
#6052 = CARTESIAN_POINT('',(-9.199197987551,49.331566679473,
    20.839754459914));
#6053 = VECTOR('',#6054,1.);
#6054 = DIRECTION('',(0.,-4.415456249432E-02,0.999024711712));
#6055 = PCURVE('',#6018,#6056);
#6056 = DEFINITIONAL_REPRESENTATION('',(#6057),#6061);
#6057 = LINE('',#6058,#6059);
#6058 = CARTESIAN_POINT('',(-4.712388980385,0.));
#6059 = VECTOR('',#6060,1.);
#6060 = DIRECTION('',(-0.,-1.));
#6061 = ( GEOMETRIC_REPRESENTATION_CONTEXT(2) 
PARAMETRIC_REPRESENTATION_CONTEXT() REPRESENTATION_CONTEXT('2D SPACE',''
  ) );
#6062 = ORIENTED_EDGE('',*,*,#6063,.F.);
#6063 = EDGE_CURVE('',#6008,#6048,#6064,.T.);
#6064 = SURFACE_CURVE('',#6065,(#6070),.PCURVE_S1.);
#6065 = CIRCLE('',#6066,0.44233807253);
#6066 = AXIS2_PLACEMENT_3D('',#6067,#6068,#6069);
#6067 = CARTESIAN_POINT('',(-9.388244263526,49.731082240034,
    20.857412116006));
#6068 = DIRECTION('',(-4.181404191007E-18,-4.415456249432E-02,
    0.999024711712));
#6069 = DIRECTION('',(0.904072266505,0.426962798558,1.887076000292E-02)
  );
#6070 = PCURVE('',#6018,#6071);
#6071 = DEFINITIONAL_REPRESENTATION('',(#6072),#6076);
#6072 = LINE('',#6073,#6074);
#6073 = CARTESIAN_POINT('',(-0.,0.));
#6074 = VECTOR('',#6075,1.);
#6075 = DIRECTION('',(-1.,0.));
#6076 = ( GEOMETRIC_REPRESENTATION_CONTEXT(2) 
PARAMETRIC_REPRESENTATION_CONTEXT() REPRESENTATION_CONTEXT('2D SPACE',''
  ) );
#6077 = ADVANCED_FACE('',(#6078),#6092,.T.);
#6078 = FACE_BOUND('',#6079,.F.);
#6079 = EDGE_LOOP('',(#6080,#6103,#6120,#6136));
#6080 = ORIENTED_EDGE('',*,*,#6081,.T.);
#6081 = EDGE_CURVE('',#6082,#6084,#6086,.T.);
#6082 = VERTEX_POINT('',#6083);
#6083 = CARTESIAN_POINT('',(-1.238516646359,61.053148611558,
    21.357821046141));
#6084 = VERTEX_POINT('',#6085);
#6085 = CARTESIAN_POINT('',(-1.238516646359,61.026655874062,
    21.957235873168));
#6086 = SURFACE_CURVE('',#6087,(#6091),.PCURVE_S1.);
#6087 = LINE('',#6088,#6089);
#6088 = CARTESIAN_POINT('',(-1.238516646359,61.053148611558,
    21.357821046141));
#6089 = VECTOR('',#6090,1.);
#6090 = DIRECTION('',(0.,-4.415456249432E-02,0.999024711712));
#6091 = PCURVE('',#6092,#6097);
#6092 = CYLINDRICAL_SURFACE('',#6093,0.44233807253);
#6093 = AXIS2_PLACEMENT_3D('',#6094,#6095,#6096);
#6094 = CARTESIAN_POINT('',(-1.678923570859,61.094396492882,
    21.359644106304));
#6095 = DIRECTION('',(0.,4.415456249432E-02,-0.999024711712));
#6096 = DIRECTION('',(-9.334070869306E-02,-0.994663195659,
    -4.396179365601E-02));
#6097 = DEFINITIONAL_REPRESENTATION('',(#6098),#6102);
#6098 = LINE('',#6099,#6100);
#6099 = CARTESIAN_POINT('',(-1.570796326795,0.));
#6100 = VECTOR('',#6101,1.);
#6101 = DIRECTION('',(-0.,-1.));
#6102 = ( GEOMETRIC_REPRESENTATION_CONTEXT(2) 
PARAMETRIC_REPRESENTATION_CONTEXT() REPRESENTATION_CONTEXT('2D SPACE',''
  ) );
#6103 = ORIENTED_EDGE('',*,*,#6104,.T.);
#6104 = EDGE_CURVE('',#6084,#6105,#6107,.T.);
#6105 = VERTEX_POINT('',#6106);
#6106 = CARTESIAN_POINT('',(-2.119330495359,61.109151636709,
    21.960881993494));
#6107 = SURFACE_CURVE('',#6108,(#6113),.PCURVE_S1.);
#6108 = CIRCLE('',#6109,0.44233807253);
#6109 = AXIS2_PLACEMENT_3D('',#6110,#6111,#6112);
#6110 = CARTESIAN_POINT('',(-1.678923570859,61.067903755385,
    21.959058933331));
#6111 = DIRECTION('',(-5.03326133959E-20,-4.415456249432E-02,
    0.999024711712));
#6112 = DIRECTION('',(-9.334070869306E-02,-0.994663195659,
    -4.396179365601E-02));
#6113 = PCURVE('',#6092,#6114);
#6114 = DEFINITIONAL_REPRESENTATION('',(#6115),#6119);
#6115 = LINE('',#6116,#6117);
#6116 = CARTESIAN_POINT('',(-0.,-0.6));
#6117 = VECTOR('',#6118,1.);
#6118 = DIRECTION('',(-1.,0.));
#6119 = ( GEOMETRIC_REPRESENTATION_CONTEXT(2) 
PARAMETRIC_REPRESENTATION_CONTEXT() REPRESENTATION_CONTEXT('2D SPACE',''
  ) );
#6120 = ORIENTED_EDGE('',*,*,#6121,.F.);
#6121 = EDGE_CURVE('',#6122,#6105,#6124,.T.);
#6122 = VERTEX_POINT('',#6123);
#6123 = CARTESIAN_POINT('',(-2.119330495359,61.135644374205,
    21.361467166467));
#6124 = SURFACE_CURVE('',#6125,(#6129),.PCURVE_S1.);
#6125 = LINE('',#6126,#6127);
#6126 = CARTESIAN_POINT('',(-2.119330495359,61.135644374205,
    21.361467166467));
#6127 = VECTOR('',#6128,1.);
#6128 = DIRECTION('',(0.,-4.415456249432E-02,0.999024711712));
#6129 = PCURVE('',#6092,#6130);
#6130 = DEFINITIONAL_REPRESENTATION('',(#6131),#6135);
#6131 = LINE('',#6132,#6133);
#6132 = CARTESIAN_POINT('',(-4.712388980385,0.));
#6133 = VECTOR('',#6134,1.);
#6134 = DIRECTION('',(-0.,-1.));
#6135 = ( GEOMETRIC_REPRESENTATION_CONTEXT(2) 
PARAMETRIC_REPRESENTATION_CONTEXT() REPRESENTATION_CONTEXT('2D SPACE',''
  ) );
#6136 = ORIENTED_EDGE('',*,*,#6137,.F.);
#6137 = EDGE_CURVE('',#6082,#6122,#6138,.T.);
#6138 = SURFACE_CURVE('',#6139,(#6144),.PCURVE_S1.);
#6139 = CIRCLE('',#6140,0.44233807253);
#6140 = AXIS2_PLACEMENT_3D('',#6141,#6142,#6143);
#6141 = CARTESIAN_POINT('',(-1.678923570859,61.094396492882,
    21.359644106304));
#6142 = DIRECTION('',(-5.03326133959E-20,-4.415456249432E-02,
    0.999024711712));
#6143 = DIRECTION('',(-9.334070869306E-02,-0.994663195659,
    -4.396179365601E-02));
#6144 = PCURVE('',#6092,#6145);
#6145 = DEFINITIONAL_REPRESENTATION('',(#6146),#6150);
#6146 = LINE('',#6147,#6148);
#6147 = CARTESIAN_POINT('',(-0.,0.));
#6148 = VECTOR('',#6149,1.);
#6149 = DIRECTION('',(-1.,0.));
#6150 = ( GEOMETRIC_REPRESENTATION_CONTEXT(2) 
PARAMETRIC_REPRESENTATION_CONTEXT() REPRESENTATION_CONTEXT('2D SPACE',''
  ) );
#6151 = ADVANCED_FACE('',(#6152),#5048,.T.);
#6152 = FACE_BOUND('',#6153,.T.);
#6153 = EDGE_LOOP('',(#6154,#6177,#6208,#6209));
#6154 = ORIENTED_EDGE('',*,*,#6155,.T.);
#6155 = EDGE_CURVE('',#5028,#6156,#6158,.T.);
#6156 = VERTEX_POINT('',#6157);
#6157 = CARTESIAN_POINT('',(7.799749411928,32.15458193425,
    20.681157535795));
#6158 = SEAM_CURVE('',#6159,(#6163,#6170),.PCURVE_S1.);
#6159 = LINE('',#6160,#6161);
#6160 = CARTESIAN_POINT('',(7.799749411928,32.181074671747,
    20.081742708768));
#6161 = VECTOR('',#6162,1.);
#6162 = DIRECTION('',(0.,-4.415456249432E-02,0.999024711712));
#6163 = PCURVE('',#5048,#6164);
#6164 = DEFINITIONAL_REPRESENTATION('',(#6165),#6169);
#6165 = LINE('',#6166,#6167);
#6166 = CARTESIAN_POINT('',(0.,0.));
#6167 = VECTOR('',#6168,1.);
#6168 = DIRECTION('',(0.,-1.));
#6169 = ( GEOMETRIC_REPRESENTATION_CONTEXT(2) 
PARAMETRIC_REPRESENTATION_CONTEXT() REPRESENTATION_CONTEXT('2D SPACE',''
  ) );
#6170 = PCURVE('',#5048,#6171);
#6171 = DEFINITIONAL_REPRESENTATION('',(#6172),#6176);
#6172 = LINE('',#6173,#6174);
#6173 = CARTESIAN_POINT('',(6.28318530718,0.));
#6174 = VECTOR('',#6175,1.);
#6175 = DIRECTION('',(0.,-1.));
#6176 = ( GEOMETRIC_REPRESENTATION_CONTEXT(2) 
PARAMETRIC_REPRESENTATION_CONTEXT() REPRESENTATION_CONTEXT('2D SPACE',''
  ) );
#6177 = ORIENTED_EDGE('',*,*,#6178,.T.);
#6178 = EDGE_CURVE('',#6156,#6156,#6179,.T.);
#6179 = SURFACE_CURVE('',#6180,(#6185,#6192),.PCURVE_S1.);
#6180 = CIRCLE('',#6181,0.631911532186);
#6181 = AXIS2_PLACEMENT_3D('',#6182,#6183,#6184);
#6182 = CARTESIAN_POINT('',(8.431660944114,32.15458193425,
    20.681157535795));
#6183 = DIRECTION('',(-9.96354144802E-35,4.415456249432E-02,
    -0.999024711712));
#6184 = DIRECTION('',(-1.,1.223452415467E-16,5.407374362642E-18));
#6185 = PCURVE('',#5048,#6186);
#6186 = DEFINITIONAL_REPRESENTATION('',(#6187),#6191);
#6187 = LINE('',#6188,#6189);
#6188 = CARTESIAN_POINT('',(0.,-0.6));
#6189 = VECTOR('',#6190,1.);
#6190 = DIRECTION('',(1.,0.));
#6191 = ( GEOMETRIC_REPRESENTATION_CONTEXT(2) 
PARAMETRIC_REPRESENTATION_CONTEXT() REPRESENTATION_CONTEXT('2D SPACE',''
  ) );
#6192 = PCURVE('',#6193,#6198);
#6193 = PLANE('',#6194);
#6194 = AXIS2_PLACEMENT_3D('',#6195,#6196,#6197);
#6195 = CARTESIAN_POINT('',(0.,90.05,23.24));
#6196 = DIRECTION('',(0.,-4.415456249432E-02,0.999024711712));
#6197 = DIRECTION('',(0.,-0.999024711712,-4.415456249432E-02));
#6198 = DEFINITIONAL_REPRESENTATION('',(#6199),#6207);
#6199 = ( BOUNDED_CURVE() B_SPLINE_CURVE(2,(#6200,#6201,#6202,#6203,
#6204,#6205,#6206),.UNSPECIFIED.,.T.,.F.) B_SPLINE_CURVE_WITH_KNOTS((1,2
    ,2,2,2,1),(-2.094395102393,0.,2.094395102393,4.188790204786,
6.28318530718,8.377580409573),.UNSPECIFIED.) CURVE() 
GEOMETRIC_REPRESENTATION_ITEM() RATIONAL_B_SPLINE_CURVE((1.,0.5,1.,0.5,
1.,0.5,1.)) REPRESENTATION_ITEM('') );
#6200 = CARTESIAN_POINT('',(57.951937912071,7.799749411928));
#6201 = CARTESIAN_POINT('',(56.857435032437,7.799749411928));
#6202 = CARTESIAN_POINT('',(57.404686472254,8.747616710207));
#6203 = CARTESIAN_POINT('',(57.951937912071,9.695484008485));
#6204 = CARTESIAN_POINT('',(58.499189351888,8.747616710207));
#6205 = CARTESIAN_POINT('',(59.046440791706,7.799749411928));
#6206 = CARTESIAN_POINT('',(57.951937912071,7.799749411928));
#6207 = ( GEOMETRIC_REPRESENTATION_CONTEXT(2) 
PARAMETRIC_REPRESENTATION_CONTEXT() REPRESENTATION_CONTEXT('2D SPACE',''
  ) );
#6208 = ORIENTED_EDGE('',*,*,#6155,.F.);
#6209 = ORIENTED_EDGE('',*,*,#5027,.F.);
#6210 = ADVANCED_FACE('',(#6211),#5114,.T.);
#6211 = FACE_BOUND('',#6212,.T.);
#6212 = EDGE_LOOP('',(#6213,#6214,#6215,#6216,#6217,#6218));
#6213 = ORIENTED_EDGE('',*,*,#5098,.F.);
#6214 = ORIENTED_EDGE('',*,*,#5443,.F.);
#6215 = ORIENTED_EDGE('',*,*,#5379,.F.);
#6216 = ORIENTED_EDGE('',*,*,#5310,.F.);
#6217 = ORIENTED_EDGE('',*,*,#5241,.F.);
#6218 = ORIENTED_EDGE('',*,*,#5172,.F.);
#6219 = ADVANCED_FACE('',(#6220),#5546,.T.);
#6220 = FACE_BOUND('',#6221,.T.);
#6221 = EDGE_LOOP('',(#6222,#6223,#6224));
#6222 = ORIENTED_EDGE('',*,*,#5527,.F.);
#6223 = ORIENTED_EDGE('',*,*,#5674,.F.);
#6224 = ORIENTED_EDGE('',*,*,#5610,.F.);
#6225 = ADVANCED_FACE('',(#6226),#5773,.T.);
#6226 = FACE_BOUND('',#6227,.T.);
#6227 = EDGE_LOOP('',(#6228,#6229,#6230,#6231));
#6228 = ORIENTED_EDGE('',*,*,#5757,.F.);
#6229 = ORIENTED_EDGE('',*,*,#5966,.T.);
#6230 = ORIENTED_EDGE('',*,*,#5902,.F.);
#6231 = ORIENTED_EDGE('',*,*,#5860,.T.);
#6232 = ADVANCED_FACE('',(#6233),#6193,.T.);
#6233 = FACE_BOUND('',#6234,.T.);
#6234 = EDGE_LOOP('',(#6235));
#6235 = ORIENTED_EDGE('',*,*,#6178,.F.);
#6236 = ( GEOMETRIC_REPRESENTATION_CONTEXT(3) 
GLOBAL_UNCERTAINTY_ASSIGNED_CONTEXT((#6240)) 
GLOBAL_UNIT_ASSIGNED_CONTEXT((#6237,#6238,#6239)) REPRESENTATION_CONTEXT
('Context #1','3D Context with UNIT and UNCERTAINTY') );
#6237 = ( LENGTH_UNIT() NAMED_UNIT(*) SI_UNIT(.MILLI.,.METRE.) );
#6238 = ( NAMED_UNIT(*) PLANE_ANGLE_UNIT() SI_UNIT($,.RADIAN.) );
#6239 = ( NAMED_UNIT(*) SI_UNIT($,.STERADIAN.) SOLID_ANGLE_UNIT() );
#6240 = UNCERTAINTY_MEASURE_WITH_UNIT(LENGTH_MEASURE(2.E-07),#6237,
  'distance_accuracy_value','confusion accuracy');
#6241 = PRODUCT_RELATED_PRODUCT_CATEGORY('part',$,(#7));
ENDSEC;
END-ISO-10303-21;
