ISO-10303-21;
HEADER;
FILE_DESCRIPTION(('Open CASCADE Model'),'2;1');
FILE_NAME('Open CASCADE Shape Model','2026-09-29T16:28:12',('Author'),(
    'Open CASCADE'),'Open CASCADE STEP processor 7.9','build123d',
  'Unknown');
FILE_SCHEMA(('AUTOMOTIVE_DESIGN { 1 0 10303 214 1 1 1 1 }'));
ENDSEC;
DATA;
#1 = APPLICATION_PROTOCOL_DEFINITION('international standard',
  'automotive_design',2000,#2);
#2 = APPLICATION_CONTEXT(
  'core data for automotive mechanical design processes');
#3 = SHAPE_DEFINITION_REPRESENTATION(#4,#10);
#4 = PRODUCT_DEFINITION_SHAPE('','',#5);
#5 = PRODUCT_DEFINITION('design','',#6,#9);
#6 = PRODUCT_DEFINITION_FORMATION('','',#7);
#7 = PRODUCT('=>[0:1:1:2]','=>[0:1:1:2]','',(#8));
#8 = PRODUCT_CONTEXT('',#2,'mechanical');
#9 = PRODUCT_DEFINITION_CONTEXT('part definition',#2,'design');
#10 = SHAPE_REPRESENTATION('',(#11,#15),#19);
#11 = AXIS2_PLACEMENT_3D('',#12,#13,#14);
#12 = CARTESIAN_POINT('',(0.,0.,0.));
#13 = DIRECTION('',(0.,0.,1.));
#14 = DIRECTION('',(1.,0.,-0.));
#15 = AXIS2_PLACEMENT_3D('',#16,#17,#18);
#16 = CARTESIAN_POINT('',(0.,42.376492737497,20.532356411174));
#17 = DIRECTION('',(9.96354144802E-35,-4.415456249432E-02,0.999024711712
    ));
#18 = DIRECTION('',(-1.,1.223452415467E-16,5.407374362642E-18));
#19 = ( GEOMETRIC_REPRESENTATION_CONTEXT(3) 
GLOBAL_UNCERTAINTY_ASSIGNED_CONTEXT((#23)) GLOBAL_UNIT_ASSIGNED_CONTEXT(
(#20,#21,#22)) REPRESENTATION_CONTEXT('Context #1',
  '3D Context with UNIT and UNCERTAINTY') );
#20 = ( LENGTH_UNIT() NAMED_UNIT(*) SI_UNIT(.MILLI.,.METRE.) );
#21 = ( NAMED_UNIT(*) PLANE_ANGLE_UNIT() SI_UNIT($,.RADIAN.) );
#22 = ( NAMED_UNIT(*) SI_UNIT($,.STERADIAN.) SOLID_ANGLE_UNIT() );
#23 = UNCERTAINTY_MEASURE_WITH_UNIT(LENGTH_MEASURE(1.E-07),#20,
  'distance_accuracy_value','confusion accuracy');
#24 = PRODUCT_RELATED_PRODUCT_CATEGORY('part',$,(#7));
#25 = SHAPE_DEFINITION_REPRESENTATION(#26,#32);
#26 = PRODUCT_DEFINITION_SHAPE('','',#27);
#27 = PRODUCT_DEFINITION('design','',#28,#31);
#28 = PRODUCT_DEFINITION_FORMATION('','',#29);
#29 = PRODUCT('COMPOUND','COMPOUND','',(#30));
#30 = PRODUCT_CONTEXT('',#2,'mechanical');
#31 = PRODUCT_DEFINITION_CONTEXT('part definition',#2,'design');
#32 = SHAPE_REPRESENTATION('',(#11,#33,#955,#2361,#2467,#3967,#4331,
    #4661,#5941,#7063,#8674,#9241,#9744,#11166,#12215,#13130,#14410,
    #15308),#16208);
#33 = MANIFOLD_SOLID_BREP('',#34);
#34 = CLOSED_SHELL('',(#35,#165,#241,#317,#393,#479,#555,#633,#719,#790,
    #837,#923,#939));
#35 = ADVANCED_FACE('',(#36),#50,.T.);
#36 = FACE_BOUND('',#37,.T.);
#37 = EDGE_LOOP('',(#38,#73,#106,#134));
#38 = ORIENTED_EDGE('',*,*,#39,.T.);
#39 = EDGE_CURVE('',#40,#42,#44,.T.);
#40 = VERTEX_POINT('',#41);
#41 = CARTESIAN_POINT('',(-23.77424753923,11.99307809253,0.));
#42 = VERTEX_POINT('',#43);
#43 = CARTESIAN_POINT('',(-23.77424753923,11.99307809253,0.6));
#44 = SURFACE_CURVE('',#45,(#49,#61),.PCURVE_S1.);
#45 = LINE('',#46,#47);
#46 = CARTESIAN_POINT('',(-23.77424753923,11.99307809253,0.));
#47 = VECTOR('',#48,1.);
#48 = DIRECTION('',(0.,-0.,1.));
#49 = PCURVE('',#50,#55);
#50 = CYLINDRICAL_SURFACE('',#51,6.718978713892);
#51 = AXIS2_PLACEMENT_3D('',#52,#53,#54);
#52 = CARTESIAN_POINT('',(-28.48175076818,7.198905764884,0.));
#53 = DIRECTION('',(0.,-0.,-1.));
#54 = DIRECTION('',(-0.694988363756,-0.719020983173,0.));
#55 = DEFINITIONAL_REPRESENTATION('',(#56),#60);
#56 = LINE('',#57,#58);
#57 = CARTESIAN_POINT('',(3.149465898497,0.));
#58 = VECTOR('',#59,1.);
#59 = DIRECTION('',(0.,-1.));
#60 = ( GEOMETRIC_REPRESENTATION_CONTEXT(2) 
PARAMETRIC_REPRESENTATION_CONTEXT() REPRESENTATION_CONTEXT('2D SPACE',''
  ) );
#61 = PCURVE('',#62,#67);
#62 = PLANE('',#63);
#63 = AXIS2_PLACEMENT_3D('',#64,#65,#66);
#64 = CARTESIAN_POINT('',(-23.68248025826,11.998176274807,0.));
#65 = DIRECTION('',(5.547001962252E-02,-0.998460353205,-0.));
#66 = DIRECTION('',(-0.998460353205,-5.547001962252E-02,0.));
#67 = DEFINITIONAL_REPRESENTATION('',(#68),#72);
#68 = LINE('',#69,#70);
#69 = CARTESIAN_POINT('',(9.190878804482E-02,0.));
#70 = VECTOR('',#71,1.);
#71 = DIRECTION('',(0.,-1.));
#72 = ( GEOMETRIC_REPRESENTATION_CONTEXT(2) 
PARAMETRIC_REPRESENTATION_CONTEXT() REPRESENTATION_CONTEXT('2D SPACE',''
  ) );
#73 = ORIENTED_EDGE('',*,*,#74,.T.);
#74 = EDGE_CURVE('',#42,#75,#77,.T.);
#75 = VERTEX_POINT('',#76);
#76 = CARTESIAN_POINT('',(-22.25313867338,4.67917039581,0.6));
#77 = SURFACE_CURVE('',#78,(#83,#90),.PCURVE_S1.);
#78 = CIRCLE('',#79,6.718978713892);
#79 = AXIS2_PLACEMENT_3D('',#80,#81,#82);
#80 = CARTESIAN_POINT('',(-28.48175076818,7.198905764884,0.6));
#81 = DIRECTION('',(0.,-0.,-1.));
#82 = DIRECTION('',(-0.694988363756,-0.719020983173,0.));
#83 = PCURVE('',#50,#84);
#84 = DEFINITIONAL_REPRESENTATION('',(#85),#89);
#85 = LINE('',#86,#87);
#86 = CARTESIAN_POINT('',(0.,-0.6));
#87 = VECTOR('',#88,1.);
#88 = DIRECTION('',(1.,0.));
#89 = ( GEOMETRIC_REPRESENTATION_CONTEXT(2) 
PARAMETRIC_REPRESENTATION_CONTEXT() REPRESENTATION_CONTEXT('2D SPACE',''
  ) );
#90 = PCURVE('',#91,#96);
#91 = PLANE('',#92);
#92 = AXIS2_PLACEMENT_3D('',#93,#94,#95);
#93 = CARTESIAN_POINT('',(-23.24674486497,-9.115311393725,0.6));
#94 = DIRECTION('',(-0.,-0.,1.));
#95 = DIRECTION('',(-1.,0.,0.));
#96 = DEFINITIONAL_REPRESENTATION('',(#97),#105);
#97 = ( BOUNDED_CURVE() B_SPLINE_CURVE(2,(#98,#99,#100,#101,#102,#103,
#104),.UNSPECIFIED.,.T.,.F.) B_SPLINE_CURVE_WITH_KNOTS((1,2,2,2,2,1),(
    -2.094395102393,0.,2.094395102393,4.188790204786,6.28318530718,
8.377580409573),.UNSPECIFIED.) CURVE() GEOMETRIC_REPRESENTATION_ITEM() 
RATIONAL_B_SPLINE_CURVE((1.,0.5,1.,0.5,1.,0.5,1.)) REPRESENTATION_ITEM(
  '') );
#98 = CARTESIAN_POINT('',(9.904617925696,-11.48313047782));
#99 = CARTESIAN_POINT('',(18.272305512581,-19.57113575239));
#100 = CARTESIAN_POINT('',(7.084043685418,-22.77376313628));
#101 = CARTESIAN_POINT('',(-4.104218141745,-25.97639052017));
#102 = CARTESIAN_POINT('',(-1.283643901467,-14.68575786171));
#103 = CARTESIAN_POINT('',(1.536930338811,-3.395125203256));
#104 = CARTESIAN_POINT('',(9.904617925696,-11.48313047782));
#105 = ( GEOMETRIC_REPRESENTATION_CONTEXT(2) 
PARAMETRIC_REPRESENTATION_CONTEXT() REPRESENTATION_CONTEXT('2D SPACE',''
  ) );
#106 = ORIENTED_EDGE('',*,*,#107,.F.);
#107 = EDGE_CURVE('',#108,#75,#110,.T.);
#108 = VERTEX_POINT('',#109);
#109 = CARTESIAN_POINT('',(-22.25313867338,4.67917039581,0.));
#110 = SURFACE_CURVE('',#111,(#115,#122),.PCURVE_S1.);
#111 = LINE('',#112,#113);
#112 = CARTESIAN_POINT('',(-22.25313867338,4.67917039581,0.));
#113 = VECTOR('',#114,1.);
#114 = DIRECTION('',(0.,-0.,1.));
#115 = PCURVE('',#50,#116);
#116 = DEFINITIONAL_REPRESENTATION('',(#117),#121);
#117 = LINE('',#118,#119);
#118 = CARTESIAN_POINT('',(4.32840103883,0.));
#119 = VECTOR('',#120,1.);
#120 = DIRECTION('',(0.,-1.));
#121 = ( GEOMETRIC_REPRESENTATION_CONTEXT(2) 
PARAMETRIC_REPRESENTATION_CONTEXT() REPRESENTATION_CONTEXT('2D SPACE',''
  ) );
#122 = PCURVE('',#123,#128);
#123 = PLANE('',#124);
#124 = AXIS2_PLACEMENT_3D('',#125,#126,#127);
#125 = CARTESIAN_POINT('',(-33.4212237313,2.644097118589,0.));
#126 = DIRECTION('',(-0.179270199583,0.983799875758,0.));
#127 = DIRECTION('',(0.983799875758,0.179270199583,-0.));
#128 = DEFINITIONAL_REPRESENTATION('',(#129),#133);
#129 = LINE('',#130,#131);
#130 = CARTESIAN_POINT('',(11.351988685013,0.));
#131 = VECTOR('',#132,1.);
#132 = DIRECTION('',(0.,-1.));
#133 = ( GEOMETRIC_REPRESENTATION_CONTEXT(2) 
PARAMETRIC_REPRESENTATION_CONTEXT() REPRESENTATION_CONTEXT('2D SPACE',''
  ) );
#134 = ORIENTED_EDGE('',*,*,#135,.F.);
#135 = EDGE_CURVE('',#40,#108,#136,.T.);
#136 = SURFACE_CURVE('',#137,(#142,#149),.PCURVE_S1.);
#137 = CIRCLE('',#138,6.718978713892);
#138 = AXIS2_PLACEMENT_3D('',#139,#140,#141);
#139 = CARTESIAN_POINT('',(-28.48175076818,7.198905764884,0.));
#140 = DIRECTION('',(0.,-0.,-1.));
#141 = DIRECTION('',(-0.694988363756,-0.719020983173,0.));
#142 = PCURVE('',#50,#143);
#143 = DEFINITIONAL_REPRESENTATION('',(#144),#148);
#144 = LINE('',#145,#146);
#145 = CARTESIAN_POINT('',(0.,0.));
#146 = VECTOR('',#147,1.);
#147 = DIRECTION('',(1.,0.));
#148 = ( GEOMETRIC_REPRESENTATION_CONTEXT(2) 
PARAMETRIC_REPRESENTATION_CONTEXT() REPRESENTATION_CONTEXT('2D SPACE',''
  ) );
#149 = PCURVE('',#150,#155);
#150 = PLANE('',#151);
#151 = AXIS2_PLACEMENT_3D('',#152,#153,#154);
#152 = CARTESIAN_POINT('',(-23.24674486497,-9.115311393725,0.));
#153 = DIRECTION('',(-0.,-0.,1.));
#154 = DIRECTION('',(-1.,0.,0.));
#155 = DEFINITIONAL_REPRESENTATION('',(#156),#164);
#156 = ( BOUNDED_CURVE() B_SPLINE_CURVE(2,(#157,#158,#159,#160,#161,#162
,#163),.UNSPECIFIED.,.T.,.F.) B_SPLINE_CURVE_WITH_KNOTS((1,2,2,2,2,1),(
    -2.094395102393,0.,2.094395102393,4.188790204786,6.28318530718,
8.377580409573),.UNSPECIFIED.) CURVE() GEOMETRIC_REPRESENTATION_ITEM() 
RATIONAL_B_SPLINE_CURVE((1.,0.5,1.,0.5,1.,0.5,1.)) REPRESENTATION_ITEM(
  '') );
#157 = CARTESIAN_POINT('',(9.904617925696,-11.48313047782));
#158 = CARTESIAN_POINT('',(18.272305512581,-19.57113575239));
#159 = CARTESIAN_POINT('',(7.084043685418,-22.77376313628));
#160 = CARTESIAN_POINT('',(-4.104218141745,-25.97639052017));
#161 = CARTESIAN_POINT('',(-1.283643901467,-14.68575786171));
#162 = CARTESIAN_POINT('',(1.536930338811,-3.395125203256));
#163 = CARTESIAN_POINT('',(9.904617925696,-11.48313047782));
#164 = ( GEOMETRIC_REPRESENTATION_CONTEXT(2) 
PARAMETRIC_REPRESENTATION_CONTEXT() REPRESENTATION_CONTEXT('2D SPACE',''
  ) );
#165 = ADVANCED_FACE('',(#166),#62,.T.);
#166 = FACE_BOUND('',#167,.T.);
#167 = EDGE_LOOP('',(#168,#198,#219,#220));
#168 = ORIENTED_EDGE('',*,*,#169,.T.);
#169 = EDGE_CURVE('',#170,#172,#174,.T.);
#170 = VERTEX_POINT('',#171);
#171 = CARTESIAN_POINT('',(-23.68248025826,11.998176274807,0.));
#172 = VERTEX_POINT('',#173);
#173 = CARTESIAN_POINT('',(-23.68248025826,11.998176274807,0.6));
#174 = SURFACE_CURVE('',#175,(#179,#186),.PCURVE_S1.);
#175 = LINE('',#176,#177);
#176 = CARTESIAN_POINT('',(-23.68248025826,11.998176274807,0.));
#177 = VECTOR('',#178,1.);
#178 = DIRECTION('',(0.,-0.,1.));
#179 = PCURVE('',#62,#180);
#180 = DEFINITIONAL_REPRESENTATION('',(#181),#185);
#181 = LINE('',#182,#183);
#182 = CARTESIAN_POINT('',(0.,0.));
#183 = VECTOR('',#184,1.);
#184 = DIRECTION('',(0.,-1.));
#185 = ( GEOMETRIC_REPRESENTATION_CONTEXT(2) 
PARAMETRIC_REPRESENTATION_CONTEXT() REPRESENTATION_CONTEXT('2D SPACE',''
  ) );
#186 = PCURVE('',#187,#192);
#187 = PLANE('',#188);
#188 = AXIS2_PLACEMENT_3D('',#189,#190,#191);
#189 = CARTESIAN_POINT('',(-29.44160487017,19.677009090683,0.));
#190 = DIRECTION('',(0.8,0.6,0.));
#191 = DIRECTION('',(0.6,-0.8,-0.));
#192 = DEFINITIONAL_REPRESENTATION('',(#193),#197);
#193 = LINE('',#194,#195);
#194 = CARTESIAN_POINT('',(9.598541019845,0.));
#195 = VECTOR('',#196,1.);
#196 = DIRECTION('',(0.,-1.));
#197 = ( GEOMETRIC_REPRESENTATION_CONTEXT(2) 
PARAMETRIC_REPRESENTATION_CONTEXT() REPRESENTATION_CONTEXT('2D SPACE',''
  ) );
#198 = ORIENTED_EDGE('',*,*,#199,.T.);
#199 = EDGE_CURVE('',#172,#42,#200,.T.);
#200 = SURFACE_CURVE('',#201,(#205,#212),.PCURVE_S1.);
#201 = LINE('',#202,#203);
#202 = CARTESIAN_POINT('',(-23.68248025826,11.998176274807,0.6));
#203 = VECTOR('',#204,1.);
#204 = DIRECTION('',(-0.998460353205,-5.547001962252E-02,0.));
#205 = PCURVE('',#62,#206);
#206 = DEFINITIONAL_REPRESENTATION('',(#207),#211);
#207 = LINE('',#208,#209);
#208 = CARTESIAN_POINT('',(0.,-0.6));
#209 = VECTOR('',#210,1.);
#210 = DIRECTION('',(1.,0.));
#211 = ( GEOMETRIC_REPRESENTATION_CONTEXT(2) 
PARAMETRIC_REPRESENTATION_CONTEXT() REPRESENTATION_CONTEXT('2D SPACE',''
  ) );
#212 = PCURVE('',#91,#213);
#213 = DEFINITIONAL_REPRESENTATION('',(#214),#218);
#214 = LINE('',#215,#216);
#215 = CARTESIAN_POINT('',(0.435735393293,-21.11348766853));
#216 = VECTOR('',#217,1.);
#217 = DIRECTION('',(0.998460353205,5.547001962252E-02));
#218 = ( GEOMETRIC_REPRESENTATION_CONTEXT(2) 
PARAMETRIC_REPRESENTATION_CONTEXT() REPRESENTATION_CONTEXT('2D SPACE',''
  ) );
#219 = ORIENTED_EDGE('',*,*,#39,.F.);
#220 = ORIENTED_EDGE('',*,*,#221,.F.);
#221 = EDGE_CURVE('',#170,#40,#222,.T.);
#222 = SURFACE_CURVE('',#223,(#227,#234),.PCURVE_S1.);
#223 = LINE('',#224,#225);
#224 = CARTESIAN_POINT('',(-23.68248025826,11.998176274807,0.));
#225 = VECTOR('',#226,1.);
#226 = DIRECTION('',(-0.998460353205,-5.547001962252E-02,0.));
#227 = PCURVE('',#62,#228);
#228 = DEFINITIONAL_REPRESENTATION('',(#229),#233);
#229 = LINE('',#230,#231);
#230 = CARTESIAN_POINT('',(0.,0.));
#231 = VECTOR('',#232,1.);
#232 = DIRECTION('',(1.,0.));
#233 = ( GEOMETRIC_REPRESENTATION_CONTEXT(2) 
PARAMETRIC_REPRESENTATION_CONTEXT() REPRESENTATION_CONTEXT('2D SPACE',''
  ) );
#234 = PCURVE('',#150,#235);
#235 = DEFINITIONAL_REPRESENTATION('',(#236),#240);
#236 = LINE('',#237,#238);
#237 = CARTESIAN_POINT('',(0.435735393293,-21.11348766853));
#238 = VECTOR('',#239,1.);
#239 = DIRECTION('',(0.998460353205,5.547001962252E-02));
#240 = ( GEOMETRIC_REPRESENTATION_CONTEXT(2) 
PARAMETRIC_REPRESENTATION_CONTEXT() REPRESENTATION_CONTEXT('2D SPACE',''
  ) );
#241 = ADVANCED_FACE('',(#242),#123,.F.);
#242 = FACE_BOUND('',#243,.F.);
#243 = EDGE_LOOP('',(#244,#274,#295,#296));
#244 = ORIENTED_EDGE('',*,*,#245,.T.);
#245 = EDGE_CURVE('',#246,#248,#250,.T.);
#246 = VERTEX_POINT('',#247);
#247 = CARTESIAN_POINT('',(-33.4212237313,2.644097118589,0.));
#248 = VERTEX_POINT('',#249);
#249 = CARTESIAN_POINT('',(-33.4212237313,2.644097118589,0.6));
#250 = SURFACE_CURVE('',#251,(#255,#262),.PCURVE_S1.);
#251 = LINE('',#252,#253);
#252 = CARTESIAN_POINT('',(-33.4212237313,2.644097118589,0.));
#253 = VECTOR('',#254,1.);
#254 = DIRECTION('',(0.,-0.,1.));
#255 = PCURVE('',#123,#256);
#256 = DEFINITIONAL_REPRESENTATION('',(#257),#261);
#257 = LINE('',#258,#259);
#258 = CARTESIAN_POINT('',(0.,0.));
#259 = VECTOR('',#260,1.);
#260 = DIRECTION('',(0.,-1.));
#261 = ( GEOMETRIC_REPRESENTATION_CONTEXT(2) 
PARAMETRIC_REPRESENTATION_CONTEXT() REPRESENTATION_CONTEXT('2D SPACE',''
  ) );
#262 = PCURVE('',#263,#268);
#263 = CYLINDRICAL_SURFACE('',#264,6.718978713892);
#264 = AXIS2_PLACEMENT_3D('',#265,#266,#267);
#265 = CARTESIAN_POINT('',(-28.48175076818,7.198905764884,0.));
#266 = DIRECTION('',(0.,-0.,-1.));
#267 = DIRECTION('',(-0.694988363756,-0.719020983173,0.));
#268 = DEFINITIONAL_REPRESENTATION('',(#269),#273);
#269 = LINE('',#270,#271);
#270 = CARTESIAN_POINT('',(5.748766776529E-02,0.));
#271 = VECTOR('',#272,1.);
#272 = DIRECTION('',(0.,-1.));
#273 = ( GEOMETRIC_REPRESENTATION_CONTEXT(2) 
PARAMETRIC_REPRESENTATION_CONTEXT() REPRESENTATION_CONTEXT('2D SPACE',''
  ) );
#274 = ORIENTED_EDGE('',*,*,#275,.T.);
#275 = EDGE_CURVE('',#248,#75,#276,.T.);
#276 = SURFACE_CURVE('',#277,(#281,#288),.PCURVE_S1.);
#277 = LINE('',#278,#279);
#278 = CARTESIAN_POINT('',(-33.4212237313,2.644097118589,0.6));
#279 = VECTOR('',#280,1.);
#280 = DIRECTION('',(0.983799875758,0.179270199583,-0.));
#281 = PCURVE('',#123,#282);
#282 = DEFINITIONAL_REPRESENTATION('',(#283),#287);
#283 = LINE('',#284,#285);
#284 = CARTESIAN_POINT('',(0.,-0.6));
#285 = VECTOR('',#286,1.);
#286 = DIRECTION('',(1.,0.));
#287 = ( GEOMETRIC_REPRESENTATION_CONTEXT(2) 
PARAMETRIC_REPRESENTATION_CONTEXT() REPRESENTATION_CONTEXT('2D SPACE',''
  ) );
#288 = PCURVE('',#91,#289);
#289 = DEFINITIONAL_REPRESENTATION('',(#290),#294);
#290 = LINE('',#291,#292);
#291 = CARTESIAN_POINT('',(10.174478866333,-11.75940851231));
#292 = VECTOR('',#293,1.);
#293 = DIRECTION('',(-0.983799875758,-0.179270199583));
#294 = ( GEOMETRIC_REPRESENTATION_CONTEXT(2) 
PARAMETRIC_REPRESENTATION_CONTEXT() REPRESENTATION_CONTEXT('2D SPACE',''
  ) );
#295 = ORIENTED_EDGE('',*,*,#107,.F.);
#296 = ORIENTED_EDGE('',*,*,#297,.F.);
#297 = EDGE_CURVE('',#246,#108,#298,.T.);
#298 = SURFACE_CURVE('',#299,(#303,#310),.PCURVE_S1.);
#299 = LINE('',#300,#301);
#300 = CARTESIAN_POINT('',(-33.4212237313,2.644097118589,0.));
#301 = VECTOR('',#302,1.);
#302 = DIRECTION('',(0.983799875758,0.179270199583,-0.));
#303 = PCURVE('',#123,#304);
#304 = DEFINITIONAL_REPRESENTATION('',(#305),#309);
#305 = LINE('',#306,#307);
#306 = CARTESIAN_POINT('',(0.,0.));
#307 = VECTOR('',#308,1.);
#308 = DIRECTION('',(1.,0.));
#309 = ( GEOMETRIC_REPRESENTATION_CONTEXT(2) 
PARAMETRIC_REPRESENTATION_CONTEXT() REPRESENTATION_CONTEXT('2D SPACE',''
  ) );
#310 = PCURVE('',#150,#311);
#311 = DEFINITIONAL_REPRESENTATION('',(#312),#316);
#312 = LINE('',#313,#314);
#313 = CARTESIAN_POINT('',(10.174478866333,-11.75940851231));
#314 = VECTOR('',#315,1.);
#315 = DIRECTION('',(-0.983799875758,-0.179270199583));
#316 = ( GEOMETRIC_REPRESENTATION_CONTEXT(2) 
PARAMETRIC_REPRESENTATION_CONTEXT() REPRESENTATION_CONTEXT('2D SPACE',''
  ) );
#317 = ADVANCED_FACE('',(#318),#187,.T.);
#318 = FACE_BOUND('',#319,.T.);
#319 = EDGE_LOOP('',(#320,#350,#371,#372));
#320 = ORIENTED_EDGE('',*,*,#321,.T.);
#321 = EDGE_CURVE('',#322,#324,#326,.T.);
#322 = VERTEX_POINT('',#323);
#323 = CARTESIAN_POINT('',(-29.44160487017,19.677009090683,0.));
#324 = VERTEX_POINT('',#325);
#325 = CARTESIAN_POINT('',(-29.44160487017,19.677009090683,0.6));
#326 = SURFACE_CURVE('',#327,(#331,#338),.PCURVE_S1.);
#327 = LINE('',#328,#329);
#328 = CARTESIAN_POINT('',(-29.44160487017,19.677009090683,0.));
#329 = VECTOR('',#330,1.);
#330 = DIRECTION('',(0.,-0.,1.));
#331 = PCURVE('',#187,#332);
#332 = DEFINITIONAL_REPRESENTATION('',(#333),#337);
#333 = LINE('',#334,#335);
#334 = CARTESIAN_POINT('',(0.,0.));
#335 = VECTOR('',#336,1.);
#336 = DIRECTION('',(0.,-1.));
#337 = ( GEOMETRIC_REPRESENTATION_CONTEXT(2) 
PARAMETRIC_REPRESENTATION_CONTEXT() REPRESENTATION_CONTEXT('2D SPACE',''
  ) );
#338 = PCURVE('',#339,#344);
#339 = PLANE('',#340);
#340 = AXIS2_PLACEMENT_3D('',#341,#342,#343);
#341 = CARTESIAN_POINT('',(-31.77952170787,13.052911383869,0.));
#342 = DIRECTION('',(-0.942990333583,0.332820117735,0.));
#343 = DIRECTION('',(0.332820117735,0.942990333583,-0.));
#344 = DEFINITIONAL_REPRESENTATION('',(#345),#349);
#345 = LINE('',#346,#347);
#346 = CARTESIAN_POINT('',(7.024565863412,0.));
#347 = VECTOR('',#348,1.);
#348 = DIRECTION('',(0.,-1.));
#349 = ( GEOMETRIC_REPRESENTATION_CONTEXT(2) 
PARAMETRIC_REPRESENTATION_CONTEXT() REPRESENTATION_CONTEXT('2D SPACE',''
  ) );
#350 = ORIENTED_EDGE('',*,*,#351,.T.);
#351 = EDGE_CURVE('',#324,#172,#352,.T.);
#352 = SURFACE_CURVE('',#353,(#357,#364),.PCURVE_S1.);
#353 = LINE('',#354,#355);
#354 = CARTESIAN_POINT('',(-29.44160487017,19.677009090683,0.6));
#355 = VECTOR('',#356,1.);
#356 = DIRECTION('',(0.6,-0.8,-0.));
#357 = PCURVE('',#187,#358);
#358 = DEFINITIONAL_REPRESENTATION('',(#359),#363);
#359 = LINE('',#360,#361);
#360 = CARTESIAN_POINT('',(0.,-0.6));
#361 = VECTOR('',#362,1.);
#362 = DIRECTION('',(1.,0.));
#363 = ( GEOMETRIC_REPRESENTATION_CONTEXT(2) 
PARAMETRIC_REPRESENTATION_CONTEXT() REPRESENTATION_CONTEXT('2D SPACE',''
  ) );
#364 = PCURVE('',#91,#365);
#365 = DEFINITIONAL_REPRESENTATION('',(#366),#370);
#366 = LINE('',#367,#368);
#367 = CARTESIAN_POINT('',(6.1948600052,-28.7923204844));
#368 = VECTOR('',#369,1.);
#369 = DIRECTION('',(-0.6,0.8));
#370 = ( GEOMETRIC_REPRESENTATION_CONTEXT(2) 
PARAMETRIC_REPRESENTATION_CONTEXT() REPRESENTATION_CONTEXT('2D SPACE',''
  ) );
#371 = ORIENTED_EDGE('',*,*,#169,.F.);
#372 = ORIENTED_EDGE('',*,*,#373,.F.);
#373 = EDGE_CURVE('',#322,#170,#374,.T.);
#374 = SURFACE_CURVE('',#375,(#379,#386),.PCURVE_S1.);
#375 = LINE('',#376,#377);
#376 = CARTESIAN_POINT('',(-29.44160487017,19.677009090683,0.));
#377 = VECTOR('',#378,1.);
#378 = DIRECTION('',(0.6,-0.8,-0.));
#379 = PCURVE('',#187,#380);
#380 = DEFINITIONAL_REPRESENTATION('',(#381),#385);
#381 = LINE('',#382,#383);
#382 = CARTESIAN_POINT('',(0.,0.));
#383 = VECTOR('',#384,1.);
#384 = DIRECTION('',(1.,0.));
#385 = ( GEOMETRIC_REPRESENTATION_CONTEXT(2) 
PARAMETRIC_REPRESENTATION_CONTEXT() REPRESENTATION_CONTEXT('2D SPACE',''
  ) );
#386 = PCURVE('',#150,#387);
#387 = DEFINITIONAL_REPRESENTATION('',(#388),#392);
#388 = LINE('',#389,#390);
#389 = CARTESIAN_POINT('',(6.1948600052,-28.7923204844));
#390 = VECTOR('',#391,1.);
#391 = DIRECTION('',(-0.6,0.8));
#392 = ( GEOMETRIC_REPRESENTATION_CONTEXT(2) 
PARAMETRIC_REPRESENTATION_CONTEXT() REPRESENTATION_CONTEXT('2D SPACE',''
  ) );
#393 = ADVANCED_FACE('',(#394),#263,.T.);
#394 = FACE_BOUND('',#395,.T.);
#395 = EDGE_LOOP('',(#396,#397,#425,#453));
#396 = ORIENTED_EDGE('',*,*,#245,.T.);
#397 = ORIENTED_EDGE('',*,*,#398,.T.);
#398 = EDGE_CURVE('',#248,#399,#401,.T.);
#399 = VERTEX_POINT('',#400);
#400 = CARTESIAN_POINT('',(-33.87561096554,3.192542435248,0.6));
#401 = SURFACE_CURVE('',#402,(#407,#414),.PCURVE_S1.);
#402 = CIRCLE('',#403,6.718978713892);
#403 = AXIS2_PLACEMENT_3D('',#404,#405,#406);
#404 = CARTESIAN_POINT('',(-28.48175076818,7.198905764884,0.6));
#405 = DIRECTION('',(0.,-0.,-1.));
#406 = DIRECTION('',(-0.694988363756,-0.719020983173,0.));
#407 = PCURVE('',#263,#408);
#408 = DEFINITIONAL_REPRESENTATION('',(#409),#413);
#409 = LINE('',#410,#411);
#410 = CARTESIAN_POINT('',(0.,-0.6));
#411 = VECTOR('',#412,1.);
#412 = DIRECTION('',(1.,0.));
#413 = ( GEOMETRIC_REPRESENTATION_CONTEXT(2) 
PARAMETRIC_REPRESENTATION_CONTEXT() REPRESENTATION_CONTEXT('2D SPACE',''
  ) );
#414 = PCURVE('',#91,#415);
#415 = DEFINITIONAL_REPRESENTATION('',(#416),#424);
#416 = ( BOUNDED_CURVE() B_SPLINE_CURVE(2,(#417,#418,#419,#420,#421,#422
,#423),.UNSPECIFIED.,.T.,.F.) B_SPLINE_CURVE_WITH_KNOTS((1,2,2,2,2,1),(
    -2.094395102393,0.,2.094395102393,4.188790204786,6.28318530718,
8.377580409573),.UNSPECIFIED.) CURVE() GEOMETRIC_REPRESENTATION_ITEM() 
RATIONAL_B_SPLINE_CURVE((1.,0.5,1.,0.5,1.,0.5,1.)) REPRESENTATION_ITEM(
  '') );
#417 = CARTESIAN_POINT('',(9.904617925696,-11.48313047782));
#418 = CARTESIAN_POINT('',(18.272305512581,-19.57113575239));
#419 = CARTESIAN_POINT('',(7.084043685418,-22.77376313628));
#420 = CARTESIAN_POINT('',(-4.104218141745,-25.97639052017));
#421 = CARTESIAN_POINT('',(-1.283643901467,-14.68575786171));
#422 = CARTESIAN_POINT('',(1.536930338811,-3.395125203256));
#423 = CARTESIAN_POINT('',(9.904617925696,-11.48313047782));
#424 = ( GEOMETRIC_REPRESENTATION_CONTEXT(2) 
PARAMETRIC_REPRESENTATION_CONTEXT() REPRESENTATION_CONTEXT('2D SPACE',''
  ) );
#425 = ORIENTED_EDGE('',*,*,#426,.F.);
#426 = EDGE_CURVE('',#427,#399,#429,.T.);
#427 = VERTEX_POINT('',#428);
#428 = CARTESIAN_POINT('',(-33.87561096554,3.192542435248,0.));
#429 = SURFACE_CURVE('',#430,(#434,#441),.PCURVE_S1.);
#430 = LINE('',#431,#432);
#431 = CARTESIAN_POINT('',(-33.87561096554,3.192542435248,0.));
#432 = VECTOR('',#433,1.);
#433 = DIRECTION('',(0.,-0.,1.));
#434 = PCURVE('',#263,#435);
#435 = DEFINITIONAL_REPRESENTATION('',(#436),#440);
#436 = LINE('',#437,#438);
#437 = CARTESIAN_POINT('',(0.163538868849,0.));
#438 = VECTOR('',#439,1.);
#439 = DIRECTION('',(0.,-1.));
#440 = ( GEOMETRIC_REPRESENTATION_CONTEXT(2) 
PARAMETRIC_REPRESENTATION_CONTEXT() REPRESENTATION_CONTEXT('2D SPACE',''
  ) );
#441 = PCURVE('',#442,#447);
#442 = PLANE('',#443);
#443 = AXIS2_PLACEMENT_3D('',#444,#445,#446);
#444 = CARTESIAN_POINT('',(-38.08029178803,3.839416407938,0.));
#445 = DIRECTION('',(0.152057184254,0.988371697651,0.));
#446 = DIRECTION('',(0.988371697651,-0.152057184254,-0.));
#447 = DEFINITIONAL_REPRESENTATION('',(#448),#452);
#448 = LINE('',#449,#450);
#449 = CARTESIAN_POINT('',(4.254149357451,0.));
#450 = VECTOR('',#451,1.);
#451 = DIRECTION('',(0.,-1.));
#452 = ( GEOMETRIC_REPRESENTATION_CONTEXT(2) 
PARAMETRIC_REPRESENTATION_CONTEXT() REPRESENTATION_CONTEXT('2D SPACE',''
  ) );
#453 = ORIENTED_EDGE('',*,*,#454,.F.);
#454 = EDGE_CURVE('',#246,#427,#455,.T.);
#455 = SURFACE_CURVE('',#456,(#461,#468),.PCURVE_S1.);
#456 = CIRCLE('',#457,6.718978713892);
#457 = AXIS2_PLACEMENT_3D('',#458,#459,#460);
#458 = CARTESIAN_POINT('',(-28.48175076818,7.198905764884,0.));
#459 = DIRECTION('',(0.,-0.,-1.));
#460 = DIRECTION('',(-0.694988363756,-0.719020983173,0.));
#461 = PCURVE('',#263,#462);
#462 = DEFINITIONAL_REPRESENTATION('',(#463),#467);
#463 = LINE('',#464,#465);
#464 = CARTESIAN_POINT('',(0.,0.));
#465 = VECTOR('',#466,1.);
#466 = DIRECTION('',(1.,0.));
#467 = ( GEOMETRIC_REPRESENTATION_CONTEXT(2) 
PARAMETRIC_REPRESENTATION_CONTEXT() REPRESENTATION_CONTEXT('2D SPACE',''
  ) );
#468 = PCURVE('',#150,#469);
#469 = DEFINITIONAL_REPRESENTATION('',(#470),#478);
#470 = ( BOUNDED_CURVE() B_SPLINE_CURVE(2,(#471,#472,#473,#474,#475,#476
,#477),.UNSPECIFIED.,.T.,.F.) B_SPLINE_CURVE_WITH_KNOTS((1,2,2,2,2,1),(
    -2.094395102393,0.,2.094395102393,4.188790204786,6.28318530718,
8.377580409573),.UNSPECIFIED.) CURVE() GEOMETRIC_REPRESENTATION_ITEM() 
RATIONAL_B_SPLINE_CURVE((1.,0.5,1.,0.5,1.,0.5,1.)) REPRESENTATION_ITEM(
  '') );
#471 = CARTESIAN_POINT('',(9.904617925696,-11.48313047782));
#472 = CARTESIAN_POINT('',(18.272305512581,-19.57113575239));
#473 = CARTESIAN_POINT('',(7.084043685418,-22.77376313628));
#474 = CARTESIAN_POINT('',(-4.104218141745,-25.97639052017));
#475 = CARTESIAN_POINT('',(-1.283643901467,-14.68575786171));
#476 = CARTESIAN_POINT('',(1.536930338811,-3.395125203256));
#477 = CARTESIAN_POINT('',(9.904617925696,-11.48313047782));
#478 = ( GEOMETRIC_REPRESENTATION_CONTEXT(2) 
PARAMETRIC_REPRESENTATION_CONTEXT() REPRESENTATION_CONTEXT('2D SPACE',''
  ) );
#479 = ADVANCED_FACE('',(#480),#339,.T.);
#480 = FACE_BOUND('',#481,.T.);
#481 = EDGE_LOOP('',(#482,#512,#533,#534));
#482 = ORIENTED_EDGE('',*,*,#483,.T.);
#483 = EDGE_CURVE('',#484,#486,#488,.T.);
#484 = VERTEX_POINT('',#485);
#485 = CARTESIAN_POINT('',(-31.77952170787,13.052911383869,0.));
#486 = VERTEX_POINT('',#487);
#487 = CARTESIAN_POINT('',(-31.77952170787,13.052911383869,0.6));
#488 = SURFACE_CURVE('',#489,(#493,#500),.PCURVE_S1.);
#489 = LINE('',#490,#491);
#490 = CARTESIAN_POINT('',(-31.77952170787,13.052911383869,0.));
#491 = VECTOR('',#492,1.);
#492 = DIRECTION('',(0.,-0.,1.));
#493 = PCURVE('',#339,#494);
#494 = DEFINITIONAL_REPRESENTATION('',(#495),#499);
#495 = LINE('',#496,#497);
#496 = CARTESIAN_POINT('',(-3.350174657097E-15,-0.));
#497 = VECTOR('',#498,1.);
#498 = DIRECTION('',(0.,-1.));
#499 = ( GEOMETRIC_REPRESENTATION_CONTEXT(2) 
PARAMETRIC_REPRESENTATION_CONTEXT() REPRESENTATION_CONTEXT('2D SPACE',''
  ) );
#500 = PCURVE('',#501,#506);
#501 = CYLINDRICAL_SURFACE('',#502,6.718978713892);
#502 = AXIS2_PLACEMENT_3D('',#503,#504,#505);
#503 = CARTESIAN_POINT('',(-28.48175076818,7.198905764884,0.));
#504 = DIRECTION('',(0.,-0.,-1.));
#505 = DIRECTION('',(-0.694988363756,-0.719020983173,0.));
#506 = DEFINITIONAL_REPRESENTATION('',(#507),#511);
#507 = LINE('',#508,#509);
#508 = CARTESIAN_POINT('',(1.860164792285,0.));
#509 = VECTOR('',#510,1.);
#510 = DIRECTION('',(0.,-1.));
#511 = ( GEOMETRIC_REPRESENTATION_CONTEXT(2) 
PARAMETRIC_REPRESENTATION_CONTEXT() REPRESENTATION_CONTEXT('2D SPACE',''
  ) );
#512 = ORIENTED_EDGE('',*,*,#513,.T.);
#513 = EDGE_CURVE('',#486,#324,#514,.T.);
#514 = SURFACE_CURVE('',#515,(#519,#526),.PCURVE_S1.);
#515 = LINE('',#516,#517);
#516 = CARTESIAN_POINT('',(-32.32116717612,11.518249223814,0.6));
#517 = VECTOR('',#518,1.);
#518 = DIRECTION('',(0.332820117735,0.942990333583,-0.));
#519 = PCURVE('',#339,#520);
#520 = DEFINITIONAL_REPRESENTATION('',(#521),#525);
#521 = LINE('',#522,#523);
#522 = CARTESIAN_POINT('',(-1.627442090762,-0.6));
#523 = VECTOR('',#524,1.);
#524 = DIRECTION('',(1.,0.));
#525 = ( GEOMETRIC_REPRESENTATION_CONTEXT(2) 
PARAMETRIC_REPRESENTATION_CONTEXT() REPRESENTATION_CONTEXT('2D SPACE',''
  ) );
#526 = PCURVE('',#91,#527);
#527 = DEFINITIONAL_REPRESENTATION('',(#528),#532);
#528 = LINE('',#529,#530);
#529 = CARTESIAN_POINT('',(9.074422311154,-20.63356061754));
#530 = VECTOR('',#531,1.);
#531 = DIRECTION('',(-0.332820117735,-0.942990333583));
#532 = ( GEOMETRIC_REPRESENTATION_CONTEXT(2) 
PARAMETRIC_REPRESENTATION_CONTEXT() REPRESENTATION_CONTEXT('2D SPACE',''
  ) );
#533 = ORIENTED_EDGE('',*,*,#321,.F.);
#534 = ORIENTED_EDGE('',*,*,#535,.F.);
#535 = EDGE_CURVE('',#484,#322,#536,.T.);
#536 = SURFACE_CURVE('',#537,(#541,#548),.PCURVE_S1.);
#537 = LINE('',#538,#539);
#538 = CARTESIAN_POINT('',(-32.32116717612,11.518249223814,0.));
#539 = VECTOR('',#540,1.);
#540 = DIRECTION('',(0.332820117735,0.942990333583,-0.));
#541 = PCURVE('',#339,#542);
#542 = DEFINITIONAL_REPRESENTATION('',(#543),#547);
#543 = LINE('',#544,#545);
#544 = CARTESIAN_POINT('',(-1.627442090762,0.));
#545 = VECTOR('',#546,1.);
#546 = DIRECTION('',(1.,0.));
#547 = ( GEOMETRIC_REPRESENTATION_CONTEXT(2) 
PARAMETRIC_REPRESENTATION_CONTEXT() REPRESENTATION_CONTEXT('2D SPACE',''
  ) );
#548 = PCURVE('',#150,#549);
#549 = DEFINITIONAL_REPRESENTATION('',(#550),#554);
#550 = LINE('',#551,#552);
#551 = CARTESIAN_POINT('',(9.074422311154,-20.63356061754));
#552 = VECTOR('',#553,1.);
#553 = DIRECTION('',(-0.332820117735,-0.942990333583));
#554 = ( GEOMETRIC_REPRESENTATION_CONTEXT(2) 
PARAMETRIC_REPRESENTATION_CONTEXT() REPRESENTATION_CONTEXT('2D SPACE',''
  ) );
#555 = ADVANCED_FACE('',(#556),#442,.F.);
#556 = FACE_BOUND('',#557,.F.);
#557 = EDGE_LOOP('',(#558,#590,#611,#612));
#558 = ORIENTED_EDGE('',*,*,#559,.T.);
#559 = EDGE_CURVE('',#560,#562,#564,.T.);
#560 = VERTEX_POINT('',#561);
#561 = CARTESIAN_POINT('',(-38.08029178803,3.839416407938,0.));
#562 = VERTEX_POINT('',#563);
#563 = CARTESIAN_POINT('',(-38.08029178803,3.839416407938,0.6));
#564 = SURFACE_CURVE('',#565,(#569,#576),.PCURVE_S1.);
#565 = LINE('',#566,#567);
#566 = CARTESIAN_POINT('',(-38.08029178803,3.839416407938,0.));
#567 = VECTOR('',#568,1.);
#568 = DIRECTION('',(0.,-0.,1.));
#569 = PCURVE('',#442,#570);
#570 = DEFINITIONAL_REPRESENTATION('',(#571),#575);
#571 = LINE('',#572,#573);
#572 = CARTESIAN_POINT('',(0.,0.));
#573 = VECTOR('',#574,1.);
#574 = DIRECTION('',(0.,-1.));
#575 = ( GEOMETRIC_REPRESENTATION_CONTEXT(2) 
PARAMETRIC_REPRESENTATION_CONTEXT() REPRESENTATION_CONTEXT('2D SPACE',''
  ) );
#576 = PCURVE('',#577,#584);
#577 = SURFACE_OF_LINEAR_EXTRUSION('',#578,#582);
#578 = B_SPLINE_CURVE_WITH_KNOTS('',2,(#579,#580,#581),.UNSPECIFIED.,.F.
  ,.F.,(3,3),(0.,1.),.PIECEWISE_BEZIER_KNOTS.);
#579 = CARTESIAN_POINT('',(-39.520072941,8.158759866868,0.));
#580 = CARTESIAN_POINT('',(-40.95985409398,4.799270509923,0.));
#581 = CARTESIAN_POINT('',(-38.08029178803,3.839416407938,0.));
#582 = VECTOR('',#583,1.);
#583 = DIRECTION('',(-0.,0.,-1.));
#584 = DEFINITIONAL_REPRESENTATION('',(#585),#589);
#585 = LINE('',#586,#587);
#586 = CARTESIAN_POINT('',(1.,0.));
#587 = VECTOR('',#588,1.);
#588 = DIRECTION('',(0.,-1.));
#589 = ( GEOMETRIC_REPRESENTATION_CONTEXT(2) 
PARAMETRIC_REPRESENTATION_CONTEXT() REPRESENTATION_CONTEXT('2D SPACE',''
  ) );
#590 = ORIENTED_EDGE('',*,*,#591,.T.);
#591 = EDGE_CURVE('',#562,#399,#592,.T.);
#592 = SURFACE_CURVE('',#593,(#597,#604),.PCURVE_S1.);
#593 = LINE('',#594,#595);
#594 = CARTESIAN_POINT('',(-38.08029178803,3.839416407938,0.6));
#595 = VECTOR('',#596,1.);
#596 = DIRECTION('',(0.988371697651,-0.152057184254,-0.));
#597 = PCURVE('',#442,#598);
#598 = DEFINITIONAL_REPRESENTATION('',(#599),#603);
#599 = LINE('',#600,#601);
#600 = CARTESIAN_POINT('',(0.,-0.6));
#601 = VECTOR('',#602,1.);
#602 = DIRECTION('',(1.,0.));
#603 = ( GEOMETRIC_REPRESENTATION_CONTEXT(2) 
PARAMETRIC_REPRESENTATION_CONTEXT() REPRESENTATION_CONTEXT('2D SPACE',''
  ) );
#604 = PCURVE('',#91,#605);
#605 = DEFINITIONAL_REPRESENTATION('',(#606),#610);
#606 = LINE('',#607,#608);
#607 = CARTESIAN_POINT('',(14.833546923061,-12.95472780166));
#608 = VECTOR('',#609,1.);
#609 = DIRECTION('',(-0.988371697651,0.152057184254));
#610 = ( GEOMETRIC_REPRESENTATION_CONTEXT(2) 
PARAMETRIC_REPRESENTATION_CONTEXT() REPRESENTATION_CONTEXT('2D SPACE',''
  ) );
#611 = ORIENTED_EDGE('',*,*,#426,.F.);
#612 = ORIENTED_EDGE('',*,*,#613,.F.);
#613 = EDGE_CURVE('',#560,#427,#614,.T.);
#614 = SURFACE_CURVE('',#615,(#619,#626),.PCURVE_S1.);
#615 = LINE('',#616,#617);
#616 = CARTESIAN_POINT('',(-38.08029178803,3.839416407938,0.));
#617 = VECTOR('',#618,1.);
#618 = DIRECTION('',(0.988371697651,-0.152057184254,-0.));
#619 = PCURVE('',#442,#620);
#620 = DEFINITIONAL_REPRESENTATION('',(#621),#625);
#621 = LINE('',#622,#623);
#622 = CARTESIAN_POINT('',(0.,0.));
#623 = VECTOR('',#624,1.);
#624 = DIRECTION('',(1.,0.));
#625 = ( GEOMETRIC_REPRESENTATION_CONTEXT(2) 
PARAMETRIC_REPRESENTATION_CONTEXT() REPRESENTATION_CONTEXT('2D SPACE',''
  ) );
#626 = PCURVE('',#150,#627);
#627 = DEFINITIONAL_REPRESENTATION('',(#628),#632);
#628 = LINE('',#629,#630);
#629 = CARTESIAN_POINT('',(14.833546923061,-12.95472780166));
#630 = VECTOR('',#631,1.);
#631 = DIRECTION('',(-0.988371697651,0.152057184254));
#632 = ( GEOMETRIC_REPRESENTATION_CONTEXT(2) 
PARAMETRIC_REPRESENTATION_CONTEXT() REPRESENTATION_CONTEXT('2D SPACE',''
  ) );
#633 = ADVANCED_FACE('',(#634),#501,.T.);
#634 = FACE_BOUND('',#635,.T.);
#635 = EDGE_LOOP('',(#636,#666,#692,#693));
#636 = ORIENTED_EDGE('',*,*,#637,.T.);
#637 = EDGE_CURVE('',#638,#640,#642,.T.);
#638 = VERTEX_POINT('',#639);
#639 = CARTESIAN_POINT('',(-34.74643400145,9.627571848271,0.));
#640 = VERTEX_POINT('',#641);
#641 = CARTESIAN_POINT('',(-34.74643400145,9.627571848271,0.6));
#642 = SURFACE_CURVE('',#643,(#647,#654),.PCURVE_S1.);
#643 = LINE('',#644,#645);
#644 = CARTESIAN_POINT('',(-34.74643400145,9.627571848271,0.));
#645 = VECTOR('',#646,1.);
#646 = DIRECTION('',(0.,-0.,1.));
#647 = PCURVE('',#501,#648);
#648 = DEFINITIONAL_REPRESENTATION('',(#649),#653);
#649 = LINE('',#650,#651);
#650 = CARTESIAN_POINT('',(1.172229738002,0.));
#651 = VECTOR('',#652,1.);
#652 = DIRECTION('',(0.,-1.));
#653 = ( GEOMETRIC_REPRESENTATION_CONTEXT(2) 
PARAMETRIC_REPRESENTATION_CONTEXT() REPRESENTATION_CONTEXT('2D SPACE',''
  ) );
#654 = PCURVE('',#655,#660);
#655 = PLANE('',#656);
#656 = AXIS2_PLACEMENT_3D('',#657,#658,#659);
#657 = CARTESIAN_POINT('',(-34.74643400145,9.627571848271,0.));
#658 = DIRECTION('',(0.294085848838,-0.955779008722,-0.));
#659 = DIRECTION('',(-0.955779008722,-0.294085848838,0.));
#660 = DEFINITIONAL_REPRESENTATION('',(#661),#665);
#661 = LINE('',#662,#663);
#662 = CARTESIAN_POINT('',(0.,0.));
#663 = VECTOR('',#664,1.);
#664 = DIRECTION('',(0.,-1.));
#665 = ( GEOMETRIC_REPRESENTATION_CONTEXT(2) 
PARAMETRIC_REPRESENTATION_CONTEXT() REPRESENTATION_CONTEXT('2D SPACE',''
  ) );
#666 = ORIENTED_EDGE('',*,*,#667,.T.);
#667 = EDGE_CURVE('',#640,#486,#668,.T.);
#668 = SURFACE_CURVE('',#669,(#674,#681),.PCURVE_S1.);
#669 = CIRCLE('',#670,6.718978713892);
#670 = AXIS2_PLACEMENT_3D('',#671,#672,#673);
#671 = CARTESIAN_POINT('',(-28.48175076818,7.198905764884,0.6));
#672 = DIRECTION('',(0.,-0.,-1.));
#673 = DIRECTION('',(-0.694988363756,-0.719020983173,0.));
#674 = PCURVE('',#501,#675);
#675 = DEFINITIONAL_REPRESENTATION('',(#676),#680);
#676 = LINE('',#677,#678);
#677 = CARTESIAN_POINT('',(0.,-0.6));
#678 = VECTOR('',#679,1.);
#679 = DIRECTION('',(1.,0.));
#680 = ( GEOMETRIC_REPRESENTATION_CONTEXT(2) 
PARAMETRIC_REPRESENTATION_CONTEXT() REPRESENTATION_CONTEXT('2D SPACE',''
  ) );
#681 = PCURVE('',#91,#682);
#682 = DEFINITIONAL_REPRESENTATION('',(#683),#691);
#683 = ( BOUNDED_CURVE() B_SPLINE_CURVE(2,(#684,#685,#686,#687,#688,#689
,#690),.UNSPECIFIED.,.T.,.F.) B_SPLINE_CURVE_WITH_KNOTS((1,2,2,2,2,1),(
    -2.094395102393,0.,2.094395102393,4.188790204786,6.28318530718,
8.377580409573),.UNSPECIFIED.) CURVE() GEOMETRIC_REPRESENTATION_ITEM() 
RATIONAL_B_SPLINE_CURVE((1.,0.5,1.,0.5,1.,0.5,1.)) REPRESENTATION_ITEM(
  '') );
#684 = CARTESIAN_POINT('',(9.904617925696,-11.48313047782));
#685 = CARTESIAN_POINT('',(18.272305512581,-19.57113575239));
#686 = CARTESIAN_POINT('',(7.084043685418,-22.77376313628));
#687 = CARTESIAN_POINT('',(-4.104218141745,-25.97639052017));
#688 = CARTESIAN_POINT('',(-1.283643901467,-14.68575786171));
#689 = CARTESIAN_POINT('',(1.536930338811,-3.395125203256));
#690 = CARTESIAN_POINT('',(9.904617925696,-11.48313047782));
#691 = ( GEOMETRIC_REPRESENTATION_CONTEXT(2) 
PARAMETRIC_REPRESENTATION_CONTEXT() REPRESENTATION_CONTEXT('2D SPACE',''
  ) );
#692 = ORIENTED_EDGE('',*,*,#483,.F.);
#693 = ORIENTED_EDGE('',*,*,#694,.F.);
#694 = EDGE_CURVE('',#638,#484,#695,.T.);
#695 = SURFACE_CURVE('',#696,(#701,#708),.PCURVE_S1.);
#696 = CIRCLE('',#697,6.718978713892);
#697 = AXIS2_PLACEMENT_3D('',#698,#699,#700);
#698 = CARTESIAN_POINT('',(-28.48175076818,7.198905764884,0.));
#699 = DIRECTION('',(0.,-0.,-1.));
#700 = DIRECTION('',(-0.694988363756,-0.719020983173,0.));
#701 = PCURVE('',#501,#702);
#702 = DEFINITIONAL_REPRESENTATION('',(#703),#707);
#703 = LINE('',#704,#705);
#704 = CARTESIAN_POINT('',(0.,0.));
#705 = VECTOR('',#706,1.);
#706 = DIRECTION('',(1.,0.));
#707 = ( GEOMETRIC_REPRESENTATION_CONTEXT(2) 
PARAMETRIC_REPRESENTATION_CONTEXT() REPRESENTATION_CONTEXT('2D SPACE',''
  ) );
#708 = PCURVE('',#150,#709);
#709 = DEFINITIONAL_REPRESENTATION('',(#710),#718);
#710 = ( BOUNDED_CURVE() B_SPLINE_CURVE(2,(#711,#712,#713,#714,#715,#716
,#717),.UNSPECIFIED.,.T.,.F.) B_SPLINE_CURVE_WITH_KNOTS((1,2,2,2,2,1),(
    -2.094395102393,0.,2.094395102393,4.188790204786,6.28318530718,
8.377580409573),.UNSPECIFIED.) CURVE() GEOMETRIC_REPRESENTATION_ITEM() 
RATIONAL_B_SPLINE_CURVE((1.,0.5,1.,0.5,1.,0.5,1.)) REPRESENTATION_ITEM(
  '') );
#711 = CARTESIAN_POINT('',(9.904617925696,-11.48313047782));
#712 = CARTESIAN_POINT('',(18.272305512581,-19.57113575239));
#713 = CARTESIAN_POINT('',(7.084043685418,-22.77376313628));
#714 = CARTESIAN_POINT('',(-4.104218141745,-25.97639052017));
#715 = CARTESIAN_POINT('',(-1.283643901467,-14.68575786171));
#716 = CARTESIAN_POINT('',(1.536930338811,-3.395125203256));
#717 = CARTESIAN_POINT('',(9.904617925696,-11.48313047782));
#718 = ( GEOMETRIC_REPRESENTATION_CONTEXT(2) 
PARAMETRIC_REPRESENTATION_CONTEXT() REPRESENTATION_CONTEXT('2D SPACE',''
  ) );
#719 = ADVANCED_FACE('',(#720),#577,.F.);
#720 = FACE_BOUND('',#721,.F.);
#721 = EDGE_LOOP('',(#722,#747,#768,#769));
#722 = ORIENTED_EDGE('',*,*,#723,.T.);
#723 = EDGE_CURVE('',#724,#726,#728,.T.);
#724 = VERTEX_POINT('',#725);
#725 = CARTESIAN_POINT('',(-39.520072941,8.158759866868,0.));
#726 = VERTEX_POINT('',#727);
#727 = CARTESIAN_POINT('',(-39.520072941,8.158759866868,0.6));
#728 = SURFACE_CURVE('',#729,(#733,#740),.PCURVE_S1.);
#729 = LINE('',#730,#731);
#730 = CARTESIAN_POINT('',(-39.520072941,8.158759866868,0.));
#731 = VECTOR('',#732,1.);
#732 = DIRECTION('',(0.,-0.,1.));
#733 = PCURVE('',#577,#734);
#734 = DEFINITIONAL_REPRESENTATION('',(#735),#739);
#735 = LINE('',#736,#737);
#736 = CARTESIAN_POINT('',(0.,0.));
#737 = VECTOR('',#738,1.);
#738 = DIRECTION('',(0.,-1.));
#739 = ( GEOMETRIC_REPRESENTATION_CONTEXT(2) 
PARAMETRIC_REPRESENTATION_CONTEXT() REPRESENTATION_CONTEXT('2D SPACE',''
  ) );
#740 = PCURVE('',#655,#741);
#741 = DEFINITIONAL_REPRESENTATION('',(#742),#746);
#742 = LINE('',#743,#744);
#743 = CARTESIAN_POINT('',(4.994500711981,0.));
#744 = VECTOR('',#745,1.);
#745 = DIRECTION('',(0.,-1.));
#746 = ( GEOMETRIC_REPRESENTATION_CONTEXT(2) 
PARAMETRIC_REPRESENTATION_CONTEXT() REPRESENTATION_CONTEXT('2D SPACE',''
  ) );
#747 = ORIENTED_EDGE('',*,*,#748,.T.);
#748 = EDGE_CURVE('',#726,#562,#749,.T.);
#749 = SURFACE_CURVE('',#750,(#754,#761),.PCURVE_S1.);
#750 = B_SPLINE_CURVE_WITH_KNOTS('',2,(#751,#752,#753),.UNSPECIFIED.,.F.
  ,.F.,(3,3),(0.,1.),.PIECEWISE_BEZIER_KNOTS.);
#751 = CARTESIAN_POINT('',(-39.520072941,8.158759866868,0.6));
#752 = CARTESIAN_POINT('',(-40.95985409398,4.799270509923,0.6));
#753 = CARTESIAN_POINT('',(-38.08029178803,3.839416407938,0.6));
#754 = PCURVE('',#577,#755);
#755 = DEFINITIONAL_REPRESENTATION('',(#756),#760);
#756 = LINE('',#757,#758);
#757 = CARTESIAN_POINT('',(0.,-0.6));
#758 = VECTOR('',#759,1.);
#759 = DIRECTION('',(1.,0.));
#760 = ( GEOMETRIC_REPRESENTATION_CONTEXT(2) 
PARAMETRIC_REPRESENTATION_CONTEXT() REPRESENTATION_CONTEXT('2D SPACE',''
  ) );
#761 = PCURVE('',#91,#762);
#762 = DEFINITIONAL_REPRESENTATION('',(#763),#767);
#763 = B_SPLINE_CURVE_WITH_KNOTS('',2,(#764,#765,#766),.UNSPECIFIED.,.F.
  ,.F.,(3,3),(0.,1.),.PIECEWISE_BEZIER_KNOTS.);
#764 = CARTESIAN_POINT('',(16.273328076038,-17.27407126059));
#765 = CARTESIAN_POINT('',(17.713109229015,-13.91458190364));
#766 = CARTESIAN_POINT('',(14.833546923061,-12.95472780166));
#767 = ( GEOMETRIC_REPRESENTATION_CONTEXT(2) 
PARAMETRIC_REPRESENTATION_CONTEXT() REPRESENTATION_CONTEXT('2D SPACE',''
  ) );
#768 = ORIENTED_EDGE('',*,*,#559,.F.);
#769 = ORIENTED_EDGE('',*,*,#770,.F.);
#770 = EDGE_CURVE('',#724,#560,#771,.T.);
#771 = SURFACE_CURVE('',#772,(#776,#783),.PCURVE_S1.);
#772 = B_SPLINE_CURVE_WITH_KNOTS('',2,(#773,#774,#775),.UNSPECIFIED.,.F.
  ,.F.,(3,3),(0.,1.),.PIECEWISE_BEZIER_KNOTS.);
#773 = CARTESIAN_POINT('',(-39.520072941,8.158759866868,0.));
#774 = CARTESIAN_POINT('',(-40.95985409398,4.799270509923,0.));
#775 = CARTESIAN_POINT('',(-38.08029178803,3.839416407938,0.));
#776 = PCURVE('',#577,#777);
#777 = DEFINITIONAL_REPRESENTATION('',(#778),#782);
#778 = LINE('',#779,#780);
#779 = CARTESIAN_POINT('',(0.,0.));
#780 = VECTOR('',#781,1.);
#781 = DIRECTION('',(1.,0.));
#782 = ( GEOMETRIC_REPRESENTATION_CONTEXT(2) 
PARAMETRIC_REPRESENTATION_CONTEXT() REPRESENTATION_CONTEXT('2D SPACE',''
  ) );
#783 = PCURVE('',#150,#784);
#784 = DEFINITIONAL_REPRESENTATION('',(#785),#789);
#785 = B_SPLINE_CURVE_WITH_KNOTS('',2,(#786,#787,#788),.UNSPECIFIED.,.F.
  ,.F.,(3,3),(0.,1.),.PIECEWISE_BEZIER_KNOTS.);
#786 = CARTESIAN_POINT('',(16.273328076038,-17.27407126059));
#787 = CARTESIAN_POINT('',(17.713109229015,-13.91458190364));
#788 = CARTESIAN_POINT('',(14.833546923061,-12.95472780166));
#789 = ( GEOMETRIC_REPRESENTATION_CONTEXT(2) 
PARAMETRIC_REPRESENTATION_CONTEXT() REPRESENTATION_CONTEXT('2D SPACE',''
  ) );
#790 = ADVANCED_FACE('',(#791),#655,.F.);
#791 = FACE_BOUND('',#792,.F.);
#792 = EDGE_LOOP('',(#793,#794,#815,#816));
#793 = ORIENTED_EDGE('',*,*,#637,.T.);
#794 = ORIENTED_EDGE('',*,*,#795,.T.);
#795 = EDGE_CURVE('',#640,#726,#796,.T.);
#796 = SURFACE_CURVE('',#797,(#801,#808),.PCURVE_S1.);
#797 = LINE('',#798,#799);
#798 = CARTESIAN_POINT('',(-33.28102127811,10.078468070838,0.6));
#799 = VECTOR('',#800,1.);
#800 = DIRECTION('',(-0.955779008722,-0.294085848838,0.));
#801 = PCURVE('',#655,#802);
#802 = DEFINITIONAL_REPRESENTATION('',(#803),#807);
#803 = LINE('',#804,#805);
#804 = CARTESIAN_POINT('',(-1.533212918434,-0.6));
#805 = VECTOR('',#806,1.);
#806 = DIRECTION('',(1.,0.));
#807 = ( GEOMETRIC_REPRESENTATION_CONTEXT(2) 
PARAMETRIC_REPRESENTATION_CONTEXT() REPRESENTATION_CONTEXT('2D SPACE',''
  ) );
#808 = PCURVE('',#91,#809);
#809 = DEFINITIONAL_REPRESENTATION('',(#810),#814);
#810 = LINE('',#811,#812);
#811 = CARTESIAN_POINT('',(10.034276413138,-19.19377946456));
#812 = VECTOR('',#813,1.);
#813 = DIRECTION('',(0.955779008722,0.294085848838));
#814 = ( GEOMETRIC_REPRESENTATION_CONTEXT(2) 
PARAMETRIC_REPRESENTATION_CONTEXT() REPRESENTATION_CONTEXT('2D SPACE',''
  ) );
#815 = ORIENTED_EDGE('',*,*,#723,.F.);
#816 = ORIENTED_EDGE('',*,*,#817,.F.);
#817 = EDGE_CURVE('',#638,#724,#818,.T.);
#818 = SURFACE_CURVE('',#819,(#823,#830),.PCURVE_S1.);
#819 = LINE('',#820,#821);
#820 = CARTESIAN_POINT('',(-33.28102127811,10.078468070838,0.));
#821 = VECTOR('',#822,1.);
#822 = DIRECTION('',(-0.955779008722,-0.294085848838,0.));
#823 = PCURVE('',#655,#824);
#824 = DEFINITIONAL_REPRESENTATION('',(#825),#829);
#825 = LINE('',#826,#827);
#826 = CARTESIAN_POINT('',(-1.533212918434,0.));
#827 = VECTOR('',#828,1.);
#828 = DIRECTION('',(1.,0.));
#829 = ( GEOMETRIC_REPRESENTATION_CONTEXT(2) 
PARAMETRIC_REPRESENTATION_CONTEXT() REPRESENTATION_CONTEXT('2D SPACE',''
  ) );
#830 = PCURVE('',#150,#831);
#831 = DEFINITIONAL_REPRESENTATION('',(#832),#836);
#832 = LINE('',#833,#834);
#833 = CARTESIAN_POINT('',(10.034276413138,-19.19377946456));
#834 = VECTOR('',#835,1.);
#835 = DIRECTION('',(0.955779008722,0.294085848838));
#836 = ( GEOMETRIC_REPRESENTATION_CONTEXT(2) 
PARAMETRIC_REPRESENTATION_CONTEXT() REPRESENTATION_CONTEXT('2D SPACE',''
  ) );
#837 = ADVANCED_FACE('',(#838),#852,.F.);
#838 = FACE_BOUND('',#839,.F.);
#839 = EDGE_LOOP('',(#840,#870,#896,#897));
#840 = ORIENTED_EDGE('',*,*,#841,.T.);
#841 = EDGE_CURVE('',#842,#844,#846,.T.);
#842 = VERTEX_POINT('',#843);
#843 = CARTESIAN_POINT('',(-30.97737143334,9.118613968853,0.));
#844 = VERTEX_POINT('',#845);
#845 = CARTESIAN_POINT('',(-30.97737143334,9.118613968853,0.6));
#846 = SEAM_CURVE('',#847,(#851,#863),.PCURVE_S1.);
#847 = LINE('',#848,#849);
#848 = CARTESIAN_POINT('',(-30.97737143334,9.118613968853,0.));
#849 = VECTOR('',#850,1.);
#850 = DIRECTION('',(0.,-0.,1.));
#851 = PCURVE('',#852,#857);
#852 = CYLINDRICAL_SURFACE('',#853,0.863868691786);
#853 = AXIS2_PLACEMENT_3D('',#854,#855,#856);
#854 = CARTESIAN_POINT('',(-31.84124012513,9.118613968853,0.));
#855 = DIRECTION('',(-0.,0.,-1.));
#856 = DIRECTION('',(1.,-0.,-0.));
#857 = DEFINITIONAL_REPRESENTATION('',(#858),#862);
#858 = LINE('',#859,#860);
#859 = CARTESIAN_POINT('',(0.,0.));
#860 = VECTOR('',#861,1.);
#861 = DIRECTION('',(0.,-1.));
#862 = ( GEOMETRIC_REPRESENTATION_CONTEXT(2) 
PARAMETRIC_REPRESENTATION_CONTEXT() REPRESENTATION_CONTEXT('2D SPACE',''
  ) );
#863 = PCURVE('',#852,#864);
#864 = DEFINITIONAL_REPRESENTATION('',(#865),#869);
#865 = LINE('',#866,#867);
#866 = CARTESIAN_POINT('',(6.28318530718,0.));
#867 = VECTOR('',#868,1.);
#868 = DIRECTION('',(0.,-1.));
#869 = ( GEOMETRIC_REPRESENTATION_CONTEXT(2) 
PARAMETRIC_REPRESENTATION_CONTEXT() REPRESENTATION_CONTEXT('2D SPACE',''
  ) );
#870 = ORIENTED_EDGE('',*,*,#871,.T.);
#871 = EDGE_CURVE('',#844,#844,#872,.T.);
#872 = SURFACE_CURVE('',#873,(#878,#885),.PCURVE_S1.);
#873 = CIRCLE('',#874,0.863868691786);
#874 = AXIS2_PLACEMENT_3D('',#875,#876,#877);
#875 = CARTESIAN_POINT('',(-31.84124012513,9.118613968853,0.6));
#876 = DIRECTION('',(-0.,0.,-1.));
#877 = DIRECTION('',(1.,-0.,-0.));
#878 = PCURVE('',#852,#879);
#879 = DEFINITIONAL_REPRESENTATION('',(#880),#884);
#880 = LINE('',#881,#882);
#881 = CARTESIAN_POINT('',(0.,-0.6));
#882 = VECTOR('',#883,1.);
#883 = DIRECTION('',(1.,0.));
#884 = ( GEOMETRIC_REPRESENTATION_CONTEXT(2) 
PARAMETRIC_REPRESENTATION_CONTEXT() REPRESENTATION_CONTEXT('2D SPACE',''
  ) );
#885 = PCURVE('',#91,#886);
#886 = DEFINITIONAL_REPRESENTATION('',(#887),#895);
#887 = ( BOUNDED_CURVE() B_SPLINE_CURVE(2,(#888,#889,#890,#891,#892,#893
,#894),.UNSPECIFIED.,.T.,.F.) B_SPLINE_CURVE_WITH_KNOTS((1,2,2,2,2,1),(
    -2.094395102393,0.,2.094395102393,4.188790204786,6.28318530718,
8.377580409573),.UNSPECIFIED.) CURVE() GEOMETRIC_REPRESENTATION_ITEM() 
RATIONAL_B_SPLINE_CURVE((1.,0.5,1.,0.5,1.,0.5,1.)) REPRESENTATION_ITEM(
  '') );
#888 = CARTESIAN_POINT('',(7.730626568375,-18.23392536257));
#889 = CARTESIAN_POINT('',(7.730626568375,-16.73766089733));
#890 = CARTESIAN_POINT('',(9.026429606055,-17.48579312995));
#891 = CARTESIAN_POINT('',(10.322232643734,-18.23392536257));
#892 = CARTESIAN_POINT('',(9.026429606055,-18.98205759519));
#893 = CARTESIAN_POINT('',(7.730626568375,-19.73018982782));
#894 = CARTESIAN_POINT('',(7.730626568375,-18.23392536257));
#895 = ( GEOMETRIC_REPRESENTATION_CONTEXT(2) 
PARAMETRIC_REPRESENTATION_CONTEXT() REPRESENTATION_CONTEXT('2D SPACE',''
  ) );
#896 = ORIENTED_EDGE('',*,*,#841,.F.);
#897 = ORIENTED_EDGE('',*,*,#898,.F.);
#898 = EDGE_CURVE('',#842,#842,#899,.T.);
#899 = SURFACE_CURVE('',#900,(#905,#912),.PCURVE_S1.);
#900 = CIRCLE('',#901,0.863868691786);
#901 = AXIS2_PLACEMENT_3D('',#902,#903,#904);
#902 = CARTESIAN_POINT('',(-31.84124012513,9.118613968853,0.));
#903 = DIRECTION('',(-0.,0.,-1.));
#904 = DIRECTION('',(1.,-0.,-0.));
#905 = PCURVE('',#852,#906);
#906 = DEFINITIONAL_REPRESENTATION('',(#907),#911);
#907 = LINE('',#908,#909);
#908 = CARTESIAN_POINT('',(0.,0.));
#909 = VECTOR('',#910,1.);
#910 = DIRECTION('',(1.,0.));
#911 = ( GEOMETRIC_REPRESENTATION_CONTEXT(2) 
PARAMETRIC_REPRESENTATION_CONTEXT() REPRESENTATION_CONTEXT('2D SPACE',''
  ) );
#912 = PCURVE('',#150,#913);
#913 = DEFINITIONAL_REPRESENTATION('',(#914),#922);
#914 = ( BOUNDED_CURVE() B_SPLINE_CURVE(2,(#915,#916,#917,#918,#919,#920
,#921),.UNSPECIFIED.,.T.,.F.) B_SPLINE_CURVE_WITH_KNOTS((1,2,2,2,2,1),(
    -2.094395102393,0.,2.094395102393,4.188790204786,6.28318530718,
8.377580409573),.UNSPECIFIED.) CURVE() GEOMETRIC_REPRESENTATION_ITEM() 
RATIONAL_B_SPLINE_CURVE((1.,0.5,1.,0.5,1.,0.5,1.)) REPRESENTATION_ITEM(
  '') );
#915 = CARTESIAN_POINT('',(7.730626568375,-18.23392536257));
#916 = CARTESIAN_POINT('',(7.730626568375,-16.73766089733));
#917 = CARTESIAN_POINT('',(9.026429606055,-17.48579312995));
#918 = CARTESIAN_POINT('',(10.322232643734,-18.23392536257));
#919 = CARTESIAN_POINT('',(9.026429606055,-18.98205759519));
#920 = CARTESIAN_POINT('',(7.730626568375,-19.73018982782));
#921 = CARTESIAN_POINT('',(7.730626568375,-18.23392536257));
#922 = ( GEOMETRIC_REPRESENTATION_CONTEXT(2) 
PARAMETRIC_REPRESENTATION_CONTEXT() REPRESENTATION_CONTEXT('2D SPACE',''
  ) );
#923 = ADVANCED_FACE('',(#924,#936),#150,.F.);
#924 = FACE_BOUND('',#925,.T.);
#925 = EDGE_LOOP('',(#926,#927,#928,#929,#930,#931,#932,#933,#934,#935)
  );
#926 = ORIENTED_EDGE('',*,*,#135,.T.);
#927 = ORIENTED_EDGE('',*,*,#297,.F.);
#928 = ORIENTED_EDGE('',*,*,#454,.T.);
#929 = ORIENTED_EDGE('',*,*,#613,.F.);
#930 = ORIENTED_EDGE('',*,*,#770,.F.);
#931 = ORIENTED_EDGE('',*,*,#817,.F.);
#932 = ORIENTED_EDGE('',*,*,#694,.T.);
#933 = ORIENTED_EDGE('',*,*,#535,.T.);
#934 = ORIENTED_EDGE('',*,*,#373,.T.);
#935 = ORIENTED_EDGE('',*,*,#221,.T.);
#936 = FACE_BOUND('',#937,.T.);
#937 = EDGE_LOOP('',(#938));
#938 = ORIENTED_EDGE('',*,*,#898,.F.);
#939 = ADVANCED_FACE('',(#940,#952),#91,.T.);
#940 = FACE_BOUND('',#941,.F.);
#941 = EDGE_LOOP('',(#942,#943,#944,#945,#946,#947,#948,#949,#950,#951)
  );
#942 = ORIENTED_EDGE('',*,*,#74,.T.);
#943 = ORIENTED_EDGE('',*,*,#275,.F.);
#944 = ORIENTED_EDGE('',*,*,#398,.T.);
#945 = ORIENTED_EDGE('',*,*,#591,.F.);
#946 = ORIENTED_EDGE('',*,*,#748,.F.);
#947 = ORIENTED_EDGE('',*,*,#795,.F.);
#948 = ORIENTED_EDGE('',*,*,#667,.T.);
#949 = ORIENTED_EDGE('',*,*,#513,.T.);
#950 = ORIENTED_EDGE('',*,*,#351,.T.);
#951 = ORIENTED_EDGE('',*,*,#199,.T.);
#952 = FACE_BOUND('',#953,.F.);
#953 = EDGE_LOOP('',(#954));
#954 = ORIENTED_EDGE('',*,*,#871,.F.);
#955 = MANIFOLD_SOLID_BREP('',#956);
#956 = CLOSED_SHELL('',(#957,#1055,#1121,#1185,#1247,#1309,#1371,#1428,
    #1461,#1557,#1619,#1681,#1743,#1800,#1833,#1926,#1961,#2057,#2121,
    #2178,#2213,#2287));
#957 = ADVANCED_FACE('',(#958),#972,.F.);
#958 = FACE_BOUND('',#959,.F.);
#959 = EDGE_LOOP('',(#960,#997,#1013,#1041));
#960 = ORIENTED_EDGE('',*,*,#961,.T.);
#961 = EDGE_CURVE('',#962,#964,#966,.T.);
#962 = VERTEX_POINT('',#963);
#963 = CARTESIAN_POINT('',(-19.3136737301,3.542181592921,0.));
#964 = VERTEX_POINT('',#965);
#965 = CARTESIAN_POINT('',(-19.3136737301,3.542181592921,0.6));
#966 = SURFACE_CURVE('',#967,(#971,#985),.PCURVE_S1.);
#967 = LINE('',#968,#969);
#968 = CARTESIAN_POINT('',(-19.3136737301,3.542181592921,0.));
#969 = VECTOR('',#970,1.);
#970 = DIRECTION('',(0.,-0.,1.));
#971 = PCURVE('',#972,#979);
#972 = SURFACE_OF_LINEAR_EXTRUSION('',#973,#977);
#973 = B_SPLINE_CURVE_WITH_KNOTS('',2,(#974,#975,#976),.UNSPECIFIED.,.F.
  ,.F.,(3,3),(0.,1.),.PIECEWISE_BEZIER_KNOTS.);
#974 = CARTESIAN_POINT('',(-20.80291795231,4.31934345893,0.));
#975 = CARTESIAN_POINT('',(-10.72444988147,-0.479927050992,0.));
#976 = CARTESIAN_POINT('',(-10.72444988147,-11.9981762748,0.));
#977 = VECTOR('',#978,1.);
#978 = DIRECTION('',(-0.,0.,-1.));
#979 = DEFINITIONAL_REPRESENTATION('',(#980),#984);
#980 = LINE('',#981,#982);
#981 = CARTESIAN_POINT('',(7.683421816495E-02,0.));
#982 = VECTOR('',#983,1.);
#983 = DIRECTION('',(0.,-1.));
#984 = ( GEOMETRIC_REPRESENTATION_CONTEXT(2) 
PARAMETRIC_REPRESENTATION_CONTEXT() REPRESENTATION_CONTEXT('2D SPACE',''
  ) );
#985 = PCURVE('',#986,#991);
#986 = CYLINDRICAL_SURFACE('',#987,6.479015188396);
#987 = AXIS2_PLACEMENT_3D('',#988,#989,#990);
#988 = CARTESIAN_POINT('',(-13.60401218742,0.479927050992,0.));
#989 = DIRECTION('',(0.,0.,-1.));
#990 = DIRECTION('',(-1.,-7.017706032199E-16,-0.));
#991 = DEFINITIONAL_REPRESENTATION('',(#992),#996);
#992 = LINE('',#993,#994);
#993 = CARTESIAN_POINT('',(0.492286347781,0.));
#994 = VECTOR('',#995,1.);
#995 = DIRECTION('',(0.,-1.));
#996 = ( GEOMETRIC_REPRESENTATION_CONTEXT(2) 
PARAMETRIC_REPRESENTATION_CONTEXT() REPRESENTATION_CONTEXT('2D SPACE',''
  ) );
#997 = ORIENTED_EDGE('',*,*,#998,.T.);
#998 = EDGE_CURVE('',#964,#999,#1001,.T.);
#999 = VERTEX_POINT('',#1000);
#1000 = CARTESIAN_POINT('',(-18.64254880012,3.141865299985,0.6));
#1001 = SURFACE_CURVE('',#1002,(#1006),.PCURVE_S1.);
#1002 = B_SPLINE_CURVE_WITH_KNOTS('',2,(#1003,#1004,#1005),
  .UNSPECIFIED.,.F.,.F.,(3,3),(0.,1.),.PIECEWISE_BEZIER_KNOTS.);
#1003 = CARTESIAN_POINT('',(-20.80291795231,4.31934345893,0.6));
#1004 = CARTESIAN_POINT('',(-10.72444988147,-0.479927050992,0.6));
#1005 = CARTESIAN_POINT('',(-10.72444988147,-11.9981762748,0.6));
#1006 = PCURVE('',#972,#1007);
#1007 = DEFINITIONAL_REPRESENTATION('',(#1008),#1012);
#1008 = LINE('',#1009,#1010);
#1009 = CARTESIAN_POINT('',(0.,-0.6));
#1010 = VECTOR('',#1011,1.);
#1011 = DIRECTION('',(1.,0.));
#1012 = ( GEOMETRIC_REPRESENTATION_CONTEXT(2) 
PARAMETRIC_REPRESENTATION_CONTEXT() REPRESENTATION_CONTEXT('2D SPACE',''
  ) );
#1013 = ORIENTED_EDGE('',*,*,#1014,.F.);
#1014 = EDGE_CURVE('',#1015,#999,#1017,.T.);
#1015 = VERTEX_POINT('',#1016);
#1016 = CARTESIAN_POINT('',(-18.64254880012,3.141865299985,0.));
#1017 = SURFACE_CURVE('',#1018,(#1022,#1029),.PCURVE_S1.);
#1018 = LINE('',#1019,#1020);
#1019 = CARTESIAN_POINT('',(-18.64254880012,3.141865299985,0.));
#1020 = VECTOR('',#1021,1.);
#1021 = DIRECTION('',(0.,-0.,1.));
#1022 = PCURVE('',#972,#1023);
#1023 = DEFINITIONAL_REPRESENTATION('',(#1024),#1028);
#1024 = LINE('',#1025,#1026);
#1025 = CARTESIAN_POINT('',(0.113633774089,0.));
#1026 = VECTOR('',#1027,1.);
#1027 = DIRECTION('',(0.,-1.));
#1028 = ( GEOMETRIC_REPRESENTATION_CONTEXT(2) 
PARAMETRIC_REPRESENTATION_CONTEXT() REPRESENTATION_CONTEXT('2D SPACE',''
  ) );
#1029 = PCURVE('',#1030,#1035);
#1030 = PLANE('',#1031);
#1031 = AXIS2_PLACEMENT_3D('',#1032,#1033,#1034);
#1032 = CARTESIAN_POINT('',(-18.64254880012,3.141865299985,0.));
#1033 = DIRECTION('',(0.179270199583,-0.983799875758,-0.));
#1034 = DIRECTION('',(-0.983799875758,-0.179270199583,0.));
#1035 = DEFINITIONAL_REPRESENTATION('',(#1036),#1040);
#1036 = LINE('',#1037,#1038);
#1037 = CARTESIAN_POINT('',(0.,0.));
#1038 = VECTOR('',#1039,1.);
#1039 = DIRECTION('',(0.,-1.));
#1040 = ( GEOMETRIC_REPRESENTATION_CONTEXT(2) 
PARAMETRIC_REPRESENTATION_CONTEXT() REPRESENTATION_CONTEXT('2D SPACE',''
  ) );
#1041 = ORIENTED_EDGE('',*,*,#1042,.F.);
#1042 = EDGE_CURVE('',#962,#1015,#1043,.T.);
#1043 = SURFACE_CURVE('',#1044,(#1048),.PCURVE_S1.);
#1044 = B_SPLINE_CURVE_WITH_KNOTS('',2,(#1045,#1046,#1047),
  .UNSPECIFIED.,.F.,.F.,(3,3),(0.,1.),.PIECEWISE_BEZIER_KNOTS.);
#1045 = CARTESIAN_POINT('',(-20.80291795231,4.31934345893,0.));
#1046 = CARTESIAN_POINT('',(-10.72444988147,-0.479927050992,0.));
#1047 = CARTESIAN_POINT('',(-10.72444988147,-11.9981762748,0.));
#1048 = PCURVE('',#972,#1049);
#1049 = DEFINITIONAL_REPRESENTATION('',(#1050),#1054);
#1050 = LINE('',#1051,#1052);
#1051 = CARTESIAN_POINT('',(0.,0.));
#1052 = VECTOR('',#1053,1.);
#1053 = DIRECTION('',(1.,0.));
#1054 = ( GEOMETRIC_REPRESENTATION_CONTEXT(2) 
PARAMETRIC_REPRESENTATION_CONTEXT() REPRESENTATION_CONTEXT('2D SPACE',''
  ) );
#1055 = ADVANCED_FACE('',(#1056),#986,.T.);
#1056 = FACE_BOUND('',#1057,.T.);
#1057 = EDGE_LOOP('',(#1058,#1059,#1076,#1106));
#1058 = ORIENTED_EDGE('',*,*,#961,.T.);
#1059 = ORIENTED_EDGE('',*,*,#1060,.T.);
#1060 = EDGE_CURVE('',#964,#1061,#1063,.T.);
#1061 = VERTEX_POINT('',#1062);
#1062 = CARTESIAN_POINT('',(-11.63162896006,-5.691567275012,0.6));
#1063 = SURFACE_CURVE('',#1064,(#1069),.PCURVE_S1.);
#1064 = CIRCLE('',#1065,6.479015188396);
#1065 = AXIS2_PLACEMENT_3D('',#1066,#1067,#1068);
#1066 = CARTESIAN_POINT('',(-13.60401218742,0.479927050992,0.6));
#1067 = DIRECTION('',(0.,0.,-1.));
#1068 = DIRECTION('',(-1.,-7.017706032199E-16,-0.));
#1069 = PCURVE('',#986,#1070);
#1070 = DEFINITIONAL_REPRESENTATION('',(#1071),#1075);
#1071 = LINE('',#1072,#1073);
#1072 = CARTESIAN_POINT('',(0.,-0.6));
#1073 = VECTOR('',#1074,1.);
#1074 = DIRECTION('',(1.,0.));
#1075 = ( GEOMETRIC_REPRESENTATION_CONTEXT(2) 
PARAMETRIC_REPRESENTATION_CONTEXT() REPRESENTATION_CONTEXT('2D SPACE',''
  ) );
#1076 = ORIENTED_EDGE('',*,*,#1077,.F.);
#1077 = EDGE_CURVE('',#1078,#1061,#1080,.T.);
#1078 = VERTEX_POINT('',#1079);
#1079 = CARTESIAN_POINT('',(-11.63162896006,-5.691567275012,0.));
#1080 = SURFACE_CURVE('',#1081,(#1085,#1092),.PCURVE_S1.);
#1081 = LINE('',#1082,#1083);
#1082 = CARTESIAN_POINT('',(-11.63162896006,-5.691567275012,0.));
#1083 = VECTOR('',#1084,1.);
#1084 = DIRECTION('',(0.,-0.,1.));
#1085 = PCURVE('',#986,#1086);
#1086 = DEFINITIONAL_REPRESENTATION('',(#1087),#1091);
#1087 = LINE('',#1088,#1089);
#1088 = CARTESIAN_POINT('',(4.403052797957,0.));
#1089 = VECTOR('',#1090,1.);
#1090 = DIRECTION('',(0.,-1.));
#1091 = ( GEOMETRIC_REPRESENTATION_CONTEXT(2) 
PARAMETRIC_REPRESENTATION_CONTEXT() REPRESENTATION_CONTEXT('2D SPACE',''
  ) );
#1092 = PCURVE('',#1093,#1100);
#1093 = SURFACE_OF_LINEAR_EXTRUSION('',#1094,#1098);
#1094 = B_SPLINE_CURVE_WITH_KNOTS('',2,(#1095,#1096,#1097),
  .UNSPECIFIED.,.F.,.F.,(3,3),(0.,1.),.PIECEWISE_BEZIER_KNOTS.);
#1095 = CARTESIAN_POINT('',(-20.80291795231,4.31934345893,0.));
#1096 = CARTESIAN_POINT('',(-10.72444988147,-0.479927050992,0.));
#1097 = CARTESIAN_POINT('',(-10.72444988147,-11.9981762748,0.));
#1098 = VECTOR('',#1099,1.);
#1099 = DIRECTION('',(-0.,0.,-1.));
#1100 = DEFINITIONAL_REPRESENTATION('',(#1101),#1105);
#1101 = LINE('',#1102,#1103);
#1102 = CARTESIAN_POINT('',(0.699980660346,0.));
#1103 = VECTOR('',#1104,1.);
#1104 = DIRECTION('',(0.,-1.));
#1105 = ( GEOMETRIC_REPRESENTATION_CONTEXT(2) 
PARAMETRIC_REPRESENTATION_CONTEXT() REPRESENTATION_CONTEXT('2D SPACE',''
  ) );
#1106 = ORIENTED_EDGE('',*,*,#1107,.F.);
#1107 = EDGE_CURVE('',#962,#1078,#1108,.T.);
#1108 = SURFACE_CURVE('',#1109,(#1114),.PCURVE_S1.);
#1109 = CIRCLE('',#1110,6.479015188396);
#1110 = AXIS2_PLACEMENT_3D('',#1111,#1112,#1113);
#1111 = CARTESIAN_POINT('',(-13.60401218742,0.479927050992,0.));
#1112 = DIRECTION('',(0.,0.,-1.));
#1113 = DIRECTION('',(-1.,-7.017706032199E-16,-0.));
#1114 = PCURVE('',#986,#1115);
#1115 = DEFINITIONAL_REPRESENTATION('',(#1116),#1120);
#1116 = LINE('',#1117,#1118);
#1117 = CARTESIAN_POINT('',(0.,0.));
#1118 = VECTOR('',#1119,1.);
#1119 = DIRECTION('',(1.,0.));
#1120 = ( GEOMETRIC_REPRESENTATION_CONTEXT(2) 
PARAMETRIC_REPRESENTATION_CONTEXT() REPRESENTATION_CONTEXT('2D SPACE',''
  ) );
#1121 = ADVANCED_FACE('',(#1122),#1030,.F.);
#1122 = FACE_BOUND('',#1123,.F.);
#1123 = EDGE_LOOP('',(#1124,#1125,#1141,#1171));
#1124 = ORIENTED_EDGE('',*,*,#1014,.T.);
#1125 = ORIENTED_EDGE('',*,*,#1126,.T.);
#1126 = EDGE_CURVE('',#999,#1127,#1129,.T.);
#1127 = VERTEX_POINT('',#1128);
#1128 = CARTESIAN_POINT('',(-34.06504579773,0.331543624864,0.6));
#1129 = SURFACE_CURVE('',#1130,(#1134),.PCURVE_S1.);
#1130 = LINE('',#1131,#1132);
#1131 = CARTESIAN_POINT('',(-18.64254880012,3.141865299985,0.6));
#1132 = VECTOR('',#1133,1.);
#1133 = DIRECTION('',(-0.983799875758,-0.179270199583,0.));
#1134 = PCURVE('',#1030,#1135);
#1135 = DEFINITIONAL_REPRESENTATION('',(#1136),#1140);
#1136 = LINE('',#1137,#1138);
#1137 = CARTESIAN_POINT('',(0.,-0.6));
#1138 = VECTOR('',#1139,1.);
#1139 = DIRECTION('',(1.,0.));
#1140 = ( GEOMETRIC_REPRESENTATION_CONTEXT(2) 
PARAMETRIC_REPRESENTATION_CONTEXT() REPRESENTATION_CONTEXT('2D SPACE',''
  ) );
#1141 = ORIENTED_EDGE('',*,*,#1142,.F.);
#1142 = EDGE_CURVE('',#1143,#1127,#1145,.T.);
#1143 = VERTEX_POINT('',#1144);
#1144 = CARTESIAN_POINT('',(-34.06504579773,0.331543624864,0.));
#1145 = SURFACE_CURVE('',#1146,(#1150,#1157),.PCURVE_S1.);
#1146 = LINE('',#1147,#1148);
#1147 = CARTESIAN_POINT('',(-34.06504579773,0.331543624864,0.));
#1148 = VECTOR('',#1149,1.);
#1149 = DIRECTION('',(0.,-0.,1.));
#1150 = PCURVE('',#1030,#1151);
#1151 = DEFINITIONAL_REPRESENTATION('',(#1152),#1156);
#1152 = LINE('',#1153,#1154);
#1153 = CARTESIAN_POINT('',(15.67645755772,0.));
#1154 = VECTOR('',#1155,1.);
#1155 = DIRECTION('',(0.,-1.));
#1156 = ( GEOMETRIC_REPRESENTATION_CONTEXT(2) 
PARAMETRIC_REPRESENTATION_CONTEXT() REPRESENTATION_CONTEXT('2D SPACE',''
  ) );
#1157 = PCURVE('',#1158,#1165);
#1158 = SURFACE_OF_LINEAR_EXTRUSION('',#1159,#1163);
#1159 = B_SPLINE_CURVE_WITH_KNOTS('',2,(#1160,#1161,#1162),
  .UNSPECIFIED.,.F.,.F.,(3,3),(0.,1.),.PIECEWISE_BEZIER_KNOTS.);
#1160 = CARTESIAN_POINT('',(-34.24087538009,-1.439781152977,0.));
#1161 = CARTESIAN_POINT('',(-34.24087538009,4.31934345893,0.));
#1162 = CARTESIAN_POINT('',(-28.00182371719,4.31934345893,0.));
#1163 = VECTOR('',#1164,1.);
#1164 = DIRECTION('',(-0.,0.,-1.));
#1165 = DEFINITIONAL_REPRESENTATION('',(#1166),#1170);
#1166 = LINE('',#1167,#1168);
#1167 = CARTESIAN_POINT('',(0.167875253447,0.));
#1168 = VECTOR('',#1169,1.);
#1169 = DIRECTION('',(0.,-1.));
#1170 = ( GEOMETRIC_REPRESENTATION_CONTEXT(2) 
PARAMETRIC_REPRESENTATION_CONTEXT() REPRESENTATION_CONTEXT('2D SPACE',''
  ) );
#1171 = ORIENTED_EDGE('',*,*,#1172,.F.);
#1172 = EDGE_CURVE('',#1015,#1143,#1173,.T.);
#1173 = SURFACE_CURVE('',#1174,(#1178),.PCURVE_S1.);
#1174 = LINE('',#1175,#1176);
#1175 = CARTESIAN_POINT('',(-18.64254880012,3.141865299985,0.));
#1176 = VECTOR('',#1177,1.);
#1177 = DIRECTION('',(-0.983799875758,-0.179270199583,0.));
#1178 = PCURVE('',#1030,#1179);
#1179 = DEFINITIONAL_REPRESENTATION('',(#1180),#1184);
#1180 = LINE('',#1181,#1182);
#1181 = CARTESIAN_POINT('',(0.,0.));
#1182 = VECTOR('',#1183,1.);
#1183 = DIRECTION('',(1.,0.));
#1184 = ( GEOMETRIC_REPRESENTATION_CONTEXT(2) 
PARAMETRIC_REPRESENTATION_CONTEXT() REPRESENTATION_CONTEXT('2D SPACE',''
  ) );
#1185 = ADVANCED_FACE('',(#1186),#1093,.T.);
#1186 = FACE_BOUND('',#1187,.T.);
#1187 = EDGE_LOOP('',(#1188,#1189,#1205,#1233));
#1188 = ORIENTED_EDGE('',*,*,#1077,.T.);
#1189 = ORIENTED_EDGE('',*,*,#1190,.T.);
#1190 = EDGE_CURVE('',#1061,#1191,#1193,.T.);
#1191 = VERTEX_POINT('',#1192);
#1192 = CARTESIAN_POINT('',(-10.72444988147,-11.9981762748,0.6));
#1193 = SURFACE_CURVE('',#1194,(#1198),.PCURVE_S1.);
#1194 = B_SPLINE_CURVE_WITH_KNOTS('',2,(#1195,#1196,#1197),
  .UNSPECIFIED.,.F.,.F.,(3,3),(0.,1.),.PIECEWISE_BEZIER_KNOTS.);
#1195 = CARTESIAN_POINT('',(-20.80291795231,4.31934345893,0.6));
#1196 = CARTESIAN_POINT('',(-10.72444988147,-0.479927050992,0.6));
#1197 = CARTESIAN_POINT('',(-10.72444988147,-11.9981762748,0.6));
#1198 = PCURVE('',#1093,#1199);
#1199 = DEFINITIONAL_REPRESENTATION('',(#1200),#1204);
#1200 = LINE('',#1201,#1202);
#1201 = CARTESIAN_POINT('',(0.,-0.6));
#1202 = VECTOR('',#1203,1.);
#1203 = DIRECTION('',(1.,0.));
#1204 = ( GEOMETRIC_REPRESENTATION_CONTEXT(2) 
PARAMETRIC_REPRESENTATION_CONTEXT() REPRESENTATION_CONTEXT('2D SPACE',''
  ) );
#1205 = ORIENTED_EDGE('',*,*,#1206,.F.);
#1206 = EDGE_CURVE('',#1207,#1191,#1209,.T.);
#1207 = VERTEX_POINT('',#1208);
#1208 = CARTESIAN_POINT('',(-10.72444988147,-11.9981762748,0.));
#1209 = SURFACE_CURVE('',#1210,(#1214,#1221),.PCURVE_S1.);
#1210 = LINE('',#1211,#1212);
#1211 = CARTESIAN_POINT('',(-10.72444988147,-11.9981762748,0.));
#1212 = VECTOR('',#1213,1.);
#1213 = DIRECTION('',(0.,-0.,1.));
#1214 = PCURVE('',#1093,#1215);
#1215 = DEFINITIONAL_REPRESENTATION('',(#1216),#1220);
#1216 = LINE('',#1217,#1218);
#1217 = CARTESIAN_POINT('',(1.,0.));
#1218 = VECTOR('',#1219,1.);
#1219 = DIRECTION('',(0.,-1.));
#1220 = ( GEOMETRIC_REPRESENTATION_CONTEXT(2) 
PARAMETRIC_REPRESENTATION_CONTEXT() REPRESENTATION_CONTEXT('2D SPACE',''
  ) );
#1221 = PCURVE('',#1222,#1227);
#1222 = PLANE('',#1223);
#1223 = AXIS2_PLACEMENT_3D('',#1224,#1225,#1226);
#1224 = CARTESIAN_POINT('',(-10.72444988147,-11.9981762748,0.));
#1225 = DIRECTION('',(1.,0.,-0.));
#1226 = DIRECTION('',(0.,-1.,-0.));
#1227 = DEFINITIONAL_REPRESENTATION('',(#1228),#1232);
#1228 = LINE('',#1229,#1230);
#1229 = CARTESIAN_POINT('',(0.,0.));
#1230 = VECTOR('',#1231,1.);
#1231 = DIRECTION('',(0.,-1.));
#1232 = ( GEOMETRIC_REPRESENTATION_CONTEXT(2) 
PARAMETRIC_REPRESENTATION_CONTEXT() REPRESENTATION_CONTEXT('2D SPACE',''
  ) );
#1233 = ORIENTED_EDGE('',*,*,#1234,.F.);
#1234 = EDGE_CURVE('',#1078,#1207,#1235,.T.);
#1235 = SURFACE_CURVE('',#1236,(#1240),.PCURVE_S1.);
#1236 = B_SPLINE_CURVE_WITH_KNOTS('',2,(#1237,#1238,#1239),
  .UNSPECIFIED.,.F.,.F.,(3,3),(0.,1.),.PIECEWISE_BEZIER_KNOTS.);
#1237 = CARTESIAN_POINT('',(-20.80291795231,4.31934345893,0.));
#1238 = CARTESIAN_POINT('',(-10.72444988147,-0.479927050992,0.));
#1239 = CARTESIAN_POINT('',(-10.72444988147,-11.9981762748,0.));
#1240 = PCURVE('',#1093,#1241);
#1241 = DEFINITIONAL_REPRESENTATION('',(#1242),#1246);
#1242 = LINE('',#1243,#1244);
#1243 = CARTESIAN_POINT('',(0.,0.));
#1244 = VECTOR('',#1245,1.);
#1245 = DIRECTION('',(1.,0.));
#1246 = ( GEOMETRIC_REPRESENTATION_CONTEXT(2) 
PARAMETRIC_REPRESENTATION_CONTEXT() REPRESENTATION_CONTEXT('2D SPACE',''
  ) );
#1247 = ADVANCED_FACE('',(#1248),#1158,.T.);
#1248 = FACE_BOUND('',#1249,.T.);
#1249 = EDGE_LOOP('',(#1250,#1280,#1294,#1295));
#1250 = ORIENTED_EDGE('',*,*,#1251,.T.);
#1251 = EDGE_CURVE('',#1252,#1254,#1256,.T.);
#1252 = VERTEX_POINT('',#1253);
#1253 = CARTESIAN_POINT('',(-34.24087538009,-1.439781152977,0.));
#1254 = VERTEX_POINT('',#1255);
#1255 = CARTESIAN_POINT('',(-34.24087538009,-1.439781152977,0.6));
#1256 = SURFACE_CURVE('',#1257,(#1261,#1268),.PCURVE_S1.);
#1257 = LINE('',#1258,#1259);
#1258 = CARTESIAN_POINT('',(-34.24087538009,-1.439781152977,0.));
#1259 = VECTOR('',#1260,1.);
#1260 = DIRECTION('',(0.,-0.,1.));
#1261 = PCURVE('',#1158,#1262);
#1262 = DEFINITIONAL_REPRESENTATION('',(#1263),#1267);
#1263 = LINE('',#1264,#1265);
#1264 = CARTESIAN_POINT('',(0.,0.));
#1265 = VECTOR('',#1266,1.);
#1266 = DIRECTION('',(0.,-1.));
#1267 = ( GEOMETRIC_REPRESENTATION_CONTEXT(2) 
PARAMETRIC_REPRESENTATION_CONTEXT() REPRESENTATION_CONTEXT('2D SPACE',''
  ) );
#1268 = PCURVE('',#1269,#1274);
#1269 = PLANE('',#1270);
#1270 = AXIS2_PLACEMENT_3D('',#1271,#1272,#1273);
#1271 = CARTESIAN_POINT('',(-34.24087538009,-19.67700909068,0.));
#1272 = DIRECTION('',(-1.,0.,0.));
#1273 = DIRECTION('',(0.,1.,-0.));
#1274 = DEFINITIONAL_REPRESENTATION('',(#1275),#1279);
#1275 = LINE('',#1276,#1277);
#1276 = CARTESIAN_POINT('',(18.237227937706,0.));
#1277 = VECTOR('',#1278,1.);
#1278 = DIRECTION('',(0.,-1.));
#1279 = ( GEOMETRIC_REPRESENTATION_CONTEXT(2) 
PARAMETRIC_REPRESENTATION_CONTEXT() REPRESENTATION_CONTEXT('2D SPACE',''
  ) );
#1280 = ORIENTED_EDGE('',*,*,#1281,.T.);
#1281 = EDGE_CURVE('',#1254,#1127,#1282,.T.);
#1282 = SURFACE_CURVE('',#1283,(#1287),.PCURVE_S1.);
#1283 = B_SPLINE_CURVE_WITH_KNOTS('',2,(#1284,#1285,#1286),
  .UNSPECIFIED.,.F.,.F.,(3,3),(0.,1.),.PIECEWISE_BEZIER_KNOTS.);
#1284 = CARTESIAN_POINT('',(-34.24087538009,-1.439781152977,0.6));
#1285 = CARTESIAN_POINT('',(-34.24087538009,4.31934345893,0.6));
#1286 = CARTESIAN_POINT('',(-28.00182371719,4.31934345893,0.6));
#1287 = PCURVE('',#1158,#1288);
#1288 = DEFINITIONAL_REPRESENTATION('',(#1289),#1293);
#1289 = LINE('',#1290,#1291);
#1290 = CARTESIAN_POINT('',(0.,-0.6));
#1291 = VECTOR('',#1292,1.);
#1292 = DIRECTION('',(1.,0.));
#1293 = ( GEOMETRIC_REPRESENTATION_CONTEXT(2) 
PARAMETRIC_REPRESENTATION_CONTEXT() REPRESENTATION_CONTEXT('2D SPACE',''
  ) );
#1294 = ORIENTED_EDGE('',*,*,#1142,.F.);
#1295 = ORIENTED_EDGE('',*,*,#1296,.F.);
#1296 = EDGE_CURVE('',#1252,#1143,#1297,.T.);
#1297 = SURFACE_CURVE('',#1298,(#1302),.PCURVE_S1.);
#1298 = B_SPLINE_CURVE_WITH_KNOTS('',2,(#1299,#1300,#1301),
  .UNSPECIFIED.,.F.,.F.,(3,3),(0.,1.),.PIECEWISE_BEZIER_KNOTS.);
#1299 = CARTESIAN_POINT('',(-34.24087538009,-1.439781152977,0.));
#1300 = CARTESIAN_POINT('',(-34.24087538009,4.31934345893,0.));
#1301 = CARTESIAN_POINT('',(-28.00182371719,4.31934345893,0.));
#1302 = PCURVE('',#1158,#1303);
#1303 = DEFINITIONAL_REPRESENTATION('',(#1304),#1308);
#1304 = LINE('',#1305,#1306);
#1305 = CARTESIAN_POINT('',(0.,0.));
#1306 = VECTOR('',#1307,1.);
#1307 = DIRECTION('',(1.,0.));
#1308 = ( GEOMETRIC_REPRESENTATION_CONTEXT(2) 
PARAMETRIC_REPRESENTATION_CONTEXT() REPRESENTATION_CONTEXT('2D SPACE',''
  ) );
#1309 = ADVANCED_FACE('',(#1310),#1222,.T.);
#1310 = FACE_BOUND('',#1311,.T.);
#1311 = EDGE_LOOP('',(#1312,#1313,#1329,#1357));
#1312 = ORIENTED_EDGE('',*,*,#1206,.T.);
#1313 = ORIENTED_EDGE('',*,*,#1314,.T.);
#1314 = EDGE_CURVE('',#1191,#1315,#1317,.T.);
#1315 = VERTEX_POINT('',#1316);
#1316 = CARTESIAN_POINT('',(-10.72444988147,-19.67700909068,0.6));
#1317 = SURFACE_CURVE('',#1318,(#1322),.PCURVE_S1.);
#1318 = LINE('',#1319,#1320);
#1319 = CARTESIAN_POINT('',(-10.72444988147,-11.9981762748,0.6));
#1320 = VECTOR('',#1321,1.);
#1321 = DIRECTION('',(-0.,-1.,-0.));
#1322 = PCURVE('',#1222,#1323);
#1323 = DEFINITIONAL_REPRESENTATION('',(#1324),#1328);
#1324 = LINE('',#1325,#1326);
#1325 = CARTESIAN_POINT('',(0.,-0.6));
#1326 = VECTOR('',#1327,1.);
#1327 = DIRECTION('',(1.,0.));
#1328 = ( GEOMETRIC_REPRESENTATION_CONTEXT(2) 
PARAMETRIC_REPRESENTATION_CONTEXT() REPRESENTATION_CONTEXT('2D SPACE',''
  ) );
#1329 = ORIENTED_EDGE('',*,*,#1330,.F.);
#1330 = EDGE_CURVE('',#1331,#1315,#1333,.T.);
#1331 = VERTEX_POINT('',#1332);
#1332 = CARTESIAN_POINT('',(-10.72444988147,-19.67700909068,0.));
#1333 = SURFACE_CURVE('',#1334,(#1338,#1345),.PCURVE_S1.);
#1334 = LINE('',#1335,#1336);
#1335 = CARTESIAN_POINT('',(-10.72444988147,-19.67700909068,0.));
#1336 = VECTOR('',#1337,1.);
#1337 = DIRECTION('',(0.,-0.,1.));
#1338 = PCURVE('',#1222,#1339);
#1339 = DEFINITIONAL_REPRESENTATION('',(#1340),#1344);
#1340 = LINE('',#1341,#1342);
#1341 = CARTESIAN_POINT('',(7.678832815876,-0.));
#1342 = VECTOR('',#1343,1.);
#1343 = DIRECTION('',(0.,-1.));
#1344 = ( GEOMETRIC_REPRESENTATION_CONTEXT(2) 
PARAMETRIC_REPRESENTATION_CONTEXT() REPRESENTATION_CONTEXT('2D SPACE',''
  ) );
#1345 = PCURVE('',#1346,#1351);
#1346 = PLANE('',#1347);
#1347 = AXIS2_PLACEMENT_3D('',#1348,#1349,#1350);
#1348 = CARTESIAN_POINT('',(-10.72444988147,-19.67700909068,0.));
#1349 = DIRECTION('',(0.,-1.,-0.));
#1350 = DIRECTION('',(-1.,-0.,0.));
#1351 = DEFINITIONAL_REPRESENTATION('',(#1352),#1356);
#1352 = LINE('',#1353,#1354);
#1353 = CARTESIAN_POINT('',(0.,0.));
#1354 = VECTOR('',#1355,1.);
#1355 = DIRECTION('',(0.,-1.));
#1356 = ( GEOMETRIC_REPRESENTATION_CONTEXT(2) 
PARAMETRIC_REPRESENTATION_CONTEXT() REPRESENTATION_CONTEXT('2D SPACE',''
  ) );
#1357 = ORIENTED_EDGE('',*,*,#1358,.F.);
#1358 = EDGE_CURVE('',#1207,#1331,#1359,.T.);
#1359 = SURFACE_CURVE('',#1360,(#1364),.PCURVE_S1.);
#1360 = LINE('',#1361,#1362);
#1361 = CARTESIAN_POINT('',(-10.72444988147,-11.9981762748,0.));
#1362 = VECTOR('',#1363,1.);
#1363 = DIRECTION('',(-0.,-1.,-0.));
#1364 = PCURVE('',#1222,#1365);
#1365 = DEFINITIONAL_REPRESENTATION('',(#1366),#1370);
#1366 = LINE('',#1367,#1368);
#1367 = CARTESIAN_POINT('',(0.,0.));
#1368 = VECTOR('',#1369,1.);
#1369 = DIRECTION('',(1.,0.));
#1370 = ( GEOMETRIC_REPRESENTATION_CONTEXT(2) 
PARAMETRIC_REPRESENTATION_CONTEXT() REPRESENTATION_CONTEXT('2D SPACE',''
  ) );
#1371 = ADVANCED_FACE('',(#1372),#1269,.T.);
#1372 = FACE_BOUND('',#1373,.T.);
#1373 = EDGE_LOOP('',(#1374,#1399,#1413,#1414));
#1374 = ORIENTED_EDGE('',*,*,#1375,.T.);
#1375 = EDGE_CURVE('',#1376,#1378,#1380,.T.);
#1376 = VERTEX_POINT('',#1377);
#1377 = CARTESIAN_POINT('',(-34.24087538009,-19.67700909068,0.));
#1378 = VERTEX_POINT('',#1379);
#1379 = CARTESIAN_POINT('',(-34.24087538009,-19.67700909068,0.6));
#1380 = SURFACE_CURVE('',#1381,(#1385,#1392),.PCURVE_S1.);
#1381 = LINE('',#1382,#1383);
#1382 = CARTESIAN_POINT('',(-34.24087538009,-19.67700909068,0.));
#1383 = VECTOR('',#1384,1.);
#1384 = DIRECTION('',(0.,-0.,1.));
#1385 = PCURVE('',#1269,#1386);
#1386 = DEFINITIONAL_REPRESENTATION('',(#1387),#1391);
#1387 = LINE('',#1388,#1389);
#1388 = CARTESIAN_POINT('',(0.,0.));
#1389 = VECTOR('',#1390,1.);
#1390 = DIRECTION('',(0.,-1.));
#1391 = ( GEOMETRIC_REPRESENTATION_CONTEXT(2) 
PARAMETRIC_REPRESENTATION_CONTEXT() REPRESENTATION_CONTEXT('2D SPACE',''
  ) );
#1392 = PCURVE('',#1346,#1393);
#1393 = DEFINITIONAL_REPRESENTATION('',(#1394),#1398);
#1394 = LINE('',#1395,#1396);
#1395 = CARTESIAN_POINT('',(23.516425498621,0.));
#1396 = VECTOR('',#1397,1.);
#1397 = DIRECTION('',(0.,-1.));
#1398 = ( GEOMETRIC_REPRESENTATION_CONTEXT(2) 
PARAMETRIC_REPRESENTATION_CONTEXT() REPRESENTATION_CONTEXT('2D SPACE',''
  ) );
#1399 = ORIENTED_EDGE('',*,*,#1400,.T.);
#1400 = EDGE_CURVE('',#1378,#1254,#1401,.T.);
#1401 = SURFACE_CURVE('',#1402,(#1406),.PCURVE_S1.);
#1402 = LINE('',#1403,#1404);
#1403 = CARTESIAN_POINT('',(-34.24087538009,-19.67700909068,0.6));
#1404 = VECTOR('',#1405,1.);
#1405 = DIRECTION('',(-0.,1.,-0.));
#1406 = PCURVE('',#1269,#1407);
#1407 = DEFINITIONAL_REPRESENTATION('',(#1408),#1412);
#1408 = LINE('',#1409,#1410);
#1409 = CARTESIAN_POINT('',(0.,-0.6));
#1410 = VECTOR('',#1411,1.);
#1411 = DIRECTION('',(1.,0.));
#1412 = ( GEOMETRIC_REPRESENTATION_CONTEXT(2) 
PARAMETRIC_REPRESENTATION_CONTEXT() REPRESENTATION_CONTEXT('2D SPACE',''
  ) );
#1413 = ORIENTED_EDGE('',*,*,#1251,.F.);
#1414 = ORIENTED_EDGE('',*,*,#1415,.F.);
#1415 = EDGE_CURVE('',#1376,#1252,#1416,.T.);
#1416 = SURFACE_CURVE('',#1417,(#1421),.PCURVE_S1.);
#1417 = LINE('',#1418,#1419);
#1418 = CARTESIAN_POINT('',(-34.24087538009,-19.67700909068,0.));
#1419 = VECTOR('',#1420,1.);
#1420 = DIRECTION('',(-0.,1.,-0.));
#1421 = PCURVE('',#1269,#1422);
#1422 = DEFINITIONAL_REPRESENTATION('',(#1423),#1427);
#1423 = LINE('',#1424,#1425);
#1424 = CARTESIAN_POINT('',(0.,0.));
#1425 = VECTOR('',#1426,1.);
#1426 = DIRECTION('',(1.,0.));
#1427 = ( GEOMETRIC_REPRESENTATION_CONTEXT(2) 
PARAMETRIC_REPRESENTATION_CONTEXT() REPRESENTATION_CONTEXT('2D SPACE',''
  ) );
#1428 = ADVANCED_FACE('',(#1429),#1346,.T.);
#1429 = FACE_BOUND('',#1430,.T.);
#1430 = EDGE_LOOP('',(#1431,#1432,#1446,#1447));
#1431 = ORIENTED_EDGE('',*,*,#1330,.T.);
#1432 = ORIENTED_EDGE('',*,*,#1433,.T.);
#1433 = EDGE_CURVE('',#1315,#1378,#1434,.T.);
#1434 = SURFACE_CURVE('',#1435,(#1439),.PCURVE_S1.);
#1435 = LINE('',#1436,#1437);
#1436 = CARTESIAN_POINT('',(-10.72444988147,-19.67700909068,0.6));
#1437 = VECTOR('',#1438,1.);
#1438 = DIRECTION('',(-1.,-0.,0.));
#1439 = PCURVE('',#1346,#1440);
#1440 = DEFINITIONAL_REPRESENTATION('',(#1441),#1445);
#1441 = LINE('',#1442,#1443);
#1442 = CARTESIAN_POINT('',(0.,-0.6));
#1443 = VECTOR('',#1444,1.);
#1444 = DIRECTION('',(1.,0.));
#1445 = ( GEOMETRIC_REPRESENTATION_CONTEXT(2) 
PARAMETRIC_REPRESENTATION_CONTEXT() REPRESENTATION_CONTEXT('2D SPACE',''
  ) );
#1446 = ORIENTED_EDGE('',*,*,#1375,.F.);
#1447 = ORIENTED_EDGE('',*,*,#1448,.F.);
#1448 = EDGE_CURVE('',#1331,#1376,#1449,.T.);
#1449 = SURFACE_CURVE('',#1450,(#1454),.PCURVE_S1.);
#1450 = LINE('',#1451,#1452);
#1451 = CARTESIAN_POINT('',(-10.72444988147,-19.67700909068,0.));
#1452 = VECTOR('',#1453,1.);
#1453 = DIRECTION('',(-1.,-0.,0.));
#1454 = PCURVE('',#1346,#1455);
#1455 = DEFINITIONAL_REPRESENTATION('',(#1456),#1460);
#1456 = LINE('',#1457,#1458);
#1457 = CARTESIAN_POINT('',(0.,0.));
#1458 = VECTOR('',#1459,1.);
#1459 = DIRECTION('',(1.,0.));
#1460 = ( GEOMETRIC_REPRESENTATION_CONTEXT(2) 
PARAMETRIC_REPRESENTATION_CONTEXT() REPRESENTATION_CONTEXT('2D SPACE',''
  ) );
#1461 = ADVANCED_FACE('',(#1462),#1476,.F.);
#1462 = FACE_BOUND('',#1463,.F.);
#1463 = EDGE_LOOP('',(#1464,#1499,#1515,#1543));
#1464 = ORIENTED_EDGE('',*,*,#1465,.T.);
#1465 = EDGE_CURVE('',#1466,#1468,#1470,.T.);
#1466 = VERTEX_POINT('',#1467);
#1467 = CARTESIAN_POINT('',(-28.77210663403,-2.879562305954,0.));
#1468 = VERTEX_POINT('',#1469);
#1469 = CARTESIAN_POINT('',(-28.77210663403,-2.879562305954,0.6));
#1470 = SURFACE_CURVE('',#1471,(#1475,#1487),.PCURVE_S1.);
#1471 = LINE('',#1472,#1473);
#1472 = CARTESIAN_POINT('',(-28.77210663403,-2.879562305954,0.));
#1473 = VECTOR('',#1474,1.);
#1474 = DIRECTION('',(0.,-0.,1.));
#1475 = PCURVE('',#1476,#1481);
#1476 = PLANE('',#1477);
#1477 = AXIS2_PLACEMENT_3D('',#1478,#1479,#1480);
#1478 = CARTESIAN_POINT('',(-28.77210663403,-2.879562305954,0.));
#1479 = DIRECTION('',(0.500203519255,-0.865907869998,-0.));
#1480 = DIRECTION('',(-0.865907869998,-0.500203519255,0.));
#1481 = DEFINITIONAL_REPRESENTATION('',(#1482),#1486);
#1482 = LINE('',#1483,#1484);
#1483 = CARTESIAN_POINT('',(0.,0.));
#1484 = VECTOR('',#1485,1.);
#1485 = DIRECTION('',(0.,-1.));
#1486 = ( GEOMETRIC_REPRESENTATION_CONTEXT(2) 
PARAMETRIC_REPRESENTATION_CONTEXT() REPRESENTATION_CONTEXT('2D SPACE',''
  ) );
#1487 = PCURVE('',#1488,#1493);
#1488 = PLANE('',#1489);
#1489 = AXIS2_PLACEMENT_3D('',#1490,#1491,#1492);
#1490 = CARTESIAN_POINT('',(-28.77210663403,-0.719890576488,0.));
#1491 = DIRECTION('',(1.,0.,-0.));
#1492 = DIRECTION('',(0.,-1.,-0.));
#1493 = DEFINITIONAL_REPRESENTATION('',(#1494),#1498);
#1494 = LINE('',#1495,#1496);
#1495 = CARTESIAN_POINT('',(2.159671729465,-0.));
#1496 = VECTOR('',#1497,1.);
#1497 = DIRECTION('',(0.,-1.));
#1498 = ( GEOMETRIC_REPRESENTATION_CONTEXT(2) 
PARAMETRIC_REPRESENTATION_CONTEXT() REPRESENTATION_CONTEXT('2D SPACE',''
  ) );
#1499 = ORIENTED_EDGE('',*,*,#1500,.T.);
#1500 = EDGE_CURVE('',#1468,#1501,#1503,.T.);
#1501 = VERTEX_POINT('',#1502);
#1502 = CARTESIAN_POINT('',(-30.64142249765,-3.959398170686,0.6));
#1503 = SURFACE_CURVE('',#1504,(#1508),.PCURVE_S1.);
#1504 = LINE('',#1505,#1506);
#1505 = CARTESIAN_POINT('',(-28.77210663403,-2.879562305954,0.6));
#1506 = VECTOR('',#1507,1.);
#1507 = DIRECTION('',(-0.865907869998,-0.500203519255,0.));
#1508 = PCURVE('',#1476,#1509);
#1509 = DEFINITIONAL_REPRESENTATION('',(#1510),#1514);
#1510 = LINE('',#1511,#1512);
#1511 = CARTESIAN_POINT('',(0.,-0.6));
#1512 = VECTOR('',#1513,1.);
#1513 = DIRECTION('',(1.,0.));
#1514 = ( GEOMETRIC_REPRESENTATION_CONTEXT(2) 
PARAMETRIC_REPRESENTATION_CONTEXT() REPRESENTATION_CONTEXT('2D SPACE',''
  ) );
#1515 = ORIENTED_EDGE('',*,*,#1516,.F.);
#1516 = EDGE_CURVE('',#1517,#1501,#1519,.T.);
#1517 = VERTEX_POINT('',#1518);
#1518 = CARTESIAN_POINT('',(-30.64142249765,-3.959398170686,0.));
#1519 = SURFACE_CURVE('',#1520,(#1524,#1531),.PCURVE_S1.);
#1520 = LINE('',#1521,#1522);
#1521 = CARTESIAN_POINT('',(-30.64142249765,-3.959398170686,0.));
#1522 = VECTOR('',#1523,1.);
#1523 = DIRECTION('',(0.,-0.,1.));
#1524 = PCURVE('',#1476,#1525);
#1525 = DEFINITIONAL_REPRESENTATION('',(#1526),#1530);
#1526 = LINE('',#1527,#1528);
#1527 = CARTESIAN_POINT('',(2.158793017574,0.));
#1528 = VECTOR('',#1529,1.);
#1529 = DIRECTION('',(0.,-1.));
#1530 = ( GEOMETRIC_REPRESENTATION_CONTEXT(2) 
PARAMETRIC_REPRESENTATION_CONTEXT() REPRESENTATION_CONTEXT('2D SPACE',''
  ) );
#1531 = PCURVE('',#1532,#1537);
#1532 = PLANE('',#1533);
#1533 = AXIS2_PLACEMENT_3D('',#1534,#1535,#1536);
#1534 = CARTESIAN_POINT('',(-30.64142249765,-3.959398170686,0.));
#1535 = DIRECTION('',(-0.500203519255,-0.865907869998,0.));
#1536 = DIRECTION('',(-0.865907869998,0.500203519255,0.));
#1537 = DEFINITIONAL_REPRESENTATION('',(#1538),#1542);
#1538 = LINE('',#1539,#1540);
#1539 = CARTESIAN_POINT('',(0.,0.));
#1540 = VECTOR('',#1541,1.);
#1541 = DIRECTION('',(0.,-1.));
#1542 = ( GEOMETRIC_REPRESENTATION_CONTEXT(2) 
PARAMETRIC_REPRESENTATION_CONTEXT() REPRESENTATION_CONTEXT('2D SPACE',''
  ) );
#1543 = ORIENTED_EDGE('',*,*,#1544,.F.);
#1544 = EDGE_CURVE('',#1466,#1517,#1545,.T.);
#1545 = SURFACE_CURVE('',#1546,(#1550),.PCURVE_S1.);
#1546 = LINE('',#1547,#1548);
#1547 = CARTESIAN_POINT('',(-28.77210663403,-2.879562305954,0.));
#1548 = VECTOR('',#1549,1.);
#1549 = DIRECTION('',(-0.865907869998,-0.500203519255,0.));
#1550 = PCURVE('',#1476,#1551);
#1551 = DEFINITIONAL_REPRESENTATION('',(#1552),#1556);
#1552 = LINE('',#1553,#1554);
#1553 = CARTESIAN_POINT('',(0.,0.));
#1554 = VECTOR('',#1555,1.);
#1555 = DIRECTION('',(1.,0.));
#1556 = ( GEOMETRIC_REPRESENTATION_CONTEXT(2) 
PARAMETRIC_REPRESENTATION_CONTEXT() REPRESENTATION_CONTEXT('2D SPACE',''
  ) );
#1557 = ADVANCED_FACE('',(#1558),#1532,.F.);
#1558 = FACE_BOUND('',#1559,.F.);
#1559 = EDGE_LOOP('',(#1560,#1561,#1577,#1605));
#1560 = ORIENTED_EDGE('',*,*,#1516,.T.);
#1561 = ORIENTED_EDGE('',*,*,#1562,.T.);
#1562 = EDGE_CURVE('',#1501,#1563,#1565,.T.);
#1563 = VERTEX_POINT('',#1564);
#1564 = CARTESIAN_POINT('',(-32.51073836126,-2.879562305954,0.6));
#1565 = SURFACE_CURVE('',#1566,(#1570),.PCURVE_S1.);
#1566 = LINE('',#1567,#1568);
#1567 = CARTESIAN_POINT('',(-30.64142249765,-3.959398170686,0.6));
#1568 = VECTOR('',#1569,1.);
#1569 = DIRECTION('',(-0.865907869998,0.500203519255,-0.));
#1570 = PCURVE('',#1532,#1571);
#1571 = DEFINITIONAL_REPRESENTATION('',(#1572),#1576);
#1572 = LINE('',#1573,#1574);
#1573 = CARTESIAN_POINT('',(0.,-0.6));
#1574 = VECTOR('',#1575,1.);
#1575 = DIRECTION('',(1.,0.));
#1576 = ( GEOMETRIC_REPRESENTATION_CONTEXT(2) 
PARAMETRIC_REPRESENTATION_CONTEXT() REPRESENTATION_CONTEXT('2D SPACE',''
  ) );
#1577 = ORIENTED_EDGE('',*,*,#1578,.F.);
#1578 = EDGE_CURVE('',#1579,#1563,#1581,.T.);
#1579 = VERTEX_POINT('',#1580);
#1580 = CARTESIAN_POINT('',(-32.51073836126,-2.879562305954,0.));
#1581 = SURFACE_CURVE('',#1582,(#1586,#1593),.PCURVE_S1.);
#1582 = LINE('',#1583,#1584);
#1583 = CARTESIAN_POINT('',(-32.51073836126,-2.879562305954,0.));
#1584 = VECTOR('',#1585,1.);
#1585 = DIRECTION('',(0.,-0.,1.));
#1586 = PCURVE('',#1532,#1587);
#1587 = DEFINITIONAL_REPRESENTATION('',(#1588),#1592);
#1588 = LINE('',#1589,#1590);
#1589 = CARTESIAN_POINT('',(2.158793017574,0.));
#1590 = VECTOR('',#1591,1.);
#1591 = DIRECTION('',(0.,-1.));
#1592 = ( GEOMETRIC_REPRESENTATION_CONTEXT(2) 
PARAMETRIC_REPRESENTATION_CONTEXT() REPRESENTATION_CONTEXT('2D SPACE',''
  ) );
#1593 = PCURVE('',#1594,#1599);
#1594 = PLANE('',#1595);
#1595 = AXIS2_PLACEMENT_3D('',#1596,#1597,#1598);
#1596 = CARTESIAN_POINT('',(-32.51073836126,-2.879562305954,0.));
#1597 = DIRECTION('',(-1.,0.,0.));
#1598 = DIRECTION('',(0.,1.,-0.));
#1599 = DEFINITIONAL_REPRESENTATION('',(#1600),#1604);
#1600 = LINE('',#1601,#1602);
#1601 = CARTESIAN_POINT('',(0.,0.));
#1602 = VECTOR('',#1603,1.);
#1603 = DIRECTION('',(0.,-1.));
#1604 = ( GEOMETRIC_REPRESENTATION_CONTEXT(2) 
PARAMETRIC_REPRESENTATION_CONTEXT() REPRESENTATION_CONTEXT('2D SPACE',''
  ) );
#1605 = ORIENTED_EDGE('',*,*,#1606,.F.);
#1606 = EDGE_CURVE('',#1517,#1579,#1607,.T.);
#1607 = SURFACE_CURVE('',#1608,(#1612),.PCURVE_S1.);
#1608 = LINE('',#1609,#1610);
#1609 = CARTESIAN_POINT('',(-30.64142249765,-3.959398170686,0.));
#1610 = VECTOR('',#1611,1.);
#1611 = DIRECTION('',(-0.865907869998,0.500203519255,-0.));
#1612 = PCURVE('',#1532,#1613);
#1613 = DEFINITIONAL_REPRESENTATION('',(#1614),#1618);
#1614 = LINE('',#1615,#1616);
#1615 = CARTESIAN_POINT('',(0.,0.));
#1616 = VECTOR('',#1617,1.);
#1617 = DIRECTION('',(1.,0.));
#1618 = ( GEOMETRIC_REPRESENTATION_CONTEXT(2) 
PARAMETRIC_REPRESENTATION_CONTEXT() REPRESENTATION_CONTEXT('2D SPACE',''
  ) );
#1619 = ADVANCED_FACE('',(#1620),#1594,.F.);
#1620 = FACE_BOUND('',#1621,.F.);
#1621 = EDGE_LOOP('',(#1622,#1623,#1639,#1667));
#1622 = ORIENTED_EDGE('',*,*,#1578,.T.);
#1623 = ORIENTED_EDGE('',*,*,#1624,.T.);
#1624 = EDGE_CURVE('',#1563,#1625,#1627,.T.);
#1625 = VERTEX_POINT('',#1626);
#1626 = CARTESIAN_POINT('',(-32.51073836126,-0.719890576488,0.6));
#1627 = SURFACE_CURVE('',#1628,(#1632),.PCURVE_S1.);
#1628 = LINE('',#1629,#1630);
#1629 = CARTESIAN_POINT('',(-32.51073836126,-2.879562305954,0.6));
#1630 = VECTOR('',#1631,1.);
#1631 = DIRECTION('',(-0.,1.,-0.));
#1632 = PCURVE('',#1594,#1633);
#1633 = DEFINITIONAL_REPRESENTATION('',(#1634),#1638);
#1634 = LINE('',#1635,#1636);
#1635 = CARTESIAN_POINT('',(0.,-0.6));
#1636 = VECTOR('',#1637,1.);
#1637 = DIRECTION('',(1.,0.));
#1638 = ( GEOMETRIC_REPRESENTATION_CONTEXT(2) 
PARAMETRIC_REPRESENTATION_CONTEXT() REPRESENTATION_CONTEXT('2D SPACE',''
  ) );
#1639 = ORIENTED_EDGE('',*,*,#1640,.F.);
#1640 = EDGE_CURVE('',#1641,#1625,#1643,.T.);
#1641 = VERTEX_POINT('',#1642);
#1642 = CARTESIAN_POINT('',(-32.51073836126,-0.719890576488,0.));
#1643 = SURFACE_CURVE('',#1644,(#1648,#1655),.PCURVE_S1.);
#1644 = LINE('',#1645,#1646);
#1645 = CARTESIAN_POINT('',(-32.51073836126,-0.719890576488,0.));
#1646 = VECTOR('',#1647,1.);
#1647 = DIRECTION('',(0.,-0.,1.));
#1648 = PCURVE('',#1594,#1649);
#1649 = DEFINITIONAL_REPRESENTATION('',(#1650),#1654);
#1650 = LINE('',#1651,#1652);
#1651 = CARTESIAN_POINT('',(2.159671729465,0.));
#1652 = VECTOR('',#1653,1.);
#1653 = DIRECTION('',(0.,-1.));
#1654 = ( GEOMETRIC_REPRESENTATION_CONTEXT(2) 
PARAMETRIC_REPRESENTATION_CONTEXT() REPRESENTATION_CONTEXT('2D SPACE',''
  ) );
#1655 = PCURVE('',#1656,#1661);
#1656 = PLANE('',#1657);
#1657 = AXIS2_PLACEMENT_3D('',#1658,#1659,#1660);
#1658 = CARTESIAN_POINT('',(-32.51073836126,-0.719890576488,0.));
#1659 = DIRECTION('',(-0.500203519255,0.865907869998,0.));
#1660 = DIRECTION('',(0.865907869998,0.500203519255,-0.));
#1661 = DEFINITIONAL_REPRESENTATION('',(#1662),#1666);
#1662 = LINE('',#1663,#1664);
#1663 = CARTESIAN_POINT('',(0.,0.));
#1664 = VECTOR('',#1665,1.);
#1665 = DIRECTION('',(0.,-1.));
#1666 = ( GEOMETRIC_REPRESENTATION_CONTEXT(2) 
PARAMETRIC_REPRESENTATION_CONTEXT() REPRESENTATION_CONTEXT('2D SPACE',''
  ) );
#1667 = ORIENTED_EDGE('',*,*,#1668,.F.);
#1668 = EDGE_CURVE('',#1579,#1641,#1669,.T.);
#1669 = SURFACE_CURVE('',#1670,(#1674),.PCURVE_S1.);
#1670 = LINE('',#1671,#1672);
#1671 = CARTESIAN_POINT('',(-32.51073836126,-2.879562305954,0.));
#1672 = VECTOR('',#1673,1.);
#1673 = DIRECTION('',(-0.,1.,-0.));
#1674 = PCURVE('',#1594,#1675);
#1675 = DEFINITIONAL_REPRESENTATION('',(#1676),#1680);
#1676 = LINE('',#1677,#1678);
#1677 = CARTESIAN_POINT('',(0.,0.));
#1678 = VECTOR('',#1679,1.);
#1679 = DIRECTION('',(1.,0.));
#1680 = ( GEOMETRIC_REPRESENTATION_CONTEXT(2) 
PARAMETRIC_REPRESENTATION_CONTEXT() REPRESENTATION_CONTEXT('2D SPACE',''
  ) );
#1681 = ADVANCED_FACE('',(#1682),#1656,.F.);
#1682 = FACE_BOUND('',#1683,.F.);
#1683 = EDGE_LOOP('',(#1684,#1685,#1701,#1729));
#1684 = ORIENTED_EDGE('',*,*,#1640,.T.);
#1685 = ORIENTED_EDGE('',*,*,#1686,.T.);
#1686 = EDGE_CURVE('',#1625,#1687,#1689,.T.);
#1687 = VERTEX_POINT('',#1688);
#1688 = CARTESIAN_POINT('',(-30.64142249765,0.359945288244,0.6));
#1689 = SURFACE_CURVE('',#1690,(#1694),.PCURVE_S1.);
#1690 = LINE('',#1691,#1692);
#1691 = CARTESIAN_POINT('',(-32.51073836126,-0.719890576488,0.6));
#1692 = VECTOR('',#1693,1.);
#1693 = DIRECTION('',(0.865907869998,0.500203519255,-0.));
#1694 = PCURVE('',#1656,#1695);
#1695 = DEFINITIONAL_REPRESENTATION('',(#1696),#1700);
#1696 = LINE('',#1697,#1698);
#1697 = CARTESIAN_POINT('',(0.,-0.6));
#1698 = VECTOR('',#1699,1.);
#1699 = DIRECTION('',(1.,0.));
#1700 = ( GEOMETRIC_REPRESENTATION_CONTEXT(2) 
PARAMETRIC_REPRESENTATION_CONTEXT() REPRESENTATION_CONTEXT('2D SPACE',''
  ) );
#1701 = ORIENTED_EDGE('',*,*,#1702,.F.);
#1702 = EDGE_CURVE('',#1703,#1687,#1705,.T.);
#1703 = VERTEX_POINT('',#1704);
#1704 = CARTESIAN_POINT('',(-30.64142249765,0.359945288244,0.));
#1705 = SURFACE_CURVE('',#1706,(#1710,#1717),.PCURVE_S1.);
#1706 = LINE('',#1707,#1708);
#1707 = CARTESIAN_POINT('',(-30.64142249765,0.359945288244,0.));
#1708 = VECTOR('',#1709,1.);
#1709 = DIRECTION('',(0.,-0.,1.));
#1710 = PCURVE('',#1656,#1711);
#1711 = DEFINITIONAL_REPRESENTATION('',(#1712),#1716);
#1712 = LINE('',#1713,#1714);
#1713 = CARTESIAN_POINT('',(2.158793017574,0.));
#1714 = VECTOR('',#1715,1.);
#1715 = DIRECTION('',(0.,-1.));
#1716 = ( GEOMETRIC_REPRESENTATION_CONTEXT(2) 
PARAMETRIC_REPRESENTATION_CONTEXT() REPRESENTATION_CONTEXT('2D SPACE',''
  ) );
#1717 = PCURVE('',#1718,#1723);
#1718 = PLANE('',#1719);
#1719 = AXIS2_PLACEMENT_3D('',#1720,#1721,#1722);
#1720 = CARTESIAN_POINT('',(-30.64142249765,0.359945288244,0.));
#1721 = DIRECTION('',(0.500203519255,0.865907869998,0.));
#1722 = DIRECTION('',(0.865907869998,-0.500203519255,-0.));
#1723 = DEFINITIONAL_REPRESENTATION('',(#1724),#1728);
#1724 = LINE('',#1725,#1726);
#1725 = CARTESIAN_POINT('',(0.,0.));
#1726 = VECTOR('',#1727,1.);
#1727 = DIRECTION('',(0.,-1.));
#1728 = ( GEOMETRIC_REPRESENTATION_CONTEXT(2) 
PARAMETRIC_REPRESENTATION_CONTEXT() REPRESENTATION_CONTEXT('2D SPACE',''
  ) );
#1729 = ORIENTED_EDGE('',*,*,#1730,.F.);
#1730 = EDGE_CURVE('',#1641,#1703,#1731,.T.);
#1731 = SURFACE_CURVE('',#1732,(#1736),.PCURVE_S1.);
#1732 = LINE('',#1733,#1734);
#1733 = CARTESIAN_POINT('',(-32.51073836126,-0.719890576488,0.));
#1734 = VECTOR('',#1735,1.);
#1735 = DIRECTION('',(0.865907869998,0.500203519255,-0.));
#1736 = PCURVE('',#1656,#1737);
#1737 = DEFINITIONAL_REPRESENTATION('',(#1738),#1742);
#1738 = LINE('',#1739,#1740);
#1739 = CARTESIAN_POINT('',(0.,0.));
#1740 = VECTOR('',#1741,1.);
#1741 = DIRECTION('',(1.,0.));
#1742 = ( GEOMETRIC_REPRESENTATION_CONTEXT(2) 
PARAMETRIC_REPRESENTATION_CONTEXT() REPRESENTATION_CONTEXT('2D SPACE',''
  ) );
#1743 = ADVANCED_FACE('',(#1744),#1718,.F.);
#1744 = FACE_BOUND('',#1745,.F.);
#1745 = EDGE_LOOP('',(#1746,#1747,#1763,#1786));
#1746 = ORIENTED_EDGE('',*,*,#1702,.T.);
#1747 = ORIENTED_EDGE('',*,*,#1748,.T.);
#1748 = EDGE_CURVE('',#1687,#1749,#1751,.T.);
#1749 = VERTEX_POINT('',#1750);
#1750 = CARTESIAN_POINT('',(-28.77210663403,-0.719890576488,0.6));
#1751 = SURFACE_CURVE('',#1752,(#1756),.PCURVE_S1.);
#1752 = LINE('',#1753,#1754);
#1753 = CARTESIAN_POINT('',(-30.64142249765,0.359945288244,0.6));
#1754 = VECTOR('',#1755,1.);
#1755 = DIRECTION('',(0.865907869998,-0.500203519255,-0.));
#1756 = PCURVE('',#1718,#1757);
#1757 = DEFINITIONAL_REPRESENTATION('',(#1758),#1762);
#1758 = LINE('',#1759,#1760);
#1759 = CARTESIAN_POINT('',(0.,-0.6));
#1760 = VECTOR('',#1761,1.);
#1761 = DIRECTION('',(1.,0.));
#1762 = ( GEOMETRIC_REPRESENTATION_CONTEXT(2) 
PARAMETRIC_REPRESENTATION_CONTEXT() REPRESENTATION_CONTEXT('2D SPACE',''
  ) );
#1763 = ORIENTED_EDGE('',*,*,#1764,.F.);
#1764 = EDGE_CURVE('',#1765,#1749,#1767,.T.);
#1765 = VERTEX_POINT('',#1766);
#1766 = CARTESIAN_POINT('',(-28.77210663403,-0.719890576488,0.));
#1767 = SURFACE_CURVE('',#1768,(#1772,#1779),.PCURVE_S1.);
#1768 = LINE('',#1769,#1770);
#1769 = CARTESIAN_POINT('',(-28.77210663403,-0.719890576488,0.));
#1770 = VECTOR('',#1771,1.);
#1771 = DIRECTION('',(0.,-0.,1.));
#1772 = PCURVE('',#1718,#1773);
#1773 = DEFINITIONAL_REPRESENTATION('',(#1774),#1778);
#1774 = LINE('',#1775,#1776);
#1775 = CARTESIAN_POINT('',(2.158793017574,0.));
#1776 = VECTOR('',#1777,1.);
#1777 = DIRECTION('',(0.,-1.));
#1778 = ( GEOMETRIC_REPRESENTATION_CONTEXT(2) 
PARAMETRIC_REPRESENTATION_CONTEXT() REPRESENTATION_CONTEXT('2D SPACE',''
  ) );
#1779 = PCURVE('',#1488,#1780);
#1780 = DEFINITIONAL_REPRESENTATION('',(#1781),#1785);
#1781 = LINE('',#1782,#1783);
#1782 = CARTESIAN_POINT('',(0.,0.));
#1783 = VECTOR('',#1784,1.);
#1784 = DIRECTION('',(0.,-1.));
#1785 = ( GEOMETRIC_REPRESENTATION_CONTEXT(2) 
PARAMETRIC_REPRESENTATION_CONTEXT() REPRESENTATION_CONTEXT('2D SPACE',''
  ) );
#1786 = ORIENTED_EDGE('',*,*,#1787,.F.);
#1787 = EDGE_CURVE('',#1703,#1765,#1788,.T.);
#1788 = SURFACE_CURVE('',#1789,(#1793),.PCURVE_S1.);
#1789 = LINE('',#1790,#1791);
#1790 = CARTESIAN_POINT('',(-30.64142249765,0.359945288244,0.));
#1791 = VECTOR('',#1792,1.);
#1792 = DIRECTION('',(0.865907869998,-0.500203519255,-0.));
#1793 = PCURVE('',#1718,#1794);
#1794 = DEFINITIONAL_REPRESENTATION('',(#1795),#1799);
#1795 = LINE('',#1796,#1797);
#1796 = CARTESIAN_POINT('',(0.,0.));
#1797 = VECTOR('',#1798,1.);
#1798 = DIRECTION('',(1.,0.));
#1799 = ( GEOMETRIC_REPRESENTATION_CONTEXT(2) 
PARAMETRIC_REPRESENTATION_CONTEXT() REPRESENTATION_CONTEXT('2D SPACE',''
  ) );
#1800 = ADVANCED_FACE('',(#1801),#1488,.F.);
#1801 = FACE_BOUND('',#1802,.F.);
#1802 = EDGE_LOOP('',(#1803,#1804,#1818,#1819));
#1803 = ORIENTED_EDGE('',*,*,#1764,.T.);
#1804 = ORIENTED_EDGE('',*,*,#1805,.T.);
#1805 = EDGE_CURVE('',#1749,#1468,#1806,.T.);
#1806 = SURFACE_CURVE('',#1807,(#1811),.PCURVE_S1.);
#1807 = LINE('',#1808,#1809);
#1808 = CARTESIAN_POINT('',(-28.77210663403,-0.719890576488,0.6));
#1809 = VECTOR('',#1810,1.);
#1810 = DIRECTION('',(-0.,-1.,-0.));
#1811 = PCURVE('',#1488,#1812);
#1812 = DEFINITIONAL_REPRESENTATION('',(#1813),#1817);
#1813 = LINE('',#1814,#1815);
#1814 = CARTESIAN_POINT('',(0.,-0.6));
#1815 = VECTOR('',#1816,1.);
#1816 = DIRECTION('',(1.,0.));
#1817 = ( GEOMETRIC_REPRESENTATION_CONTEXT(2) 
PARAMETRIC_REPRESENTATION_CONTEXT() REPRESENTATION_CONTEXT('2D SPACE',''
  ) );
#1818 = ORIENTED_EDGE('',*,*,#1465,.F.);
#1819 = ORIENTED_EDGE('',*,*,#1820,.F.);
#1820 = EDGE_CURVE('',#1765,#1466,#1821,.T.);
#1821 = SURFACE_CURVE('',#1822,(#1826),.PCURVE_S1.);
#1822 = LINE('',#1823,#1824);
#1823 = CARTESIAN_POINT('',(-28.77210663403,-0.719890576488,0.));
#1824 = VECTOR('',#1825,1.);
#1825 = DIRECTION('',(-0.,-1.,-0.));
#1826 = PCURVE('',#1488,#1827);
#1827 = DEFINITIONAL_REPRESENTATION('',(#1828),#1832);
#1828 = LINE('',#1829,#1830);
#1829 = CARTESIAN_POINT('',(0.,0.));
#1830 = VECTOR('',#1831,1.);
#1831 = DIRECTION('',(1.,0.));
#1832 = ( GEOMETRIC_REPRESENTATION_CONTEXT(2) 
PARAMETRIC_REPRESENTATION_CONTEXT() REPRESENTATION_CONTEXT('2D SPACE',''
  ) );
#1833 = ADVANCED_FACE('',(#1834),#1848,.T.);
#1834 = FACE_BOUND('',#1835,.T.);
#1835 = EDGE_LOOP('',(#1836,#1873,#1889,#1912));
#1836 = ORIENTED_EDGE('',*,*,#1837,.T.);
#1837 = EDGE_CURVE('',#1838,#1840,#1842,.T.);
#1838 = VERTEX_POINT('',#1839);
#1839 = CARTESIAN_POINT('',(-16.51456093227,1.602489929826,0.));
#1840 = VERTEX_POINT('',#1841);
#1841 = CARTESIAN_POINT('',(-16.51456093227,1.602489929826,0.6));
#1842 = SURFACE_CURVE('',#1843,(#1847,#1861),.PCURVE_S1.);
#1843 = LINE('',#1844,#1845);
#1844 = CARTESIAN_POINT('',(-16.51456093227,1.602489929826,0.));
#1845 = VECTOR('',#1846,1.);
#1846 = DIRECTION('',(0.,-0.,1.));
#1847 = PCURVE('',#1848,#1855);
#1848 = SURFACE_OF_LINEAR_EXTRUSION('',#1849,#1853);
#1849 = B_SPLINE_CURVE_WITH_KNOTS('',2,(#1850,#1851,#1852),
  .UNSPECIFIED.,.F.,.F.,(3,3),(0.,1.),.PIECEWISE_BEZIER_KNOTS.);
#1850 = CARTESIAN_POINT('',(-20.80291795231,4.31934345893,0.));
#1851 = CARTESIAN_POINT('',(-10.72444988147,-0.479927050992,0.));
#1852 = CARTESIAN_POINT('',(-10.72444988147,-11.9981762748,0.));
#1853 = VECTOR('',#1854,1.);
#1854 = DIRECTION('',(-0.,0.,-1.));
#1855 = DEFINITIONAL_REPRESENTATION('',(#1856),#1860);
#1856 = LINE('',#1857,#1858);
#1857 = CARTESIAN_POINT('',(0.242040179058,0.));
#1858 = VECTOR('',#1859,1.);
#1859 = DIRECTION('',(0.,-1.));
#1860 = ( GEOMETRIC_REPRESENTATION_CONTEXT(2) 
PARAMETRIC_REPRESENTATION_CONTEXT() REPRESENTATION_CONTEXT('2D SPACE',''
  ) );
#1861 = PCURVE('',#1862,#1867);
#1862 = CYLINDRICAL_SURFACE('',#1863,3.11952583145);
#1863 = AXIS2_PLACEMENT_3D('',#1864,#1865,#1866);
#1864 = CARTESIAN_POINT('',(-13.60401218742,0.479927050992,0.));
#1865 = DIRECTION('',(-0.,-0.,-1.));
#1866 = DIRECTION('',(0.195529908087,-0.98069773888,-0.));
#1867 = DEFINITIONAL_REPRESENTATION('',(#1868),#1872);
#1868 = LINE('',#1869,#1870);
#1869 = CARTESIAN_POINT('',(-4.147483584721,0.));
#1870 = VECTOR('',#1871,1.);
#1871 = DIRECTION('',(-0.,-1.));
#1872 = ( GEOMETRIC_REPRESENTATION_CONTEXT(2) 
PARAMETRIC_REPRESENTATION_CONTEXT() REPRESENTATION_CONTEXT('2D SPACE',''
  ) );
#1873 = ORIENTED_EDGE('',*,*,#1874,.T.);
#1874 = EDGE_CURVE('',#1840,#1875,#1877,.T.);
#1875 = VERTEX_POINT('',#1876);
#1876 = CARTESIAN_POINT('',(-12.99405158832,-2.579384878287,0.6));
#1877 = SURFACE_CURVE('',#1878,(#1882),.PCURVE_S1.);
#1878 = B_SPLINE_CURVE_WITH_KNOTS('',2,(#1879,#1880,#1881),
  .UNSPECIFIED.,.F.,.F.,(3,3),(0.,1.),.PIECEWISE_BEZIER_KNOTS.);
#1879 = CARTESIAN_POINT('',(-20.80291795231,4.31934345893,0.6));
#1880 = CARTESIAN_POINT('',(-10.72444988147,-0.479927050992,0.6));
#1881 = CARTESIAN_POINT('',(-10.72444988147,-11.9981762748,0.6));
#1882 = PCURVE('',#1848,#1883);
#1883 = DEFINITIONAL_REPRESENTATION('',(#1884),#1888);
#1884 = LINE('',#1885,#1886);
#1885 = CARTESIAN_POINT('',(0.,-0.6));
#1886 = VECTOR('',#1887,1.);
#1887 = DIRECTION('',(1.,0.));
#1888 = ( GEOMETRIC_REPRESENTATION_CONTEXT(2) 
PARAMETRIC_REPRESENTATION_CONTEXT() REPRESENTATION_CONTEXT('2D SPACE',''
  ) );
#1889 = ORIENTED_EDGE('',*,*,#1890,.F.);
#1890 = EDGE_CURVE('',#1891,#1875,#1893,.T.);
#1891 = VERTEX_POINT('',#1892);
#1892 = CARTESIAN_POINT('',(-12.99405158832,-2.579384878287,0.));
#1893 = SURFACE_CURVE('',#1894,(#1898,#1905),.PCURVE_S1.);
#1894 = LINE('',#1895,#1896);
#1895 = CARTESIAN_POINT('',(-12.99405158832,-2.579384878287,0.));
#1896 = VECTOR('',#1897,1.);
#1897 = DIRECTION('',(0.,-0.,1.));
#1898 = PCURVE('',#1848,#1899);
#1899 = DEFINITIONAL_REPRESENTATION('',(#1900),#1904);
#1900 = LINE('',#1901,#1902);
#1901 = CARTESIAN_POINT('',(0.525454824398,0.));
#1902 = VECTOR('',#1903,1.);
#1903 = DIRECTION('',(0.,-1.));
#1904 = ( GEOMETRIC_REPRESENTATION_CONTEXT(2) 
PARAMETRIC_REPRESENTATION_CONTEXT() REPRESENTATION_CONTEXT('2D SPACE',''
  ) );
#1905 = PCURVE('',#1862,#1906);
#1906 = DEFINITIONAL_REPRESENTATION('',(#1907),#1911);
#1907 = LINE('',#1908,#1909);
#1908 = CARTESIAN_POINT('',(-0.,0.));
#1909 = VECTOR('',#1910,1.);
#1910 = DIRECTION('',(-0.,-1.));
#1911 = ( GEOMETRIC_REPRESENTATION_CONTEXT(2) 
PARAMETRIC_REPRESENTATION_CONTEXT() REPRESENTATION_CONTEXT('2D SPACE',''
  ) );
#1912 = ORIENTED_EDGE('',*,*,#1913,.F.);
#1913 = EDGE_CURVE('',#1838,#1891,#1914,.T.);
#1914 = SURFACE_CURVE('',#1915,(#1919),.PCURVE_S1.);
#1915 = B_SPLINE_CURVE_WITH_KNOTS('',2,(#1916,#1917,#1918),
  .UNSPECIFIED.,.F.,.F.,(3,3),(0.,1.),.PIECEWISE_BEZIER_KNOTS.);
#1916 = CARTESIAN_POINT('',(-20.80291795231,4.31934345893,0.));
#1917 = CARTESIAN_POINT('',(-10.72444988147,-0.479927050992,0.));
#1918 = CARTESIAN_POINT('',(-10.72444988147,-11.9981762748,0.));
#1919 = PCURVE('',#1848,#1920);
#1920 = DEFINITIONAL_REPRESENTATION('',(#1921),#1925);
#1921 = LINE('',#1922,#1923);
#1922 = CARTESIAN_POINT('',(0.,0.));
#1923 = VECTOR('',#1924,1.);
#1924 = DIRECTION('',(1.,0.));
#1925 = ( GEOMETRIC_REPRESENTATION_CONTEXT(2) 
PARAMETRIC_REPRESENTATION_CONTEXT() REPRESENTATION_CONTEXT('2D SPACE',''
  ) );
#1926 = ADVANCED_FACE('',(#1927),#1862,.F.);
#1927 = FACE_BOUND('',#1928,.T.);
#1928 = EDGE_LOOP('',(#1929,#1930,#1945,#1946));
#1929 = ORIENTED_EDGE('',*,*,#1890,.T.);
#1930 = ORIENTED_EDGE('',*,*,#1931,.T.);
#1931 = EDGE_CURVE('',#1875,#1840,#1932,.T.);
#1932 = SURFACE_CURVE('',#1933,(#1938),.PCURVE_S1.);
#1933 = CIRCLE('',#1934,3.11952583145);
#1934 = AXIS2_PLACEMENT_3D('',#1935,#1936,#1937);
#1935 = CARTESIAN_POINT('',(-13.60401218742,0.479927050992,0.6));
#1936 = DIRECTION('',(0.,0.,1.));
#1937 = DIRECTION('',(0.195529908087,-0.98069773888,-0.));
#1938 = PCURVE('',#1862,#1939);
#1939 = DEFINITIONAL_REPRESENTATION('',(#1940),#1944);
#1940 = LINE('',#1941,#1942);
#1941 = CARTESIAN_POINT('',(-0.,-0.6));
#1942 = VECTOR('',#1943,1.);
#1943 = DIRECTION('',(-1.,0.));
#1944 = ( GEOMETRIC_REPRESENTATION_CONTEXT(2) 
PARAMETRIC_REPRESENTATION_CONTEXT() REPRESENTATION_CONTEXT('2D SPACE',''
  ) );
#1945 = ORIENTED_EDGE('',*,*,#1837,.F.);
#1946 = ORIENTED_EDGE('',*,*,#1947,.F.);
#1947 = EDGE_CURVE('',#1891,#1838,#1948,.T.);
#1948 = SURFACE_CURVE('',#1949,(#1954),.PCURVE_S1.);
#1949 = CIRCLE('',#1950,3.11952583145);
#1950 = AXIS2_PLACEMENT_3D('',#1951,#1952,#1953);
#1951 = CARTESIAN_POINT('',(-13.60401218742,0.479927050992,0.));
#1952 = DIRECTION('',(0.,0.,1.));
#1953 = DIRECTION('',(0.195529908087,-0.98069773888,-0.));
#1954 = PCURVE('',#1862,#1955);
#1955 = DEFINITIONAL_REPRESENTATION('',(#1956),#1960);
#1956 = LINE('',#1957,#1958);
#1957 = CARTESIAN_POINT('',(-0.,0.));
#1958 = VECTOR('',#1959,1.);
#1959 = DIRECTION('',(-1.,0.));
#1960 = ( GEOMETRIC_REPRESENTATION_CONTEXT(2) 
PARAMETRIC_REPRESENTATION_CONTEXT() REPRESENTATION_CONTEXT('2D SPACE',''
  ) );
#1961 = ADVANCED_FACE('',(#1962),#1976,.F.);
#1962 = FACE_BOUND('',#1963,.F.);
#1963 = EDGE_LOOP('',(#1964,#1999,#2015,#2043));
#1964 = ORIENTED_EDGE('',*,*,#1965,.T.);
#1965 = EDGE_CURVE('',#1966,#1968,#1970,.T.);
#1966 = VERTEX_POINT('',#1967);
#1967 = CARTESIAN_POINT('',(-27.94183283582,-18.2372279377,0.));
#1968 = VERTEX_POINT('',#1969);
#1969 = CARTESIAN_POINT('',(-27.94183283582,-18.2372279377,0.6));
#1970 = SURFACE_CURVE('',#1971,(#1975,#1987),.PCURVE_S1.);
#1971 = LINE('',#1972,#1973);
#1972 = CARTESIAN_POINT('',(-27.94183283582,-18.2372279377,0.));
#1973 = VECTOR('',#1974,1.);
#1974 = DIRECTION('',(0.,-0.,1.));
#1975 = PCURVE('',#1976,#1981);
#1976 = PLANE('',#1977);
#1977 = AXIS2_PLACEMENT_3D('',#1978,#1979,#1980);
#1978 = CARTESIAN_POINT('',(-27.94183283582,-18.2372279377,0.));
#1979 = DIRECTION('',(-1.,0.,0.));
#1980 = DIRECTION('',(0.,1.,-0.));
#1981 = DEFINITIONAL_REPRESENTATION('',(#1982),#1986);
#1982 = LINE('',#1983,#1984);
#1983 = CARTESIAN_POINT('',(0.,0.));
#1984 = VECTOR('',#1985,1.);
#1985 = DIRECTION('',(0.,-1.));
#1986 = ( GEOMETRIC_REPRESENTATION_CONTEXT(2) 
PARAMETRIC_REPRESENTATION_CONTEXT() REPRESENTATION_CONTEXT('2D SPACE',''
  ) );
#1987 = PCURVE('',#1988,#1993);
#1988 = CYLINDRICAL_SURFACE('',#1989,0.419936169618);
#1989 = AXIS2_PLACEMENT_3D('',#1990,#1991,#1992);
#1990 = CARTESIAN_POINT('',(-27.5218966662,-18.2372279377,0.));
#1991 = DIRECTION('',(-0.,-0.,-1.));
#1992 = DIRECTION('',(-0.,1.,-0.));
#1993 = DEFINITIONAL_REPRESENTATION('',(#1994),#1998);
#1994 = LINE('',#1995,#1996);
#1995 = CARTESIAN_POINT('',(-1.570796326795,0.));
#1996 = VECTOR('',#1997,1.);
#1997 = DIRECTION('',(-0.,-1.));
#1998 = ( GEOMETRIC_REPRESENTATION_CONTEXT(2) 
PARAMETRIC_REPRESENTATION_CONTEXT() REPRESENTATION_CONTEXT('2D SPACE',''
  ) );
#1999 = ORIENTED_EDGE('',*,*,#2000,.T.);
#2000 = EDGE_CURVE('',#1968,#2001,#2003,.T.);
#2001 = VERTEX_POINT('',#2002);
#2002 = CARTESIAN_POINT('',(-27.94183283582,-8.638686917861,0.6));
#2003 = SURFACE_CURVE('',#2004,(#2008),.PCURVE_S1.);
#2004 = LINE('',#2005,#2006);
#2005 = CARTESIAN_POINT('',(-27.94183283582,-18.2372279377,0.6));
#2006 = VECTOR('',#2007,1.);
#2007 = DIRECTION('',(-0.,1.,-0.));
#2008 = PCURVE('',#1976,#2009);
#2009 = DEFINITIONAL_REPRESENTATION('',(#2010),#2014);
#2010 = LINE('',#2011,#2012);
#2011 = CARTESIAN_POINT('',(0.,-0.6));
#2012 = VECTOR('',#2013,1.);
#2013 = DIRECTION('',(1.,0.));
#2014 = ( GEOMETRIC_REPRESENTATION_CONTEXT(2) 
PARAMETRIC_REPRESENTATION_CONTEXT() REPRESENTATION_CONTEXT('2D SPACE',''
  ) );
#2015 = ORIENTED_EDGE('',*,*,#2016,.F.);
#2016 = EDGE_CURVE('',#2017,#2001,#2019,.T.);
#2017 = VERTEX_POINT('',#2018);
#2018 = CARTESIAN_POINT('',(-27.94183283582,-8.638686917861,0.));
#2019 = SURFACE_CURVE('',#2020,(#2024,#2031),.PCURVE_S1.);
#2020 = LINE('',#2021,#2022);
#2021 = CARTESIAN_POINT('',(-27.94183283582,-8.638686917861,0.));
#2022 = VECTOR('',#2023,1.);
#2023 = DIRECTION('',(0.,-0.,1.));
#2024 = PCURVE('',#1976,#2025);
#2025 = DEFINITIONAL_REPRESENTATION('',(#2026),#2030);
#2026 = LINE('',#2027,#2028);
#2027 = CARTESIAN_POINT('',(9.598541019845,0.));
#2028 = VECTOR('',#2029,1.);
#2029 = DIRECTION('',(0.,-1.));
#2030 = ( GEOMETRIC_REPRESENTATION_CONTEXT(2) 
PARAMETRIC_REPRESENTATION_CONTEXT() REPRESENTATION_CONTEXT('2D SPACE',''
  ) );
#2031 = PCURVE('',#2032,#2037);
#2032 = CYLINDRICAL_SURFACE('',#2033,0.419936169618);
#2033 = AXIS2_PLACEMENT_3D('',#2034,#2035,#2036);
#2034 = CARTESIAN_POINT('',(-27.5218966662,-8.638686917861,0.));
#2035 = DIRECTION('',(-0.,0.,-1.));
#2036 = DIRECTION('',(-0.,-1.,-0.));
#2037 = DEFINITIONAL_REPRESENTATION('',(#2038),#2042);
#2038 = LINE('',#2039,#2040);
#2039 = CARTESIAN_POINT('',(-4.712388980385,0.));
#2040 = VECTOR('',#2041,1.);
#2041 = DIRECTION('',(-0.,-1.));
#2042 = ( GEOMETRIC_REPRESENTATION_CONTEXT(2) 
PARAMETRIC_REPRESENTATION_CONTEXT() REPRESENTATION_CONTEXT('2D SPACE',''
  ) );
#2043 = ORIENTED_EDGE('',*,*,#2044,.F.);
#2044 = EDGE_CURVE('',#1966,#2017,#2045,.T.);
#2045 = SURFACE_CURVE('',#2046,(#2050),.PCURVE_S1.);
#2046 = LINE('',#2047,#2048);
#2047 = CARTESIAN_POINT('',(-27.94183283582,-18.2372279377,0.));
#2048 = VECTOR('',#2049,1.);
#2049 = DIRECTION('',(-0.,1.,-0.));
#2050 = PCURVE('',#1976,#2051);
#2051 = DEFINITIONAL_REPRESENTATION('',(#2052),#2056);
#2052 = LINE('',#2053,#2054);
#2053 = CARTESIAN_POINT('',(0.,0.));
#2054 = VECTOR('',#2055,1.);
#2055 = DIRECTION('',(1.,0.));
#2056 = ( GEOMETRIC_REPRESENTATION_CONTEXT(2) 
PARAMETRIC_REPRESENTATION_CONTEXT() REPRESENTATION_CONTEXT('2D SPACE',''
  ) );
#2057 = ADVANCED_FACE('',(#2058),#2032,.F.);
#2058 = FACE_BOUND('',#2059,.T.);
#2059 = EDGE_LOOP('',(#2060,#2090,#2105,#2106));
#2060 = ORIENTED_EDGE('',*,*,#2061,.T.);
#2061 = EDGE_CURVE('',#2062,#2064,#2066,.T.);
#2062 = VERTEX_POINT('',#2063);
#2063 = CARTESIAN_POINT('',(-27.10196049658,-8.638686917861,0.));
#2064 = VERTEX_POINT('',#2065);
#2065 = CARTESIAN_POINT('',(-27.10196049658,-8.638686917861,0.6));
#2066 = SURFACE_CURVE('',#2067,(#2071,#2078),.PCURVE_S1.);
#2067 = LINE('',#2068,#2069);
#2068 = CARTESIAN_POINT('',(-27.10196049658,-8.638686917861,0.));
#2069 = VECTOR('',#2070,1.);
#2070 = DIRECTION('',(0.,-0.,1.));
#2071 = PCURVE('',#2032,#2072);
#2072 = DEFINITIONAL_REPRESENTATION('',(#2073),#2077);
#2073 = LINE('',#2074,#2075);
#2074 = CARTESIAN_POINT('',(-1.570796326795,0.));
#2075 = VECTOR('',#2076,1.);
#2076 = DIRECTION('',(-0.,-1.));
#2077 = ( GEOMETRIC_REPRESENTATION_CONTEXT(2) 
PARAMETRIC_REPRESENTATION_CONTEXT() REPRESENTATION_CONTEXT('2D SPACE',''
  ) );
#2078 = PCURVE('',#2079,#2084);
#2079 = PLANE('',#2080);
#2080 = AXIS2_PLACEMENT_3D('',#2081,#2082,#2083);
#2081 = CARTESIAN_POINT('',(-27.10196049658,-8.638686917861,0.));
#2082 = DIRECTION('',(1.,0.,-0.));
#2083 = DIRECTION('',(0.,-1.,-0.));
#2084 = DEFINITIONAL_REPRESENTATION('',(#2085),#2089);
#2085 = LINE('',#2086,#2087);
#2086 = CARTESIAN_POINT('',(0.,0.));
#2087 = VECTOR('',#2088,1.);
#2088 = DIRECTION('',(0.,-1.));
#2089 = ( GEOMETRIC_REPRESENTATION_CONTEXT(2) 
PARAMETRIC_REPRESENTATION_CONTEXT() REPRESENTATION_CONTEXT('2D SPACE',''
  ) );
#2090 = ORIENTED_EDGE('',*,*,#2091,.T.);
#2091 = EDGE_CURVE('',#2064,#2001,#2092,.T.);
#2092 = SURFACE_CURVE('',#2093,(#2098),.PCURVE_S1.);
#2093 = CIRCLE('',#2094,0.419936169618);
#2094 = AXIS2_PLACEMENT_3D('',#2095,#2096,#2097);
#2095 = CARTESIAN_POINT('',(-27.5218966662,-8.638686917861,0.6));
#2096 = DIRECTION('',(0.,-0.,1.));
#2097 = DIRECTION('',(-0.,-1.,-0.));
#2098 = PCURVE('',#2032,#2099);
#2099 = DEFINITIONAL_REPRESENTATION('',(#2100),#2104);
#2100 = LINE('',#2101,#2102);
#2101 = CARTESIAN_POINT('',(-0.,-0.6));
#2102 = VECTOR('',#2103,1.);
#2103 = DIRECTION('',(-1.,0.));
#2104 = ( GEOMETRIC_REPRESENTATION_CONTEXT(2) 
PARAMETRIC_REPRESENTATION_CONTEXT() REPRESENTATION_CONTEXT('2D SPACE',''
  ) );
#2105 = ORIENTED_EDGE('',*,*,#2016,.F.);
#2106 = ORIENTED_EDGE('',*,*,#2107,.F.);
#2107 = EDGE_CURVE('',#2062,#2017,#2108,.T.);
#2108 = SURFACE_CURVE('',#2109,(#2114),.PCURVE_S1.);
#2109 = CIRCLE('',#2110,0.419936169618);
#2110 = AXIS2_PLACEMENT_3D('',#2111,#2112,#2113);
#2111 = CARTESIAN_POINT('',(-27.5218966662,-8.638686917861,0.));
#2112 = DIRECTION('',(0.,-0.,1.));
#2113 = DIRECTION('',(-0.,-1.,-0.));
#2114 = PCURVE('',#2032,#2115);
#2115 = DEFINITIONAL_REPRESENTATION('',(#2116),#2120);
#2116 = LINE('',#2117,#2118);
#2117 = CARTESIAN_POINT('',(-0.,0.));
#2118 = VECTOR('',#2119,1.);
#2119 = DIRECTION('',(-1.,0.));
#2120 = ( GEOMETRIC_REPRESENTATION_CONTEXT(2) 
PARAMETRIC_REPRESENTATION_CONTEXT() REPRESENTATION_CONTEXT('2D SPACE',''
  ) );
#2121 = ADVANCED_FACE('',(#2122),#2079,.F.);
#2122 = FACE_BOUND('',#2123,.F.);
#2123 = EDGE_LOOP('',(#2124,#2125,#2141,#2164));
#2124 = ORIENTED_EDGE('',*,*,#2061,.T.);
#2125 = ORIENTED_EDGE('',*,*,#2126,.T.);
#2126 = EDGE_CURVE('',#2064,#2127,#2129,.T.);
#2127 = VERTEX_POINT('',#2128);
#2128 = CARTESIAN_POINT('',(-27.10196049658,-18.2372279377,0.6));
#2129 = SURFACE_CURVE('',#2130,(#2134),.PCURVE_S1.);
#2130 = LINE('',#2131,#2132);
#2131 = CARTESIAN_POINT('',(-27.10196049658,-8.638686917861,0.6));
#2132 = VECTOR('',#2133,1.);
#2133 = DIRECTION('',(-0.,-1.,-0.));
#2134 = PCURVE('',#2079,#2135);
#2135 = DEFINITIONAL_REPRESENTATION('',(#2136),#2140);
#2136 = LINE('',#2137,#2138);
#2137 = CARTESIAN_POINT('',(0.,-0.6));
#2138 = VECTOR('',#2139,1.);
#2139 = DIRECTION('',(1.,0.));
#2140 = ( GEOMETRIC_REPRESENTATION_CONTEXT(2) 
PARAMETRIC_REPRESENTATION_CONTEXT() REPRESENTATION_CONTEXT('2D SPACE',''
  ) );
#2141 = ORIENTED_EDGE('',*,*,#2142,.F.);
#2142 = EDGE_CURVE('',#2143,#2127,#2145,.T.);
#2143 = VERTEX_POINT('',#2144);
#2144 = CARTESIAN_POINT('',(-27.10196049658,-18.2372279377,0.));
#2145 = SURFACE_CURVE('',#2146,(#2150,#2157),.PCURVE_S1.);
#2146 = LINE('',#2147,#2148);
#2147 = CARTESIAN_POINT('',(-27.10196049658,-18.2372279377,0.));
#2148 = VECTOR('',#2149,1.);
#2149 = DIRECTION('',(0.,-0.,1.));
#2150 = PCURVE('',#2079,#2151);
#2151 = DEFINITIONAL_REPRESENTATION('',(#2152),#2156);
#2152 = LINE('',#2153,#2154);
#2153 = CARTESIAN_POINT('',(9.598541019845,-0.));
#2154 = VECTOR('',#2155,1.);
#2155 = DIRECTION('',(0.,-1.));
#2156 = ( GEOMETRIC_REPRESENTATION_CONTEXT(2) 
PARAMETRIC_REPRESENTATION_CONTEXT() REPRESENTATION_CONTEXT('2D SPACE',''
  ) );
#2157 = PCURVE('',#1988,#2158);
#2158 = DEFINITIONAL_REPRESENTATION('',(#2159),#2163);
#2159 = LINE('',#2160,#2161);
#2160 = CARTESIAN_POINT('',(-4.712388980385,0.));
#2161 = VECTOR('',#2162,1.);
#2162 = DIRECTION('',(-0.,-1.));
#2163 = ( GEOMETRIC_REPRESENTATION_CONTEXT(2) 
PARAMETRIC_REPRESENTATION_CONTEXT() REPRESENTATION_CONTEXT('2D SPACE',''
  ) );
#2164 = ORIENTED_EDGE('',*,*,#2165,.F.);
#2165 = EDGE_CURVE('',#2062,#2143,#2166,.T.);
#2166 = SURFACE_CURVE('',#2167,(#2171),.PCURVE_S1.);
#2167 = LINE('',#2168,#2169);
#2168 = CARTESIAN_POINT('',(-27.10196049658,-8.638686917861,0.));
#2169 = VECTOR('',#2170,1.);
#2170 = DIRECTION('',(-0.,-1.,-0.));
#2171 = PCURVE('',#2079,#2172);
#2172 = DEFINITIONAL_REPRESENTATION('',(#2173),#2177);
#2173 = LINE('',#2174,#2175);
#2174 = CARTESIAN_POINT('',(0.,0.));
#2175 = VECTOR('',#2176,1.);
#2176 = DIRECTION('',(1.,0.));
#2177 = ( GEOMETRIC_REPRESENTATION_CONTEXT(2) 
PARAMETRIC_REPRESENTATION_CONTEXT() REPRESENTATION_CONTEXT('2D SPACE',''
  ) );
#2178 = ADVANCED_FACE('',(#2179),#1988,.F.);
#2179 = FACE_BOUND('',#2180,.T.);
#2180 = EDGE_LOOP('',(#2181,#2182,#2197,#2198));
#2181 = ORIENTED_EDGE('',*,*,#1965,.T.);
#2182 = ORIENTED_EDGE('',*,*,#2183,.T.);
#2183 = EDGE_CURVE('',#1968,#2127,#2184,.T.);
#2184 = SURFACE_CURVE('',#2185,(#2190),.PCURVE_S1.);
#2185 = CIRCLE('',#2186,0.419936169618);
#2186 = AXIS2_PLACEMENT_3D('',#2187,#2188,#2189);
#2187 = CARTESIAN_POINT('',(-27.5218966662,-18.2372279377,0.6));
#2188 = DIRECTION('',(0.,0.,1.));
#2189 = DIRECTION('',(-0.,1.,-0.));
#2190 = PCURVE('',#1988,#2191);
#2191 = DEFINITIONAL_REPRESENTATION('',(#2192),#2196);
#2192 = LINE('',#2193,#2194);
#2193 = CARTESIAN_POINT('',(-0.,-0.6));
#2194 = VECTOR('',#2195,1.);
#2195 = DIRECTION('',(-1.,0.));
#2196 = ( GEOMETRIC_REPRESENTATION_CONTEXT(2) 
PARAMETRIC_REPRESENTATION_CONTEXT() REPRESENTATION_CONTEXT('2D SPACE',''
  ) );
#2197 = ORIENTED_EDGE('',*,*,#2142,.F.);
#2198 = ORIENTED_EDGE('',*,*,#2199,.F.);
#2199 = EDGE_CURVE('',#1966,#2143,#2200,.T.);
#2200 = SURFACE_CURVE('',#2201,(#2206),.PCURVE_S1.);
#2201 = CIRCLE('',#2202,0.419936169618);
#2202 = AXIS2_PLACEMENT_3D('',#2203,#2204,#2205);
#2203 = CARTESIAN_POINT('',(-27.5218966662,-18.2372279377,0.));
#2204 = DIRECTION('',(0.,0.,1.));
#2205 = DIRECTION('',(-0.,1.,-0.));
#2206 = PCURVE('',#1988,#2207);
#2207 = DEFINITIONAL_REPRESENTATION('',(#2208),#2212);
#2208 = LINE('',#2209,#2210);
#2209 = CARTESIAN_POINT('',(-0.,0.));
#2210 = VECTOR('',#2211,1.);
#2211 = DIRECTION('',(-1.,0.));
#2212 = ( GEOMETRIC_REPRESENTATION_CONTEXT(2) 
PARAMETRIC_REPRESENTATION_CONTEXT() REPRESENTATION_CONTEXT('2D SPACE',''
  ) );
#2213 = ADVANCED_FACE('',(#2214),#2228,.F.);
#2214 = FACE_BOUND('',#2215,.T.);
#2215 = EDGE_LOOP('',(#2216,#2239,#2256,#2272));
#2216 = ORIENTED_EDGE('',*,*,#2217,.T.);
#2217 = EDGE_CURVE('',#2218,#2220,#2222,.T.);
#2218 = VERTEX_POINT('',#2219);
#2219 = CARTESIAN_POINT('',(-22.18270822391,-18.2372279377,0.));
#2220 = VERTEX_POINT('',#2221);
#2221 = CARTESIAN_POINT('',(-22.18270822391,-18.2372279377,0.6));
#2222 = SURFACE_CURVE('',#2223,(#2227),.PCURVE_S1.);
#2223 = LINE('',#2224,#2225);
#2224 = CARTESIAN_POINT('',(-22.18270822391,-18.2372279377,0.));
#2225 = VECTOR('',#2226,1.);
#2226 = DIRECTION('',(0.,-0.,1.));
#2227 = PCURVE('',#2228,#2233);
#2228 = CYLINDRICAL_SURFACE('',#2229,0.419936169618);
#2229 = AXIS2_PLACEMENT_3D('',#2230,#2231,#2232);
#2230 = CARTESIAN_POINT('',(-21.76277205429,-18.2372279377,0.));
#2231 = DIRECTION('',(0.,-0.,-1.));
#2232 = DIRECTION('',(-0.,1.,-0.));
#2233 = DEFINITIONAL_REPRESENTATION('',(#2234),#2238);
#2234 = LINE('',#2235,#2236);
#2235 = CARTESIAN_POINT('',(-1.570796326795,0.));
#2236 = VECTOR('',#2237,1.);
#2237 = DIRECTION('',(-0.,-1.));
#2238 = ( GEOMETRIC_REPRESENTATION_CONTEXT(2) 
PARAMETRIC_REPRESENTATION_CONTEXT() REPRESENTATION_CONTEXT('2D SPACE',''
  ) );
#2239 = ORIENTED_EDGE('',*,*,#2240,.T.);
#2240 = EDGE_CURVE('',#2220,#2241,#2243,.T.);
#2241 = VERTEX_POINT('',#2242);
#2242 = CARTESIAN_POINT('',(-21.34283588467,-18.2372279377,0.6));
#2243 = SURFACE_CURVE('',#2244,(#2249),.PCURVE_S1.);
#2244 = CIRCLE('',#2245,0.419936169618);
#2245 = AXIS2_PLACEMENT_3D('',#2246,#2247,#2248);
#2246 = CARTESIAN_POINT('',(-21.76277205429,-18.2372279377,0.6));
#2247 = DIRECTION('',(-0.,0.,1.));
#2248 = DIRECTION('',(-0.,1.,-0.));
#2249 = PCURVE('',#2228,#2250);
#2250 = DEFINITIONAL_REPRESENTATION('',(#2251),#2255);
#2251 = LINE('',#2252,#2253);
#2252 = CARTESIAN_POINT('',(-0.,-0.6));
#2253 = VECTOR('',#2254,1.);
#2254 = DIRECTION('',(-1.,0.));
#2255 = ( GEOMETRIC_REPRESENTATION_CONTEXT(2) 
PARAMETRIC_REPRESENTATION_CONTEXT() REPRESENTATION_CONTEXT('2D SPACE',''
  ) );
#2256 = ORIENTED_EDGE('',*,*,#2257,.F.);
#2257 = EDGE_CURVE('',#2258,#2241,#2260,.T.);
#2258 = VERTEX_POINT('',#2259);
#2259 = CARTESIAN_POINT('',(-21.34283588467,-18.2372279377,0.));
#2260 = SURFACE_CURVE('',#2261,(#2265),.PCURVE_S1.);
#2261 = LINE('',#2262,#2263);
#2262 = CARTESIAN_POINT('',(-21.34283588467,-18.2372279377,0.));
#2263 = VECTOR('',#2264,1.);
#2264 = DIRECTION('',(0.,-0.,1.));
#2265 = PCURVE('',#2228,#2266);
#2266 = DEFINITIONAL_REPRESENTATION('',(#2267),#2271);
#2267 = LINE('',#2268,#2269);
#2268 = CARTESIAN_POINT('',(-4.712388980385,0.));
#2269 = VECTOR('',#2270,1.);
#2270 = DIRECTION('',(-0.,-1.));
#2271 = ( GEOMETRIC_REPRESENTATION_CONTEXT(2) 
PARAMETRIC_REPRESENTATION_CONTEXT() REPRESENTATION_CONTEXT('2D SPACE',''
  ) );
#2272 = ORIENTED_EDGE('',*,*,#2273,.F.);
#2273 = EDGE_CURVE('',#2218,#2258,#2274,.T.);
#2274 = SURFACE_CURVE('',#2275,(#2280),.PCURVE_S1.);
#2275 = CIRCLE('',#2276,0.419936169618);
#2276 = AXIS2_PLACEMENT_3D('',#2277,#2278,#2279);
#2277 = CARTESIAN_POINT('',(-21.76277205429,-18.2372279377,0.));
#2278 = DIRECTION('',(-0.,0.,1.));
#2279 = DIRECTION('',(-0.,1.,-0.));
#2280 = PCURVE('',#2228,#2281);
#2281 = DEFINITIONAL_REPRESENTATION('',(#2282),#2286);
#2282 = LINE('',#2283,#2284);
#2283 = CARTESIAN_POINT('',(-0.,0.));
#2284 = VECTOR('',#2285,1.);
#2285 = DIRECTION('',(-1.,0.));
#2286 = ( GEOMETRIC_REPRESENTATION_CONTEXT(2) 
PARAMETRIC_REPRESENTATION_CONTEXT() REPRESENTATION_CONTEXT('2D SPACE',''
  ) );
#2287 = ADVANCED_FACE('',(#2288),#2302,.F.);
#2288 = FACE_BOUND('',#2289,.T.);
#2289 = EDGE_LOOP('',(#2290,#2313,#2330,#2346));
#2290 = ORIENTED_EDGE('',*,*,#2291,.T.);
#2291 = EDGE_CURVE('',#2292,#2294,#2296,.T.);
#2292 = VERTEX_POINT('',#2293);
#2293 = CARTESIAN_POINT('',(-14.40790591135,-8.068733761026,0.));
#2294 = VERTEX_POINT('',#2295);
#2295 = CARTESIAN_POINT('',(-14.40790591135,-8.068733761026,0.6));
#2296 = SURFACE_CURVE('',#2297,(#2301),.PCURVE_S1.);
#2297 = LINE('',#2298,#2299);
#2298 = CARTESIAN_POINT('',(-14.40790591135,-8.068733761026,0.));
#2299 = VECTOR('',#2300,1.);
#2300 = DIRECTION('',(0.,-0.,1.));
#2301 = PCURVE('',#2302,#2307);
#2302 = CYLINDRICAL_SURFACE('',#2303,0.419936169618);
#2303 = AXIS2_PLACEMENT_3D('',#2304,#2305,#2306);
#2304 = CARTESIAN_POINT('',(-14.56386628941,-7.678832815876,0.));
#2305 = DIRECTION('',(-0.,-0.,-1.));
#2306 = DIRECTION('',(-0.928476690885,-0.371390676354,0.));
#2307 = DEFINITIONAL_REPRESENTATION('',(#2308),#2312);
#2308 = LINE('',#2309,#2310);
#2309 = CARTESIAN_POINT('',(-1.570796326795,0.));
#2310 = VECTOR('',#2311,1.);
#2311 = DIRECTION('',(-0.,-1.));
#2312 = ( GEOMETRIC_REPRESENTATION_CONTEXT(2) 
PARAMETRIC_REPRESENTATION_CONTEXT() REPRESENTATION_CONTEXT('2D SPACE',''
  ) );
#2313 = ORIENTED_EDGE('',*,*,#2314,.T.);
#2314 = EDGE_CURVE('',#2294,#2315,#2317,.T.);
#2315 = VERTEX_POINT('',#2316);
#2316 = CARTESIAN_POINT('',(-14.71982666747,-7.288931870726,0.6));
#2317 = SURFACE_CURVE('',#2318,(#2323),.PCURVE_S1.);
#2318 = CIRCLE('',#2319,0.419936169618);
#2319 = AXIS2_PLACEMENT_3D('',#2320,#2321,#2322);
#2320 = CARTESIAN_POINT('',(-14.56386628941,-7.678832815876,0.6));
#2321 = DIRECTION('',(0.,0.,1.));
#2322 = DIRECTION('',(-0.928476690885,-0.371390676354,0.));
#2323 = PCURVE('',#2302,#2324);
#2324 = DEFINITIONAL_REPRESENTATION('',(#2325),#2329);
#2325 = LINE('',#2326,#2327);
#2326 = CARTESIAN_POINT('',(-0.,-0.6));
#2327 = VECTOR('',#2328,1.);
#2328 = DIRECTION('',(-1.,0.));
#2329 = ( GEOMETRIC_REPRESENTATION_CONTEXT(2) 
PARAMETRIC_REPRESENTATION_CONTEXT() REPRESENTATION_CONTEXT('2D SPACE',''
  ) );
#2330 = ORIENTED_EDGE('',*,*,#2331,.F.);
#2331 = EDGE_CURVE('',#2332,#2315,#2334,.T.);
#2332 = VERTEX_POINT('',#2333);
#2333 = CARTESIAN_POINT('',(-14.71982666747,-7.288931870726,0.));
#2334 = SURFACE_CURVE('',#2335,(#2339),.PCURVE_S1.);
#2335 = LINE('',#2336,#2337);
#2336 = CARTESIAN_POINT('',(-14.71982666747,-7.288931870726,0.));
#2337 = VECTOR('',#2338,1.);
#2338 = DIRECTION('',(0.,-0.,1.));
#2339 = PCURVE('',#2302,#2340);
#2340 = DEFINITIONAL_REPRESENTATION('',(#2341),#2345);
#2341 = LINE('',#2342,#2343);
#2342 = CARTESIAN_POINT('',(-4.712388980385,0.));
#2343 = VECTOR('',#2344,1.);
#2344 = DIRECTION('',(-0.,-1.));
#2345 = ( GEOMETRIC_REPRESENTATION_CONTEXT(2) 
PARAMETRIC_REPRESENTATION_CONTEXT() REPRESENTATION_CONTEXT('2D SPACE',''
  ) );
#2346 = ORIENTED_EDGE('',*,*,#2347,.F.);
#2347 = EDGE_CURVE('',#2292,#2332,#2348,.T.);
#2348 = SURFACE_CURVE('',#2349,(#2354),.PCURVE_S1.);
#2349 = CIRCLE('',#2350,0.419936169618);
#2350 = AXIS2_PLACEMENT_3D('',#2351,#2352,#2353);
#2351 = CARTESIAN_POINT('',(-14.56386628941,-7.678832815876,0.));
#2352 = DIRECTION('',(0.,0.,1.));
#2353 = DIRECTION('',(-0.928476690885,-0.371390676354,0.));
#2354 = PCURVE('',#2302,#2355);
#2355 = DEFINITIONAL_REPRESENTATION('',(#2356),#2360);
#2356 = LINE('',#2357,#2358);
#2357 = CARTESIAN_POINT('',(-0.,0.));
#2358 = VECTOR('',#2359,1.);
#2359 = DIRECTION('',(-1.,0.));
#2360 = ( GEOMETRIC_REPRESENTATION_CONTEXT(2) 
PARAMETRIC_REPRESENTATION_CONTEXT() REPRESENTATION_CONTEXT('2D SPACE',''
  ) );
#2361 = MANIFOLD_SOLID_BREP('',#2362);
#2362 = CLOSED_SHELL('',(#2363,#2459,#2463));
#2363 = ADVANCED_FACE('',(#2364),#2378,.T.);
#2364 = FACE_BOUND('',#2365,.T.);
#2365 = EDGE_LOOP('',(#2366,#2396,#2427,#2428));
#2366 = ORIENTED_EDGE('',*,*,#2367,.T.);
#2367 = EDGE_CURVE('',#2368,#2370,#2372,.T.);
#2368 = VERTEX_POINT('',#2369);
#2369 = CARTESIAN_POINT('',(-29.68156839566,-1.799726441221,0.));
#2370 = VERTEX_POINT('',#2371);
#2371 = CARTESIAN_POINT('',(-29.68156839566,-1.799726441221,0.6));
#2372 = SEAM_CURVE('',#2373,(#2377,#2389),.PCURVE_S1.);
#2373 = LINE('',#2374,#2375);
#2374 = CARTESIAN_POINT('',(-29.68156839566,-1.799726441221,0.));
#2375 = VECTOR('',#2376,1.);
#2376 = DIRECTION('',(0.,-0.,1.));
#2377 = PCURVE('',#2378,#2383);
#2378 = CYLINDRICAL_SURFACE('',#2379,0.959854101985);
#2379 = AXIS2_PLACEMENT_3D('',#2380,#2381,#2382);
#2380 = CARTESIAN_POINT('',(-30.64142249765,-1.799726441221,0.));
#2381 = DIRECTION('',(-0.,0.,-1.));
#2382 = DIRECTION('',(1.,-0.,-0.));
#2383 = DEFINITIONAL_REPRESENTATION('',(#2384),#2388);
#2384 = LINE('',#2385,#2386);
#2385 = CARTESIAN_POINT('',(0.,0.));
#2386 = VECTOR('',#2387,1.);
#2387 = DIRECTION('',(0.,-1.));
#2388 = ( GEOMETRIC_REPRESENTATION_CONTEXT(2) 
PARAMETRIC_REPRESENTATION_CONTEXT() REPRESENTATION_CONTEXT('2D SPACE',''
  ) );
#2389 = PCURVE('',#2378,#2390);
#2390 = DEFINITIONAL_REPRESENTATION('',(#2391),#2395);
#2391 = LINE('',#2392,#2393);
#2392 = CARTESIAN_POINT('',(6.28318530718,0.));
#2393 = VECTOR('',#2394,1.);
#2394 = DIRECTION('',(0.,-1.));
#2395 = ( GEOMETRIC_REPRESENTATION_CONTEXT(2) 
PARAMETRIC_REPRESENTATION_CONTEXT() REPRESENTATION_CONTEXT('2D SPACE',''
  ) );
#2396 = ORIENTED_EDGE('',*,*,#2397,.T.);
#2397 = EDGE_CURVE('',#2370,#2370,#2398,.T.);
#2398 = SURFACE_CURVE('',#2399,(#2404,#2411),.PCURVE_S1.);
#2399 = CIRCLE('',#2400,0.959854101985);
#2400 = AXIS2_PLACEMENT_3D('',#2401,#2402,#2403);
#2401 = CARTESIAN_POINT('',(-30.64142249765,-1.799726441221,0.6));
#2402 = DIRECTION('',(-0.,0.,-1.));
#2403 = DIRECTION('',(1.,-0.,-0.));
#2404 = PCURVE('',#2378,#2405);
#2405 = DEFINITIONAL_REPRESENTATION('',(#2406),#2410);
#2406 = LINE('',#2407,#2408);
#2407 = CARTESIAN_POINT('',(0.,-0.6));
#2408 = VECTOR('',#2409,1.);
#2409 = DIRECTION('',(1.,0.));
#2410 = ( GEOMETRIC_REPRESENTATION_CONTEXT(2) 
PARAMETRIC_REPRESENTATION_CONTEXT() REPRESENTATION_CONTEXT('2D SPACE',''
  ) );
#2411 = PCURVE('',#2412,#2417);
#2412 = PLANE('',#2413);
#2413 = AXIS2_PLACEMENT_3D('',#2414,#2415,#2416);
#2414 = CARTESIAN_POINT('',(-23.24674486497,-9.115311393725,0.6));
#2415 = DIRECTION('',(-0.,-0.,1.));
#2416 = DIRECTION('',(-1.,0.,0.));
#2417 = DEFINITIONAL_REPRESENTATION('',(#2418),#2426);
#2418 = ( BOUNDED_CURVE() B_SPLINE_CURVE(2,(#2419,#2420,#2421,#2422,
#2423,#2424,#2425),.UNSPECIFIED.,.T.,.F.) B_SPLINE_CURVE_WITH_KNOTS((1,2
    ,2,2,2,1),(-2.094395102393,0.,2.094395102393,4.188790204786,
6.28318530718,8.377580409573),.UNSPECIFIED.) CURVE() 
GEOMETRIC_REPRESENTATION_ITEM() RATIONAL_B_SPLINE_CURVE((1.,0.5,1.,0.5,
1.,0.5,1.)) REPRESENTATION_ITEM('') );
#2419 = CARTESIAN_POINT('',(6.434823530696,-7.315584952504));
#2420 = CARTESIAN_POINT('',(6.434823530696,-5.653068880014));
#2421 = CARTESIAN_POINT('',(7.874604683673,-6.484326916259));
#2422 = CARTESIAN_POINT('',(9.31438583665,-7.315584952504));
#2423 = CARTESIAN_POINT('',(7.874604683673,-8.14684298875));
#2424 = CARTESIAN_POINT('',(6.434823530696,-8.978101024995));
#2425 = CARTESIAN_POINT('',(6.434823530696,-7.315584952504));
#2426 = ( GEOMETRIC_REPRESENTATION_CONTEXT(2) 
PARAMETRIC_REPRESENTATION_CONTEXT() REPRESENTATION_CONTEXT('2D SPACE',''
  ) );
#2427 = ORIENTED_EDGE('',*,*,#2367,.F.);
#2428 = ORIENTED_EDGE('',*,*,#2429,.F.);
#2429 = EDGE_CURVE('',#2368,#2368,#2430,.T.);
#2430 = SURFACE_CURVE('',#2431,(#2436,#2443),.PCURVE_S1.);
#2431 = CIRCLE('',#2432,0.959854101985);
#2432 = AXIS2_PLACEMENT_3D('',#2433,#2434,#2435);
#2433 = CARTESIAN_POINT('',(-30.64142249765,-1.799726441221,0.));
#2434 = DIRECTION('',(-0.,0.,-1.));
#2435 = DIRECTION('',(1.,-0.,-0.));
#2436 = PCURVE('',#2378,#2437);
#2437 = DEFINITIONAL_REPRESENTATION('',(#2438),#2442);
#2438 = LINE('',#2439,#2440);
#2439 = CARTESIAN_POINT('',(0.,0.));
#2440 = VECTOR('',#2441,1.);
#2441 = DIRECTION('',(1.,0.));
#2442 = ( GEOMETRIC_REPRESENTATION_CONTEXT(2) 
PARAMETRIC_REPRESENTATION_CONTEXT() REPRESENTATION_CONTEXT('2D SPACE',''
  ) );
#2443 = PCURVE('',#2444,#2449);
#2444 = PLANE('',#2445);
#2445 = AXIS2_PLACEMENT_3D('',#2446,#2447,#2448);
#2446 = CARTESIAN_POINT('',(-23.24674486497,-9.115311393725,0.));
#2447 = DIRECTION('',(-0.,-0.,1.));
#2448 = DIRECTION('',(-1.,0.,0.));
#2449 = DEFINITIONAL_REPRESENTATION('',(#2450),#2458);
#2450 = ( BOUNDED_CURVE() B_SPLINE_CURVE(2,(#2451,#2452,#2453,#2454,
#2455,#2456,#2457),.UNSPECIFIED.,.T.,.F.) B_SPLINE_CURVE_WITH_KNOTS((1,2
    ,2,2,2,1),(-2.094395102393,0.,2.094395102393,4.188790204786,
6.28318530718,8.377580409573),.UNSPECIFIED.) CURVE() 
GEOMETRIC_REPRESENTATION_ITEM() RATIONAL_B_SPLINE_CURVE((1.,0.5,1.,0.5,
1.,0.5,1.)) REPRESENTATION_ITEM('') );
#2451 = CARTESIAN_POINT('',(6.434823530696,-7.315584952504));
#2452 = CARTESIAN_POINT('',(6.434823530696,-5.653068880014));
#2453 = CARTESIAN_POINT('',(7.874604683673,-6.484326916259));
#2454 = CARTESIAN_POINT('',(9.31438583665,-7.315584952504));
#2455 = CARTESIAN_POINT('',(7.874604683673,-8.14684298875));
#2456 = CARTESIAN_POINT('',(6.434823530696,-8.978101024995));
#2457 = CARTESIAN_POINT('',(6.434823530696,-7.315584952504));
#2458 = ( GEOMETRIC_REPRESENTATION_CONTEXT(2) 
PARAMETRIC_REPRESENTATION_CONTEXT() REPRESENTATION_CONTEXT('2D SPACE',''
  ) );
#2459 = ADVANCED_FACE('',(#2460),#2444,.F.);
#2460 = FACE_BOUND('',#2461,.T.);
#2461 = EDGE_LOOP('',(#2462));
#2462 = ORIENTED_EDGE('',*,*,#2429,.T.);
#2463 = ADVANCED_FACE('',(#2464),#2412,.T.);
#2464 = FACE_BOUND('',#2465,.F.);
#2465 = EDGE_LOOP('',(#2466));
#2466 = ORIENTED_EDGE('',*,*,#2397,.T.);
#2467 = MANIFOLD_SOLID_BREP('',#2468);
#2468 = CLOSED_SHELL('',(#2469,#2589,#2665,#2741,#2817,#2893,#2969,#3045
    ,#3121,#3197,#3273,#3349,#3425,#3501,#3577,#3653,#3729,#3805,#3876,
    #3923,#3945));
#2469 = ADVANCED_FACE('',(#2470),#2484,.T.);
#2470 = FACE_BOUND('',#2471,.T.);
#2471 = EDGE_LOOP('',(#2472,#2507,#2535,#2563));
#2472 = ORIENTED_EDGE('',*,*,#2473,.T.);
#2473 = EDGE_CURVE('',#2474,#2476,#2478,.T.);
#2474 = VERTEX_POINT('',#2475);
#2475 = CARTESIAN_POINT('',(-2.675113382231,-1.919708203969,0.));
#2476 = VERTEX_POINT('',#2477);
#2477 = CARTESIAN_POINT('',(-2.675113382231,-1.919708203969,0.6));
#2478 = SURFACE_CURVE('',#2479,(#2483,#2495),.PCURVE_S1.);
#2479 = LINE('',#2480,#2481);
#2480 = CARTESIAN_POINT('',(-2.675113382231,-1.919708203969,0.));
#2481 = VECTOR('',#2482,1.);
#2482 = DIRECTION('',(0.,-0.,1.));
#2483 = PCURVE('',#2484,#2489);
#2484 = PLANE('',#2485);
#2485 = AXIS2_PLACEMENT_3D('',#2486,#2487,#2488);
#2486 = CARTESIAN_POINT('',(-2.675113382231,-1.919708203969,0.));
#2487 = DIRECTION('',(-1.,0.,0.));
#2488 = DIRECTION('',(0.,1.,-0.));
#2489 = DEFINITIONAL_REPRESENTATION('',(#2490),#2494);
#2490 = LINE('',#2491,#2492);
#2491 = CARTESIAN_POINT('',(0.,0.));
#2492 = VECTOR('',#2493,1.);
#2493 = DIRECTION('',(0.,-1.));
#2494 = ( GEOMETRIC_REPRESENTATION_CONTEXT(2) 
PARAMETRIC_REPRESENTATION_CONTEXT() REPRESENTATION_CONTEXT('2D SPACE',''
  ) );
#2495 = PCURVE('',#2496,#2501);
#2496 = PLANE('',#2497);
#2497 = AXIS2_PLACEMENT_3D('',#2498,#2499,#2500);
#2498 = CARTESIAN_POINT('',(-0.204448923723,-1.919708203969,0.));
#2499 = DIRECTION('',(0.,-1.,-0.));
#2500 = DIRECTION('',(-1.,-0.,0.));
#2501 = DEFINITIONAL_REPRESENTATION('',(#2502),#2506);
#2502 = LINE('',#2503,#2504);
#2503 = CARTESIAN_POINT('',(2.470664458508,0.));
#2504 = VECTOR('',#2505,1.);
#2505 = DIRECTION('',(0.,-1.));
#2506 = ( GEOMETRIC_REPRESENTATION_CONTEXT(2) 
PARAMETRIC_REPRESENTATION_CONTEXT() REPRESENTATION_CONTEXT('2D SPACE',''
  ) );
#2507 = ORIENTED_EDGE('',*,*,#2508,.T.);
#2508 = EDGE_CURVE('',#2476,#2509,#2511,.T.);
#2509 = VERTEX_POINT('',#2510);
#2510 = CARTESIAN_POINT('',(-2.675113382231,10.139898733365,0.6));
#2511 = SURFACE_CURVE('',#2512,(#2516,#2523),.PCURVE_S1.);
#2512 = LINE('',#2513,#2514);
#2513 = CARTESIAN_POINT('',(-2.675113382231,-1.919708203969,0.6));
#2514 = VECTOR('',#2515,1.);
#2515 = DIRECTION('',(-0.,1.,-0.));
#2516 = PCURVE('',#2484,#2517);
#2517 = DEFINITIONAL_REPRESENTATION('',(#2518),#2522);
#2518 = LINE('',#2519,#2520);
#2519 = CARTESIAN_POINT('',(0.,-0.6));
#2520 = VECTOR('',#2521,1.);
#2521 = DIRECTION('',(1.,0.));
#2522 = ( GEOMETRIC_REPRESENTATION_CONTEXT(2) 
PARAMETRIC_REPRESENTATION_CONTEXT() REPRESENTATION_CONTEXT('2D SPACE',''
  ) );
#2523 = PCURVE('',#2524,#2529);
#2524 = PLANE('',#2525);
#2525 = AXIS2_PLACEMENT_3D('',#2526,#2527,#2528);
#2526 = CARTESIAN_POINT('',(3.061395096504,4.070370105723,0.6));
#2527 = DIRECTION('',(-0.,-0.,1.));
#2528 = DIRECTION('',(-1.,0.,0.));
#2529 = DEFINITIONAL_REPRESENTATION('',(#2530),#2534);
#2530 = LINE('',#2531,#2532);
#2531 = CARTESIAN_POINT('',(5.736508478734,5.990078309692));
#2532 = VECTOR('',#2533,1.);
#2533 = DIRECTION('',(-0.,-1.));
#2534 = ( GEOMETRIC_REPRESENTATION_CONTEXT(2) 
PARAMETRIC_REPRESENTATION_CONTEXT() REPRESENTATION_CONTEXT('2D SPACE',''
  ) );
#2535 = ORIENTED_EDGE('',*,*,#2536,.F.);
#2536 = EDGE_CURVE('',#2537,#2509,#2539,.T.);
#2537 = VERTEX_POINT('',#2538);
#2538 = CARTESIAN_POINT('',(-2.675113382231,10.139898733365,0.));
#2539 = SURFACE_CURVE('',#2540,(#2544,#2551),.PCURVE_S1.);
#2540 = LINE('',#2541,#2542);
#2541 = CARTESIAN_POINT('',(-2.675113382231,10.139898733365,0.));
#2542 = VECTOR('',#2543,1.);
#2543 = DIRECTION('',(0.,-0.,1.));
#2544 = PCURVE('',#2484,#2545);
#2545 = DEFINITIONAL_REPRESENTATION('',(#2546),#2550);
#2546 = LINE('',#2547,#2548);
#2547 = CARTESIAN_POINT('',(12.059606937334,0.));
#2548 = VECTOR('',#2549,1.);
#2549 = DIRECTION('',(0.,-1.));
#2550 = ( GEOMETRIC_REPRESENTATION_CONTEXT(2) 
PARAMETRIC_REPRESENTATION_CONTEXT() REPRESENTATION_CONTEXT('2D SPACE',''
  ) );
#2551 = PCURVE('',#2552,#2557);
#2552 = PLANE('',#2553);
#2553 = AXIS2_PLACEMENT_3D('',#2554,#2555,#2556);
#2554 = CARTESIAN_POINT('',(-2.675113382231,10.139898733365,0.));
#2555 = DIRECTION('',(0.,1.,0.));
#2556 = DIRECTION('',(1.,0.,-0.));
#2557 = DEFINITIONAL_REPRESENTATION('',(#2558),#2562);
#2558 = LINE('',#2559,#2560);
#2559 = CARTESIAN_POINT('',(0.,0.));
#2560 = VECTOR('',#2561,1.);
#2561 = DIRECTION('',(0.,-1.));
#2562 = ( GEOMETRIC_REPRESENTATION_CONTEXT(2) 
PARAMETRIC_REPRESENTATION_CONTEXT() REPRESENTATION_CONTEXT('2D SPACE',''
  ) );
#2563 = ORIENTED_EDGE('',*,*,#2564,.F.);
#2564 = EDGE_CURVE('',#2474,#2537,#2565,.T.);
#2565 = SURFACE_CURVE('',#2566,(#2570,#2577),.PCURVE_S1.);
#2566 = LINE('',#2567,#2568);
#2567 = CARTESIAN_POINT('',(-2.675113382231,-1.919708203969,0.));
#2568 = VECTOR('',#2569,1.);
#2569 = DIRECTION('',(-0.,1.,-0.));
#2570 = PCURVE('',#2484,#2571);
#2571 = DEFINITIONAL_REPRESENTATION('',(#2572),#2576);
#2572 = LINE('',#2573,#2574);
#2573 = CARTESIAN_POINT('',(0.,0.));
#2574 = VECTOR('',#2575,1.);
#2575 = DIRECTION('',(1.,0.));
#2576 = ( GEOMETRIC_REPRESENTATION_CONTEXT(2) 
PARAMETRIC_REPRESENTATION_CONTEXT() REPRESENTATION_CONTEXT('2D SPACE',''
  ) );
#2577 = PCURVE('',#2578,#2583);
#2578 = PLANE('',#2579);
#2579 = AXIS2_PLACEMENT_3D('',#2580,#2581,#2582);
#2580 = CARTESIAN_POINT('',(3.061395096504,4.070370105723,0.));
#2581 = DIRECTION('',(-0.,-0.,1.));
#2582 = DIRECTION('',(-1.,0.,0.));
#2583 = DEFINITIONAL_REPRESENTATION('',(#2584),#2588);
#2584 = LINE('',#2585,#2586);
#2585 = CARTESIAN_POINT('',(5.736508478734,5.990078309692));
#2586 = VECTOR('',#2587,1.);
#2587 = DIRECTION('',(-0.,-1.));
#2588 = ( GEOMETRIC_REPRESENTATION_CONTEXT(2) 
PARAMETRIC_REPRESENTATION_CONTEXT() REPRESENTATION_CONTEXT('2D SPACE',''
  ) );
#2589 = ADVANCED_FACE('',(#2590),#2552,.T.);
#2590 = FACE_BOUND('',#2591,.T.);
#2591 = EDGE_LOOP('',(#2592,#2593,#2616,#2644));
#2592 = ORIENTED_EDGE('',*,*,#2536,.T.);
#2593 = ORIENTED_EDGE('',*,*,#2594,.T.);
#2594 = EDGE_CURVE('',#2509,#2595,#2597,.T.);
#2595 = VERTEX_POINT('',#2596);
#2596 = CARTESIAN_POINT('',(0.10654380532,10.139898733365,0.6));
#2597 = SURFACE_CURVE('',#2598,(#2602,#2609),.PCURVE_S1.);
#2598 = LINE('',#2599,#2600);
#2599 = CARTESIAN_POINT('',(-2.675113382231,10.139898733365,0.6));
#2600 = VECTOR('',#2601,1.);
#2601 = DIRECTION('',(1.,-0.,-0.));
#2602 = PCURVE('',#2552,#2603);
#2603 = DEFINITIONAL_REPRESENTATION('',(#2604),#2608);
#2604 = LINE('',#2605,#2606);
#2605 = CARTESIAN_POINT('',(0.,-0.6));
#2606 = VECTOR('',#2607,1.);
#2607 = DIRECTION('',(1.,0.));
#2608 = ( GEOMETRIC_REPRESENTATION_CONTEXT(2) 
PARAMETRIC_REPRESENTATION_CONTEXT() REPRESENTATION_CONTEXT('2D SPACE',''
  ) );
#2609 = PCURVE('',#2524,#2610);
#2610 = DEFINITIONAL_REPRESENTATION('',(#2611),#2615);
#2611 = LINE('',#2612,#2613);
#2612 = CARTESIAN_POINT('',(5.736508478734,-6.069528627641));
#2613 = VECTOR('',#2614,1.);
#2614 = DIRECTION('',(-1.,-0.));
#2615 = ( GEOMETRIC_REPRESENTATION_CONTEXT(2) 
PARAMETRIC_REPRESENTATION_CONTEXT() REPRESENTATION_CONTEXT('2D SPACE',''
  ) );
#2616 = ORIENTED_EDGE('',*,*,#2617,.F.);
#2617 = EDGE_CURVE('',#2618,#2595,#2620,.T.);
#2618 = VERTEX_POINT('',#2619);
#2619 = CARTESIAN_POINT('',(0.10654380532,10.139898733365,0.));
#2620 = SURFACE_CURVE('',#2621,(#2625,#2632),.PCURVE_S1.);
#2621 = LINE('',#2622,#2623);
#2622 = CARTESIAN_POINT('',(0.10654380532,10.139898733365,0.));
#2623 = VECTOR('',#2624,1.);
#2624 = DIRECTION('',(0.,-0.,1.));
#2625 = PCURVE('',#2552,#2626);
#2626 = DEFINITIONAL_REPRESENTATION('',(#2627),#2631);
#2627 = LINE('',#2628,#2629);
#2628 = CARTESIAN_POINT('',(2.781657187551,0.));
#2629 = VECTOR('',#2630,1.);
#2630 = DIRECTION('',(0.,-1.));
#2631 = ( GEOMETRIC_REPRESENTATION_CONTEXT(2) 
PARAMETRIC_REPRESENTATION_CONTEXT() REPRESENTATION_CONTEXT('2D SPACE',''
  ) );
#2632 = PCURVE('',#2633,#2638);
#2633 = PLANE('',#2634);
#2634 = AXIS2_PLACEMENT_3D('',#2635,#2636,#2637);
#2635 = CARTESIAN_POINT('',(0.10654380532,10.139898733365,0.));
#2636 = DIRECTION('',(0.886318346443,0.463076439434,0.));
#2637 = DIRECTION('',(0.463076439434,-0.886318346443,-0.));
#2638 = DEFINITIONAL_REPRESENTATION('',(#2639),#2643);
#2639 = LINE('',#2640,#2641);
#2640 = CARTESIAN_POINT('',(-3.823615352532E-15,0.));
#2641 = VECTOR('',#2642,1.);
#2642 = DIRECTION('',(0.,-1.));
#2643 = ( GEOMETRIC_REPRESENTATION_CONTEXT(2) 
PARAMETRIC_REPRESENTATION_CONTEXT() REPRESENTATION_CONTEXT('2D SPACE',''
  ) );
#2644 = ORIENTED_EDGE('',*,*,#2645,.F.);
#2645 = EDGE_CURVE('',#2537,#2618,#2646,.T.);
#2646 = SURFACE_CURVE('',#2647,(#2651,#2658),.PCURVE_S1.);
#2647 = LINE('',#2648,#2649);
#2648 = CARTESIAN_POINT('',(-2.675113382231,10.139898733365,0.));
#2649 = VECTOR('',#2650,1.);
#2650 = DIRECTION('',(1.,-0.,-0.));
#2651 = PCURVE('',#2552,#2652);
#2652 = DEFINITIONAL_REPRESENTATION('',(#2653),#2657);
#2653 = LINE('',#2654,#2655);
#2654 = CARTESIAN_POINT('',(0.,0.));
#2655 = VECTOR('',#2656,1.);
#2656 = DIRECTION('',(1.,0.));
#2657 = ( GEOMETRIC_REPRESENTATION_CONTEXT(2) 
PARAMETRIC_REPRESENTATION_CONTEXT() REPRESENTATION_CONTEXT('2D SPACE',''
  ) );
#2658 = PCURVE('',#2578,#2659);
#2659 = DEFINITIONAL_REPRESENTATION('',(#2660),#2664);
#2660 = LINE('',#2661,#2662);
#2661 = CARTESIAN_POINT('',(5.736508478734,-6.069528627641));
#2662 = VECTOR('',#2663,1.);
#2663 = DIRECTION('',(-1.,-0.));
#2664 = ( GEOMETRIC_REPRESENTATION_CONTEXT(2) 
PARAMETRIC_REPRESENTATION_CONTEXT() REPRESENTATION_CONTEXT('2D SPACE',''
  ) );
#2665 = ADVANCED_FACE('',(#2666),#2633,.T.);
#2666 = FACE_BOUND('',#2667,.T.);
#2667 = EDGE_LOOP('',(#2668,#2669,#2692,#2720));
#2668 = ORIENTED_EDGE('',*,*,#2617,.T.);
#2669 = ORIENTED_EDGE('',*,*,#2670,.T.);
#2670 = EDGE_CURVE('',#2595,#2671,#2673,.T.);
#2671 = VERTEX_POINT('',#2672);
#2672 = CARTESIAN_POINT('',(1.713339572042,7.064526190606,0.6));
#2673 = SURFACE_CURVE('',#2674,(#2678,#2685),.PCURVE_S1.);
#2674 = LINE('',#2675,#2676);
#2675 = CARTESIAN_POINT('',(0.10654380532,10.139898733365,0.6));
#2676 = VECTOR('',#2677,1.);
#2677 = DIRECTION('',(0.463076439434,-0.886318346443,-0.));
#2678 = PCURVE('',#2633,#2679);
#2679 = DEFINITIONAL_REPRESENTATION('',(#2680),#2684);
#2680 = LINE('',#2681,#2682);
#2681 = CARTESIAN_POINT('',(0.,-0.6));
#2682 = VECTOR('',#2683,1.);
#2683 = DIRECTION('',(1.,0.));
#2684 = ( GEOMETRIC_REPRESENTATION_CONTEXT(2) 
PARAMETRIC_REPRESENTATION_CONTEXT() REPRESENTATION_CONTEXT('2D SPACE',''
  ) );
#2685 = PCURVE('',#2524,#2686);
#2686 = DEFINITIONAL_REPRESENTATION('',(#2687),#2691);
#2687 = LINE('',#2688,#2689);
#2688 = CARTESIAN_POINT('',(2.954851291183,-6.069528627641));
#2689 = VECTOR('',#2690,1.);
#2690 = DIRECTION('',(-0.463076439434,0.886318346443));
#2691 = ( GEOMETRIC_REPRESENTATION_CONTEXT(2) 
PARAMETRIC_REPRESENTATION_CONTEXT() REPRESENTATION_CONTEXT('2D SPACE',''
  ) );
#2692 = ORIENTED_EDGE('',*,*,#2693,.F.);
#2693 = EDGE_CURVE('',#2694,#2671,#2696,.T.);
#2694 = VERTEX_POINT('',#2695);
#2695 = CARTESIAN_POINT('',(1.713339572042,7.064526190606,0.));
#2696 = SURFACE_CURVE('',#2697,(#2701,#2708),.PCURVE_S1.);
#2697 = LINE('',#2698,#2699);
#2698 = CARTESIAN_POINT('',(1.713339572042,7.064526190606,0.));
#2699 = VECTOR('',#2700,1.);
#2700 = DIRECTION('',(0.,-0.,1.));
#2701 = PCURVE('',#2633,#2702);
#2702 = DEFINITIONAL_REPRESENTATION('',(#2703),#2707);
#2703 = LINE('',#2704,#2705);
#2704 = CARTESIAN_POINT('',(3.469828369345,0.));
#2705 = VECTOR('',#2706,1.);
#2706 = DIRECTION('',(0.,-1.));
#2707 = ( GEOMETRIC_REPRESENTATION_CONTEXT(2) 
PARAMETRIC_REPRESENTATION_CONTEXT() REPRESENTATION_CONTEXT('2D SPACE',''
  ) );
#2708 = PCURVE('',#2709,#2714);
#2709 = PLANE('',#2710);
#2710 = AXIS2_PLACEMENT_3D('',#2711,#2712,#2713);
#2711 = CARTESIAN_POINT('',(1.713339572042,7.064526190606,0.));
#2712 = DIRECTION('',(0.885947887397,0.463784800114,0.));
#2713 = DIRECTION('',(0.463784800114,-0.885947887397,-0.));
#2714 = DEFINITIONAL_REPRESENTATION('',(#2715),#2719);
#2715 = LINE('',#2716,#2717);
#2716 = CARTESIAN_POINT('',(0.,0.));
#2717 = VECTOR('',#2718,1.);
#2718 = DIRECTION('',(0.,-1.));
#2719 = ( GEOMETRIC_REPRESENTATION_CONTEXT(2) 
PARAMETRIC_REPRESENTATION_CONTEXT() REPRESENTATION_CONTEXT('2D SPACE',''
  ) );
#2720 = ORIENTED_EDGE('',*,*,#2721,.F.);
#2721 = EDGE_CURVE('',#2618,#2694,#2722,.T.);
#2722 = SURFACE_CURVE('',#2723,(#2727,#2734),.PCURVE_S1.);
#2723 = LINE('',#2724,#2725);
#2724 = CARTESIAN_POINT('',(0.10654380532,10.139898733365,0.));
#2725 = VECTOR('',#2726,1.);
#2726 = DIRECTION('',(0.463076439434,-0.886318346443,-0.));
#2727 = PCURVE('',#2633,#2728);
#2728 = DEFINITIONAL_REPRESENTATION('',(#2729),#2733);
#2729 = LINE('',#2730,#2731);
#2730 = CARTESIAN_POINT('',(0.,0.));
#2731 = VECTOR('',#2732,1.);
#2732 = DIRECTION('',(1.,0.));
#2733 = ( GEOMETRIC_REPRESENTATION_CONTEXT(2) 
PARAMETRIC_REPRESENTATION_CONTEXT() REPRESENTATION_CONTEXT('2D SPACE',''
  ) );
#2734 = PCURVE('',#2578,#2735);
#2735 = DEFINITIONAL_REPRESENTATION('',(#2736),#2740);
#2736 = LINE('',#2737,#2738);
#2737 = CARTESIAN_POINT('',(2.954851291183,-6.069528627641));
#2738 = VECTOR('',#2739,1.);
#2739 = DIRECTION('',(-0.463076439434,0.886318346443));
#2740 = ( GEOMETRIC_REPRESENTATION_CONTEXT(2) 
PARAMETRIC_REPRESENTATION_CONTEXT() REPRESENTATION_CONTEXT('2D SPACE',''
  ) );
#2741 = ADVANCED_FACE('',(#2742),#2709,.T.);
#2742 = FACE_BOUND('',#2743,.T.);
#2743 = EDGE_LOOP('',(#2744,#2745,#2768,#2796));
#2744 = ORIENTED_EDGE('',*,*,#2693,.T.);
#2745 = ORIENTED_EDGE('',*,*,#2746,.T.);
#2746 = EDGE_CURVE('',#2671,#2747,#2749,.T.);
#2747 = VERTEX_POINT('',#2748);
#2748 = CARTESIAN_POINT('',(3.060974731229,4.490197489084,0.6));
#2749 = SURFACE_CURVE('',#2750,(#2754,#2761),.PCURVE_S1.);
#2750 = LINE('',#2751,#2752);
#2751 = CARTESIAN_POINT('',(1.713339572042,7.064526190606,0.6));
#2752 = VECTOR('',#2753,1.);
#2753 = DIRECTION('',(0.463784800114,-0.885947887397,-0.));
#2754 = PCURVE('',#2709,#2755);
#2755 = DEFINITIONAL_REPRESENTATION('',(#2756),#2760);
#2756 = LINE('',#2757,#2758);
#2757 = CARTESIAN_POINT('',(0.,-0.6));
#2758 = VECTOR('',#2759,1.);
#2759 = DIRECTION('',(1.,0.));
#2760 = ( GEOMETRIC_REPRESENTATION_CONTEXT(2) 
PARAMETRIC_REPRESENTATION_CONTEXT() REPRESENTATION_CONTEXT('2D SPACE',''
  ) );
#2761 = PCURVE('',#2524,#2762);
#2762 = DEFINITIONAL_REPRESENTATION('',(#2763),#2767);
#2763 = LINE('',#2764,#2765);
#2764 = CARTESIAN_POINT('',(1.348055524461,-2.994156084883));
#2765 = VECTOR('',#2766,1.);
#2766 = DIRECTION('',(-0.463784800114,0.885947887397));
#2767 = ( GEOMETRIC_REPRESENTATION_CONTEXT(2) 
PARAMETRIC_REPRESENTATION_CONTEXT() REPRESENTATION_CONTEXT('2D SPACE',''
  ) );
#2768 = ORIENTED_EDGE('',*,*,#2769,.F.);
#2769 = EDGE_CURVE('',#2770,#2747,#2772,.T.);
#2770 = VERTEX_POINT('',#2771);
#2771 = CARTESIAN_POINT('',(3.060974731229,4.490197489084,0.));
#2772 = SURFACE_CURVE('',#2773,(#2777,#2784),.PCURVE_S1.);
#2773 = LINE('',#2774,#2775);
#2774 = CARTESIAN_POINT('',(3.060974731229,4.490197489084,0.));
#2775 = VECTOR('',#2776,1.);
#2776 = DIRECTION('',(0.,-0.,1.));
#2777 = PCURVE('',#2709,#2778);
#2778 = DEFINITIONAL_REPRESENTATION('',(#2779),#2783);
#2779 = LINE('',#2780,#2781);
#2780 = CARTESIAN_POINT('',(2.905733777509,0.));
#2781 = VECTOR('',#2782,1.);
#2782 = DIRECTION('',(0.,-1.));
#2783 = ( GEOMETRIC_REPRESENTATION_CONTEXT(2) 
PARAMETRIC_REPRESENTATION_CONTEXT() REPRESENTATION_CONTEXT('2D SPACE',''
  ) );
#2784 = PCURVE('',#2785,#2790);
#2785 = PLANE('',#2786);
#2786 = AXIS2_PLACEMENT_3D('',#2787,#2788,#2789);
#2787 = CARTESIAN_POINT('',(3.060974731229,4.490197489084,0.));
#2788 = DIRECTION('',(0.,1.,0.));
#2789 = DIRECTION('',(1.,0.,-0.));
#2790 = DEFINITIONAL_REPRESENTATION('',(#2791),#2795);
#2791 = LINE('',#2792,#2793);
#2792 = CARTESIAN_POINT('',(0.,0.));
#2793 = VECTOR('',#2794,1.);
#2794 = DIRECTION('',(0.,-1.));
#2795 = ( GEOMETRIC_REPRESENTATION_CONTEXT(2) 
PARAMETRIC_REPRESENTATION_CONTEXT() REPRESENTATION_CONTEXT('2D SPACE',''
  ) );
#2796 = ORIENTED_EDGE('',*,*,#2797,.F.);
#2797 = EDGE_CURVE('',#2694,#2770,#2798,.T.);
#2798 = SURFACE_CURVE('',#2799,(#2803,#2810),.PCURVE_S1.);
#2799 = LINE('',#2800,#2801);
#2800 = CARTESIAN_POINT('',(1.713339572042,7.064526190606,0.));
#2801 = VECTOR('',#2802,1.);
#2802 = DIRECTION('',(0.463784800114,-0.885947887397,-0.));
#2803 = PCURVE('',#2709,#2804);
#2804 = DEFINITIONAL_REPRESENTATION('',(#2805),#2809);
#2805 = LINE('',#2806,#2807);
#2806 = CARTESIAN_POINT('',(0.,0.));
#2807 = VECTOR('',#2808,1.);
#2808 = DIRECTION('',(1.,0.));
#2809 = ( GEOMETRIC_REPRESENTATION_CONTEXT(2) 
PARAMETRIC_REPRESENTATION_CONTEXT() REPRESENTATION_CONTEXT('2D SPACE',''
  ) );
#2810 = PCURVE('',#2578,#2811);
#2811 = DEFINITIONAL_REPRESENTATION('',(#2812),#2816);
#2812 = LINE('',#2813,#2814);
#2813 = CARTESIAN_POINT('',(1.348055524461,-2.994156084883));
#2814 = VECTOR('',#2815,1.);
#2815 = DIRECTION('',(-0.463784800114,0.885947887397));
#2816 = ( GEOMETRIC_REPRESENTATION_CONTEXT(2) 
PARAMETRIC_REPRESENTATION_CONTEXT() REPRESENTATION_CONTEXT('2D SPACE',''
  ) );
#2817 = ADVANCED_FACE('',(#2818),#2785,.T.);
#2818 = FACE_BOUND('',#2819,.T.);
#2819 = EDGE_LOOP('',(#2820,#2821,#2844,#2872));
#2820 = ORIENTED_EDGE('',*,*,#2769,.T.);
#2821 = ORIENTED_EDGE('',*,*,#2822,.T.);
#2822 = EDGE_CURVE('',#2747,#2823,#2825,.T.);
#2823 = VERTEX_POINT('',#2824);
#2824 = CARTESIAN_POINT('',(3.0955294789,4.490197489084,0.6));
#2825 = SURFACE_CURVE('',#2826,(#2830,#2837),.PCURVE_S1.);
#2826 = LINE('',#2827,#2828);
#2827 = CARTESIAN_POINT('',(3.060974731229,4.490197489084,0.6));
#2828 = VECTOR('',#2829,1.);
#2829 = DIRECTION('',(1.,-0.,-0.));
#2830 = PCURVE('',#2785,#2831);
#2831 = DEFINITIONAL_REPRESENTATION('',(#2832),#2836);
#2832 = LINE('',#2833,#2834);
#2833 = CARTESIAN_POINT('',(0.,-0.6));
#2834 = VECTOR('',#2835,1.);
#2835 = DIRECTION('',(1.,0.));
#2836 = ( GEOMETRIC_REPRESENTATION_CONTEXT(2) 
PARAMETRIC_REPRESENTATION_CONTEXT() REPRESENTATION_CONTEXT('2D SPACE',''
  ) );
#2837 = PCURVE('',#2524,#2838);
#2838 = DEFINITIONAL_REPRESENTATION('',(#2839),#2843);
#2839 = LINE('',#2840,#2841);
#2840 = CARTESIAN_POINT('',(4.203652749268E-04,-0.41982738336));
#2841 = VECTOR('',#2842,1.);
#2842 = DIRECTION('',(-1.,-0.));
#2843 = ( GEOMETRIC_REPRESENTATION_CONTEXT(2) 
PARAMETRIC_REPRESENTATION_CONTEXT() REPRESENTATION_CONTEXT('2D SPACE',''
  ) );
#2844 = ORIENTED_EDGE('',*,*,#2845,.F.);
#2845 = EDGE_CURVE('',#2846,#2823,#2848,.T.);
#2846 = VERTEX_POINT('',#2847);
#2847 = CARTESIAN_POINT('',(3.0955294789,4.490197489084,0.));
#2848 = SURFACE_CURVE('',#2849,(#2853,#2860),.PCURVE_S1.);
#2849 = LINE('',#2850,#2851);
#2850 = CARTESIAN_POINT('',(3.0955294789,4.490197489084,0.));
#2851 = VECTOR('',#2852,1.);
#2852 = DIRECTION('',(0.,-0.,1.));
#2853 = PCURVE('',#2785,#2854);
#2854 = DEFINITIONAL_REPRESENTATION('',(#2855),#2859);
#2855 = LINE('',#2856,#2857);
#2856 = CARTESIAN_POINT('',(3.455474767144E-02,0.));
#2857 = VECTOR('',#2858,1.);
#2858 = DIRECTION('',(0.,-1.));
#2859 = ( GEOMETRIC_REPRESENTATION_CONTEXT(2) 
PARAMETRIC_REPRESENTATION_CONTEXT() REPRESENTATION_CONTEXT('2D SPACE',''
  ) );
#2860 = PCURVE('',#2861,#2866);
#2861 = PLANE('',#2862);
#2862 = AXIS2_PLACEMENT_3D('',#2863,#2864,#2865);
#2863 = CARTESIAN_POINT('',(3.0955294789,4.490197489084,0.));
#2864 = DIRECTION('',(-0.88838537898,0.459098484439,0.));
#2865 = DIRECTION('',(0.459098484439,0.88838537898,-0.));
#2866 = DEFINITIONAL_REPRESENTATION('',(#2867),#2871);
#2867 = LINE('',#2868,#2869);
#2868 = CARTESIAN_POINT('',(0.,0.));
#2869 = VECTOR('',#2870,1.);
#2870 = DIRECTION('',(0.,-1.));
#2871 = ( GEOMETRIC_REPRESENTATION_CONTEXT(2) 
PARAMETRIC_REPRESENTATION_CONTEXT() REPRESENTATION_CONTEXT('2D SPACE',''
  ) );
#2872 = ORIENTED_EDGE('',*,*,#2873,.F.);
#2873 = EDGE_CURVE('',#2770,#2846,#2874,.T.);
#2874 = SURFACE_CURVE('',#2875,(#2879,#2886),.PCURVE_S1.);
#2875 = LINE('',#2876,#2877);
#2876 = CARTESIAN_POINT('',(3.060974731229,4.490197489084,0.));
#2877 = VECTOR('',#2878,1.);
#2878 = DIRECTION('',(1.,-0.,-0.));
#2879 = PCURVE('',#2785,#2880);
#2880 = DEFINITIONAL_REPRESENTATION('',(#2881),#2885);
#2881 = LINE('',#2882,#2883);
#2882 = CARTESIAN_POINT('',(0.,0.));
#2883 = VECTOR('',#2884,1.);
#2884 = DIRECTION('',(1.,0.));
#2885 = ( GEOMETRIC_REPRESENTATION_CONTEXT(2) 
PARAMETRIC_REPRESENTATION_CONTEXT() REPRESENTATION_CONTEXT('2D SPACE',''
  ) );
#2886 = PCURVE('',#2578,#2887);
#2887 = DEFINITIONAL_REPRESENTATION('',(#2888),#2892);
#2888 = LINE('',#2889,#2890);
#2889 = CARTESIAN_POINT('',(4.203652749268E-04,-0.41982738336));
#2890 = VECTOR('',#2891,1.);
#2891 = DIRECTION('',(-1.,-0.));
#2892 = ( GEOMETRIC_REPRESENTATION_CONTEXT(2) 
PARAMETRIC_REPRESENTATION_CONTEXT() REPRESENTATION_CONTEXT('2D SPACE',''
  ) );
#2893 = ADVANCED_FACE('',(#2894),#2861,.T.);
#2894 = FACE_BOUND('',#2895,.T.);
#2895 = EDGE_LOOP('',(#2896,#2897,#2920,#2948));
#2896 = ORIENTED_EDGE('',*,*,#2845,.T.);
#2897 = ORIENTED_EDGE('',*,*,#2898,.T.);
#2898 = EDGE_CURVE('',#2823,#2899,#2901,.T.);
#2899 = VERTEX_POINT('',#2900);
#2900 = CARTESIAN_POINT('',(4.425887264251,7.064526190606,0.6));
#2901 = SURFACE_CURVE('',#2902,(#2906,#2913),.PCURVE_S1.);
#2902 = LINE('',#2903,#2904);
#2903 = CARTESIAN_POINT('',(3.0955294789,4.490197489084,0.6));
#2904 = VECTOR('',#2905,1.);
#2905 = DIRECTION('',(0.459098484439,0.88838537898,-0.));
#2906 = PCURVE('',#2861,#2907);
#2907 = DEFINITIONAL_REPRESENTATION('',(#2908),#2912);
#2908 = LINE('',#2909,#2910);
#2909 = CARTESIAN_POINT('',(0.,-0.6));
#2910 = VECTOR('',#2911,1.);
#2911 = DIRECTION('',(1.,0.));
#2912 = ( GEOMETRIC_REPRESENTATION_CONTEXT(2) 
PARAMETRIC_REPRESENTATION_CONTEXT() REPRESENTATION_CONTEXT('2D SPACE',''
  ) );
#2913 = PCURVE('',#2524,#2914);
#2914 = DEFINITIONAL_REPRESENTATION('',(#2915),#2919);
#2915 = LINE('',#2916,#2917);
#2916 = CARTESIAN_POINT('',(-3.413438239651E-02,-0.41982738336));
#2917 = VECTOR('',#2918,1.);
#2918 = DIRECTION('',(-0.459098484439,-0.88838537898));
#2919 = ( GEOMETRIC_REPRESENTATION_CONTEXT(2) 
PARAMETRIC_REPRESENTATION_CONTEXT() REPRESENTATION_CONTEXT('2D SPACE',''
  ) );
#2920 = ORIENTED_EDGE('',*,*,#2921,.F.);
#2921 = EDGE_CURVE('',#2922,#2899,#2924,.T.);
#2922 = VERTEX_POINT('',#2923);
#2923 = CARTESIAN_POINT('',(4.425887264251,7.064526190606,0.));
#2924 = SURFACE_CURVE('',#2925,(#2929,#2936),.PCURVE_S1.);
#2925 = LINE('',#2926,#2927);
#2926 = CARTESIAN_POINT('',(4.425887264251,7.064526190606,0.));
#2927 = VECTOR('',#2928,1.);
#2928 = DIRECTION('',(0.,-0.,1.));
#2929 = PCURVE('',#2861,#2930);
#2930 = DEFINITIONAL_REPRESENTATION('',(#2931),#2935);
#2931 = LINE('',#2932,#2933);
#2932 = CARTESIAN_POINT('',(2.897761222138,0.));
#2933 = VECTOR('',#2934,1.);
#2934 = DIRECTION('',(0.,-1.));
#2935 = ( GEOMETRIC_REPRESENTATION_CONTEXT(2) 
PARAMETRIC_REPRESENTATION_CONTEXT() REPRESENTATION_CONTEXT('2D SPACE',''
  ) );
#2936 = PCURVE('',#2937,#2942);
#2937 = PLANE('',#2938);
#2938 = AXIS2_PLACEMENT_3D('',#2939,#2940,#2941);
#2939 = CARTESIAN_POINT('',(4.425887264251,7.064526190606,0.));
#2940 = DIRECTION('',(-0.888358054995,0.459151354267,0.));
#2941 = DIRECTION('',(0.459151354267,0.888358054995,-0.));
#2942 = DEFINITIONAL_REPRESENTATION('',(#2943),#2947);
#2943 = LINE('',#2944,#2945);
#2944 = CARTESIAN_POINT('',(0.,0.));
#2945 = VECTOR('',#2946,1.);
#2946 = DIRECTION('',(0.,-1.));
#2947 = ( GEOMETRIC_REPRESENTATION_CONTEXT(2) 
PARAMETRIC_REPRESENTATION_CONTEXT() REPRESENTATION_CONTEXT('2D SPACE',''
  ) );
#2948 = ORIENTED_EDGE('',*,*,#2949,.F.);
#2949 = EDGE_CURVE('',#2846,#2922,#2950,.T.);
#2950 = SURFACE_CURVE('',#2951,(#2955,#2962),.PCURVE_S1.);
#2951 = LINE('',#2952,#2953);
#2952 = CARTESIAN_POINT('',(3.0955294789,4.490197489084,0.));
#2953 = VECTOR('',#2954,1.);
#2954 = DIRECTION('',(0.459098484439,0.88838537898,-0.));
#2955 = PCURVE('',#2861,#2956);
#2956 = DEFINITIONAL_REPRESENTATION('',(#2957),#2961);
#2957 = LINE('',#2958,#2959);
#2958 = CARTESIAN_POINT('',(0.,0.));
#2959 = VECTOR('',#2960,1.);
#2960 = DIRECTION('',(1.,0.));
#2961 = ( GEOMETRIC_REPRESENTATION_CONTEXT(2) 
PARAMETRIC_REPRESENTATION_CONTEXT() REPRESENTATION_CONTEXT('2D SPACE',''
  ) );
#2962 = PCURVE('',#2578,#2963);
#2963 = DEFINITIONAL_REPRESENTATION('',(#2964),#2968);
#2964 = LINE('',#2965,#2966);
#2965 = CARTESIAN_POINT('',(-3.413438239651E-02,-0.41982738336));
#2966 = VECTOR('',#2967,1.);
#2967 = DIRECTION('',(-0.459098484439,-0.88838537898));
#2968 = ( GEOMETRIC_REPRESENTATION_CONTEXT(2) 
PARAMETRIC_REPRESENTATION_CONTEXT() REPRESENTATION_CONTEXT('2D SPACE',''
  ) );
#2969 = ADVANCED_FACE('',(#2970),#2937,.T.);
#2970 = FACE_BOUND('',#2971,.T.);
#2971 = EDGE_LOOP('',(#2972,#2973,#2996,#3024));
#2972 = ORIENTED_EDGE('',*,*,#2921,.T.);
#2973 = ORIENTED_EDGE('',*,*,#2974,.T.);
#2974 = EDGE_CURVE('',#2899,#2975,#2977,.T.);
#2975 = VERTEX_POINT('',#2976);
#2976 = CARTESIAN_POINT('',(6.015405657137,10.139898733365,0.6));
#2977 = SURFACE_CURVE('',#2978,(#2982,#2989),.PCURVE_S1.);
#2978 = LINE('',#2979,#2980);
#2979 = CARTESIAN_POINT('',(4.425887264251,7.064526190606,0.6));
#2980 = VECTOR('',#2981,1.);
#2981 = DIRECTION('',(0.459151354267,0.888358054995,-0.));
#2982 = PCURVE('',#2937,#2983);
#2983 = DEFINITIONAL_REPRESENTATION('',(#2984),#2988);
#2984 = LINE('',#2985,#2986);
#2985 = CARTESIAN_POINT('',(0.,-0.6));
#2986 = VECTOR('',#2987,1.);
#2987 = DIRECTION('',(1.,0.));
#2988 = ( GEOMETRIC_REPRESENTATION_CONTEXT(2) 
PARAMETRIC_REPRESENTATION_CONTEXT() REPRESENTATION_CONTEXT('2D SPACE',''
  ) );
#2989 = PCURVE('',#2524,#2990);
#2990 = DEFINITIONAL_REPRESENTATION('',(#2991),#2995);
#2991 = LINE('',#2992,#2993);
#2992 = CARTESIAN_POINT('',(-1.364492167747,-2.994156084883));
#2993 = VECTOR('',#2994,1.);
#2994 = DIRECTION('',(-0.459151354267,-0.888358054995));
#2995 = ( GEOMETRIC_REPRESENTATION_CONTEXT(2) 
PARAMETRIC_REPRESENTATION_CONTEXT() REPRESENTATION_CONTEXT('2D SPACE',''
  ) );
#2996 = ORIENTED_EDGE('',*,*,#2997,.F.);
#2997 = EDGE_CURVE('',#2998,#2975,#3000,.T.);
#2998 = VERTEX_POINT('',#2999);
#2999 = CARTESIAN_POINT('',(6.015405657137,10.139898733365,0.));
#3000 = SURFACE_CURVE('',#3001,(#3005,#3012),.PCURVE_S1.);
#3001 = LINE('',#3002,#3003);
#3002 = CARTESIAN_POINT('',(6.015405657137,10.139898733365,0.));
#3003 = VECTOR('',#3004,1.);
#3004 = DIRECTION('',(0.,-0.,1.));
#3005 = PCURVE('',#2937,#3006);
#3006 = DEFINITIONAL_REPRESENTATION('',(#3007),#3011);
#3007 = LINE('',#3008,#3009);
#3008 = CARTESIAN_POINT('',(3.461861493196,0.));
#3009 = VECTOR('',#3010,1.);
#3010 = DIRECTION('',(0.,-1.));
#3011 = ( GEOMETRIC_REPRESENTATION_CONTEXT(2) 
PARAMETRIC_REPRESENTATION_CONTEXT() REPRESENTATION_CONTEXT('2D SPACE',''
  ) );
#3012 = PCURVE('',#3013,#3018);
#3013 = PLANE('',#3014);
#3014 = AXIS2_PLACEMENT_3D('',#3015,#3016,#3017);
#3015 = CARTESIAN_POINT('',(6.015405657137,10.139898733365,0.));
#3016 = DIRECTION('',(0.,1.,0.));
#3017 = DIRECTION('',(1.,0.,-0.));
#3018 = DEFINITIONAL_REPRESENTATION('',(#3019),#3023);
#3019 = LINE('',#3020,#3021);
#3020 = CARTESIAN_POINT('',(0.,0.));
#3021 = VECTOR('',#3022,1.);
#3022 = DIRECTION('',(0.,-1.));
#3023 = ( GEOMETRIC_REPRESENTATION_CONTEXT(2) 
PARAMETRIC_REPRESENTATION_CONTEXT() REPRESENTATION_CONTEXT('2D SPACE',''
  ) );
#3024 = ORIENTED_EDGE('',*,*,#3025,.F.);
#3025 = EDGE_CURVE('',#2922,#2998,#3026,.T.);
#3026 = SURFACE_CURVE('',#3027,(#3031,#3038),.PCURVE_S1.);
#3027 = LINE('',#3028,#3029);
#3028 = CARTESIAN_POINT('',(4.425887264251,7.064526190606,0.));
#3029 = VECTOR('',#3030,1.);
#3030 = DIRECTION('',(0.459151354267,0.888358054995,-0.));
#3031 = PCURVE('',#2937,#3032);
#3032 = DEFINITIONAL_REPRESENTATION('',(#3033),#3037);
#3033 = LINE('',#3034,#3035);
#3034 = CARTESIAN_POINT('',(0.,0.));
#3035 = VECTOR('',#3036,1.);
#3036 = DIRECTION('',(1.,0.));
#3037 = ( GEOMETRIC_REPRESENTATION_CONTEXT(2) 
PARAMETRIC_REPRESENTATION_CONTEXT() REPRESENTATION_CONTEXT('2D SPACE',''
  ) );
#3038 = PCURVE('',#2578,#3039);
#3039 = DEFINITIONAL_REPRESENTATION('',(#3040),#3044);
#3040 = LINE('',#3041,#3042);
#3041 = CARTESIAN_POINT('',(-1.364492167747,-2.994156084883));
#3042 = VECTOR('',#3043,1.);
#3043 = DIRECTION('',(-0.459151354267,-0.888358054995));
#3044 = ( GEOMETRIC_REPRESENTATION_CONTEXT(2) 
PARAMETRIC_REPRESENTATION_CONTEXT() REPRESENTATION_CONTEXT('2D SPACE',''
  ) );
#3045 = ADVANCED_FACE('',(#3046),#3013,.T.);
#3046 = FACE_BOUND('',#3047,.T.);
#3047 = EDGE_LOOP('',(#3048,#3049,#3072,#3100));
#3048 = ORIENTED_EDGE('',*,*,#2997,.T.);
#3049 = ORIENTED_EDGE('',*,*,#3050,.T.);
#3050 = EDGE_CURVE('',#2975,#3051,#3053,.T.);
#3051 = VERTEX_POINT('',#3052);
#3052 = CARTESIAN_POINT('',(8.814340218524,10.139898733365,0.6));
#3053 = SURFACE_CURVE('',#3054,(#3058,#3065),.PCURVE_S1.);
#3054 = LINE('',#3055,#3056);
#3055 = CARTESIAN_POINT('',(6.015405657137,10.139898733365,0.6));
#3056 = VECTOR('',#3057,1.);
#3057 = DIRECTION('',(1.,-0.,-0.));
#3058 = PCURVE('',#3013,#3059);
#3059 = DEFINITIONAL_REPRESENTATION('',(#3060),#3064);
#3060 = LINE('',#3061,#3062);
#3061 = CARTESIAN_POINT('',(0.,-0.6));
#3062 = VECTOR('',#3063,1.);
#3063 = DIRECTION('',(1.,0.));
#3064 = ( GEOMETRIC_REPRESENTATION_CONTEXT(2) 
PARAMETRIC_REPRESENTATION_CONTEXT() REPRESENTATION_CONTEXT('2D SPACE',''
  ) );
#3065 = PCURVE('',#2524,#3066);
#3066 = DEFINITIONAL_REPRESENTATION('',(#3067),#3071);
#3067 = LINE('',#3068,#3069);
#3068 = CARTESIAN_POINT('',(-2.954010560633,-6.069528627641));
#3069 = VECTOR('',#3070,1.);
#3070 = DIRECTION('',(-1.,-0.));
#3071 = ( GEOMETRIC_REPRESENTATION_CONTEXT(2) 
PARAMETRIC_REPRESENTATION_CONTEXT() REPRESENTATION_CONTEXT('2D SPACE',''
  ) );
#3072 = ORIENTED_EDGE('',*,*,#3073,.F.);
#3073 = EDGE_CURVE('',#3074,#3051,#3076,.T.);
#3074 = VERTEX_POINT('',#3075);
#3075 = CARTESIAN_POINT('',(8.814340218524,10.139898733365,0.));
#3076 = SURFACE_CURVE('',#3077,(#3081,#3088),.PCURVE_S1.);
#3077 = LINE('',#3078,#3079);
#3078 = CARTESIAN_POINT('',(8.814340218524,10.139898733365,0.));
#3079 = VECTOR('',#3080,1.);
#3080 = DIRECTION('',(0.,-0.,1.));
#3081 = PCURVE('',#3013,#3082);
#3082 = DEFINITIONAL_REPRESENTATION('',(#3083),#3087);
#3083 = LINE('',#3084,#3085);
#3084 = CARTESIAN_POINT('',(2.798934561387,0.));
#3085 = VECTOR('',#3086,1.);
#3086 = DIRECTION('',(0.,-1.));
#3087 = ( GEOMETRIC_REPRESENTATION_CONTEXT(2) 
PARAMETRIC_REPRESENTATION_CONTEXT() REPRESENTATION_CONTEXT('2D SPACE',''
  ) );
#3088 = PCURVE('',#3089,#3094);
#3089 = PLANE('',#3090);
#3090 = AXIS2_PLACEMENT_3D('',#3091,#3092,#3093);
#3091 = CARTESIAN_POINT('',(8.814340218524,10.139898733365,0.));
#3092 = DIRECTION('',(1.,0.,-0.));
#3093 = DIRECTION('',(0.,-1.,-0.));
#3094 = DEFINITIONAL_REPRESENTATION('',(#3095),#3099);
#3095 = LINE('',#3096,#3097);
#3096 = CARTESIAN_POINT('',(-3.552713678801E-15,0.));
#3097 = VECTOR('',#3098,1.);
#3098 = DIRECTION('',(0.,-1.));
#3099 = ( GEOMETRIC_REPRESENTATION_CONTEXT(2) 
PARAMETRIC_REPRESENTATION_CONTEXT() REPRESENTATION_CONTEXT('2D SPACE',''
  ) );
#3100 = ORIENTED_EDGE('',*,*,#3101,.F.);
#3101 = EDGE_CURVE('',#2998,#3074,#3102,.T.);
#3102 = SURFACE_CURVE('',#3103,(#3107,#3114),.PCURVE_S1.);
#3103 = LINE('',#3104,#3105);
#3104 = CARTESIAN_POINT('',(6.015405657137,10.139898733365,0.));
#3105 = VECTOR('',#3106,1.);
#3106 = DIRECTION('',(1.,-0.,-0.));
#3107 = PCURVE('',#3013,#3108);
#3108 = DEFINITIONAL_REPRESENTATION('',(#3109),#3113);
#3109 = LINE('',#3110,#3111);
#3110 = CARTESIAN_POINT('',(0.,0.));
#3111 = VECTOR('',#3112,1.);
#3112 = DIRECTION('',(1.,0.));
#3113 = ( GEOMETRIC_REPRESENTATION_CONTEXT(2) 
PARAMETRIC_REPRESENTATION_CONTEXT() REPRESENTATION_CONTEXT('2D SPACE',''
  ) );
#3114 = PCURVE('',#2578,#3115);
#3115 = DEFINITIONAL_REPRESENTATION('',(#3116),#3120);
#3116 = LINE('',#3117,#3118);
#3117 = CARTESIAN_POINT('',(-2.954010560633,-6.069528627641));
#3118 = VECTOR('',#3119,1.);
#3119 = DIRECTION('',(-1.,-0.));
#3120 = ( GEOMETRIC_REPRESENTATION_CONTEXT(2) 
PARAMETRIC_REPRESENTATION_CONTEXT() REPRESENTATION_CONTEXT('2D SPACE',''
  ) );
#3121 = ADVANCED_FACE('',(#3122),#3089,.T.);
#3122 = FACE_BOUND('',#3123,.T.);
#3123 = EDGE_LOOP('',(#3124,#3125,#3148,#3176));
#3124 = ORIENTED_EDGE('',*,*,#3073,.T.);
#3125 = ORIENTED_EDGE('',*,*,#3126,.T.);
#3126 = EDGE_CURVE('',#3051,#3127,#3129,.T.);
#3127 = VERTEX_POINT('',#3128);
#3128 = CARTESIAN_POINT('',(8.814340218524,-1.919708203969,0.6));
#3129 = SURFACE_CURVE('',#3130,(#3134,#3141),.PCURVE_S1.);
#3130 = LINE('',#3131,#3132);
#3131 = CARTESIAN_POINT('',(8.814340218524,10.139898733365,0.6));
#3132 = VECTOR('',#3133,1.);
#3133 = DIRECTION('',(-0.,-1.,-0.));
#3134 = PCURVE('',#3089,#3135);
#3135 = DEFINITIONAL_REPRESENTATION('',(#3136),#3140);
#3136 = LINE('',#3137,#3138);
#3137 = CARTESIAN_POINT('',(0.,-0.6));
#3138 = VECTOR('',#3139,1.);
#3139 = DIRECTION('',(1.,0.));
#3140 = ( GEOMETRIC_REPRESENTATION_CONTEXT(2) 
PARAMETRIC_REPRESENTATION_CONTEXT() REPRESENTATION_CONTEXT('2D SPACE',''
  ) );
#3141 = PCURVE('',#2524,#3142);
#3142 = DEFINITIONAL_REPRESENTATION('',(#3143),#3147);
#3143 = LINE('',#3144,#3145);
#3144 = CARTESIAN_POINT('',(-5.75294512202,-6.069528627641));
#3145 = VECTOR('',#3146,1.);
#3146 = DIRECTION('',(-0.,1.));
#3147 = ( GEOMETRIC_REPRESENTATION_CONTEXT(2) 
PARAMETRIC_REPRESENTATION_CONTEXT() REPRESENTATION_CONTEXT('2D SPACE',''
  ) );
#3148 = ORIENTED_EDGE('',*,*,#3149,.F.);
#3149 = EDGE_CURVE('',#3150,#3127,#3152,.T.);
#3150 = VERTEX_POINT('',#3151);
#3151 = CARTESIAN_POINT('',(8.814340218524,-1.919708203969,0.));
#3152 = SURFACE_CURVE('',#3153,(#3157,#3164),.PCURVE_S1.);
#3153 = LINE('',#3154,#3155);
#3154 = CARTESIAN_POINT('',(8.814340218524,-1.919708203969,0.));
#3155 = VECTOR('',#3156,1.);
#3156 = DIRECTION('',(0.,-0.,1.));
#3157 = PCURVE('',#3089,#3158);
#3158 = DEFINITIONAL_REPRESENTATION('',(#3159),#3163);
#3159 = LINE('',#3160,#3161);
#3160 = CARTESIAN_POINT('',(12.059606937334,-0.));
#3161 = VECTOR('',#3162,1.);
#3162 = DIRECTION('',(0.,-1.));
#3163 = ( GEOMETRIC_REPRESENTATION_CONTEXT(2) 
PARAMETRIC_REPRESENTATION_CONTEXT() REPRESENTATION_CONTEXT('2D SPACE',''
  ) );
#3164 = PCURVE('',#3165,#3170);
#3165 = PLANE('',#3166);
#3166 = AXIS2_PLACEMENT_3D('',#3167,#3168,#3169);
#3167 = CARTESIAN_POINT('',(8.814340218524,-1.919708203969,0.));
#3168 = DIRECTION('',(0.,-1.,-0.));
#3169 = DIRECTION('',(-1.,-0.,0.));
#3170 = DEFINITIONAL_REPRESENTATION('',(#3171),#3175);
#3171 = LINE('',#3172,#3173);
#3172 = CARTESIAN_POINT('',(0.,0.));
#3173 = VECTOR('',#3174,1.);
#3174 = DIRECTION('',(0.,-1.));
#3175 = ( GEOMETRIC_REPRESENTATION_CONTEXT(2) 
PARAMETRIC_REPRESENTATION_CONTEXT() REPRESENTATION_CONTEXT('2D SPACE',''
  ) );
#3176 = ORIENTED_EDGE('',*,*,#3177,.F.);
#3177 = EDGE_CURVE('',#3074,#3150,#3178,.T.);
#3178 = SURFACE_CURVE('',#3179,(#3183,#3190),.PCURVE_S1.);
#3179 = LINE('',#3180,#3181);
#3180 = CARTESIAN_POINT('',(8.814340218524,10.139898733365,0.));
#3181 = VECTOR('',#3182,1.);
#3182 = DIRECTION('',(-0.,-1.,-0.));
#3183 = PCURVE('',#3089,#3184);
#3184 = DEFINITIONAL_REPRESENTATION('',(#3185),#3189);
#3185 = LINE('',#3186,#3187);
#3186 = CARTESIAN_POINT('',(0.,0.));
#3187 = VECTOR('',#3188,1.);
#3188 = DIRECTION('',(1.,0.));
#3189 = ( GEOMETRIC_REPRESENTATION_CONTEXT(2) 
PARAMETRIC_REPRESENTATION_CONTEXT() REPRESENTATION_CONTEXT('2D SPACE',''
  ) );
#3190 = PCURVE('',#2578,#3191);
#3191 = DEFINITIONAL_REPRESENTATION('',(#3192),#3196);
#3192 = LINE('',#3193,#3194);
#3193 = CARTESIAN_POINT('',(-5.75294512202,-6.069528627641));
#3194 = VECTOR('',#3195,1.);
#3195 = DIRECTION('',(-0.,1.));
#3196 = ( GEOMETRIC_REPRESENTATION_CONTEXT(2) 
PARAMETRIC_REPRESENTATION_CONTEXT() REPRESENTATION_CONTEXT('2D SPACE',''
  ) );
#3197 = ADVANCED_FACE('',(#3198),#3165,.T.);
#3198 = FACE_BOUND('',#3199,.T.);
#3199 = EDGE_LOOP('',(#3200,#3201,#3224,#3252));
#3200 = ORIENTED_EDGE('',*,*,#3149,.T.);
#3201 = ORIENTED_EDGE('',*,*,#3202,.T.);
#3202 = EDGE_CURVE('',#3127,#3203,#3205,.T.);
#3203 = VERTEX_POINT('',#3204);
#3204 = CARTESIAN_POINT('',(6.343675760016,-1.919708203969,0.6));
#3205 = SURFACE_CURVE('',#3206,(#3210,#3217),.PCURVE_S1.);
#3206 = LINE('',#3207,#3208);
#3207 = CARTESIAN_POINT('',(8.814340218524,-1.919708203969,0.6));
#3208 = VECTOR('',#3209,1.);
#3209 = DIRECTION('',(-1.,-0.,0.));
#3210 = PCURVE('',#3165,#3211);
#3211 = DEFINITIONAL_REPRESENTATION('',(#3212),#3216);
#3212 = LINE('',#3213,#3214);
#3213 = CARTESIAN_POINT('',(0.,-0.6));
#3214 = VECTOR('',#3215,1.);
#3215 = DIRECTION('',(1.,0.));
#3216 = ( GEOMETRIC_REPRESENTATION_CONTEXT(2) 
PARAMETRIC_REPRESENTATION_CONTEXT() REPRESENTATION_CONTEXT('2D SPACE',''
  ) );
#3217 = PCURVE('',#2524,#3218);
#3218 = DEFINITIONAL_REPRESENTATION('',(#3219),#3223);
#3219 = LINE('',#3220,#3221);
#3220 = CARTESIAN_POINT('',(-5.75294512202,5.990078309692));
#3221 = VECTOR('',#3222,1.);
#3222 = DIRECTION('',(1.,-0.));
#3223 = ( GEOMETRIC_REPRESENTATION_CONTEXT(2) 
PARAMETRIC_REPRESENTATION_CONTEXT() REPRESENTATION_CONTEXT('2D SPACE',''
  ) );
#3224 = ORIENTED_EDGE('',*,*,#3225,.F.);
#3225 = EDGE_CURVE('',#3226,#3203,#3228,.T.);
#3226 = VERTEX_POINT('',#3227);
#3227 = CARTESIAN_POINT('',(6.343675760016,-1.919708203969,0.));
#3228 = SURFACE_CURVE('',#3229,(#3233,#3240),.PCURVE_S1.);
#3229 = LINE('',#3230,#3231);
#3230 = CARTESIAN_POINT('',(6.343675760016,-1.919708203969,0.));
#3231 = VECTOR('',#3232,1.);
#3232 = DIRECTION('',(0.,-0.,1.));
#3233 = PCURVE('',#3165,#3234);
#3234 = DEFINITIONAL_REPRESENTATION('',(#3235),#3239);
#3235 = LINE('',#3236,#3237);
#3236 = CARTESIAN_POINT('',(2.470664458508,0.));
#3237 = VECTOR('',#3238,1.);
#3238 = DIRECTION('',(0.,-1.));
#3239 = ( GEOMETRIC_REPRESENTATION_CONTEXT(2) 
PARAMETRIC_REPRESENTATION_CONTEXT() REPRESENTATION_CONTEXT('2D SPACE',''
  ) );
#3240 = PCURVE('',#3241,#3246);
#3241 = PLANE('',#3242);
#3242 = AXIS2_PLACEMENT_3D('',#3243,#3244,#3245);
#3243 = CARTESIAN_POINT('',(6.343675760016,-1.919708203969,0.));
#3244 = DIRECTION('',(-1.,0.,0.));
#3245 = DIRECTION('',(0.,1.,-0.));
#3246 = DEFINITIONAL_REPRESENTATION('',(#3247),#3251);
#3247 = LINE('',#3248,#3249);
#3248 = CARTESIAN_POINT('',(0.,0.));
#3249 = VECTOR('',#3250,1.);
#3250 = DIRECTION('',(0.,-1.));
#3251 = ( GEOMETRIC_REPRESENTATION_CONTEXT(2) 
PARAMETRIC_REPRESENTATION_CONTEXT() REPRESENTATION_CONTEXT('2D SPACE',''
  ) );
#3252 = ORIENTED_EDGE('',*,*,#3253,.F.);
#3253 = EDGE_CURVE('',#3150,#3226,#3254,.T.);
#3254 = SURFACE_CURVE('',#3255,(#3259,#3266),.PCURVE_S1.);
#3255 = LINE('',#3256,#3257);
#3256 = CARTESIAN_POINT('',(8.814340218524,-1.919708203969,0.));
#3257 = VECTOR('',#3258,1.);
#3258 = DIRECTION('',(-1.,-0.,0.));
#3259 = PCURVE('',#3165,#3260);
#3260 = DEFINITIONAL_REPRESENTATION('',(#3261),#3265);
#3261 = LINE('',#3262,#3263);
#3262 = CARTESIAN_POINT('',(0.,0.));
#3263 = VECTOR('',#3264,1.);
#3264 = DIRECTION('',(1.,0.));
#3265 = ( GEOMETRIC_REPRESENTATION_CONTEXT(2) 
PARAMETRIC_REPRESENTATION_CONTEXT() REPRESENTATION_CONTEXT('2D SPACE',''
  ) );
#3266 = PCURVE('',#2578,#3267);
#3267 = DEFINITIONAL_REPRESENTATION('',(#3268),#3272);
#3268 = LINE('',#3269,#3270);
#3269 = CARTESIAN_POINT('',(-5.75294512202,5.990078309692));
#3270 = VECTOR('',#3271,1.);
#3271 = DIRECTION('',(1.,-0.));
#3272 = ( GEOMETRIC_REPRESENTATION_CONTEXT(2) 
PARAMETRIC_REPRESENTATION_CONTEXT() REPRESENTATION_CONTEXT('2D SPACE',''
  ) );
#3273 = ADVANCED_FACE('',(#3274),#3241,.T.);
#3274 = FACE_BOUND('',#3275,.T.);
#3275 = EDGE_LOOP('',(#3276,#3277,#3300,#3328));
#3276 = ORIENTED_EDGE('',*,*,#3225,.T.);
#3277 = ORIENTED_EDGE('',*,*,#3278,.T.);
#3278 = EDGE_CURVE('',#3203,#3279,#3281,.T.);
#3279 = VERTEX_POINT('',#3280);
#3280 = CARTESIAN_POINT('',(6.343675760016,5.993329012791,0.6));
#3281 = SURFACE_CURVE('',#3282,(#3286,#3293),.PCURVE_S1.);
#3282 = LINE('',#3283,#3284);
#3283 = CARTESIAN_POINT('',(6.343675760016,-1.919708203969,0.6));
#3284 = VECTOR('',#3285,1.);
#3285 = DIRECTION('',(-0.,1.,-0.));
#3286 = PCURVE('',#3241,#3287);
#3287 = DEFINITIONAL_REPRESENTATION('',(#3288),#3292);
#3288 = LINE('',#3289,#3290);
#3289 = CARTESIAN_POINT('',(0.,-0.6));
#3290 = VECTOR('',#3291,1.);
#3291 = DIRECTION('',(1.,0.));
#3292 = ( GEOMETRIC_REPRESENTATION_CONTEXT(2) 
PARAMETRIC_REPRESENTATION_CONTEXT() REPRESENTATION_CONTEXT('2D SPACE',''
  ) );
#3293 = PCURVE('',#2524,#3294);
#3294 = DEFINITIONAL_REPRESENTATION('',(#3295),#3299);
#3295 = LINE('',#3296,#3297);
#3296 = CARTESIAN_POINT('',(-3.282280663512,5.990078309692));
#3297 = VECTOR('',#3298,1.);
#3298 = DIRECTION('',(-0.,-1.));
#3299 = ( GEOMETRIC_REPRESENTATION_CONTEXT(2) 
PARAMETRIC_REPRESENTATION_CONTEXT() REPRESENTATION_CONTEXT('2D SPACE',''
  ) );
#3300 = ORIENTED_EDGE('',*,*,#3301,.F.);
#3301 = EDGE_CURVE('',#3302,#3279,#3304,.T.);
#3302 = VERTEX_POINT('',#3303);
#3303 = CARTESIAN_POINT('',(6.343675760016,5.993329012791,0.));
#3304 = SURFACE_CURVE('',#3305,(#3309,#3316),.PCURVE_S1.);
#3305 = LINE('',#3306,#3307);
#3306 = CARTESIAN_POINT('',(6.343675760016,5.993329012791,0.));
#3307 = VECTOR('',#3308,1.);
#3308 = DIRECTION('',(0.,-0.,1.));
#3309 = PCURVE('',#3241,#3310);
#3310 = DEFINITIONAL_REPRESENTATION('',(#3311),#3315);
#3311 = LINE('',#3312,#3313);
#3312 = CARTESIAN_POINT('',(7.91303721676,0.));
#3313 = VECTOR('',#3314,1.);
#3314 = DIRECTION('',(0.,-1.));
#3315 = ( GEOMETRIC_REPRESENTATION_CONTEXT(2) 
PARAMETRIC_REPRESENTATION_CONTEXT() REPRESENTATION_CONTEXT('2D SPACE',''
  ) );
#3316 = PCURVE('',#3317,#3322);
#3317 = PLANE('',#3318);
#3318 = AXIS2_PLACEMENT_3D('',#3319,#3320,#3321);
#3319 = CARTESIAN_POINT('',(6.343675760016,5.993329012791,0.));
#3320 = DIRECTION('',(0.,-1.,-0.));
#3321 = DIRECTION('',(-1.,-0.,0.));
#3322 = DEFINITIONAL_REPRESENTATION('',(#3323),#3327);
#3323 = LINE('',#3324,#3325);
#3324 = CARTESIAN_POINT('',(0.,0.));
#3325 = VECTOR('',#3326,1.);
#3326 = DIRECTION('',(0.,-1.));
#3327 = ( GEOMETRIC_REPRESENTATION_CONTEXT(2) 
PARAMETRIC_REPRESENTATION_CONTEXT() REPRESENTATION_CONTEXT('2D SPACE',''
  ) );
#3328 = ORIENTED_EDGE('',*,*,#3329,.F.);
#3329 = EDGE_CURVE('',#3226,#3302,#3330,.T.);
#3330 = SURFACE_CURVE('',#3331,(#3335,#3342),.PCURVE_S1.);
#3331 = LINE('',#3332,#3333);
#3332 = CARTESIAN_POINT('',(6.343675760016,-1.919708203969,0.));
#3333 = VECTOR('',#3334,1.);
#3334 = DIRECTION('',(-0.,1.,-0.));
#3335 = PCURVE('',#3241,#3336);
#3336 = DEFINITIONAL_REPRESENTATION('',(#3337),#3341);
#3337 = LINE('',#3338,#3339);
#3338 = CARTESIAN_POINT('',(0.,0.));
#3339 = VECTOR('',#3340,1.);
#3340 = DIRECTION('',(1.,0.));
#3341 = ( GEOMETRIC_REPRESENTATION_CONTEXT(2) 
PARAMETRIC_REPRESENTATION_CONTEXT() REPRESENTATION_CONTEXT('2D SPACE',''
  ) );
#3342 = PCURVE('',#2578,#3343);
#3343 = DEFINITIONAL_REPRESENTATION('',(#3344),#3348);
#3344 = LINE('',#3345,#3346);
#3345 = CARTESIAN_POINT('',(-3.282280663512,5.990078309692));
#3346 = VECTOR('',#3347,1.);
#3347 = DIRECTION('',(-0.,-1.));
#3348 = ( GEOMETRIC_REPRESENTATION_CONTEXT(2) 
PARAMETRIC_REPRESENTATION_CONTEXT() REPRESENTATION_CONTEXT('2D SPACE',''
  ) );
#3349 = ADVANCED_FACE('',(#3350),#3317,.T.);
#3350 = FACE_BOUND('',#3351,.T.);
#3351 = EDGE_LOOP('',(#3352,#3353,#3376,#3404));
#3352 = ORIENTED_EDGE('',*,*,#3301,.T.);
#3353 = ORIENTED_EDGE('',*,*,#3354,.T.);
#3354 = EDGE_CURVE('',#3279,#3355,#3357,.T.);
#3355 = VERTEX_POINT('',#3356);
#3356 = CARTESIAN_POINT('',(6.291843638509,5.993329012791,0.6));
#3357 = SURFACE_CURVE('',#3358,(#3362,#3369),.PCURVE_S1.);
#3358 = LINE('',#3359,#3360);
#3359 = CARTESIAN_POINT('',(6.343675760016,5.993329012791,0.6));
#3360 = VECTOR('',#3361,1.);
#3361 = DIRECTION('',(-1.,-0.,0.));
#3362 = PCURVE('',#3317,#3363);
#3363 = DEFINITIONAL_REPRESENTATION('',(#3364),#3368);
#3364 = LINE('',#3365,#3366);
#3365 = CARTESIAN_POINT('',(0.,-0.6));
#3366 = VECTOR('',#3367,1.);
#3367 = DIRECTION('',(1.,0.));
#3368 = ( GEOMETRIC_REPRESENTATION_CONTEXT(2) 
PARAMETRIC_REPRESENTATION_CONTEXT() REPRESENTATION_CONTEXT('2D SPACE',''
  ) );
#3369 = PCURVE('',#2524,#3370);
#3370 = DEFINITIONAL_REPRESENTATION('',(#3371),#3375);
#3371 = LINE('',#3372,#3373);
#3372 = CARTESIAN_POINT('',(-3.282280663512,-1.922958907068));
#3373 = VECTOR('',#3374,1.);
#3374 = DIRECTION('',(1.,-0.));
#3375 = ( GEOMETRIC_REPRESENTATION_CONTEXT(2) 
PARAMETRIC_REPRESENTATION_CONTEXT() REPRESENTATION_CONTEXT('2D SPACE',''
  ) );
#3376 = ORIENTED_EDGE('',*,*,#3377,.F.);
#3377 = EDGE_CURVE('',#3378,#3355,#3380,.T.);
#3378 = VERTEX_POINT('',#3379);
#3379 = CARTESIAN_POINT('',(6.291843638509,5.993329012791,0.));
#3380 = SURFACE_CURVE('',#3381,(#3385,#3392),.PCURVE_S1.);
#3381 = LINE('',#3382,#3383);
#3382 = CARTESIAN_POINT('',(6.291843638509,5.993329012791,0.));
#3383 = VECTOR('',#3384,1.);
#3384 = DIRECTION('',(0.,-0.,1.));
#3385 = PCURVE('',#3317,#3386);
#3386 = DEFINITIONAL_REPRESENTATION('',(#3387),#3391);
#3387 = LINE('',#3388,#3389);
#3388 = CARTESIAN_POINT('',(5.183212150717E-02,0.));
#3389 = VECTOR('',#3390,1.);
#3390 = DIRECTION('',(0.,-1.));
#3391 = ( GEOMETRIC_REPRESENTATION_CONTEXT(2) 
PARAMETRIC_REPRESENTATION_CONTEXT() REPRESENTATION_CONTEXT('2D SPACE',''
  ) );
#3392 = PCURVE('',#3393,#3398);
#3393 = PLANE('',#3394);
#3394 = AXIS2_PLACEMENT_3D('',#3395,#3396,#3397);
#3395 = CARTESIAN_POINT('',(6.291843638509,5.993329012791,0.));
#3396 = DIRECTION('',(0.894427191,-0.4472135955,-0.));
#3397 = DIRECTION('',(-0.4472135955,-0.894427191,0.));
#3398 = DEFINITIONAL_REPRESENTATION('',(#3399),#3403);
#3399 = LINE('',#3400,#3401);
#3400 = CARTESIAN_POINT('',(0.,0.));
#3401 = VECTOR('',#3402,1.);
#3402 = DIRECTION('',(0.,-1.));
#3403 = ( GEOMETRIC_REPRESENTATION_CONTEXT(2) 
PARAMETRIC_REPRESENTATION_CONTEXT() REPRESENTATION_CONTEXT('2D SPACE',''
  ) );
#3404 = ORIENTED_EDGE('',*,*,#3405,.F.);
#3405 = EDGE_CURVE('',#3302,#3378,#3406,.T.);
#3406 = SURFACE_CURVE('',#3407,(#3411,#3418),.PCURVE_S1.);
#3407 = LINE('',#3408,#3409);
#3408 = CARTESIAN_POINT('',(6.343675760016,5.993329012791,0.));
#3409 = VECTOR('',#3410,1.);
#3410 = DIRECTION('',(-1.,-0.,0.));
#3411 = PCURVE('',#3317,#3412);
#3412 = DEFINITIONAL_REPRESENTATION('',(#3413),#3417);
#3413 = LINE('',#3414,#3415);
#3414 = CARTESIAN_POINT('',(0.,0.));
#3415 = VECTOR('',#3416,1.);
#3416 = DIRECTION('',(1.,0.));
#3417 = ( GEOMETRIC_REPRESENTATION_CONTEXT(2) 
PARAMETRIC_REPRESENTATION_CONTEXT() REPRESENTATION_CONTEXT('2D SPACE',''
  ) );
#3418 = PCURVE('',#2578,#3419);
#3419 = DEFINITIONAL_REPRESENTATION('',(#3420),#3424);
#3420 = LINE('',#3421,#3422);
#3421 = CARTESIAN_POINT('',(-3.282280663512,-1.922958907068));
#3422 = VECTOR('',#3423,1.);
#3423 = DIRECTION('',(1.,-0.));
#3424 = ( GEOMETRIC_REPRESENTATION_CONTEXT(2) 
PARAMETRIC_REPRESENTATION_CONTEXT() REPRESENTATION_CONTEXT('2D SPACE',''
  ) );
#3425 = ADVANCED_FACE('',(#3426),#3393,.T.);
#3426 = FACE_BOUND('',#3427,.T.);
#3427 = EDGE_LOOP('',(#3428,#3429,#3452,#3480));
#3428 = ORIENTED_EDGE('',*,*,#3377,.T.);
#3429 = ORIENTED_EDGE('',*,*,#3430,.T.);
#3430 = EDGE_CURVE('',#3355,#3431,#3433,.T.);
#3431 = VERTEX_POINT('',#3432);
#3432 = CARTESIAN_POINT('',(5.410697572887,4.231036881548,0.6));
#3433 = SURFACE_CURVE('',#3434,(#3438,#3445),.PCURVE_S1.);
#3434 = LINE('',#3435,#3436);
#3435 = CARTESIAN_POINT('',(6.291843638509,5.993329012791,0.6));
#3436 = VECTOR('',#3437,1.);
#3437 = DIRECTION('',(-0.4472135955,-0.894427191,0.));
#3438 = PCURVE('',#3393,#3439);
#3439 = DEFINITIONAL_REPRESENTATION('',(#3440),#3444);
#3440 = LINE('',#3441,#3442);
#3441 = CARTESIAN_POINT('',(0.,-0.6));
#3442 = VECTOR('',#3443,1.);
#3443 = DIRECTION('',(1.,0.));
#3444 = ( GEOMETRIC_REPRESENTATION_CONTEXT(2) 
PARAMETRIC_REPRESENTATION_CONTEXT() REPRESENTATION_CONTEXT('2D SPACE',''
  ) );
#3445 = PCURVE('',#2524,#3446);
#3446 = DEFINITIONAL_REPRESENTATION('',(#3447),#3451);
#3447 = LINE('',#3448,#3449);
#3448 = CARTESIAN_POINT('',(-3.230448542005,-1.922958907068));
#3449 = VECTOR('',#3450,1.);
#3450 = DIRECTION('',(0.4472135955,0.894427191));
#3451 = ( GEOMETRIC_REPRESENTATION_CONTEXT(2) 
PARAMETRIC_REPRESENTATION_CONTEXT() REPRESENTATION_CONTEXT('2D SPACE',''
  ) );
#3452 = ORIENTED_EDGE('',*,*,#3453,.F.);
#3453 = EDGE_CURVE('',#3454,#3431,#3456,.T.);
#3454 = VERTEX_POINT('',#3455);
#3455 = CARTESIAN_POINT('',(5.410697572887,4.231036881548,0.));
#3456 = SURFACE_CURVE('',#3457,(#3461,#3468),.PCURVE_S1.);
#3457 = LINE('',#3458,#3459);
#3458 = CARTESIAN_POINT('',(5.410697572887,4.231036881548,0.));
#3459 = VECTOR('',#3460,1.);
#3460 = DIRECTION('',(0.,-0.,1.));
#3461 = PCURVE('',#3393,#3462);
#3462 = DEFINITIONAL_REPRESENTATION('',(#3463),#3467);
#3463 = LINE('',#3464,#3465);
#3464 = CARTESIAN_POINT('',(1.970302500837,0.));
#3465 = VECTOR('',#3466,1.);
#3466 = DIRECTION('',(0.,-1.));
#3467 = ( GEOMETRIC_REPRESENTATION_CONTEXT(2) 
PARAMETRIC_REPRESENTATION_CONTEXT() REPRESENTATION_CONTEXT('2D SPACE',''
  ) );
#3468 = PCURVE('',#3469,#3474);
#3469 = PLANE('',#3470);
#3470 = AXIS2_PLACEMENT_3D('',#3471,#3472,#3473);
#3471 = CARTESIAN_POINT('',(5.410697572887,4.231036881548,0.));
#3472 = DIRECTION('',(0.875991177674,-0.482327126168,-0.));
#3473 = DIRECTION('',(-0.482327126168,-0.875991177674,0.));
#3474 = DEFINITIONAL_REPRESENTATION('',(#3475),#3479);
#3475 = LINE('',#3476,#3477);
#3476 = CARTESIAN_POINT('',(0.,0.));
#3477 = VECTOR('',#3478,1.);
#3478 = DIRECTION('',(0.,-1.));
#3479 = ( GEOMETRIC_REPRESENTATION_CONTEXT(2) 
PARAMETRIC_REPRESENTATION_CONTEXT() REPRESENTATION_CONTEXT('2D SPACE',''
  ) );
#3480 = ORIENTED_EDGE('',*,*,#3481,.F.);
#3481 = EDGE_CURVE('',#3378,#3454,#3482,.T.);
#3482 = SURFACE_CURVE('',#3483,(#3487,#3494),.PCURVE_S1.);
#3483 = LINE('',#3484,#3485);
#3484 = CARTESIAN_POINT('',(6.291843638509,5.993329012791,0.));
#3485 = VECTOR('',#3486,1.);
#3486 = DIRECTION('',(-0.4472135955,-0.894427191,0.));
#3487 = PCURVE('',#3393,#3488);
#3488 = DEFINITIONAL_REPRESENTATION('',(#3489),#3493);
#3489 = LINE('',#3490,#3491);
#3490 = CARTESIAN_POINT('',(0.,0.));
#3491 = VECTOR('',#3492,1.);
#3492 = DIRECTION('',(1.,0.));
#3493 = ( GEOMETRIC_REPRESENTATION_CONTEXT(2) 
PARAMETRIC_REPRESENTATION_CONTEXT() REPRESENTATION_CONTEXT('2D SPACE',''
  ) );
#3494 = PCURVE('',#2578,#3495);
#3495 = DEFINITIONAL_REPRESENTATION('',(#3496),#3500);
#3496 = LINE('',#3497,#3498);
#3497 = CARTESIAN_POINT('',(-3.230448542005,-1.922958907068));
#3498 = VECTOR('',#3499,1.);
#3499 = DIRECTION('',(0.4472135955,0.894427191));
#3500 = ( GEOMETRIC_REPRESENTATION_CONTEXT(2) 
PARAMETRIC_REPRESENTATION_CONTEXT() REPRESENTATION_CONTEXT('2D SPACE',''
  ) );
#3501 = ADVANCED_FACE('',(#3502),#3469,.T.);
#3502 = FACE_BOUND('',#3503,.T.);
#3503 = EDGE_LOOP('',(#3504,#3505,#3528,#3556));
#3504 = ORIENTED_EDGE('',*,*,#3453,.T.);
#3505 = ORIENTED_EDGE('',*,*,#3506,.T.);
#3506 = EDGE_CURVE('',#3431,#3507,#3509,.T.);
#3507 = VERTEX_POINT('',#3508);
#3508 = CARTESIAN_POINT('',(3.060974731229,-3.647445587541E-02,0.6));
#3509 = SURFACE_CURVE('',#3510,(#3514,#3521),.PCURVE_S1.);
#3510 = LINE('',#3511,#3512);
#3511 = CARTESIAN_POINT('',(5.410697572887,4.231036881548,0.6));
#3512 = VECTOR('',#3513,1.);
#3513 = DIRECTION('',(-0.482327126168,-0.875991177674,0.));
#3514 = PCURVE('',#3469,#3515);
#3515 = DEFINITIONAL_REPRESENTATION('',(#3516),#3520);
#3516 = LINE('',#3517,#3518);
#3517 = CARTESIAN_POINT('',(0.,-0.6));
#3518 = VECTOR('',#3519,1.);
#3519 = DIRECTION('',(1.,0.));
#3520 = ( GEOMETRIC_REPRESENTATION_CONTEXT(2) 
PARAMETRIC_REPRESENTATION_CONTEXT() REPRESENTATION_CONTEXT('2D SPACE',''
  ) );
#3521 = PCURVE('',#2524,#3522);
#3522 = DEFINITIONAL_REPRESENTATION('',(#3523),#3527);
#3523 = LINE('',#3524,#3525);
#3524 = CARTESIAN_POINT('',(-2.349302476383,-0.160666775824));
#3525 = VECTOR('',#3526,1.);
#3526 = DIRECTION('',(0.482327126168,0.875991177674));
#3527 = ( GEOMETRIC_REPRESENTATION_CONTEXT(2) 
PARAMETRIC_REPRESENTATION_CONTEXT() REPRESENTATION_CONTEXT('2D SPACE',''
  ) );
#3528 = ORIENTED_EDGE('',*,*,#3529,.F.);
#3529 = EDGE_CURVE('',#3530,#3507,#3532,.T.);
#3530 = VERTEX_POINT('',#3531);
#3531 = CARTESIAN_POINT('',(3.060974731229,-3.647445587541E-02,0.));
#3532 = SURFACE_CURVE('',#3533,(#3537,#3544),.PCURVE_S1.);
#3533 = LINE('',#3534,#3535);
#3534 = CARTESIAN_POINT('',(3.060974731229,-3.647445587541E-02,0.));
#3535 = VECTOR('',#3536,1.);
#3536 = DIRECTION('',(0.,-0.,1.));
#3537 = PCURVE('',#3469,#3538);
#3538 = DEFINITIONAL_REPRESENTATION('',(#3539),#3543);
#3539 = LINE('',#3540,#3541);
#3540 = CARTESIAN_POINT('',(4.871637347714,0.));
#3541 = VECTOR('',#3542,1.);
#3542 = DIRECTION('',(0.,-1.));
#3543 = ( GEOMETRIC_REPRESENTATION_CONTEXT(2) 
PARAMETRIC_REPRESENTATION_CONTEXT() REPRESENTATION_CONTEXT('2D SPACE',''
  ) );
#3544 = PCURVE('',#3545,#3550);
#3545 = PLANE('',#3546);
#3546 = AXIS2_PLACEMENT_3D('',#3547,#3548,#3549);
#3547 = CARTESIAN_POINT('',(3.060974731229,-3.647445587541E-02,0.));
#3548 = DIRECTION('',(-0.87966608215,-0.475591824902,0.));
#3549 = DIRECTION('',(-0.475591824902,0.87966608215,0.));
#3550 = DEFINITIONAL_REPRESENTATION('',(#3551),#3555);
#3551 = LINE('',#3552,#3553);
#3552 = CARTESIAN_POINT('',(0.,0.));
#3553 = VECTOR('',#3554,1.);
#3554 = DIRECTION('',(0.,-1.));
#3555 = ( GEOMETRIC_REPRESENTATION_CONTEXT(2) 
PARAMETRIC_REPRESENTATION_CONTEXT() REPRESENTATION_CONTEXT('2D SPACE',''
  ) );
#3556 = ORIENTED_EDGE('',*,*,#3557,.F.);
#3557 = EDGE_CURVE('',#3454,#3530,#3558,.T.);
#3558 = SURFACE_CURVE('',#3559,(#3563,#3570),.PCURVE_S1.);
#3559 = LINE('',#3560,#3561);
#3560 = CARTESIAN_POINT('',(5.410697572887,4.231036881548,0.));
#3561 = VECTOR('',#3562,1.);
#3562 = DIRECTION('',(-0.482327126168,-0.875991177674,0.));
#3563 = PCURVE('',#3469,#3564);
#3564 = DEFINITIONAL_REPRESENTATION('',(#3565),#3569);
#3565 = LINE('',#3566,#3567);
#3566 = CARTESIAN_POINT('',(0.,0.));
#3567 = VECTOR('',#3568,1.);
#3568 = DIRECTION('',(1.,0.));
#3569 = ( GEOMETRIC_REPRESENTATION_CONTEXT(2) 
PARAMETRIC_REPRESENTATION_CONTEXT() REPRESENTATION_CONTEXT('2D SPACE',''
  ) );
#3570 = PCURVE('',#2578,#3571);
#3571 = DEFINITIONAL_REPRESENTATION('',(#3572),#3576);
#3572 = LINE('',#3573,#3574);
#3573 = CARTESIAN_POINT('',(-2.349302476383,-0.160666775824));
#3574 = VECTOR('',#3575,1.);
#3575 = DIRECTION('',(0.482327126168,0.875991177674));
#3576 = ( GEOMETRIC_REPRESENTATION_CONTEXT(2) 
PARAMETRIC_REPRESENTATION_CONTEXT() REPRESENTATION_CONTEXT('2D SPACE',''
  ) );
#3577 = ADVANCED_FACE('',(#3578),#3545,.T.);
#3578 = FACE_BOUND('',#3579,.T.);
#3579 = EDGE_LOOP('',(#3580,#3581,#3604,#3632));
#3580 = ORIENTED_EDGE('',*,*,#3529,.T.);
#3581 = ORIENTED_EDGE('',*,*,#3582,.T.);
#3582 = EDGE_CURVE('',#3507,#3583,#3585,.T.);
#3583 = VERTEX_POINT('',#3584);
#3584 = CARTESIAN_POINT('',(0.763084011078,4.213759507712,0.6));
#3585 = SURFACE_CURVE('',#3586,(#3590,#3597),.PCURVE_S1.);
#3586 = LINE('',#3587,#3588);
#3587 = CARTESIAN_POINT('',(3.060974731229,-3.647445587541E-02,0.6));
#3588 = VECTOR('',#3589,1.);
#3589 = DIRECTION('',(-0.475591824902,0.87966608215,-0.));
#3590 = PCURVE('',#3545,#3591);
#3591 = DEFINITIONAL_REPRESENTATION('',(#3592),#3596);
#3592 = LINE('',#3593,#3594);
#3593 = CARTESIAN_POINT('',(0.,-0.6));
#3594 = VECTOR('',#3595,1.);
#3595 = DIRECTION('',(1.,0.));
#3596 = ( GEOMETRIC_REPRESENTATION_CONTEXT(2) 
PARAMETRIC_REPRESENTATION_CONTEXT() REPRESENTATION_CONTEXT('2D SPACE',''
  ) );
#3597 = PCURVE('',#2524,#3598);
#3598 = DEFINITIONAL_REPRESENTATION('',(#3599),#3603);
#3599 = LINE('',#3600,#3601);
#3600 = CARTESIAN_POINT('',(4.203652749268E-04,4.106844561599));
#3601 = VECTOR('',#3602,1.);
#3602 = DIRECTION('',(0.475591824902,-0.87966608215));
#3603 = ( GEOMETRIC_REPRESENTATION_CONTEXT(2) 
PARAMETRIC_REPRESENTATION_CONTEXT() REPRESENTATION_CONTEXT('2D SPACE',''
  ) );
#3604 = ORIENTED_EDGE('',*,*,#3605,.F.);
#3605 = EDGE_CURVE('',#3606,#3583,#3608,.T.);
#3606 = VERTEX_POINT('',#3607);
#3607 = CARTESIAN_POINT('',(0.763084011078,4.213759507712,0.));
#3608 = SURFACE_CURVE('',#3609,(#3613,#3620),.PCURVE_S1.);
#3609 = LINE('',#3610,#3611);
#3610 = CARTESIAN_POINT('',(0.763084011078,4.213759507712,0.));
#3611 = VECTOR('',#3612,1.);
#3612 = DIRECTION('',(0.,-0.,1.));
#3613 = PCURVE('',#3545,#3614);
#3614 = DEFINITIONAL_REPRESENTATION('',(#3615),#3619);
#3615 = LINE('',#3616,#3617);
#3616 = CARTESIAN_POINT('',(4.831644699995,0.));
#3617 = VECTOR('',#3618,1.);
#3618 = DIRECTION('',(0.,-1.));
#3619 = ( GEOMETRIC_REPRESENTATION_CONTEXT(2) 
PARAMETRIC_REPRESENTATION_CONTEXT() REPRESENTATION_CONTEXT('2D SPACE',''
  ) );
#3620 = PCURVE('',#3621,#3626);
#3621 = PLANE('',#3622);
#3622 = AXIS2_PLACEMENT_3D('',#3623,#3624,#3625);
#3623 = CARTESIAN_POINT('',(0.763084011078,4.213759507712,0.));
#3624 = DIRECTION('',(-0.900883074863,-0.434061845161,0.));
#3625 = DIRECTION('',(-0.434061845161,0.900883074863,0.));
#3626 = DEFINITIONAL_REPRESENTATION('',(#3627),#3631);
#3627 = LINE('',#3628,#3629);
#3628 = CARTESIAN_POINT('',(0.,0.));
#3629 = VECTOR('',#3630,1.);
#3630 = DIRECTION('',(0.,-1.));
#3631 = ( GEOMETRIC_REPRESENTATION_CONTEXT(2) 
PARAMETRIC_REPRESENTATION_CONTEXT() REPRESENTATION_CONTEXT('2D SPACE',''
  ) );
#3632 = ORIENTED_EDGE('',*,*,#3633,.F.);
#3633 = EDGE_CURVE('',#3530,#3606,#3634,.T.);
#3634 = SURFACE_CURVE('',#3635,(#3639,#3646),.PCURVE_S1.);
#3635 = LINE('',#3636,#3637);
#3636 = CARTESIAN_POINT('',(3.060974731229,-3.647445587541E-02,0.));
#3637 = VECTOR('',#3638,1.);
#3638 = DIRECTION('',(-0.475591824902,0.87966608215,-0.));
#3639 = PCURVE('',#3545,#3640);
#3640 = DEFINITIONAL_REPRESENTATION('',(#3641),#3645);
#3641 = LINE('',#3642,#3643);
#3642 = CARTESIAN_POINT('',(0.,0.));
#3643 = VECTOR('',#3644,1.);
#3644 = DIRECTION('',(1.,0.));
#3645 = ( GEOMETRIC_REPRESENTATION_CONTEXT(2) 
PARAMETRIC_REPRESENTATION_CONTEXT() REPRESENTATION_CONTEXT('2D SPACE',''
  ) );
#3646 = PCURVE('',#2578,#3647);
#3647 = DEFINITIONAL_REPRESENTATION('',(#3648),#3652);
#3648 = LINE('',#3649,#3650);
#3649 = CARTESIAN_POINT('',(4.203652749268E-04,4.106844561599));
#3650 = VECTOR('',#3651,1.);
#3651 = DIRECTION('',(0.475591824902,-0.87966608215));
#3652 = ( GEOMETRIC_REPRESENTATION_CONTEXT(2) 
PARAMETRIC_REPRESENTATION_CONTEXT() REPRESENTATION_CONTEXT('2D SPACE',''
  ) );
#3653 = ADVANCED_FACE('',(#3654),#3621,.T.);
#3654 = FACE_BOUND('',#3655,.T.);
#3655 = EDGE_LOOP('',(#3656,#3657,#3680,#3708));
#3656 = ORIENTED_EDGE('',*,*,#3605,.T.);
#3657 = ORIENTED_EDGE('',*,*,#3658,.T.);
#3658 = EDGE_CURVE('',#3583,#3659,#3661,.T.);
#3659 = VERTEX_POINT('',#3660);
#3660 = CARTESIAN_POINT('',(-0.152616802216,6.114270629641,0.6));
#3661 = SURFACE_CURVE('',#3662,(#3666,#3673),.PCURVE_S1.);
#3662 = LINE('',#3663,#3664);
#3663 = CARTESIAN_POINT('',(0.763084011078,4.213759507712,0.6));
#3664 = VECTOR('',#3665,1.);
#3665 = DIRECTION('',(-0.434061845161,0.900883074863,-0.));
#3666 = PCURVE('',#3621,#3667);
#3667 = DEFINITIONAL_REPRESENTATION('',(#3668),#3672);
#3668 = LINE('',#3669,#3670);
#3669 = CARTESIAN_POINT('',(0.,-0.6));
#3670 = VECTOR('',#3671,1.);
#3671 = DIRECTION('',(1.,0.));
#3672 = ( GEOMETRIC_REPRESENTATION_CONTEXT(2) 
PARAMETRIC_REPRESENTATION_CONTEXT() REPRESENTATION_CONTEXT('2D SPACE',''
  ) );
#3673 = PCURVE('',#2524,#3674);
#3674 = DEFINITIONAL_REPRESENTATION('',(#3675),#3679);
#3675 = LINE('',#3676,#3677);
#3676 = CARTESIAN_POINT('',(2.298311085426,-0.143389401989));
#3677 = VECTOR('',#3678,1.);
#3678 = DIRECTION('',(0.434061845161,-0.900883074863));
#3679 = ( GEOMETRIC_REPRESENTATION_CONTEXT(2) 
PARAMETRIC_REPRESENTATION_CONTEXT() REPRESENTATION_CONTEXT('2D SPACE',''
  ) );
#3680 = ORIENTED_EDGE('',*,*,#3681,.F.);
#3681 = EDGE_CURVE('',#3682,#3659,#3684,.T.);
#3682 = VERTEX_POINT('',#3683);
#3683 = CARTESIAN_POINT('',(-0.152616802216,6.114270629641,0.));
#3684 = SURFACE_CURVE('',#3685,(#3689,#3696),.PCURVE_S1.);
#3685 = LINE('',#3686,#3687);
#3686 = CARTESIAN_POINT('',(-0.152616802216,6.114270629641,0.));
#3687 = VECTOR('',#3688,1.);
#3688 = DIRECTION('',(0.,-0.,1.));
#3689 = PCURVE('',#3621,#3690);
#3690 = DEFINITIONAL_REPRESENTATION('',(#3691),#3695);
#3691 = LINE('',#3692,#3693);
#3692 = CARTESIAN_POINT('',(2.109609087969,0.));
#3693 = VECTOR('',#3694,1.);
#3694 = DIRECTION('',(0.,-1.));
#3695 = ( GEOMETRIC_REPRESENTATION_CONTEXT(2) 
PARAMETRIC_REPRESENTATION_CONTEXT() REPRESENTATION_CONTEXT('2D SPACE',''
  ) );
#3696 = PCURVE('',#3697,#3702);
#3697 = PLANE('',#3698);
#3698 = AXIS2_PLACEMENT_3D('',#3699,#3700,#3701);
#3699 = CARTESIAN_POINT('',(-0.152616802216,6.114270629641,0.));
#3700 = DIRECTION('',(0.,-1.,-0.));
#3701 = DIRECTION('',(-1.,-0.,0.));
#3702 = DEFINITIONAL_REPRESENTATION('',(#3703),#3707);
#3703 = LINE('',#3704,#3705);
#3704 = CARTESIAN_POINT('',(0.,0.));
#3705 = VECTOR('',#3706,1.);
#3706 = DIRECTION('',(0.,-1.));
#3707 = ( GEOMETRIC_REPRESENTATION_CONTEXT(2) 
PARAMETRIC_REPRESENTATION_CONTEXT() REPRESENTATION_CONTEXT('2D SPACE',''
  ) );
#3708 = ORIENTED_EDGE('',*,*,#3709,.F.);
#3709 = EDGE_CURVE('',#3606,#3682,#3710,.T.);
#3710 = SURFACE_CURVE('',#3711,(#3715,#3722),.PCURVE_S1.);
#3711 = LINE('',#3712,#3713);
#3712 = CARTESIAN_POINT('',(0.763084011078,4.213759507712,0.));
#3713 = VECTOR('',#3714,1.);
#3714 = DIRECTION('',(-0.434061845161,0.900883074863,-0.));
#3715 = PCURVE('',#3621,#3716);
#3716 = DEFINITIONAL_REPRESENTATION('',(#3717),#3721);
#3717 = LINE('',#3718,#3719);
#3718 = CARTESIAN_POINT('',(0.,0.));
#3719 = VECTOR('',#3720,1.);
#3720 = DIRECTION('',(1.,0.));
#3721 = ( GEOMETRIC_REPRESENTATION_CONTEXT(2) 
PARAMETRIC_REPRESENTATION_CONTEXT() REPRESENTATION_CONTEXT('2D SPACE',''
  ) );
#3722 = PCURVE('',#2578,#3723);
#3723 = DEFINITIONAL_REPRESENTATION('',(#3724),#3728);
#3724 = LINE('',#3725,#3726);
#3725 = CARTESIAN_POINT('',(2.298311085426,-0.143389401989));
#3726 = VECTOR('',#3727,1.);
#3727 = DIRECTION('',(0.434061845161,-0.900883074863));
#3728 = ( GEOMETRIC_REPRESENTATION_CONTEXT(2) 
PARAMETRIC_REPRESENTATION_CONTEXT() REPRESENTATION_CONTEXT('2D SPACE',''
  ) );
#3729 = ADVANCED_FACE('',(#3730),#3697,.T.);
#3730 = FACE_BOUND('',#3731,.T.);
#3731 = EDGE_LOOP('',(#3732,#3733,#3756,#3784));
#3732 = ORIENTED_EDGE('',*,*,#3681,.T.);
#3733 = ORIENTED_EDGE('',*,*,#3734,.T.);
#3734 = EDGE_CURVE('',#3659,#3735,#3737,.T.);
#3735 = VERTEX_POINT('',#3736);
#3736 = CARTESIAN_POINT('',(-0.204448923723,6.114270629641,0.6));
#3737 = SURFACE_CURVE('',#3738,(#3742,#3749),.PCURVE_S1.);
#3738 = LINE('',#3739,#3740);
#3739 = CARTESIAN_POINT('',(-0.152616802216,6.114270629641,0.6));
#3740 = VECTOR('',#3741,1.);
#3741 = DIRECTION('',(-1.,-0.,0.));
#3742 = PCURVE('',#3697,#3743);
#3743 = DEFINITIONAL_REPRESENTATION('',(#3744),#3748);
#3744 = LINE('',#3745,#3746);
#3745 = CARTESIAN_POINT('',(0.,-0.6));
#3746 = VECTOR('',#3747,1.);
#3747 = DIRECTION('',(1.,0.));
#3748 = ( GEOMETRIC_REPRESENTATION_CONTEXT(2) 
PARAMETRIC_REPRESENTATION_CONTEXT() REPRESENTATION_CONTEXT('2D SPACE',''
  ) );
#3749 = PCURVE('',#2524,#3750);
#3750 = DEFINITIONAL_REPRESENTATION('',(#3751),#3755);
#3751 = LINE('',#3752,#3753);
#3752 = CARTESIAN_POINT('',(3.214011898719,-2.043900523918));
#3753 = VECTOR('',#3754,1.);
#3754 = DIRECTION('',(1.,-0.));
#3755 = ( GEOMETRIC_REPRESENTATION_CONTEXT(2) 
PARAMETRIC_REPRESENTATION_CONTEXT() REPRESENTATION_CONTEXT('2D SPACE',''
  ) );
#3756 = ORIENTED_EDGE('',*,*,#3757,.F.);
#3757 = EDGE_CURVE('',#3758,#3735,#3760,.T.);
#3758 = VERTEX_POINT('',#3759);
#3759 = CARTESIAN_POINT('',(-0.204448923723,6.114270629641,0.));
#3760 = SURFACE_CURVE('',#3761,(#3765,#3772),.PCURVE_S1.);
#3761 = LINE('',#3762,#3763);
#3762 = CARTESIAN_POINT('',(-0.204448923723,6.114270629641,0.));
#3763 = VECTOR('',#3764,1.);
#3764 = DIRECTION('',(0.,-0.,1.));
#3765 = PCURVE('',#3697,#3766);
#3766 = DEFINITIONAL_REPRESENTATION('',(#3767),#3771);
#3767 = LINE('',#3768,#3769);
#3768 = CARTESIAN_POINT('',(5.183212150715E-02,0.));
#3769 = VECTOR('',#3770,1.);
#3770 = DIRECTION('',(0.,-1.));
#3771 = ( GEOMETRIC_REPRESENTATION_CONTEXT(2) 
PARAMETRIC_REPRESENTATION_CONTEXT() REPRESENTATION_CONTEXT('2D SPACE',''
  ) );
#3772 = PCURVE('',#3773,#3778);
#3773 = PLANE('',#3774);
#3774 = AXIS2_PLACEMENT_3D('',#3775,#3776,#3777);
#3775 = CARTESIAN_POINT('',(-0.204448923723,6.114270629641,0.));
#3776 = DIRECTION('',(1.,0.,-0.));
#3777 = DIRECTION('',(0.,-1.,-0.));
#3778 = DEFINITIONAL_REPRESENTATION('',(#3779),#3783);
#3779 = LINE('',#3780,#3781);
#3780 = CARTESIAN_POINT('',(0.,0.));
#3781 = VECTOR('',#3782,1.);
#3782 = DIRECTION('',(0.,-1.));
#3783 = ( GEOMETRIC_REPRESENTATION_CONTEXT(2) 
PARAMETRIC_REPRESENTATION_CONTEXT() REPRESENTATION_CONTEXT('2D SPACE',''
  ) );
#3784 = ORIENTED_EDGE('',*,*,#3785,.F.);
#3785 = EDGE_CURVE('',#3682,#3758,#3786,.T.);
#3786 = SURFACE_CURVE('',#3787,(#3791,#3798),.PCURVE_S1.);
#3787 = LINE('',#3788,#3789);
#3788 = CARTESIAN_POINT('',(-0.152616802216,6.114270629641,0.));
#3789 = VECTOR('',#3790,1.);
#3790 = DIRECTION('',(-1.,-0.,0.));
#3791 = PCURVE('',#3697,#3792);
#3792 = DEFINITIONAL_REPRESENTATION('',(#3793),#3797);
#3793 = LINE('',#3794,#3795);
#3794 = CARTESIAN_POINT('',(0.,0.));
#3795 = VECTOR('',#3796,1.);
#3796 = DIRECTION('',(1.,0.));
#3797 = ( GEOMETRIC_REPRESENTATION_CONTEXT(2) 
PARAMETRIC_REPRESENTATION_CONTEXT() REPRESENTATION_CONTEXT('2D SPACE',''
  ) );
#3798 = PCURVE('',#2578,#3799);
#3799 = DEFINITIONAL_REPRESENTATION('',(#3800),#3804);
#3800 = LINE('',#3801,#3802);
#3801 = CARTESIAN_POINT('',(3.214011898719,-2.043900523918));
#3802 = VECTOR('',#3803,1.);
#3803 = DIRECTION('',(1.,-0.));
#3804 = ( GEOMETRIC_REPRESENTATION_CONTEXT(2) 
PARAMETRIC_REPRESENTATION_CONTEXT() REPRESENTATION_CONTEXT('2D SPACE',''
  ) );
#3805 = ADVANCED_FACE('',(#3806),#3773,.T.);
#3806 = FACE_BOUND('',#3807,.T.);
#3807 = EDGE_LOOP('',(#3808,#3809,#3832,#3855));
#3808 = ORIENTED_EDGE('',*,*,#3757,.T.);
#3809 = ORIENTED_EDGE('',*,*,#3810,.T.);
#3810 = EDGE_CURVE('',#3735,#3811,#3813,.T.);
#3811 = VERTEX_POINT('',#3812);
#3812 = CARTESIAN_POINT('',(-0.204448923723,-1.919708203969,0.6));
#3813 = SURFACE_CURVE('',#3814,(#3818,#3825),.PCURVE_S1.);
#3814 = LINE('',#3815,#3816);
#3815 = CARTESIAN_POINT('',(-0.204448923723,6.114270629641,0.6));
#3816 = VECTOR('',#3817,1.);
#3817 = DIRECTION('',(-0.,-1.,-0.));
#3818 = PCURVE('',#3773,#3819);
#3819 = DEFINITIONAL_REPRESENTATION('',(#3820),#3824);
#3820 = LINE('',#3821,#3822);
#3821 = CARTESIAN_POINT('',(0.,-0.6));
#3822 = VECTOR('',#3823,1.);
#3823 = DIRECTION('',(1.,0.));
#3824 = ( GEOMETRIC_REPRESENTATION_CONTEXT(2) 
PARAMETRIC_REPRESENTATION_CONTEXT() REPRESENTATION_CONTEXT('2D SPACE',''
  ) );
#3825 = PCURVE('',#2524,#3826);
#3826 = DEFINITIONAL_REPRESENTATION('',(#3827),#3831);
#3827 = LINE('',#3828,#3829);
#3828 = CARTESIAN_POINT('',(3.265844020226,-2.043900523918));
#3829 = VECTOR('',#3830,1.);
#3830 = DIRECTION('',(-0.,1.));
#3831 = ( GEOMETRIC_REPRESENTATION_CONTEXT(2) 
PARAMETRIC_REPRESENTATION_CONTEXT() REPRESENTATION_CONTEXT('2D SPACE',''
  ) );
#3832 = ORIENTED_EDGE('',*,*,#3833,.F.);
#3833 = EDGE_CURVE('',#3834,#3811,#3836,.T.);
#3834 = VERTEX_POINT('',#3835);
#3835 = CARTESIAN_POINT('',(-0.204448923723,-1.919708203969,0.));
#3836 = SURFACE_CURVE('',#3837,(#3841,#3848),.PCURVE_S1.);
#3837 = LINE('',#3838,#3839);
#3838 = CARTESIAN_POINT('',(-0.204448923723,-1.919708203969,0.));
#3839 = VECTOR('',#3840,1.);
#3840 = DIRECTION('',(0.,-0.,1.));
#3841 = PCURVE('',#3773,#3842);
#3842 = DEFINITIONAL_REPRESENTATION('',(#3843),#3847);
#3843 = LINE('',#3844,#3845);
#3844 = CARTESIAN_POINT('',(8.03397883361,-0.));
#3845 = VECTOR('',#3846,1.);
#3846 = DIRECTION('',(0.,-1.));
#3847 = ( GEOMETRIC_REPRESENTATION_CONTEXT(2) 
PARAMETRIC_REPRESENTATION_CONTEXT() REPRESENTATION_CONTEXT('2D SPACE',''
  ) );
#3848 = PCURVE('',#2496,#3849);
#3849 = DEFINITIONAL_REPRESENTATION('',(#3850),#3854);
#3850 = LINE('',#3851,#3852);
#3851 = CARTESIAN_POINT('',(0.,0.));
#3852 = VECTOR('',#3853,1.);
#3853 = DIRECTION('',(0.,-1.));
#3854 = ( GEOMETRIC_REPRESENTATION_CONTEXT(2) 
PARAMETRIC_REPRESENTATION_CONTEXT() REPRESENTATION_CONTEXT('2D SPACE',''
  ) );
#3855 = ORIENTED_EDGE('',*,*,#3856,.F.);
#3856 = EDGE_CURVE('',#3758,#3834,#3857,.T.);
#3857 = SURFACE_CURVE('',#3858,(#3862,#3869),.PCURVE_S1.);
#3858 = LINE('',#3859,#3860);
#3859 = CARTESIAN_POINT('',(-0.204448923723,6.114270629641,0.));
#3860 = VECTOR('',#3861,1.);
#3861 = DIRECTION('',(-0.,-1.,-0.));
#3862 = PCURVE('',#3773,#3863);
#3863 = DEFINITIONAL_REPRESENTATION('',(#3864),#3868);
#3864 = LINE('',#3865,#3866);
#3865 = CARTESIAN_POINT('',(0.,0.));
#3866 = VECTOR('',#3867,1.);
#3867 = DIRECTION('',(1.,0.));
#3868 = ( GEOMETRIC_REPRESENTATION_CONTEXT(2) 
PARAMETRIC_REPRESENTATION_CONTEXT() REPRESENTATION_CONTEXT('2D SPACE',''
  ) );
#3869 = PCURVE('',#2578,#3870);
#3870 = DEFINITIONAL_REPRESENTATION('',(#3871),#3875);
#3871 = LINE('',#3872,#3873);
#3872 = CARTESIAN_POINT('',(3.265844020226,-2.043900523918));
#3873 = VECTOR('',#3874,1.);
#3874 = DIRECTION('',(-0.,1.));
#3875 = ( GEOMETRIC_REPRESENTATION_CONTEXT(2) 
PARAMETRIC_REPRESENTATION_CONTEXT() REPRESENTATION_CONTEXT('2D SPACE',''
  ) );
#3876 = ADVANCED_FACE('',(#3877),#2496,.T.);
#3877 = FACE_BOUND('',#3878,.T.);
#3878 = EDGE_LOOP('',(#3879,#3880,#3901,#3902));
#3879 = ORIENTED_EDGE('',*,*,#3833,.T.);
#3880 = ORIENTED_EDGE('',*,*,#3881,.T.);
#3881 = EDGE_CURVE('',#3811,#2476,#3882,.T.);
#3882 = SURFACE_CURVE('',#3883,(#3887,#3894),.PCURVE_S1.);
#3883 = LINE('',#3884,#3885);
#3884 = CARTESIAN_POINT('',(-0.204448923723,-1.919708203969,0.6));
#3885 = VECTOR('',#3886,1.);
#3886 = DIRECTION('',(-1.,-0.,0.));
#3887 = PCURVE('',#2496,#3888);
#3888 = DEFINITIONAL_REPRESENTATION('',(#3889),#3893);
#3889 = LINE('',#3890,#3891);
#3890 = CARTESIAN_POINT('',(0.,-0.6));
#3891 = VECTOR('',#3892,1.);
#3892 = DIRECTION('',(1.,0.));
#3893 = ( GEOMETRIC_REPRESENTATION_CONTEXT(2) 
PARAMETRIC_REPRESENTATION_CONTEXT() REPRESENTATION_CONTEXT('2D SPACE',''
  ) );
#3894 = PCURVE('',#2524,#3895);
#3895 = DEFINITIONAL_REPRESENTATION('',(#3896),#3900);
#3896 = LINE('',#3897,#3898);
#3897 = CARTESIAN_POINT('',(3.265844020226,5.990078309692));
#3898 = VECTOR('',#3899,1.);
#3899 = DIRECTION('',(1.,-0.));
#3900 = ( GEOMETRIC_REPRESENTATION_CONTEXT(2) 
PARAMETRIC_REPRESENTATION_CONTEXT() REPRESENTATION_CONTEXT('2D SPACE',''
  ) );
#3901 = ORIENTED_EDGE('',*,*,#2473,.F.);
#3902 = ORIENTED_EDGE('',*,*,#3903,.F.);
#3903 = EDGE_CURVE('',#3834,#2474,#3904,.T.);
#3904 = SURFACE_CURVE('',#3905,(#3909,#3916),.PCURVE_S1.);
#3905 = LINE('',#3906,#3907);
#3906 = CARTESIAN_POINT('',(-0.204448923723,-1.919708203969,0.));
#3907 = VECTOR('',#3908,1.);
#3908 = DIRECTION('',(-1.,-0.,0.));
#3909 = PCURVE('',#2496,#3910);
#3910 = DEFINITIONAL_REPRESENTATION('',(#3911),#3915);
#3911 = LINE('',#3912,#3913);
#3912 = CARTESIAN_POINT('',(0.,0.));
#3913 = VECTOR('',#3914,1.);
#3914 = DIRECTION('',(1.,0.));
#3915 = ( GEOMETRIC_REPRESENTATION_CONTEXT(2) 
PARAMETRIC_REPRESENTATION_CONTEXT() REPRESENTATION_CONTEXT('2D SPACE',''
  ) );
#3916 = PCURVE('',#2578,#3917);
#3917 = DEFINITIONAL_REPRESENTATION('',(#3918),#3922);
#3918 = LINE('',#3919,#3920);
#3919 = CARTESIAN_POINT('',(3.265844020226,5.990078309692));
#3920 = VECTOR('',#3921,1.);
#3921 = DIRECTION('',(1.,-0.));
#3922 = ( GEOMETRIC_REPRESENTATION_CONTEXT(2) 
PARAMETRIC_REPRESENTATION_CONTEXT() REPRESENTATION_CONTEXT('2D SPACE',''
  ) );
#3923 = ADVANCED_FACE('',(#3924),#2578,.F.);
#3924 = FACE_BOUND('',#3925,.T.);
#3925 = EDGE_LOOP('',(#3926,#3927,#3928,#3929,#3930,#3931,#3932,#3933,
    #3934,#3935,#3936,#3937,#3938,#3939,#3940,#3941,#3942,#3943,#3944));
#3926 = ORIENTED_EDGE('',*,*,#2564,.T.);
#3927 = ORIENTED_EDGE('',*,*,#2645,.T.);
#3928 = ORIENTED_EDGE('',*,*,#2721,.T.);
#3929 = ORIENTED_EDGE('',*,*,#2797,.T.);
#3930 = ORIENTED_EDGE('',*,*,#2873,.T.);
#3931 = ORIENTED_EDGE('',*,*,#2949,.T.);
#3932 = ORIENTED_EDGE('',*,*,#3025,.T.);
#3933 = ORIENTED_EDGE('',*,*,#3101,.T.);
#3934 = ORIENTED_EDGE('',*,*,#3177,.T.);
#3935 = ORIENTED_EDGE('',*,*,#3253,.T.);
#3936 = ORIENTED_EDGE('',*,*,#3329,.T.);
#3937 = ORIENTED_EDGE('',*,*,#3405,.T.);
#3938 = ORIENTED_EDGE('',*,*,#3481,.T.);
#3939 = ORIENTED_EDGE('',*,*,#3557,.T.);
#3940 = ORIENTED_EDGE('',*,*,#3633,.T.);
#3941 = ORIENTED_EDGE('',*,*,#3709,.T.);
#3942 = ORIENTED_EDGE('',*,*,#3785,.T.);
#3943 = ORIENTED_EDGE('',*,*,#3856,.T.);
#3944 = ORIENTED_EDGE('',*,*,#3903,.T.);
#3945 = ADVANCED_FACE('',(#3946),#2524,.T.);
#3946 = FACE_BOUND('',#3947,.F.);
#3947 = EDGE_LOOP('',(#3948,#3949,#3950,#3951,#3952,#3953,#3954,#3955,
    #3956,#3957,#3958,#3959,#3960,#3961,#3962,#3963,#3964,#3965,#3966));
#3948 = ORIENTED_EDGE('',*,*,#2508,.T.);
#3949 = ORIENTED_EDGE('',*,*,#2594,.T.);
#3950 = ORIENTED_EDGE('',*,*,#2670,.T.);
#3951 = ORIENTED_EDGE('',*,*,#2746,.T.);
#3952 = ORIENTED_EDGE('',*,*,#2822,.T.);
#3953 = ORIENTED_EDGE('',*,*,#2898,.T.);
#3954 = ORIENTED_EDGE('',*,*,#2974,.T.);
#3955 = ORIENTED_EDGE('',*,*,#3050,.T.);
#3956 = ORIENTED_EDGE('',*,*,#3126,.T.);
#3957 = ORIENTED_EDGE('',*,*,#3202,.T.);
#3958 = ORIENTED_EDGE('',*,*,#3278,.T.);
#3959 = ORIENTED_EDGE('',*,*,#3354,.T.);
#3960 = ORIENTED_EDGE('',*,*,#3430,.T.);
#3961 = ORIENTED_EDGE('',*,*,#3506,.T.);
#3962 = ORIENTED_EDGE('',*,*,#3582,.T.);
#3963 = ORIENTED_EDGE('',*,*,#3658,.T.);
#3964 = ORIENTED_EDGE('',*,*,#3734,.T.);
#3965 = ORIENTED_EDGE('',*,*,#3810,.T.);
#3966 = ORIENTED_EDGE('',*,*,#3881,.T.);
#3967 = MANIFOLD_SOLID_BREP('',#3968);
#3968 = CLOSED_SHELL('',(#3969,#4099,#4187,#4258,#4317,#4324));
#3969 = ADVANCED_FACE('',(#3970),#3984,.T.);
#3970 = FACE_BOUND('',#3971,.T.);
#3971 = EDGE_LOOP('',(#3972,#4012,#4040,#4073));
#3972 = ORIENTED_EDGE('',*,*,#3973,.T.);
#3973 = EDGE_CURVE('',#3974,#3976,#3978,.T.);
#3974 = VERTEX_POINT('',#3975);
#3975 = CARTESIAN_POINT('',(11.129508312511,9.379694284593,0.));
#3976 = VERTEX_POINT('',#3977);
#3977 = CARTESIAN_POINT('',(11.129508312511,9.379694284593,0.6));
#3978 = SURFACE_CURVE('',#3979,(#3983,#3995),.PCURVE_S1.);
#3979 = LINE('',#3980,#3981);
#3980 = CARTESIAN_POINT('',(11.129508312511,9.379694284593,0.));
#3981 = VECTOR('',#3982,1.);
#3982 = DIRECTION('',(0.,-0.,1.));
#3983 = PCURVE('',#3984,#3989);
#3984 = PLANE('',#3985);
#3985 = AXIS2_PLACEMENT_3D('',#3986,#3987,#3988);
#3986 = CARTESIAN_POINT('',(11.129508312511,9.379694284593,0.));
#3987 = DIRECTION('',(-1.,0.,0.));
#3988 = DIRECTION('',(0.,1.,-0.));
#3989 = DEFINITIONAL_REPRESENTATION('',(#3990),#3994);
#3990 = LINE('',#3991,#3992);
#3991 = CARTESIAN_POINT('',(3.552713678801E-15,0.));
#3992 = VECTOR('',#3993,1.);
#3993 = DIRECTION('',(0.,-1.));
#3994 = ( GEOMETRIC_REPRESENTATION_CONTEXT(2) 
PARAMETRIC_REPRESENTATION_CONTEXT() REPRESENTATION_CONTEXT('2D SPACE',''
  ) );
#3995 = PCURVE('',#3996,#4006);
#3996 = SURFACE_OF_LINEAR_EXTRUSION('',#3997,#4004);
#3997 = B_SPLINE_CURVE_WITH_KNOTS('',2,(#3998,#3999,#4000,#4001,#4002,
    #4003),.UNSPECIFIED.,.F.,.F.,(3,1,1,1,3),(0.,1.,2.,3.,4.),
  .UNSPECIFIED.);
#3998 = CARTESIAN_POINT('',(14.101216612255,9.379694284593,0.));
#3999 = CARTESIAN_POINT('',(14.101216612255,8.844095695685,0.));
#4000 = CARTESIAN_POINT('',(13.39284428499,8.118445994585,0.));
#4001 = CARTESIAN_POINT('',(11.837880639775,8.118445994585,0.));
#4002 = CARTESIAN_POINT('',(11.129508312511,8.844095695685,0.));
#4003 = CARTESIAN_POINT('',(11.129508312511,9.379694284593,0.));
#4004 = VECTOR('',#4005,1.);
#4005 = DIRECTION('',(-0.,0.,-1.));
#4006 = DEFINITIONAL_REPRESENTATION('',(#4007),#4011);
#4007 = LINE('',#4008,#4009);
#4008 = CARTESIAN_POINT('',(4.,0.));
#4009 = VECTOR('',#4010,1.);
#4010 = DIRECTION('',(0.,-1.));
#4011 = ( GEOMETRIC_REPRESENTATION_CONTEXT(2) 
PARAMETRIC_REPRESENTATION_CONTEXT() REPRESENTATION_CONTEXT('2D SPACE',''
  ) );
#4012 = ORIENTED_EDGE('',*,*,#4013,.T.);
#4013 = EDGE_CURVE('',#3976,#4014,#4016,.T.);
#4014 = VERTEX_POINT('',#4015);
#4015 = CARTESIAN_POINT('',(11.129508312511,9.759796508979,0.6));
#4016 = SURFACE_CURVE('',#4017,(#4021,#4028),.PCURVE_S1.);
#4017 = LINE('',#4018,#4019);
#4018 = CARTESIAN_POINT('',(11.129508312511,9.379694284593,0.6));
#4019 = VECTOR('',#4020,1.);
#4020 = DIRECTION('',(-0.,1.,-0.));
#4021 = PCURVE('',#3984,#4022);
#4022 = DEFINITIONAL_REPRESENTATION('',(#4023),#4027);
#4023 = LINE('',#4024,#4025);
#4024 = CARTESIAN_POINT('',(0.,-0.6));
#4025 = VECTOR('',#4026,1.);
#4026 = DIRECTION('',(1.,0.));
#4027 = ( GEOMETRIC_REPRESENTATION_CONTEXT(2) 
PARAMETRIC_REPRESENTATION_CONTEXT() REPRESENTATION_CONTEXT('2D SPACE',''
  ) );
#4028 = PCURVE('',#4029,#4034);
#4029 = PLANE('',#4030);
#4030 = AXIS2_PLACEMENT_3D('',#4031,#4032,#4033);
#4031 = CARTESIAN_POINT('',(12.615362462383,9.571772236768,0.6));
#4032 = DIRECTION('',(-0.,-0.,1.));
#4033 = DIRECTION('',(-1.,0.,0.));
#4034 = DEFINITIONAL_REPRESENTATION('',(#4035),#4039);
#4035 = LINE('',#4036,#4037);
#4036 = CARTESIAN_POINT('',(1.485854149872,0.192077952176));
#4037 = VECTOR('',#4038,1.);
#4038 = DIRECTION('',(-0.,-1.));
#4039 = ( GEOMETRIC_REPRESENTATION_CONTEXT(2) 
PARAMETRIC_REPRESENTATION_CONTEXT() REPRESENTATION_CONTEXT('2D SPACE',''
  ) );
#4040 = ORIENTED_EDGE('',*,*,#4041,.F.);
#4041 = EDGE_CURVE('',#4042,#4014,#4044,.T.);
#4042 = VERTEX_POINT('',#4043);
#4043 = CARTESIAN_POINT('',(11.129508312511,9.759796508979,0.));
#4044 = SURFACE_CURVE('',#4045,(#4049,#4056),.PCURVE_S1.);
#4045 = LINE('',#4046,#4047);
#4046 = CARTESIAN_POINT('',(11.129508312511,9.759796508979,0.));
#4047 = VECTOR('',#4048,1.);
#4048 = DIRECTION('',(0.,-0.,1.));
#4049 = PCURVE('',#3984,#4050);
#4050 = DEFINITIONAL_REPRESENTATION('',(#4051),#4055);
#4051 = LINE('',#4052,#4053);
#4052 = CARTESIAN_POINT('',(0.380102224386,0.));
#4053 = VECTOR('',#4054,1.);
#4054 = DIRECTION('',(0.,-1.));
#4055 = ( GEOMETRIC_REPRESENTATION_CONTEXT(2) 
PARAMETRIC_REPRESENTATION_CONTEXT() REPRESENTATION_CONTEXT('2D SPACE',''
  ) );
#4056 = PCURVE('',#4057,#4067);
#4057 = SURFACE_OF_LINEAR_EXTRUSION('',#4058,#4065);
#4058 = B_SPLINE_CURVE_WITH_KNOTS('',2,(#4059,#4060,#4061,#4062,#4063,
    #4064),.UNSPECIFIED.,.F.,.F.,(3,1,1,1,3),(0.,1.,2.,3.,4.),
  .UNSPECIFIED.);
#4059 = CARTESIAN_POINT('',(11.129508312511,9.759796508979,0.));
#4060 = CARTESIAN_POINT('',(11.129508312511,10.312672471722,0.));
#4061 = CARTESIAN_POINT('',(11.837880639775,11.021044798986,0.));
#4062 = CARTESIAN_POINT('',(13.39284428499,11.021044798986,0.));
#4063 = CARTESIAN_POINT('',(14.101216612255,10.312672471722,0.));
#4064 = CARTESIAN_POINT('',(14.101216612255,9.759796508979,0.));
#4065 = VECTOR('',#4066,1.);
#4066 = DIRECTION('',(-0.,0.,-1.));
#4067 = DEFINITIONAL_REPRESENTATION('',(#4068),#4072);
#4068 = LINE('',#4069,#4070);
#4069 = CARTESIAN_POINT('',(0.,0.));
#4070 = VECTOR('',#4071,1.);
#4071 = DIRECTION('',(0.,-1.));
#4072 = ( GEOMETRIC_REPRESENTATION_CONTEXT(2) 
PARAMETRIC_REPRESENTATION_CONTEXT() REPRESENTATION_CONTEXT('2D SPACE',''
  ) );
#4073 = ORIENTED_EDGE('',*,*,#4074,.F.);
#4074 = EDGE_CURVE('',#3974,#4042,#4075,.T.);
#4075 = SURFACE_CURVE('',#4076,(#4080,#4087),.PCURVE_S1.);
#4076 = LINE('',#4077,#4078);
#4077 = CARTESIAN_POINT('',(11.129508312511,9.379694284593,0.));
#4078 = VECTOR('',#4079,1.);
#4079 = DIRECTION('',(-0.,1.,-0.));
#4080 = PCURVE('',#3984,#4081);
#4081 = DEFINITIONAL_REPRESENTATION('',(#4082),#4086);
#4082 = LINE('',#4083,#4084);
#4083 = CARTESIAN_POINT('',(0.,0.));
#4084 = VECTOR('',#4085,1.);
#4085 = DIRECTION('',(1.,0.));
#4086 = ( GEOMETRIC_REPRESENTATION_CONTEXT(2) 
PARAMETRIC_REPRESENTATION_CONTEXT() REPRESENTATION_CONTEXT('2D SPACE',''
  ) );
#4087 = PCURVE('',#4088,#4093);
#4088 = PLANE('',#4089);
#4089 = AXIS2_PLACEMENT_3D('',#4090,#4091,#4092);
#4090 = CARTESIAN_POINT('',(12.615362462383,9.571772236768,0.));
#4091 = DIRECTION('',(-0.,-0.,1.));
#4092 = DIRECTION('',(-1.,0.,0.));
#4093 = DEFINITIONAL_REPRESENTATION('',(#4094),#4098);
#4094 = LINE('',#4095,#4096);
#4095 = CARTESIAN_POINT('',(1.485854149872,0.192077952176));
#4096 = VECTOR('',#4097,1.);
#4097 = DIRECTION('',(-0.,-1.));
#4098 = ( GEOMETRIC_REPRESENTATION_CONTEXT(2) 
PARAMETRIC_REPRESENTATION_CONTEXT() REPRESENTATION_CONTEXT('2D SPACE',''
  ) );
#4099 = ADVANCED_FACE('',(#4100),#4057,.T.);
#4100 = FACE_BOUND('',#4101,.T.);
#4101 = EDGE_LOOP('',(#4102,#4103,#4132,#4160));
#4102 = ORIENTED_EDGE('',*,*,#4041,.T.);
#4103 = ORIENTED_EDGE('',*,*,#4104,.T.);
#4104 = EDGE_CURVE('',#4014,#4105,#4107,.T.);
#4105 = VERTEX_POINT('',#4106);
#4106 = CARTESIAN_POINT('',(14.101216612255,9.759796508979,0.6));
#4107 = SURFACE_CURVE('',#4108,(#4115,#4122),.PCURVE_S1.);
#4108 = B_SPLINE_CURVE_WITH_KNOTS('',2,(#4109,#4110,#4111,#4112,#4113,
    #4114),.UNSPECIFIED.,.F.,.F.,(3,1,1,1,3),(0.,1.,2.,3.,4.),
  .UNSPECIFIED.);
#4109 = CARTESIAN_POINT('',(11.129508312511,9.759796508979,0.6));
#4110 = CARTESIAN_POINT('',(11.129508312511,10.312672471722,0.6));
#4111 = CARTESIAN_POINT('',(11.837880639775,11.021044798986,0.6));
#4112 = CARTESIAN_POINT('',(13.39284428499,11.021044798986,0.6));
#4113 = CARTESIAN_POINT('',(14.101216612255,10.312672471722,0.6));
#4114 = CARTESIAN_POINT('',(14.101216612255,9.759796508979,0.6));
#4115 = PCURVE('',#4057,#4116);
#4116 = DEFINITIONAL_REPRESENTATION('',(#4117),#4121);
#4117 = LINE('',#4118,#4119);
#4118 = CARTESIAN_POINT('',(0.,-0.6));
#4119 = VECTOR('',#4120,1.);
#4120 = DIRECTION('',(1.,0.));
#4121 = ( GEOMETRIC_REPRESENTATION_CONTEXT(2) 
PARAMETRIC_REPRESENTATION_CONTEXT() REPRESENTATION_CONTEXT('2D SPACE',''
  ) );
#4122 = PCURVE('',#4029,#4123);
#4123 = DEFINITIONAL_REPRESENTATION('',(#4124),#4131);
#4124 = B_SPLINE_CURVE_WITH_KNOTS('',2,(#4125,#4126,#4127,#4128,#4129,
    #4130),.UNSPECIFIED.,.F.,.F.,(3,1,1,1,3),(0.,1.,2.,3.,4.),
  .UNSPECIFIED.);
#4125 = CARTESIAN_POINT('',(1.485854149872,-0.18802427221));
#4126 = CARTESIAN_POINT('',(1.485854149872,-0.740900234953));
#4127 = CARTESIAN_POINT('',(0.777481822607,-1.449272562218));
#4128 = CARTESIAN_POINT('',(-0.777481822607,-1.449272562218));
#4129 = CARTESIAN_POINT('',(-1.485854149872,-0.740900234953));
#4130 = CARTESIAN_POINT('',(-1.485854149872,-0.18802427221));
#4131 = ( GEOMETRIC_REPRESENTATION_CONTEXT(2) 
PARAMETRIC_REPRESENTATION_CONTEXT() REPRESENTATION_CONTEXT('2D SPACE',''
  ) );
#4132 = ORIENTED_EDGE('',*,*,#4133,.F.);
#4133 = EDGE_CURVE('',#4134,#4105,#4136,.T.);
#4134 = VERTEX_POINT('',#4135);
#4135 = CARTESIAN_POINT('',(14.101216612255,9.759796508979,0.));
#4136 = SURFACE_CURVE('',#4137,(#4141,#4148),.PCURVE_S1.);
#4137 = LINE('',#4138,#4139);
#4138 = CARTESIAN_POINT('',(14.101216612255,9.759796508979,0.));
#4139 = VECTOR('',#4140,1.);
#4140 = DIRECTION('',(0.,-0.,1.));
#4141 = PCURVE('',#4057,#4142);
#4142 = DEFINITIONAL_REPRESENTATION('',(#4143),#4147);
#4143 = LINE('',#4144,#4145);
#4144 = CARTESIAN_POINT('',(4.,0.));
#4145 = VECTOR('',#4146,1.);
#4146 = DIRECTION('',(0.,-1.));
#4147 = ( GEOMETRIC_REPRESENTATION_CONTEXT(2) 
PARAMETRIC_REPRESENTATION_CONTEXT() REPRESENTATION_CONTEXT('2D SPACE',''
  ) );
#4148 = PCURVE('',#4149,#4154);
#4149 = PLANE('',#4150);
#4150 = AXIS2_PLACEMENT_3D('',#4151,#4152,#4153);
#4151 = CARTESIAN_POINT('',(14.101216612255,9.759796508979,0.));
#4152 = DIRECTION('',(1.,0.,-0.));
#4153 = DIRECTION('',(0.,-1.,-0.));
#4154 = DEFINITIONAL_REPRESENTATION('',(#4155),#4159);
#4155 = LINE('',#4156,#4157);
#4156 = CARTESIAN_POINT('',(3.552713678801E-15,-0.));
#4157 = VECTOR('',#4158,1.);
#4158 = DIRECTION('',(0.,-1.));
#4159 = ( GEOMETRIC_REPRESENTATION_CONTEXT(2) 
PARAMETRIC_REPRESENTATION_CONTEXT() REPRESENTATION_CONTEXT('2D SPACE',''
  ) );
#4160 = ORIENTED_EDGE('',*,*,#4161,.F.);
#4161 = EDGE_CURVE('',#4042,#4134,#4162,.T.);
#4162 = SURFACE_CURVE('',#4163,(#4170,#4177),.PCURVE_S1.);
#4163 = B_SPLINE_CURVE_WITH_KNOTS('',2,(#4164,#4165,#4166,#4167,#4168,
    #4169),.UNSPECIFIED.,.F.,.F.,(3,1,1,1,3),(0.,1.,2.,3.,4.),
  .UNSPECIFIED.);
#4164 = CARTESIAN_POINT('',(11.129508312511,9.759796508979,0.));
#4165 = CARTESIAN_POINT('',(11.129508312511,10.312672471722,0.));
#4166 = CARTESIAN_POINT('',(11.837880639775,11.021044798986,0.));
#4167 = CARTESIAN_POINT('',(13.39284428499,11.021044798986,0.));
#4168 = CARTESIAN_POINT('',(14.101216612255,10.312672471722,0.));
#4169 = CARTESIAN_POINT('',(14.101216612255,9.759796508979,0.));
#4170 = PCURVE('',#4057,#4171);
#4171 = DEFINITIONAL_REPRESENTATION('',(#4172),#4176);
#4172 = LINE('',#4173,#4174);
#4173 = CARTESIAN_POINT('',(0.,0.));
#4174 = VECTOR('',#4175,1.);
#4175 = DIRECTION('',(1.,0.));
#4176 = ( GEOMETRIC_REPRESENTATION_CONTEXT(2) 
PARAMETRIC_REPRESENTATION_CONTEXT() REPRESENTATION_CONTEXT('2D SPACE',''
  ) );
#4177 = PCURVE('',#4088,#4178);
#4178 = DEFINITIONAL_REPRESENTATION('',(#4179),#4186);
#4179 = B_SPLINE_CURVE_WITH_KNOTS('',2,(#4180,#4181,#4182,#4183,#4184,
    #4185),.UNSPECIFIED.,.F.,.F.,(3,1,1,1,3),(0.,1.,2.,3.,4.),
  .UNSPECIFIED.);
#4180 = CARTESIAN_POINT('',(1.485854149872,-0.18802427221));
#4181 = CARTESIAN_POINT('',(1.485854149872,-0.740900234953));
#4182 = CARTESIAN_POINT('',(0.777481822607,-1.449272562218));
#4183 = CARTESIAN_POINT('',(-0.777481822607,-1.449272562218));
#4184 = CARTESIAN_POINT('',(-1.485854149872,-0.740900234953));
#4185 = CARTESIAN_POINT('',(-1.485854149872,-0.18802427221));
#4186 = ( GEOMETRIC_REPRESENTATION_CONTEXT(2) 
PARAMETRIC_REPRESENTATION_CONTEXT() REPRESENTATION_CONTEXT('2D SPACE',''
  ) );
#4187 = ADVANCED_FACE('',(#4188),#4149,.T.);
#4188 = FACE_BOUND('',#4189,.T.);
#4189 = EDGE_LOOP('',(#4190,#4191,#4214,#4237));
#4190 = ORIENTED_EDGE('',*,*,#4133,.T.);
#4191 = ORIENTED_EDGE('',*,*,#4192,.T.);
#4192 = EDGE_CURVE('',#4105,#4193,#4195,.T.);
#4193 = VERTEX_POINT('',#4194);
#4194 = CARTESIAN_POINT('',(14.101216612255,9.379694284593,0.6));
#4195 = SURFACE_CURVE('',#4196,(#4200,#4207),.PCURVE_S1.);
#4196 = LINE('',#4197,#4198);
#4197 = CARTESIAN_POINT('',(14.101216612255,9.759796508979,0.6));
#4198 = VECTOR('',#4199,1.);
#4199 = DIRECTION('',(-0.,-1.,-0.));
#4200 = PCURVE('',#4149,#4201);
#4201 = DEFINITIONAL_REPRESENTATION('',(#4202),#4206);
#4202 = LINE('',#4203,#4204);
#4203 = CARTESIAN_POINT('',(0.,-0.6));
#4204 = VECTOR('',#4205,1.);
#4205 = DIRECTION('',(1.,0.));
#4206 = ( GEOMETRIC_REPRESENTATION_CONTEXT(2) 
PARAMETRIC_REPRESENTATION_CONTEXT() REPRESENTATION_CONTEXT('2D SPACE',''
  ) );
#4207 = PCURVE('',#4029,#4208);
#4208 = DEFINITIONAL_REPRESENTATION('',(#4209),#4213);
#4209 = LINE('',#4210,#4211);
#4210 = CARTESIAN_POINT('',(-1.485854149872,-0.18802427221));
#4211 = VECTOR('',#4212,1.);
#4212 = DIRECTION('',(-0.,1.));
#4213 = ( GEOMETRIC_REPRESENTATION_CONTEXT(2) 
PARAMETRIC_REPRESENTATION_CONTEXT() REPRESENTATION_CONTEXT('2D SPACE',''
  ) );
#4214 = ORIENTED_EDGE('',*,*,#4215,.F.);
#4215 = EDGE_CURVE('',#4216,#4193,#4218,.T.);
#4216 = VERTEX_POINT('',#4217);
#4217 = CARTESIAN_POINT('',(14.101216612255,9.379694284593,0.));
#4218 = SURFACE_CURVE('',#4219,(#4223,#4230),.PCURVE_S1.);
#4219 = LINE('',#4220,#4221);
#4220 = CARTESIAN_POINT('',(14.101216612255,9.379694284593,0.));
#4221 = VECTOR('',#4222,1.);
#4222 = DIRECTION('',(0.,-0.,1.));
#4223 = PCURVE('',#4149,#4224);
#4224 = DEFINITIONAL_REPRESENTATION('',(#4225),#4229);
#4225 = LINE('',#4226,#4227);
#4226 = CARTESIAN_POINT('',(0.380102224386,-0.));
#4227 = VECTOR('',#4228,1.);
#4228 = DIRECTION('',(0.,-1.));
#4229 = ( GEOMETRIC_REPRESENTATION_CONTEXT(2) 
PARAMETRIC_REPRESENTATION_CONTEXT() REPRESENTATION_CONTEXT('2D SPACE',''
  ) );
#4230 = PCURVE('',#3996,#4231);
#4231 = DEFINITIONAL_REPRESENTATION('',(#4232),#4236);
#4232 = LINE('',#4233,#4234);
#4233 = CARTESIAN_POINT('',(0.,0.));
#4234 = VECTOR('',#4235,1.);
#4235 = DIRECTION('',(0.,-1.));
#4236 = ( GEOMETRIC_REPRESENTATION_CONTEXT(2) 
PARAMETRIC_REPRESENTATION_CONTEXT() REPRESENTATION_CONTEXT('2D SPACE',''
  ) );
#4237 = ORIENTED_EDGE('',*,*,#4238,.F.);
#4238 = EDGE_CURVE('',#4134,#4216,#4239,.T.);
#4239 = SURFACE_CURVE('',#4240,(#4244,#4251),.PCURVE_S1.);
#4240 = LINE('',#4241,#4242);
#4241 = CARTESIAN_POINT('',(14.101216612255,9.759796508979,0.));
#4242 = VECTOR('',#4243,1.);
#4243 = DIRECTION('',(-0.,-1.,-0.));
#4244 = PCURVE('',#4149,#4245);
#4245 = DEFINITIONAL_REPRESENTATION('',(#4246),#4250);
#4246 = LINE('',#4247,#4248);
#4247 = CARTESIAN_POINT('',(0.,0.));
#4248 = VECTOR('',#4249,1.);
#4249 = DIRECTION('',(1.,0.));
#4250 = ( GEOMETRIC_REPRESENTATION_CONTEXT(2) 
PARAMETRIC_REPRESENTATION_CONTEXT() REPRESENTATION_CONTEXT('2D SPACE',''
  ) );
#4251 = PCURVE('',#4088,#4252);
#4252 = DEFINITIONAL_REPRESENTATION('',(#4253),#4257);
#4253 = LINE('',#4254,#4255);
#4254 = CARTESIAN_POINT('',(-1.485854149872,-0.18802427221));
#4255 = VECTOR('',#4256,1.);
#4256 = DIRECTION('',(-0.,1.));
#4257 = ( GEOMETRIC_REPRESENTATION_CONTEXT(2) 
PARAMETRIC_REPRESENTATION_CONTEXT() REPRESENTATION_CONTEXT('2D SPACE',''
  ) );
#4258 = ADVANCED_FACE('',(#4259),#3996,.T.);
#4259 = FACE_BOUND('',#4260,.T.);
#4260 = EDGE_LOOP('',(#4261,#4262,#4289,#4290));
#4261 = ORIENTED_EDGE('',*,*,#4215,.T.);
#4262 = ORIENTED_EDGE('',*,*,#4263,.T.);
#4263 = EDGE_CURVE('',#4193,#3976,#4264,.T.);
#4264 = SURFACE_CURVE('',#4265,(#4272,#4279),.PCURVE_S1.);
#4265 = B_SPLINE_CURVE_WITH_KNOTS('',2,(#4266,#4267,#4268,#4269,#4270,
    #4271),.UNSPECIFIED.,.F.,.F.,(3,1,1,1,3),(0.,1.,2.,3.,4.),
  .UNSPECIFIED.);
#4266 = CARTESIAN_POINT('',(14.101216612255,9.379694284593,0.6));
#4267 = CARTESIAN_POINT('',(14.101216612255,8.844095695685,0.6));
#4268 = CARTESIAN_POINT('',(13.39284428499,8.118445994585,0.6));
#4269 = CARTESIAN_POINT('',(11.837880639775,8.118445994585,0.6));
#4270 = CARTESIAN_POINT('',(11.129508312511,8.844095695685,0.6));
#4271 = CARTESIAN_POINT('',(11.129508312511,9.379694284593,0.6));
#4272 = PCURVE('',#3996,#4273);
#4273 = DEFINITIONAL_REPRESENTATION('',(#4274),#4278);
#4274 = LINE('',#4275,#4276);
#4275 = CARTESIAN_POINT('',(0.,-0.6));
#4276 = VECTOR('',#4277,1.);
#4277 = DIRECTION('',(1.,0.));
#4278 = ( GEOMETRIC_REPRESENTATION_CONTEXT(2) 
PARAMETRIC_REPRESENTATION_CONTEXT() REPRESENTATION_CONTEXT('2D SPACE',''
  ) );
#4279 = PCURVE('',#4029,#4280);
#4280 = DEFINITIONAL_REPRESENTATION('',(#4281),#4288);
#4281 = B_SPLINE_CURVE_WITH_KNOTS('',2,(#4282,#4283,#4284,#4285,#4286,
    #4287),.UNSPECIFIED.,.F.,.F.,(3,1,1,1,3),(0.,1.,2.,3.,4.),
  .UNSPECIFIED.);
#4282 = CARTESIAN_POINT('',(-1.485854149872,0.192077952176));
#4283 = CARTESIAN_POINT('',(-1.485854149872,0.727676541083));
#4284 = CARTESIAN_POINT('',(-0.777481822607,1.453326242183));
#4285 = CARTESIAN_POINT('',(0.777481822607,1.453326242183));
#4286 = CARTESIAN_POINT('',(1.485854149872,0.727676541083));
#4287 = CARTESIAN_POINT('',(1.485854149872,0.192077952176));
#4288 = ( GEOMETRIC_REPRESENTATION_CONTEXT(2) 
PARAMETRIC_REPRESENTATION_CONTEXT() REPRESENTATION_CONTEXT('2D SPACE',''
  ) );
#4289 = ORIENTED_EDGE('',*,*,#3973,.F.);
#4290 = ORIENTED_EDGE('',*,*,#4291,.F.);
#4291 = EDGE_CURVE('',#4216,#3974,#4292,.T.);
#4292 = SURFACE_CURVE('',#4293,(#4300,#4307),.PCURVE_S1.);
#4293 = B_SPLINE_CURVE_WITH_KNOTS('',2,(#4294,#4295,#4296,#4297,#4298,
    #4299),.UNSPECIFIED.,.F.,.F.,(3,1,1,1,3),(0.,1.,2.,3.,4.),
  .UNSPECIFIED.);
#4294 = CARTESIAN_POINT('',(14.101216612255,9.379694284593,0.));
#4295 = CARTESIAN_POINT('',(14.101216612255,8.844095695685,0.));
#4296 = CARTESIAN_POINT('',(13.39284428499,8.118445994585,0.));
#4297 = CARTESIAN_POINT('',(11.837880639775,8.118445994585,0.));
#4298 = CARTESIAN_POINT('',(11.129508312511,8.844095695685,0.));
#4299 = CARTESIAN_POINT('',(11.129508312511,9.379694284593,0.));
#4300 = PCURVE('',#3996,#4301);
#4301 = DEFINITIONAL_REPRESENTATION('',(#4302),#4306);
#4302 = LINE('',#4303,#4304);
#4303 = CARTESIAN_POINT('',(0.,0.));
#4304 = VECTOR('',#4305,1.);
#4305 = DIRECTION('',(1.,0.));
#4306 = ( GEOMETRIC_REPRESENTATION_CONTEXT(2) 
PARAMETRIC_REPRESENTATION_CONTEXT() REPRESENTATION_CONTEXT('2D SPACE',''
  ) );
#4307 = PCURVE('',#4088,#4308);
#4308 = DEFINITIONAL_REPRESENTATION('',(#4309),#4316);
#4309 = B_SPLINE_CURVE_WITH_KNOTS('',2,(#4310,#4311,#4312,#4313,#4314,
    #4315),.UNSPECIFIED.,.F.,.F.,(3,1,1,1,3),(0.,1.,2.,3.,4.),
  .UNSPECIFIED.);
#4310 = CARTESIAN_POINT('',(-1.485854149872,0.192077952176));
#4311 = CARTESIAN_POINT('',(-1.485854149872,0.727676541083));
#4312 = CARTESIAN_POINT('',(-0.777481822607,1.453326242183));
#4313 = CARTESIAN_POINT('',(0.777481822607,1.453326242183));
#4314 = CARTESIAN_POINT('',(1.485854149872,0.727676541083));
#4315 = CARTESIAN_POINT('',(1.485854149872,0.192077952176));
#4316 = ( GEOMETRIC_REPRESENTATION_CONTEXT(2) 
PARAMETRIC_REPRESENTATION_CONTEXT() REPRESENTATION_CONTEXT('2D SPACE',''
  ) );
#4317 = ADVANCED_FACE('',(#4318),#4088,.F.);
#4318 = FACE_BOUND('',#4319,.T.);
#4319 = EDGE_LOOP('',(#4320,#4321,#4322,#4323));
#4320 = ORIENTED_EDGE('',*,*,#4074,.T.);
#4321 = ORIENTED_EDGE('',*,*,#4161,.T.);
#4322 = ORIENTED_EDGE('',*,*,#4238,.T.);
#4323 = ORIENTED_EDGE('',*,*,#4291,.T.);
#4324 = ADVANCED_FACE('',(#4325),#4029,.T.);
#4325 = FACE_BOUND('',#4326,.F.);
#4326 = EDGE_LOOP('',(#4327,#4328,#4329,#4330));
#4327 = ORIENTED_EDGE('',*,*,#4013,.T.);
#4328 = ORIENTED_EDGE('',*,*,#4104,.T.);
#4329 = ORIENTED_EDGE('',*,*,#4192,.T.);
#4330 = ORIENTED_EDGE('',*,*,#4263,.T.);
#4331 = MANIFOLD_SOLID_BREP('',#4332);
#4332 = CLOSED_SHELL('',(#4333,#4453,#4529,#4600,#4647,#4654));
#4333 = ADVANCED_FACE('',(#4334),#4348,.T.);
#4334 = FACE_BOUND('',#4335,.T.);
#4335 = EDGE_LOOP('',(#4336,#4371,#4399,#4427));
#4336 = ORIENTED_EDGE('',*,*,#4337,.T.);
#4337 = EDGE_CURVE('',#4338,#4340,#4342,.T.);
#4338 = VERTEX_POINT('',#4339);
#4339 = CARTESIAN_POINT('',(11.336836798539,-1.919708203969,0.));
#4340 = VERTEX_POINT('',#4341);
#4341 = CARTESIAN_POINT('',(11.336836798539,-1.919708203969,0.6));
#4342 = SURFACE_CURVE('',#4343,(#4347,#4359),.PCURVE_S1.);
#4343 = LINE('',#4344,#4345);
#4344 = CARTESIAN_POINT('',(11.336836798539,-1.919708203969,0.));
#4345 = VECTOR('',#4346,1.);
#4346 = DIRECTION('',(0.,-0.,1.));
#4347 = PCURVE('',#4348,#4353);
#4348 = PLANE('',#4349);
#4349 = AXIS2_PLACEMENT_3D('',#4350,#4351,#4352);
#4350 = CARTESIAN_POINT('',(11.336836798539,-1.919708203969,0.));
#4351 = DIRECTION('',(-1.,0.,0.));
#4352 = DIRECTION('',(0.,1.,-0.));
#4353 = DEFINITIONAL_REPRESENTATION('',(#4354),#4358);
#4354 = LINE('',#4355,#4356);
#4355 = CARTESIAN_POINT('',(0.,0.));
#4356 = VECTOR('',#4357,1.);
#4357 = DIRECTION('',(0.,-1.));
#4358 = ( GEOMETRIC_REPRESENTATION_CONTEXT(2) 
PARAMETRIC_REPRESENTATION_CONTEXT() REPRESENTATION_CONTEXT('2D SPACE',''
  ) );
#4359 = PCURVE('',#4360,#4365);
#4360 = PLANE('',#4361);
#4361 = AXIS2_PLACEMENT_3D('',#4362,#4363,#4364);
#4362 = CARTESIAN_POINT('',(13.893888126226,-1.919708203969,0.));
#4363 = DIRECTION('',(0.,-1.,-0.));
#4364 = DIRECTION('',(-1.,-0.,0.));
#4365 = DEFINITIONAL_REPRESENTATION('',(#4366),#4370);
#4366 = LINE('',#4367,#4368);
#4367 = CARTESIAN_POINT('',(2.557051327687,0.));
#4368 = VECTOR('',#4369,1.);
#4369 = DIRECTION('',(0.,-1.));
#4370 = ( GEOMETRIC_REPRESENTATION_CONTEXT(2) 
PARAMETRIC_REPRESENTATION_CONTEXT() REPRESENTATION_CONTEXT('2D SPACE',''
  ) );
#4371 = ORIENTED_EDGE('',*,*,#4372,.T.);
#4372 = EDGE_CURVE('',#4340,#4373,#4375,.T.);
#4373 = VERTEX_POINT('',#4374);
#4374 = CARTESIAN_POINT('',(11.336836798539,7.150913059785,0.6));
#4375 = SURFACE_CURVE('',#4376,(#4380,#4387),.PCURVE_S1.);
#4376 = LINE('',#4377,#4378);
#4377 = CARTESIAN_POINT('',(11.336836798539,-1.919708203969,0.6));
#4378 = VECTOR('',#4379,1.);
#4379 = DIRECTION('',(-0.,1.,-0.));
#4380 = PCURVE('',#4348,#4381);
#4381 = DEFINITIONAL_REPRESENTATION('',(#4382),#4386);
#4382 = LINE('',#4383,#4384);
#4383 = CARTESIAN_POINT('',(0.,-0.6));
#4384 = VECTOR('',#4385,1.);
#4385 = DIRECTION('',(1.,0.));
#4386 = ( GEOMETRIC_REPRESENTATION_CONTEXT(2) 
PARAMETRIC_REPRESENTATION_CONTEXT() REPRESENTATION_CONTEXT('2D SPACE',''
  ) );
#4387 = PCURVE('',#4388,#4393);
#4388 = PLANE('',#4389);
#4389 = AXIS2_PLACEMENT_3D('',#4390,#4391,#4392);
#4390 = CARTESIAN_POINT('',(12.615362462383,2.615602427908,0.6));
#4391 = DIRECTION('',(-0.,-0.,1.));
#4392 = DIRECTION('',(-1.,0.,0.));
#4393 = DEFINITIONAL_REPRESENTATION('',(#4394),#4398);
#4394 = LINE('',#4395,#4396);
#4395 = CARTESIAN_POINT('',(1.278525663843,4.535310631877));
#4396 = VECTOR('',#4397,1.);
#4397 = DIRECTION('',(-0.,-1.));
#4398 = ( GEOMETRIC_REPRESENTATION_CONTEXT(2) 
PARAMETRIC_REPRESENTATION_CONTEXT() REPRESENTATION_CONTEXT('2D SPACE',''
  ) );
#4399 = ORIENTED_EDGE('',*,*,#4400,.F.);
#4400 = EDGE_CURVE('',#4401,#4373,#4403,.T.);
#4401 = VERTEX_POINT('',#4402);
#4402 = CARTESIAN_POINT('',(11.336836798539,7.150913059785,0.));
#4403 = SURFACE_CURVE('',#4404,(#4408,#4415),.PCURVE_S1.);
#4404 = LINE('',#4405,#4406);
#4405 = CARTESIAN_POINT('',(11.336836798539,7.150913059785,0.));
#4406 = VECTOR('',#4407,1.);
#4407 = DIRECTION('',(0.,-0.,1.));
#4408 = PCURVE('',#4348,#4409);
#4409 = DEFINITIONAL_REPRESENTATION('',(#4410),#4414);
#4410 = LINE('',#4411,#4412);
#4411 = CARTESIAN_POINT('',(9.070621263754,0.));
#4412 = VECTOR('',#4413,1.);
#4413 = DIRECTION('',(0.,-1.));
#4414 = ( GEOMETRIC_REPRESENTATION_CONTEXT(2) 
PARAMETRIC_REPRESENTATION_CONTEXT() REPRESENTATION_CONTEXT('2D SPACE',''
  ) );
#4415 = PCURVE('',#4416,#4421);
#4416 = PLANE('',#4417);
#4417 = AXIS2_PLACEMENT_3D('',#4418,#4419,#4420);
#4418 = CARTESIAN_POINT('',(11.336836798539,7.150913059785,0.));
#4419 = DIRECTION('',(0.,1.,0.));
#4420 = DIRECTION('',(1.,0.,-0.));
#4421 = DEFINITIONAL_REPRESENTATION('',(#4422),#4426);
#4422 = LINE('',#4423,#4424);
#4423 = CARTESIAN_POINT('',(0.,0.));
#4424 = VECTOR('',#4425,1.);
#4425 = DIRECTION('',(0.,-1.));
#4426 = ( GEOMETRIC_REPRESENTATION_CONTEXT(2) 
PARAMETRIC_REPRESENTATION_CONTEXT() REPRESENTATION_CONTEXT('2D SPACE',''
  ) );
#4427 = ORIENTED_EDGE('',*,*,#4428,.F.);
#4428 = EDGE_CURVE('',#4338,#4401,#4429,.T.);
#4429 = SURFACE_CURVE('',#4430,(#4434,#4441),.PCURVE_S1.);
#4430 = LINE('',#4431,#4432);
#4431 = CARTESIAN_POINT('',(11.336836798539,-1.919708203969,0.));
#4432 = VECTOR('',#4433,1.);
#4433 = DIRECTION('',(-0.,1.,-0.));
#4434 = PCURVE('',#4348,#4435);
#4435 = DEFINITIONAL_REPRESENTATION('',(#4436),#4440);
#4436 = LINE('',#4437,#4438);
#4437 = CARTESIAN_POINT('',(0.,0.));
#4438 = VECTOR('',#4439,1.);
#4439 = DIRECTION('',(1.,0.));
#4440 = ( GEOMETRIC_REPRESENTATION_CONTEXT(2) 
PARAMETRIC_REPRESENTATION_CONTEXT() REPRESENTATION_CONTEXT('2D SPACE',''
  ) );
#4441 = PCURVE('',#4442,#4447);
#4442 = PLANE('',#4443);
#4443 = AXIS2_PLACEMENT_3D('',#4444,#4445,#4446);
#4444 = CARTESIAN_POINT('',(12.615362462383,2.615602427908,0.));
#4445 = DIRECTION('',(-0.,-0.,1.));
#4446 = DIRECTION('',(-1.,0.,0.));
#4447 = DEFINITIONAL_REPRESENTATION('',(#4448),#4452);
#4448 = LINE('',#4449,#4450);
#4449 = CARTESIAN_POINT('',(1.278525663843,4.535310631877));
#4450 = VECTOR('',#4451,1.);
#4451 = DIRECTION('',(-0.,-1.));
#4452 = ( GEOMETRIC_REPRESENTATION_CONTEXT(2) 
PARAMETRIC_REPRESENTATION_CONTEXT() REPRESENTATION_CONTEXT('2D SPACE',''
  ) );
#4453 = ADVANCED_FACE('',(#4454),#4416,.T.);
#4454 = FACE_BOUND('',#4455,.T.);
#4455 = EDGE_LOOP('',(#4456,#4457,#4480,#4508));
#4456 = ORIENTED_EDGE('',*,*,#4400,.T.);
#4457 = ORIENTED_EDGE('',*,*,#4458,.T.);
#4458 = EDGE_CURVE('',#4373,#4459,#4461,.T.);
#4459 = VERTEX_POINT('',#4460);
#4460 = CARTESIAN_POINT('',(13.893888126226,7.150913059785,0.6));
#4461 = SURFACE_CURVE('',#4462,(#4466,#4473),.PCURVE_S1.);
#4462 = LINE('',#4463,#4464);
#4463 = CARTESIAN_POINT('',(11.336836798539,7.150913059785,0.6));
#4464 = VECTOR('',#4465,1.);
#4465 = DIRECTION('',(1.,-0.,-0.));
#4466 = PCURVE('',#4416,#4467);
#4467 = DEFINITIONAL_REPRESENTATION('',(#4468),#4472);
#4468 = LINE('',#4469,#4470);
#4469 = CARTESIAN_POINT('',(0.,-0.6));
#4470 = VECTOR('',#4471,1.);
#4471 = DIRECTION('',(1.,0.));
#4472 = ( GEOMETRIC_REPRESENTATION_CONTEXT(2) 
PARAMETRIC_REPRESENTATION_CONTEXT() REPRESENTATION_CONTEXT('2D SPACE',''
  ) );
#4473 = PCURVE('',#4388,#4474);
#4474 = DEFINITIONAL_REPRESENTATION('',(#4475),#4479);
#4475 = LINE('',#4476,#4477);
#4476 = CARTESIAN_POINT('',(1.278525663843,-4.535310631877));
#4477 = VECTOR('',#4478,1.);
#4478 = DIRECTION('',(-1.,-0.));
#4479 = ( GEOMETRIC_REPRESENTATION_CONTEXT(2) 
PARAMETRIC_REPRESENTATION_CONTEXT() REPRESENTATION_CONTEXT('2D SPACE',''
  ) );
#4480 = ORIENTED_EDGE('',*,*,#4481,.F.);
#4481 = EDGE_CURVE('',#4482,#4459,#4484,.T.);
#4482 = VERTEX_POINT('',#4483);
#4483 = CARTESIAN_POINT('',(13.893888126226,7.150913059785,0.));
#4484 = SURFACE_CURVE('',#4485,(#4489,#4496),.PCURVE_S1.);
#4485 = LINE('',#4486,#4487);
#4486 = CARTESIAN_POINT('',(13.893888126226,7.150913059785,0.));
#4487 = VECTOR('',#4488,1.);
#4488 = DIRECTION('',(0.,-0.,1.));
#4489 = PCURVE('',#4416,#4490);
#4490 = DEFINITIONAL_REPRESENTATION('',(#4491),#4495);
#4491 = LINE('',#4492,#4493);
#4492 = CARTESIAN_POINT('',(2.557051327687,0.));
#4493 = VECTOR('',#4494,1.);
#4494 = DIRECTION('',(0.,-1.));
#4495 = ( GEOMETRIC_REPRESENTATION_CONTEXT(2) 
PARAMETRIC_REPRESENTATION_CONTEXT() REPRESENTATION_CONTEXT('2D SPACE',''
  ) );
#4496 = PCURVE('',#4497,#4502);
#4497 = PLANE('',#4498);
#4498 = AXIS2_PLACEMENT_3D('',#4499,#4500,#4501);
#4499 = CARTESIAN_POINT('',(13.893888126226,7.150913059785,0.));
#4500 = DIRECTION('',(1.,0.,-0.));
#4501 = DIRECTION('',(0.,-1.,-0.));
#4502 = DEFINITIONAL_REPRESENTATION('',(#4503),#4507);
#4503 = LINE('',#4504,#4505);
#4504 = CARTESIAN_POINT('',(0.,0.));
#4505 = VECTOR('',#4506,1.);
#4506 = DIRECTION('',(0.,-1.));
#4507 = ( GEOMETRIC_REPRESENTATION_CONTEXT(2) 
PARAMETRIC_REPRESENTATION_CONTEXT() REPRESENTATION_CONTEXT('2D SPACE',''
  ) );
#4508 = ORIENTED_EDGE('',*,*,#4509,.F.);
#4509 = EDGE_CURVE('',#4401,#4482,#4510,.T.);
#4510 = SURFACE_CURVE('',#4511,(#4515,#4522),.PCURVE_S1.);
#4511 = LINE('',#4512,#4513);
#4512 = CARTESIAN_POINT('',(11.336836798539,7.150913059785,0.));
#4513 = VECTOR('',#4514,1.);
#4514 = DIRECTION('',(1.,-0.,-0.));
#4515 = PCURVE('',#4416,#4516);
#4516 = DEFINITIONAL_REPRESENTATION('',(#4517),#4521);
#4517 = LINE('',#4518,#4519);
#4518 = CARTESIAN_POINT('',(0.,0.));
#4519 = VECTOR('',#4520,1.);
#4520 = DIRECTION('',(1.,0.));
#4521 = ( GEOMETRIC_REPRESENTATION_CONTEXT(2) 
PARAMETRIC_REPRESENTATION_CONTEXT() REPRESENTATION_CONTEXT('2D SPACE',''
  ) );
#4522 = PCURVE('',#4442,#4523);
#4523 = DEFINITIONAL_REPRESENTATION('',(#4524),#4528);
#4524 = LINE('',#4525,#4526);
#4525 = CARTESIAN_POINT('',(1.278525663843,-4.535310631877));
#4526 = VECTOR('',#4527,1.);
#4527 = DIRECTION('',(-1.,-0.));
#4528 = ( GEOMETRIC_REPRESENTATION_CONTEXT(2) 
PARAMETRIC_REPRESENTATION_CONTEXT() REPRESENTATION_CONTEXT('2D SPACE',''
  ) );
#4529 = ADVANCED_FACE('',(#4530),#4497,.T.);
#4530 = FACE_BOUND('',#4531,.T.);
#4531 = EDGE_LOOP('',(#4532,#4533,#4556,#4579));
#4532 = ORIENTED_EDGE('',*,*,#4481,.T.);
#4533 = ORIENTED_EDGE('',*,*,#4534,.T.);
#4534 = EDGE_CURVE('',#4459,#4535,#4537,.T.);
#4535 = VERTEX_POINT('',#4536);
#4536 = CARTESIAN_POINT('',(13.893888126226,-1.919708203969,0.6));
#4537 = SURFACE_CURVE('',#4538,(#4542,#4549),.PCURVE_S1.);
#4538 = LINE('',#4539,#4540);
#4539 = CARTESIAN_POINT('',(13.893888126226,7.150913059785,0.6));
#4540 = VECTOR('',#4541,1.);
#4541 = DIRECTION('',(-0.,-1.,-0.));
#4542 = PCURVE('',#4497,#4543);
#4543 = DEFINITIONAL_REPRESENTATION('',(#4544),#4548);
#4544 = LINE('',#4545,#4546);
#4545 = CARTESIAN_POINT('',(0.,-0.6));
#4546 = VECTOR('',#4547,1.);
#4547 = DIRECTION('',(1.,0.));
#4548 = ( GEOMETRIC_REPRESENTATION_CONTEXT(2) 
PARAMETRIC_REPRESENTATION_CONTEXT() REPRESENTATION_CONTEXT('2D SPACE',''
  ) );
#4549 = PCURVE('',#4388,#4550);
#4550 = DEFINITIONAL_REPRESENTATION('',(#4551),#4555);
#4551 = LINE('',#4552,#4553);
#4552 = CARTESIAN_POINT('',(-1.278525663843,-4.535310631877));
#4553 = VECTOR('',#4554,1.);
#4554 = DIRECTION('',(-0.,1.));
#4555 = ( GEOMETRIC_REPRESENTATION_CONTEXT(2) 
PARAMETRIC_REPRESENTATION_CONTEXT() REPRESENTATION_CONTEXT('2D SPACE',''
  ) );
#4556 = ORIENTED_EDGE('',*,*,#4557,.F.);
#4557 = EDGE_CURVE('',#4558,#4535,#4560,.T.);
#4558 = VERTEX_POINT('',#4559);
#4559 = CARTESIAN_POINT('',(13.893888126226,-1.919708203969,0.));
#4560 = SURFACE_CURVE('',#4561,(#4565,#4572),.PCURVE_S1.);
#4561 = LINE('',#4562,#4563);
#4562 = CARTESIAN_POINT('',(13.893888126226,-1.919708203969,0.));
#4563 = VECTOR('',#4564,1.);
#4564 = DIRECTION('',(0.,-0.,1.));
#4565 = PCURVE('',#4497,#4566);
#4566 = DEFINITIONAL_REPRESENTATION('',(#4567),#4571);
#4567 = LINE('',#4568,#4569);
#4568 = CARTESIAN_POINT('',(9.070621263754,-0.));
#4569 = VECTOR('',#4570,1.);
#4570 = DIRECTION('',(0.,-1.));
#4571 = ( GEOMETRIC_REPRESENTATION_CONTEXT(2) 
PARAMETRIC_REPRESENTATION_CONTEXT() REPRESENTATION_CONTEXT('2D SPACE',''
  ) );
#4572 = PCURVE('',#4360,#4573);
#4573 = DEFINITIONAL_REPRESENTATION('',(#4574),#4578);
#4574 = LINE('',#4575,#4576);
#4575 = CARTESIAN_POINT('',(0.,0.));
#4576 = VECTOR('',#4577,1.);
#4577 = DIRECTION('',(0.,-1.));
#4578 = ( GEOMETRIC_REPRESENTATION_CONTEXT(2) 
PARAMETRIC_REPRESENTATION_CONTEXT() REPRESENTATION_CONTEXT('2D SPACE',''
  ) );
#4579 = ORIENTED_EDGE('',*,*,#4580,.F.);
#4580 = EDGE_CURVE('',#4482,#4558,#4581,.T.);
#4581 = SURFACE_CURVE('',#4582,(#4586,#4593),.PCURVE_S1.);
#4582 = LINE('',#4583,#4584);
#4583 = CARTESIAN_POINT('',(13.893888126226,7.150913059785,0.));
#4584 = VECTOR('',#4585,1.);
#4585 = DIRECTION('',(-0.,-1.,-0.));
#4586 = PCURVE('',#4497,#4587);
#4587 = DEFINITIONAL_REPRESENTATION('',(#4588),#4592);
#4588 = LINE('',#4589,#4590);
#4589 = CARTESIAN_POINT('',(0.,0.));
#4590 = VECTOR('',#4591,1.);
#4591 = DIRECTION('',(1.,0.));
#4592 = ( GEOMETRIC_REPRESENTATION_CONTEXT(2) 
PARAMETRIC_REPRESENTATION_CONTEXT() REPRESENTATION_CONTEXT('2D SPACE',''
  ) );
#4593 = PCURVE('',#4442,#4594);
#4594 = DEFINITIONAL_REPRESENTATION('',(#4595),#4599);
#4595 = LINE('',#4596,#4597);
#4596 = CARTESIAN_POINT('',(-1.278525663843,-4.535310631877));
#4597 = VECTOR('',#4598,1.);
#4598 = DIRECTION('',(-0.,1.));
#4599 = ( GEOMETRIC_REPRESENTATION_CONTEXT(2) 
PARAMETRIC_REPRESENTATION_CONTEXT() REPRESENTATION_CONTEXT('2D SPACE',''
  ) );
#4600 = ADVANCED_FACE('',(#4601),#4360,.T.);
#4601 = FACE_BOUND('',#4602,.T.);
#4602 = EDGE_LOOP('',(#4603,#4604,#4625,#4626));
#4603 = ORIENTED_EDGE('',*,*,#4557,.T.);
#4604 = ORIENTED_EDGE('',*,*,#4605,.T.);
#4605 = EDGE_CURVE('',#4535,#4340,#4606,.T.);
#4606 = SURFACE_CURVE('',#4607,(#4611,#4618),.PCURVE_S1.);
#4607 = LINE('',#4608,#4609);
#4608 = CARTESIAN_POINT('',(13.893888126226,-1.919708203969,0.6));
#4609 = VECTOR('',#4610,1.);
#4610 = DIRECTION('',(-1.,-0.,0.));
#4611 = PCURVE('',#4360,#4612);
#4612 = DEFINITIONAL_REPRESENTATION('',(#4613),#4617);
#4613 = LINE('',#4614,#4615);
#4614 = CARTESIAN_POINT('',(0.,-0.6));
#4615 = VECTOR('',#4616,1.);
#4616 = DIRECTION('',(1.,0.));
#4617 = ( GEOMETRIC_REPRESENTATION_CONTEXT(2) 
PARAMETRIC_REPRESENTATION_CONTEXT() REPRESENTATION_CONTEXT('2D SPACE',''
  ) );
#4618 = PCURVE('',#4388,#4619);
#4619 = DEFINITIONAL_REPRESENTATION('',(#4620),#4624);
#4620 = LINE('',#4621,#4622);
#4621 = CARTESIAN_POINT('',(-1.278525663843,4.535310631877));
#4622 = VECTOR('',#4623,1.);
#4623 = DIRECTION('',(1.,-0.));
#4624 = ( GEOMETRIC_REPRESENTATION_CONTEXT(2) 
PARAMETRIC_REPRESENTATION_CONTEXT() REPRESENTATION_CONTEXT('2D SPACE',''
  ) );
#4625 = ORIENTED_EDGE('',*,*,#4337,.F.);
#4626 = ORIENTED_EDGE('',*,*,#4627,.F.);
#4627 = EDGE_CURVE('',#4558,#4338,#4628,.T.);
#4628 = SURFACE_CURVE('',#4629,(#4633,#4640),.PCURVE_S1.);
#4629 = LINE('',#4630,#4631);
#4630 = CARTESIAN_POINT('',(13.893888126226,-1.919708203969,0.));
#4631 = VECTOR('',#4632,1.);
#4632 = DIRECTION('',(-1.,-0.,0.));
#4633 = PCURVE('',#4360,#4634);
#4634 = DEFINITIONAL_REPRESENTATION('',(#4635),#4639);
#4635 = LINE('',#4636,#4637);
#4636 = CARTESIAN_POINT('',(0.,0.));
#4637 = VECTOR('',#4638,1.);
#4638 = DIRECTION('',(1.,0.));
#4639 = ( GEOMETRIC_REPRESENTATION_CONTEXT(2) 
PARAMETRIC_REPRESENTATION_CONTEXT() REPRESENTATION_CONTEXT('2D SPACE',''
  ) );
#4640 = PCURVE('',#4442,#4641);
#4641 = DEFINITIONAL_REPRESENTATION('',(#4642),#4646);
#4642 = LINE('',#4643,#4644);
#4643 = CARTESIAN_POINT('',(-1.278525663843,4.535310631877));
#4644 = VECTOR('',#4645,1.);
#4645 = DIRECTION('',(1.,-0.));
#4646 = ( GEOMETRIC_REPRESENTATION_CONTEXT(2) 
PARAMETRIC_REPRESENTATION_CONTEXT() REPRESENTATION_CONTEXT('2D SPACE',''
  ) );
#4647 = ADVANCED_FACE('',(#4648),#4442,.F.);
#4648 = FACE_BOUND('',#4649,.T.);
#4649 = EDGE_LOOP('',(#4650,#4651,#4652,#4653));
#4650 = ORIENTED_EDGE('',*,*,#4428,.T.);
#4651 = ORIENTED_EDGE('',*,*,#4509,.T.);
#4652 = ORIENTED_EDGE('',*,*,#4580,.T.);
#4653 = ORIENTED_EDGE('',*,*,#4627,.T.);
#4654 = ADVANCED_FACE('',(#4655),#4388,.T.);
#4655 = FACE_BOUND('',#4656,.F.);
#4656 = EDGE_LOOP('',(#4657,#4658,#4659,#4660));
#4657 = ORIENTED_EDGE('',*,*,#4372,.T.);
#4658 = ORIENTED_EDGE('',*,*,#4458,.T.);
#4659 = ORIENTED_EDGE('',*,*,#4534,.T.);
#4660 = ORIENTED_EDGE('',*,*,#4605,.T.);
#4661 = MANIFOLD_SOLID_BREP('',#4662);
#4662 = CLOSED_SHELL('',(#4663,#4786,#4866,#4942,#5018,#5094,#5173,#5253
    ,#5329,#5405,#5481,#5557,#5633,#5709,#5785,#5856,#5903,#5922));
#4663 = ADVANCED_FACE('',(#4664),#4678,.T.);
#4664 = FACE_BOUND('',#4665,.T.);
#4665 = EDGE_LOOP('',(#4666,#4701,#4729,#4760));
#4666 = ORIENTED_EDGE('',*,*,#4667,.T.);
#4667 = EDGE_CURVE('',#4668,#4670,#4672,.T.);
#4668 = VERTEX_POINT('',#4669);
#4669 = CARTESIAN_POINT('',(20.977611398872,-1.919708203969,0.));
#4670 = VERTEX_POINT('',#4671);
#4671 = CARTESIAN_POINT('',(20.977611398872,-1.919708203969,0.6));
#4672 = SURFACE_CURVE('',#4673,(#4677,#4689),.PCURVE_S1.);
#4673 = LINE('',#4674,#4675);
#4674 = CARTESIAN_POINT('',(20.977611398872,-1.919708203969,0.));
#4675 = VECTOR('',#4676,1.);
#4676 = DIRECTION('',(0.,-0.,1.));
#4677 = PCURVE('',#4678,#4683);
#4678 = PLANE('',#4679);
#4679 = AXIS2_PLACEMENT_3D('',#4680,#4681,#4682);
#4680 = CARTESIAN_POINT('',(20.977611398872,-1.919708203969,0.));
#4681 = DIRECTION('',(0.,-1.,-0.));
#4682 = DIRECTION('',(-1.,-0.,0.));
#4683 = DEFINITIONAL_REPRESENTATION('',(#4684),#4688);
#4684 = LINE('',#4685,#4686);
#4685 = CARTESIAN_POINT('',(0.,0.));
#4686 = VECTOR('',#4687,1.);
#4687 = DIRECTION('',(0.,-1.));
#4688 = ( GEOMETRIC_REPRESENTATION_CONTEXT(2) 
PARAMETRIC_REPRESENTATION_CONTEXT() REPRESENTATION_CONTEXT('2D SPACE',''
  ) );
#4689 = PCURVE('',#4690,#4695);
#4690 = PLANE('',#4691);
#4691 = AXIS2_PLACEMENT_3D('',#4692,#4693,#4694);
#4692 = CARTESIAN_POINT('',(20.977611398872,6.718978713892E-02,0.));
#4693 = DIRECTION('',(1.,0.,-0.));
#4694 = DIRECTION('',(0.,-1.,-0.));
#4695 = DEFINITIONAL_REPRESENTATION('',(#4696),#4700);
#4696 = LINE('',#4697,#4698);
#4697 = CARTESIAN_POINT('',(1.986897991108,-0.));
#4698 = VECTOR('',#4699,1.);
#4699 = DIRECTION('',(0.,-1.));
#4700 = ( GEOMETRIC_REPRESENTATION_CONTEXT(2) 
PARAMETRIC_REPRESENTATION_CONTEXT() REPRESENTATION_CONTEXT('2D SPACE',''
  ) );
#4701 = ORIENTED_EDGE('',*,*,#4702,.T.);
#4702 = EDGE_CURVE('',#4670,#4703,#4705,.T.);
#4703 = VERTEX_POINT('',#4704);
#4704 = CARTESIAN_POINT('',(19.457202501328,-1.919708203969,0.6));
#4705 = SURFACE_CURVE('',#4706,(#4710,#4717),.PCURVE_S1.);
#4706 = LINE('',#4707,#4708);
#4707 = CARTESIAN_POINT('',(20.977611398872,-1.919708203969,0.6));
#4708 = VECTOR('',#4709,1.);
#4709 = DIRECTION('',(-1.,-0.,0.));
#4710 = PCURVE('',#4678,#4711);
#4711 = DEFINITIONAL_REPRESENTATION('',(#4712),#4716);
#4712 = LINE('',#4713,#4714);
#4713 = CARTESIAN_POINT('',(0.,-0.6));
#4714 = VECTOR('',#4715,1.);
#4715 = DIRECTION('',(1.,0.));
#4716 = ( GEOMETRIC_REPRESENTATION_CONTEXT(2) 
PARAMETRIC_REPRESENTATION_CONTEXT() REPRESENTATION_CONTEXT('2D SPACE',''
  ) );
#4717 = PCURVE('',#4718,#4723);
#4718 = PLANE('',#4719);
#4719 = AXIS2_PLACEMENT_3D('',#4720,#4721,#4722);
#4720 = CARTESIAN_POINT('',(18.508996929883,3.931570340378,0.6));
#4721 = DIRECTION('',(-0.,-0.,1.));
#4722 = DIRECTION('',(-1.,0.,0.));
#4723 = DEFINITIONAL_REPRESENTATION('',(#4724),#4728);
#4724 = LINE('',#4725,#4726);
#4725 = CARTESIAN_POINT('',(-2.468614468989,5.851278544347));
#4726 = VECTOR('',#4727,1.);
#4727 = DIRECTION('',(1.,-0.));
#4728 = ( GEOMETRIC_REPRESENTATION_CONTEXT(2) 
PARAMETRIC_REPRESENTATION_CONTEXT() REPRESENTATION_CONTEXT('2D SPACE',''
  ) );
#4729 = ORIENTED_EDGE('',*,*,#4730,.F.);
#4730 = EDGE_CURVE('',#4731,#4703,#4733,.T.);
#4731 = VERTEX_POINT('',#4732);
#4732 = CARTESIAN_POINT('',(19.457202501328,-1.919708203969,0.));
#4733 = SURFACE_CURVE('',#4734,(#4738,#4745),.PCURVE_S1.);
#4734 = LINE('',#4735,#4736);
#4735 = CARTESIAN_POINT('',(19.457202501328,-1.919708203969,0.));
#4736 = VECTOR('',#4737,1.);
#4737 = DIRECTION('',(0.,-0.,1.));
#4738 = PCURVE('',#4678,#4739);
#4739 = DEFINITIONAL_REPRESENTATION('',(#4740),#4744);
#4740 = LINE('',#4741,#4742);
#4741 = CARTESIAN_POINT('',(1.520408897544,0.));
#4742 = VECTOR('',#4743,1.);
#4743 = DIRECTION('',(0.,-1.));
#4744 = ( GEOMETRIC_REPRESENTATION_CONTEXT(2) 
PARAMETRIC_REPRESENTATION_CONTEXT() REPRESENTATION_CONTEXT('2D SPACE',''
  ) );
#4745 = PCURVE('',#4746,#4754);
#4746 = SURFACE_OF_LINEAR_EXTRUSION('',#4747,#4752);
#4747 = B_SPLINE_CURVE_WITH_KNOTS('',2,(#4748,#4749,#4750,#4751),
  .UNSPECIFIED.,.F.,.F.,(3,1,3),(0.,1.,2.),.UNSPECIFIED.);
#4748 = CARTESIAN_POINT('',(19.457202501328,-1.919708203969,0.));
#4749 = CARTESIAN_POINT('',(18.144122089814,-1.919708203969,0.));
#4750 = CARTESIAN_POINT('',(16.761932182956,-0.572073044783,0.));
#4751 = CARTESIAN_POINT('',(16.761932182956,0.723729992896,0.));
#4752 = VECTOR('',#4753,1.);
#4753 = DIRECTION('',(-0.,0.,-1.));
#4754 = DEFINITIONAL_REPRESENTATION('',(#4755),#4759);
#4755 = LINE('',#4756,#4757);
#4756 = CARTESIAN_POINT('',(0.,0.));
#4757 = VECTOR('',#4758,1.);
#4758 = DIRECTION('',(0.,-1.));
#4759 = ( GEOMETRIC_REPRESENTATION_CONTEXT(2) 
PARAMETRIC_REPRESENTATION_CONTEXT() REPRESENTATION_CONTEXT('2D SPACE',''
  ) );
#4760 = ORIENTED_EDGE('',*,*,#4761,.F.);
#4761 = EDGE_CURVE('',#4668,#4731,#4762,.T.);
#4762 = SURFACE_CURVE('',#4763,(#4767,#4774),.PCURVE_S1.);
#4763 = LINE('',#4764,#4765);
#4764 = CARTESIAN_POINT('',(20.977611398872,-1.919708203969,0.));
#4765 = VECTOR('',#4766,1.);
#4766 = DIRECTION('',(-1.,-0.,0.));
#4767 = PCURVE('',#4678,#4768);
#4768 = DEFINITIONAL_REPRESENTATION('',(#4769),#4773);
#4769 = LINE('',#4770,#4771);
#4770 = CARTESIAN_POINT('',(0.,0.));
#4771 = VECTOR('',#4772,1.);
#4772 = DIRECTION('',(1.,0.));
#4773 = ( GEOMETRIC_REPRESENTATION_CONTEXT(2) 
PARAMETRIC_REPRESENTATION_CONTEXT() REPRESENTATION_CONTEXT('2D SPACE',''
  ) );
#4774 = PCURVE('',#4775,#4780);
#4775 = PLANE('',#4776);
#4776 = AXIS2_PLACEMENT_3D('',#4777,#4778,#4779);
#4777 = CARTESIAN_POINT('',(18.508996929883,3.931570340378,0.));
#4778 = DIRECTION('',(-0.,-0.,1.));
#4779 = DIRECTION('',(-1.,0.,0.));
#4780 = DEFINITIONAL_REPRESENTATION('',(#4781),#4785);
#4781 = LINE('',#4782,#4783);
#4782 = CARTESIAN_POINT('',(-2.468614468989,5.851278544347));
#4783 = VECTOR('',#4784,1.);
#4784 = DIRECTION('',(1.,-0.));
#4785 = ( GEOMETRIC_REPRESENTATION_CONTEXT(2) 
PARAMETRIC_REPRESENTATION_CONTEXT() REPRESENTATION_CONTEXT('2D SPACE',''
  ) );
#4786 = ADVANCED_FACE('',(#4787),#4746,.T.);
#4787 = FACE_BOUND('',#4788,.T.);
#4788 = EDGE_LOOP('',(#4789,#4790,#4815,#4843));
#4789 = ORIENTED_EDGE('',*,*,#4730,.T.);
#4790 = ORIENTED_EDGE('',*,*,#4791,.T.);
#4791 = EDGE_CURVE('',#4703,#4792,#4794,.T.);
#4792 = VERTEX_POINT('',#4793);
#4793 = CARTESIAN_POINT('',(16.761932182956,0.723729992896,0.6));
#4794 = SURFACE_CURVE('',#4795,(#4800,#4807),.PCURVE_S1.);
#4795 = B_SPLINE_CURVE_WITH_KNOTS('',2,(#4796,#4797,#4798,#4799),
  .UNSPECIFIED.,.F.,.F.,(3,1,3),(0.,1.,2.),.UNSPECIFIED.);
#4796 = CARTESIAN_POINT('',(19.457202501328,-1.919708203969,0.6));
#4797 = CARTESIAN_POINT('',(18.144122089814,-1.919708203969,0.6));
#4798 = CARTESIAN_POINT('',(16.761932182956,-0.572073044783,0.6));
#4799 = CARTESIAN_POINT('',(16.761932182956,0.723729992896,0.6));
#4800 = PCURVE('',#4746,#4801);
#4801 = DEFINITIONAL_REPRESENTATION('',(#4802),#4806);
#4802 = LINE('',#4803,#4804);
#4803 = CARTESIAN_POINT('',(0.,-0.6));
#4804 = VECTOR('',#4805,1.);
#4805 = DIRECTION('',(1.,0.));
#4806 = ( GEOMETRIC_REPRESENTATION_CONTEXT(2) 
PARAMETRIC_REPRESENTATION_CONTEXT() REPRESENTATION_CONTEXT('2D SPACE',''
  ) );
#4807 = PCURVE('',#4718,#4808);
#4808 = DEFINITIONAL_REPRESENTATION('',(#4809),#4814);
#4809 = B_SPLINE_CURVE_WITH_KNOTS('',2,(#4810,#4811,#4812,#4813),
  .UNSPECIFIED.,.F.,.F.,(3,1,3),(0.,1.,2.),.UNSPECIFIED.);
#4810 = CARTESIAN_POINT('',(-0.948205571446,5.851278544347));
#4811 = CARTESIAN_POINT('',(0.364874840069,5.851278544347));
#4812 = CARTESIAN_POINT('',(1.747064746927,4.503643385161));
#4813 = CARTESIAN_POINT('',(1.747064746927,3.207840347482));
#4814 = ( GEOMETRIC_REPRESENTATION_CONTEXT(2) 
PARAMETRIC_REPRESENTATION_CONTEXT() REPRESENTATION_CONTEXT('2D SPACE',''
  ) );
#4815 = ORIENTED_EDGE('',*,*,#4816,.F.);
#4816 = EDGE_CURVE('',#4817,#4792,#4819,.T.);
#4817 = VERTEX_POINT('',#4818);
#4818 = CARTESIAN_POINT('',(16.761932182956,0.723729992896,0.));
#4819 = SURFACE_CURVE('',#4820,(#4824,#4831),.PCURVE_S1.);
#4820 = LINE('',#4821,#4822);
#4821 = CARTESIAN_POINT('',(16.761932182956,0.723729992896,0.));
#4822 = VECTOR('',#4823,1.);
#4823 = DIRECTION('',(0.,-0.,1.));
#4824 = PCURVE('',#4746,#4825);
#4825 = DEFINITIONAL_REPRESENTATION('',(#4826),#4830);
#4826 = LINE('',#4827,#4828);
#4827 = CARTESIAN_POINT('',(2.,0.));
#4828 = VECTOR('',#4829,1.);
#4829 = DIRECTION('',(0.,-1.));
#4830 = ( GEOMETRIC_REPRESENTATION_CONTEXT(2) 
PARAMETRIC_REPRESENTATION_CONTEXT() REPRESENTATION_CONTEXT('2D SPACE',''
  ) );
#4831 = PCURVE('',#4832,#4837);
#4832 = PLANE('',#4833);
#4833 = AXIS2_PLACEMENT_3D('',#4834,#4835,#4836);
#4834 = CARTESIAN_POINT('',(16.761932182956,0.723729992896,0.));
#4835 = DIRECTION('',(-1.,0.,0.));
#4836 = DIRECTION('',(0.,1.,-0.));
#4837 = DEFINITIONAL_REPRESENTATION('',(#4838),#4842);
#4838 = LINE('',#4839,#4840);
#4839 = CARTESIAN_POINT('',(0.,0.));
#4840 = VECTOR('',#4841,1.);
#4841 = DIRECTION('',(0.,-1.));
#4842 = ( GEOMETRIC_REPRESENTATION_CONTEXT(2) 
PARAMETRIC_REPRESENTATION_CONTEXT() REPRESENTATION_CONTEXT('2D SPACE',''
  ) );
#4843 = ORIENTED_EDGE('',*,*,#4844,.F.);
#4844 = EDGE_CURVE('',#4731,#4817,#4845,.T.);
#4845 = SURFACE_CURVE('',#4846,(#4851,#4858),.PCURVE_S1.);
#4846 = B_SPLINE_CURVE_WITH_KNOTS('',2,(#4847,#4848,#4849,#4850),
  .UNSPECIFIED.,.F.,.F.,(3,1,3),(0.,1.,2.),.UNSPECIFIED.);
#4847 = CARTESIAN_POINT('',(19.457202501328,-1.919708203969,0.));
#4848 = CARTESIAN_POINT('',(18.144122089814,-1.919708203969,0.));
#4849 = CARTESIAN_POINT('',(16.761932182956,-0.572073044783,0.));
#4850 = CARTESIAN_POINT('',(16.761932182956,0.723729992896,0.));
#4851 = PCURVE('',#4746,#4852);
#4852 = DEFINITIONAL_REPRESENTATION('',(#4853),#4857);
#4853 = LINE('',#4854,#4855);
#4854 = CARTESIAN_POINT('',(0.,0.));
#4855 = VECTOR('',#4856,1.);
#4856 = DIRECTION('',(1.,0.));
#4857 = ( GEOMETRIC_REPRESENTATION_CONTEXT(2) 
PARAMETRIC_REPRESENTATION_CONTEXT() REPRESENTATION_CONTEXT('2D SPACE',''
  ) );
#4858 = PCURVE('',#4775,#4859);
#4859 = DEFINITIONAL_REPRESENTATION('',(#4860),#4865);
#4860 = B_SPLINE_CURVE_WITH_KNOTS('',2,(#4861,#4862,#4863,#4864),
  .UNSPECIFIED.,.F.,.F.,(3,1,3),(0.,1.,2.),.UNSPECIFIED.);
#4861 = CARTESIAN_POINT('',(-0.948205571446,5.851278544347));
#4862 = CARTESIAN_POINT('',(0.364874840069,5.851278544347));
#4863 = CARTESIAN_POINT('',(1.747064746927,4.503643385161));
#4864 = CARTESIAN_POINT('',(1.747064746927,3.207840347482));
#4865 = ( GEOMETRIC_REPRESENTATION_CONTEXT(2) 
PARAMETRIC_REPRESENTATION_CONTEXT() REPRESENTATION_CONTEXT('2D SPACE',''
  ) );
#4866 = ADVANCED_FACE('',(#4867),#4832,.T.);
#4867 = FACE_BOUND('',#4868,.T.);
#4868 = EDGE_LOOP('',(#4869,#4870,#4893,#4921));
#4869 = ORIENTED_EDGE('',*,*,#4816,.T.);
#4870 = ORIENTED_EDGE('',*,*,#4871,.T.);
#4871 = EDGE_CURVE('',#4792,#4872,#4874,.T.);
#4872 = VERTEX_POINT('',#4873);
#4873 = CARTESIAN_POINT('',(16.761932182956,5.164015068677,0.6));
#4874 = SURFACE_CURVE('',#4875,(#4879,#4886),.PCURVE_S1.);
#4875 = LINE('',#4876,#4877);
#4876 = CARTESIAN_POINT('',(16.761932182956,0.723729992896,0.6));
#4877 = VECTOR('',#4878,1.);
#4878 = DIRECTION('',(-0.,1.,-0.));
#4879 = PCURVE('',#4832,#4880);
#4880 = DEFINITIONAL_REPRESENTATION('',(#4881),#4885);
#4881 = LINE('',#4882,#4883);
#4882 = CARTESIAN_POINT('',(0.,-0.6));
#4883 = VECTOR('',#4884,1.);
#4884 = DIRECTION('',(1.,0.));
#4885 = ( GEOMETRIC_REPRESENTATION_CONTEXT(2) 
PARAMETRIC_REPRESENTATION_CONTEXT() REPRESENTATION_CONTEXT('2D SPACE',''
  ) );
#4886 = PCURVE('',#4718,#4887);
#4887 = DEFINITIONAL_REPRESENTATION('',(#4888),#4892);
#4888 = LINE('',#4889,#4890);
#4889 = CARTESIAN_POINT('',(1.747064746927,3.207840347482));
#4890 = VECTOR('',#4891,1.);
#4891 = DIRECTION('',(-0.,-1.));
#4892 = ( GEOMETRIC_REPRESENTATION_CONTEXT(2) 
PARAMETRIC_REPRESENTATION_CONTEXT() REPRESENTATION_CONTEXT('2D SPACE',''
  ) );
#4893 = ORIENTED_EDGE('',*,*,#4894,.F.);
#4894 = EDGE_CURVE('',#4895,#4872,#4897,.T.);
#4895 = VERTEX_POINT('',#4896);
#4896 = CARTESIAN_POINT('',(16.761932182956,5.164015068677,0.));
#4897 = SURFACE_CURVE('',#4898,(#4902,#4909),.PCURVE_S1.);
#4898 = LINE('',#4899,#4900);
#4899 = CARTESIAN_POINT('',(16.761932182956,5.164015068677,0.));
#4900 = VECTOR('',#4901,1.);
#4901 = DIRECTION('',(0.,-0.,1.));
#4902 = PCURVE('',#4832,#4903);
#4903 = DEFINITIONAL_REPRESENTATION('',(#4904),#4908);
#4904 = LINE('',#4905,#4906);
#4905 = CARTESIAN_POINT('',(4.44028507578,0.));
#4906 = VECTOR('',#4907,1.);
#4907 = DIRECTION('',(0.,-1.));
#4908 = ( GEOMETRIC_REPRESENTATION_CONTEXT(2) 
PARAMETRIC_REPRESENTATION_CONTEXT() REPRESENTATION_CONTEXT('2D SPACE',''
  ) );
#4909 = PCURVE('',#4910,#4915);
#4910 = PLANE('',#4911);
#4911 = AXIS2_PLACEMENT_3D('',#4912,#4913,#4914);
#4912 = CARTESIAN_POINT('',(16.761932182956,5.164015068677,0.));
#4913 = DIRECTION('',(0.,-1.,-0.));
#4914 = DIRECTION('',(-1.,-0.,0.));
#4915 = DEFINITIONAL_REPRESENTATION('',(#4916),#4920);
#4916 = LINE('',#4917,#4918);
#4917 = CARTESIAN_POINT('',(0.,0.));
#4918 = VECTOR('',#4919,1.);
#4919 = DIRECTION('',(0.,-1.));
#4920 = ( GEOMETRIC_REPRESENTATION_CONTEXT(2) 
PARAMETRIC_REPRESENTATION_CONTEXT() REPRESENTATION_CONTEXT('2D SPACE',''
  ) );
#4921 = ORIENTED_EDGE('',*,*,#4922,.F.);
#4922 = EDGE_CURVE('',#4817,#4895,#4923,.T.);
#4923 = SURFACE_CURVE('',#4924,(#4928,#4935),.PCURVE_S1.);
#4924 = LINE('',#4925,#4926);
#4925 = CARTESIAN_POINT('',(16.761932182956,0.723729992896,0.));
#4926 = VECTOR('',#4927,1.);
#4927 = DIRECTION('',(-0.,1.,-0.));
#4928 = PCURVE('',#4832,#4929);
#4929 = DEFINITIONAL_REPRESENTATION('',(#4930),#4934);
#4930 = LINE('',#4931,#4932);
#4931 = CARTESIAN_POINT('',(0.,0.));
#4932 = VECTOR('',#4933,1.);
#4933 = DIRECTION('',(1.,0.));
#4934 = ( GEOMETRIC_REPRESENTATION_CONTEXT(2) 
PARAMETRIC_REPRESENTATION_CONTEXT() REPRESENTATION_CONTEXT('2D SPACE',''
  ) );
#4935 = PCURVE('',#4775,#4936);
#4936 = DEFINITIONAL_REPRESENTATION('',(#4937),#4941);
#4937 = LINE('',#4938,#4939);
#4938 = CARTESIAN_POINT('',(1.747064746927,3.207840347482));
#4939 = VECTOR('',#4940,1.);
#4940 = DIRECTION('',(-0.,-1.));
#4941 = ( GEOMETRIC_REPRESENTATION_CONTEXT(2) 
PARAMETRIC_REPRESENTATION_CONTEXT() REPRESENTATION_CONTEXT('2D SPACE',''
  ) );
#4942 = ADVANCED_FACE('',(#4943),#4910,.T.);
#4943 = FACE_BOUND('',#4944,.T.);
#4944 = EDGE_LOOP('',(#4945,#4946,#4969,#4997));
#4945 = ORIENTED_EDGE('',*,*,#4894,.T.);
#4946 = ORIENTED_EDGE('',*,*,#4947,.T.);
#4947 = EDGE_CURVE('',#4872,#4948,#4950,.T.);
#4948 = VERTEX_POINT('',#4949);
#4949 = CARTESIAN_POINT('',(15.483406519112,5.164015068677,0.6));
#4950 = SURFACE_CURVE('',#4951,(#4955,#4962),.PCURVE_S1.);
#4951 = LINE('',#4952,#4953);
#4952 = CARTESIAN_POINT('',(16.761932182956,5.164015068677,0.6));
#4953 = VECTOR('',#4954,1.);
#4954 = DIRECTION('',(-1.,-0.,0.));
#4955 = PCURVE('',#4910,#4956);
#4956 = DEFINITIONAL_REPRESENTATION('',(#4957),#4961);
#4957 = LINE('',#4958,#4959);
#4958 = CARTESIAN_POINT('',(0.,-0.6));
#4959 = VECTOR('',#4960,1.);
#4960 = DIRECTION('',(1.,0.));
#4961 = ( GEOMETRIC_REPRESENTATION_CONTEXT(2) 
PARAMETRIC_REPRESENTATION_CONTEXT() REPRESENTATION_CONTEXT('2D SPACE',''
  ) );
#4962 = PCURVE('',#4718,#4963);
#4963 = DEFINITIONAL_REPRESENTATION('',(#4964),#4968);
#4964 = LINE('',#4965,#4966);
#4965 = CARTESIAN_POINT('',(1.747064746927,-1.232444728299));
#4966 = VECTOR('',#4967,1.);
#4967 = DIRECTION('',(1.,-0.));
#4968 = ( GEOMETRIC_REPRESENTATION_CONTEXT(2) 
PARAMETRIC_REPRESENTATION_CONTEXT() REPRESENTATION_CONTEXT('2D SPACE',''
  ) );
#4969 = ORIENTED_EDGE('',*,*,#4970,.F.);
#4970 = EDGE_CURVE('',#4971,#4948,#4973,.T.);
#4971 = VERTEX_POINT('',#4972);
#4972 = CARTESIAN_POINT('',(15.483406519112,5.164015068677,0.));
#4973 = SURFACE_CURVE('',#4974,(#4978,#4985),.PCURVE_S1.);
#4974 = LINE('',#4975,#4976);
#4975 = CARTESIAN_POINT('',(15.483406519112,5.164015068677,0.));
#4976 = VECTOR('',#4977,1.);
#4977 = DIRECTION('',(0.,-0.,1.));
#4978 = PCURVE('',#4910,#4979);
#4979 = DEFINITIONAL_REPRESENTATION('',(#4980),#4984);
#4980 = LINE('',#4981,#4982);
#4981 = CARTESIAN_POINT('',(1.278525663843,0.));
#4982 = VECTOR('',#4983,1.);
#4983 = DIRECTION('',(0.,-1.));
#4984 = ( GEOMETRIC_REPRESENTATION_CONTEXT(2) 
PARAMETRIC_REPRESENTATION_CONTEXT() REPRESENTATION_CONTEXT('2D SPACE',''
  ) );
#4985 = PCURVE('',#4986,#4991);
#4986 = PLANE('',#4987);
#4987 = AXIS2_PLACEMENT_3D('',#4988,#4989,#4990);
#4988 = CARTESIAN_POINT('',(15.483406519112,5.164015068677,0.));
#4989 = DIRECTION('',(-1.,0.,0.));
#4990 = DIRECTION('',(0.,1.,-0.));
#4991 = DEFINITIONAL_REPRESENTATION('',(#4992),#4996);
#4992 = LINE('',#4993,#4994);
#4993 = CARTESIAN_POINT('',(0.,0.));
#4994 = VECTOR('',#4995,1.);
#4995 = DIRECTION('',(0.,-1.));
#4996 = ( GEOMETRIC_REPRESENTATION_CONTEXT(2) 
PARAMETRIC_REPRESENTATION_CONTEXT() REPRESENTATION_CONTEXT('2D SPACE',''
  ) );
#4997 = ORIENTED_EDGE('',*,*,#4998,.F.);
#4998 = EDGE_CURVE('',#4895,#4971,#4999,.T.);
#4999 = SURFACE_CURVE('',#5000,(#5004,#5011),.PCURVE_S1.);
#5000 = LINE('',#5001,#5002);
#5001 = CARTESIAN_POINT('',(16.761932182956,5.164015068677,0.));
#5002 = VECTOR('',#5003,1.);
#5003 = DIRECTION('',(-1.,-0.,0.));
#5004 = PCURVE('',#4910,#5005);
#5005 = DEFINITIONAL_REPRESENTATION('',(#5006),#5010);
#5006 = LINE('',#5007,#5008);
#5007 = CARTESIAN_POINT('',(0.,0.));
#5008 = VECTOR('',#5009,1.);
#5009 = DIRECTION('',(1.,0.));
#5010 = ( GEOMETRIC_REPRESENTATION_CONTEXT(2) 
PARAMETRIC_REPRESENTATION_CONTEXT() REPRESENTATION_CONTEXT('2D SPACE',''
  ) );
#5011 = PCURVE('',#4775,#5012);
#5012 = DEFINITIONAL_REPRESENTATION('',(#5013),#5017);
#5013 = LINE('',#5014,#5015);
#5014 = CARTESIAN_POINT('',(1.747064746927,-1.232444728299));
#5015 = VECTOR('',#5016,1.);
#5016 = DIRECTION('',(1.,-0.));
#5017 = ( GEOMETRIC_REPRESENTATION_CONTEXT(2) 
PARAMETRIC_REPRESENTATION_CONTEXT() REPRESENTATION_CONTEXT('2D SPACE',''
  ) );
#5018 = ADVANCED_FACE('',(#5019),#4986,.T.);
#5019 = FACE_BOUND('',#5020,.T.);
#5020 = EDGE_LOOP('',(#5021,#5022,#5045,#5073));
#5021 = ORIENTED_EDGE('',*,*,#4970,.T.);
#5022 = ORIENTED_EDGE('',*,*,#5023,.T.);
#5023 = EDGE_CURVE('',#4948,#5024,#5026,.T.);
#5024 = VERTEX_POINT('',#5025);
#5025 = CARTESIAN_POINT('',(15.483406519112,7.150913059785,0.6));
#5026 = SURFACE_CURVE('',#5027,(#5031,#5038),.PCURVE_S1.);
#5027 = LINE('',#5028,#5029);
#5028 = CARTESIAN_POINT('',(15.483406519112,5.164015068677,0.6));
#5029 = VECTOR('',#5030,1.);
#5030 = DIRECTION('',(-0.,1.,-0.));
#5031 = PCURVE('',#4986,#5032);
#5032 = DEFINITIONAL_REPRESENTATION('',(#5033),#5037);
#5033 = LINE('',#5034,#5035);
#5034 = CARTESIAN_POINT('',(0.,-0.6));
#5035 = VECTOR('',#5036,1.);
#5036 = DIRECTION('',(1.,0.));
#5037 = ( GEOMETRIC_REPRESENTATION_CONTEXT(2) 
PARAMETRIC_REPRESENTATION_CONTEXT() REPRESENTATION_CONTEXT('2D SPACE',''
  ) );
#5038 = PCURVE('',#4718,#5039);
#5039 = DEFINITIONAL_REPRESENTATION('',(#5040),#5044);
#5040 = LINE('',#5041,#5042);
#5041 = CARTESIAN_POINT('',(3.02559041077,-1.232444728299));
#5042 = VECTOR('',#5043,1.);
#5043 = DIRECTION('',(-0.,-1.));
#5044 = ( GEOMETRIC_REPRESENTATION_CONTEXT(2) 
PARAMETRIC_REPRESENTATION_CONTEXT() REPRESENTATION_CONTEXT('2D SPACE',''
  ) );
#5045 = ORIENTED_EDGE('',*,*,#5046,.F.);
#5046 = EDGE_CURVE('',#5047,#5024,#5049,.T.);
#5047 = VERTEX_POINT('',#5048);
#5048 = CARTESIAN_POINT('',(15.483406519112,7.150913059785,0.));
#5049 = SURFACE_CURVE('',#5050,(#5054,#5061),.PCURVE_S1.);
#5050 = LINE('',#5051,#5052);
#5051 = CARTESIAN_POINT('',(15.483406519112,7.150913059785,0.));
#5052 = VECTOR('',#5053,1.);
#5053 = DIRECTION('',(0.,-0.,1.));
#5054 = PCURVE('',#4986,#5055);
#5055 = DEFINITIONAL_REPRESENTATION('',(#5056),#5060);
#5056 = LINE('',#5057,#5058);
#5057 = CARTESIAN_POINT('',(1.986897991108,0.));
#5058 = VECTOR('',#5059,1.);
#5059 = DIRECTION('',(0.,-1.));
#5060 = ( GEOMETRIC_REPRESENTATION_CONTEXT(2) 
PARAMETRIC_REPRESENTATION_CONTEXT() REPRESENTATION_CONTEXT('2D SPACE',''
  ) );
#5061 = PCURVE('',#5062,#5067);
#5062 = PLANE('',#5063);
#5063 = AXIS2_PLACEMENT_3D('',#5064,#5065,#5066);
#5064 = CARTESIAN_POINT('',(15.483406519112,7.150913059785,0.));
#5065 = DIRECTION('',(0.,1.,0.));
#5066 = DIRECTION('',(1.,0.,-0.));
#5067 = DEFINITIONAL_REPRESENTATION('',(#5068),#5072);
#5068 = LINE('',#5069,#5070);
#5069 = CARTESIAN_POINT('',(0.,0.));
#5070 = VECTOR('',#5071,1.);
#5071 = DIRECTION('',(0.,-1.));
#5072 = ( GEOMETRIC_REPRESENTATION_CONTEXT(2) 
PARAMETRIC_REPRESENTATION_CONTEXT() REPRESENTATION_CONTEXT('2D SPACE',''
  ) );
#5073 = ORIENTED_EDGE('',*,*,#5074,.F.);
#5074 = EDGE_CURVE('',#4971,#5047,#5075,.T.);
#5075 = SURFACE_CURVE('',#5076,(#5080,#5087),.PCURVE_S1.);
#5076 = LINE('',#5077,#5078);
#5077 = CARTESIAN_POINT('',(15.483406519112,5.164015068677,0.));
#5078 = VECTOR('',#5079,1.);
#5079 = DIRECTION('',(-0.,1.,-0.));
#5080 = PCURVE('',#4986,#5081);
#5081 = DEFINITIONAL_REPRESENTATION('',(#5082),#5086);
#5082 = LINE('',#5083,#5084);
#5083 = CARTESIAN_POINT('',(0.,0.));
#5084 = VECTOR('',#5085,1.);
#5085 = DIRECTION('',(1.,0.));
#5086 = ( GEOMETRIC_REPRESENTATION_CONTEXT(2) 
PARAMETRIC_REPRESENTATION_CONTEXT() REPRESENTATION_CONTEXT('2D SPACE',''
  ) );
#5087 = PCURVE('',#4775,#5088);
#5088 = DEFINITIONAL_REPRESENTATION('',(#5089),#5093);
#5089 = LINE('',#5090,#5091);
#5090 = CARTESIAN_POINT('',(3.02559041077,-1.232444728299));
#5091 = VECTOR('',#5092,1.);
#5092 = DIRECTION('',(-0.,-1.));
#5093 = ( GEOMETRIC_REPRESENTATION_CONTEXT(2) 
PARAMETRIC_REPRESENTATION_CONTEXT() REPRESENTATION_CONTEXT('2D SPACE',''
  ) );
#5094 = ADVANCED_FACE('',(#5095),#5062,.T.);
#5095 = FACE_BOUND('',#5096,.T.);
#5096 = EDGE_LOOP('',(#5097,#5098,#5121,#5152));
#5097 = ORIENTED_EDGE('',*,*,#5046,.T.);
#5098 = ORIENTED_EDGE('',*,*,#5099,.T.);
#5099 = EDGE_CURVE('',#5024,#5100,#5102,.T.);
#5100 = VERTEX_POINT('',#5101);
#5101 = CARTESIAN_POINT('',(16.122669351034,7.150913059785,0.6));
#5102 = SURFACE_CURVE('',#5103,(#5107,#5114),.PCURVE_S1.);
#5103 = LINE('',#5104,#5105);
#5104 = CARTESIAN_POINT('',(15.483406519112,7.150913059785,0.6));
#5105 = VECTOR('',#5106,1.);
#5106 = DIRECTION('',(1.,-0.,-0.));
#5107 = PCURVE('',#5062,#5108);
#5108 = DEFINITIONAL_REPRESENTATION('',(#5109),#5113);
#5109 = LINE('',#5110,#5111);
#5110 = CARTESIAN_POINT('',(0.,-0.6));
#5111 = VECTOR('',#5112,1.);
#5112 = DIRECTION('',(1.,0.));
#5113 = ( GEOMETRIC_REPRESENTATION_CONTEXT(2) 
PARAMETRIC_REPRESENTATION_CONTEXT() REPRESENTATION_CONTEXT('2D SPACE',''
  ) );
#5114 = PCURVE('',#4718,#5115);
#5115 = DEFINITIONAL_REPRESENTATION('',(#5116),#5120);
#5116 = LINE('',#5117,#5118);
#5117 = CARTESIAN_POINT('',(3.02559041077,-3.219342719407));
#5118 = VECTOR('',#5119,1.);
#5119 = DIRECTION('',(-1.,-0.));
#5120 = ( GEOMETRIC_REPRESENTATION_CONTEXT(2) 
PARAMETRIC_REPRESENTATION_CONTEXT() REPRESENTATION_CONTEXT('2D SPACE',''
  ) );
#5121 = ORIENTED_EDGE('',*,*,#5122,.F.);
#5122 = EDGE_CURVE('',#5123,#5100,#5125,.T.);
#5123 = VERTEX_POINT('',#5124);
#5124 = CARTESIAN_POINT('',(16.122669351034,7.150913059785,0.));
#5125 = SURFACE_CURVE('',#5126,(#5130,#5137),.PCURVE_S1.);
#5126 = LINE('',#5127,#5128);
#5127 = CARTESIAN_POINT('',(16.122669351034,7.150913059785,0.));
#5128 = VECTOR('',#5129,1.);
#5129 = DIRECTION('',(0.,-0.,1.));
#5130 = PCURVE('',#5062,#5131);
#5131 = DEFINITIONAL_REPRESENTATION('',(#5132),#5136);
#5132 = LINE('',#5133,#5134);
#5133 = CARTESIAN_POINT('',(0.639262831922,0.));
#5134 = VECTOR('',#5135,1.);
#5135 = DIRECTION('',(0.,-1.));
#5136 = ( GEOMETRIC_REPRESENTATION_CONTEXT(2) 
PARAMETRIC_REPRESENTATION_CONTEXT() REPRESENTATION_CONTEXT('2D SPACE',''
  ) );
#5137 = PCURVE('',#5138,#5146);
#5138 = SURFACE_OF_LINEAR_EXTRUSION('',#5139,#5144);
#5139 = B_SPLINE_CURVE_WITH_KNOTS('',2,(#5140,#5141,#5142,#5143),
  .UNSPECIFIED.,.F.,.F.,(3,1,3),(0.,1.,2.),.UNSPECIFIED.);
#5140 = CARTESIAN_POINT('',(16.122669351034,7.150913059785,0.));
#5141 = CARTESIAN_POINT('',(16.640990566106,7.150913059785,0.));
#5142 = CARTESIAN_POINT('',(17.021092790492,7.651956901021,0.));
#5143 = CARTESIAN_POINT('',(17.021092790492,8.118445994585,0.));
#5144 = VECTOR('',#5145,1.);
#5145 = DIRECTION('',(-0.,0.,-1.));
#5146 = DEFINITIONAL_REPRESENTATION('',(#5147),#5151);
#5147 = LINE('',#5148,#5149);
#5148 = CARTESIAN_POINT('',(0.,0.));
#5149 = VECTOR('',#5150,1.);
#5150 = DIRECTION('',(0.,-1.));
#5151 = ( GEOMETRIC_REPRESENTATION_CONTEXT(2) 
PARAMETRIC_REPRESENTATION_CONTEXT() REPRESENTATION_CONTEXT('2D SPACE',''
  ) );
#5152 = ORIENTED_EDGE('',*,*,#5153,.F.);
#5153 = EDGE_CURVE('',#5047,#5123,#5154,.T.);
#5154 = SURFACE_CURVE('',#5155,(#5159,#5166),.PCURVE_S1.);
#5155 = LINE('',#5156,#5157);
#5156 = CARTESIAN_POINT('',(15.483406519112,7.150913059785,0.));
#5157 = VECTOR('',#5158,1.);
#5158 = DIRECTION('',(1.,-0.,-0.));
#5159 = PCURVE('',#5062,#5160);
#5160 = DEFINITIONAL_REPRESENTATION('',(#5161),#5165);
#5161 = LINE('',#5162,#5163);
#5162 = CARTESIAN_POINT('',(0.,0.));
#5163 = VECTOR('',#5164,1.);
#5164 = DIRECTION('',(1.,0.));
#5165 = ( GEOMETRIC_REPRESENTATION_CONTEXT(2) 
PARAMETRIC_REPRESENTATION_CONTEXT() REPRESENTATION_CONTEXT('2D SPACE',''
  ) );
#5166 = PCURVE('',#4775,#5167);
#5167 = DEFINITIONAL_REPRESENTATION('',(#5168),#5172);
#5168 = LINE('',#5169,#5170);
#5169 = CARTESIAN_POINT('',(3.02559041077,-3.219342719407));
#5170 = VECTOR('',#5171,1.);
#5171 = DIRECTION('',(-1.,-0.));
#5172 = ( GEOMETRIC_REPRESENTATION_CONTEXT(2) 
PARAMETRIC_REPRESENTATION_CONTEXT() REPRESENTATION_CONTEXT('2D SPACE',''
  ) );
#5173 = ADVANCED_FACE('',(#5174),#5138,.T.);
#5174 = FACE_BOUND('',#5175,.T.);
#5175 = EDGE_LOOP('',(#5176,#5177,#5202,#5230));
#5176 = ORIENTED_EDGE('',*,*,#5122,.T.);
#5177 = ORIENTED_EDGE('',*,*,#5178,.T.);
#5178 = EDGE_CURVE('',#5100,#5179,#5181,.T.);
#5179 = VERTEX_POINT('',#5180);
#5180 = CARTESIAN_POINT('',(17.021092790492,8.118445994585,0.6));
#5181 = SURFACE_CURVE('',#5182,(#5187,#5194),.PCURVE_S1.);
#5182 = B_SPLINE_CURVE_WITH_KNOTS('',2,(#5183,#5184,#5185,#5186),
  .UNSPECIFIED.,.F.,.F.,(3,1,3),(0.,1.,2.),.UNSPECIFIED.);
#5183 = CARTESIAN_POINT('',(16.122669351034,7.150913059785,0.6));
#5184 = CARTESIAN_POINT('',(16.640990566106,7.150913059785,0.6));
#5185 = CARTESIAN_POINT('',(17.021092790492,7.651956901021,0.6));
#5186 = CARTESIAN_POINT('',(17.021092790492,8.118445994585,0.6));
#5187 = PCURVE('',#5138,#5188);
#5188 = DEFINITIONAL_REPRESENTATION('',(#5189),#5193);
#5189 = LINE('',#5190,#5191);
#5190 = CARTESIAN_POINT('',(0.,-0.6));
#5191 = VECTOR('',#5192,1.);
#5192 = DIRECTION('',(1.,0.));
#5193 = ( GEOMETRIC_REPRESENTATION_CONTEXT(2) 
PARAMETRIC_REPRESENTATION_CONTEXT() REPRESENTATION_CONTEXT('2D SPACE',''
  ) );
#5194 = PCURVE('',#4718,#5195);
#5195 = DEFINITIONAL_REPRESENTATION('',(#5196),#5201);
#5196 = B_SPLINE_CURVE_WITH_KNOTS('',2,(#5197,#5198,#5199,#5200),
  .UNSPECIFIED.,.F.,.F.,(3,1,3),(0.,1.,2.),.UNSPECIFIED.);
#5197 = CARTESIAN_POINT('',(2.386327578849,-3.219342719407));
#5198 = CARTESIAN_POINT('',(1.868006363777,-3.219342719407));
#5199 = CARTESIAN_POINT('',(1.487904139391,-3.720386560643));
#5200 = CARTESIAN_POINT('',(1.487904139391,-4.186875654207));
#5201 = ( GEOMETRIC_REPRESENTATION_CONTEXT(2) 
PARAMETRIC_REPRESENTATION_CONTEXT() REPRESENTATION_CONTEXT('2D SPACE',''
  ) );
#5202 = ORIENTED_EDGE('',*,*,#5203,.F.);
#5203 = EDGE_CURVE('',#5204,#5179,#5206,.T.);
#5204 = VERTEX_POINT('',#5205);
#5205 = CARTESIAN_POINT('',(17.021092790492,8.118445994585,0.));
#5206 = SURFACE_CURVE('',#5207,(#5211,#5218),.PCURVE_S1.);
#5207 = LINE('',#5208,#5209);
#5208 = CARTESIAN_POINT('',(17.021092790492,8.118445994585,0.));
#5209 = VECTOR('',#5210,1.);
#5210 = DIRECTION('',(0.,-0.,1.));
#5211 = PCURVE('',#5138,#5212);
#5212 = DEFINITIONAL_REPRESENTATION('',(#5213),#5217);
#5213 = LINE('',#5214,#5215);
#5214 = CARTESIAN_POINT('',(2.,0.));
#5215 = VECTOR('',#5216,1.);
#5216 = DIRECTION('',(0.,-1.));
#5217 = ( GEOMETRIC_REPRESENTATION_CONTEXT(2) 
PARAMETRIC_REPRESENTATION_CONTEXT() REPRESENTATION_CONTEXT('2D SPACE',''
  ) );
#5218 = PCURVE('',#5219,#5224);
#5219 = PLANE('',#5220);
#5220 = AXIS2_PLACEMENT_3D('',#5221,#5222,#5223);
#5221 = CARTESIAN_POINT('',(17.021092790492,8.118445994585,0.));
#5222 = DIRECTION('',(-1.,0.,0.));
#5223 = DIRECTION('',(0.,1.,-0.));
#5224 = DEFINITIONAL_REPRESENTATION('',(#5225),#5229);
#5225 = LINE('',#5226,#5227);
#5226 = CARTESIAN_POINT('',(-1.7763568394E-15,-0.));
#5227 = VECTOR('',#5228,1.);
#5228 = DIRECTION('',(0.,-1.));
#5229 = ( GEOMETRIC_REPRESENTATION_CONTEXT(2) 
PARAMETRIC_REPRESENTATION_CONTEXT() REPRESENTATION_CONTEXT('2D SPACE',''
  ) );
#5230 = ORIENTED_EDGE('',*,*,#5231,.F.);
#5231 = EDGE_CURVE('',#5123,#5204,#5232,.T.);
#5232 = SURFACE_CURVE('',#5233,(#5238,#5245),.PCURVE_S1.);
#5233 = B_SPLINE_CURVE_WITH_KNOTS('',2,(#5234,#5235,#5236,#5237),
  .UNSPECIFIED.,.F.,.F.,(3,1,3),(0.,1.,2.),.UNSPECIFIED.);
#5234 = CARTESIAN_POINT('',(16.122669351034,7.150913059785,0.));
#5235 = CARTESIAN_POINT('',(16.640990566106,7.150913059785,0.));
#5236 = CARTESIAN_POINT('',(17.021092790492,7.651956901021,0.));
#5237 = CARTESIAN_POINT('',(17.021092790492,8.118445994585,0.));
#5238 = PCURVE('',#5138,#5239);
#5239 = DEFINITIONAL_REPRESENTATION('',(#5240),#5244);
#5240 = LINE('',#5241,#5242);
#5241 = CARTESIAN_POINT('',(0.,0.));
#5242 = VECTOR('',#5243,1.);
#5243 = DIRECTION('',(1.,0.));
#5244 = ( GEOMETRIC_REPRESENTATION_CONTEXT(2) 
PARAMETRIC_REPRESENTATION_CONTEXT() REPRESENTATION_CONTEXT('2D SPACE',''
  ) );
#5245 = PCURVE('',#4775,#5246);
#5246 = DEFINITIONAL_REPRESENTATION('',(#5247),#5252);
#5247 = B_SPLINE_CURVE_WITH_KNOTS('',2,(#5248,#5249,#5250,#5251),
  .UNSPECIFIED.,.F.,.F.,(3,1,3),(0.,1.,2.),.UNSPECIFIED.);
#5248 = CARTESIAN_POINT('',(2.386327578849,-3.219342719407));
#5249 = CARTESIAN_POINT('',(1.868006363777,-3.219342719407));
#5250 = CARTESIAN_POINT('',(1.487904139391,-3.720386560643));
#5251 = CARTESIAN_POINT('',(1.487904139391,-4.186875654207));
#5252 = ( GEOMETRIC_REPRESENTATION_CONTEXT(2) 
PARAMETRIC_REPRESENTATION_CONTEXT() REPRESENTATION_CONTEXT('2D SPACE',''
  ) );
#5253 = ADVANCED_FACE('',(#5254),#5219,.T.);
#5254 = FACE_BOUND('',#5255,.T.);
#5255 = EDGE_LOOP('',(#5256,#5257,#5280,#5308));
#5256 = ORIENTED_EDGE('',*,*,#5203,.T.);
#5257 = ORIENTED_EDGE('',*,*,#5258,.T.);
#5258 = EDGE_CURVE('',#5179,#5259,#5261,.T.);
#5259 = VERTEX_POINT('',#5260);
#5260 = CARTESIAN_POINT('',(17.021092790492,9.604300144457,0.6));
#5261 = SURFACE_CURVE('',#5262,(#5266,#5273),.PCURVE_S1.);
#5262 = LINE('',#5263,#5264);
#5263 = CARTESIAN_POINT('',(17.021092790492,8.118445994585,0.6));
#5264 = VECTOR('',#5265,1.);
#5265 = DIRECTION('',(-0.,1.,-0.));
#5266 = PCURVE('',#5219,#5267);
#5267 = DEFINITIONAL_REPRESENTATION('',(#5268),#5272);
#5268 = LINE('',#5269,#5270);
#5269 = CARTESIAN_POINT('',(0.,-0.6));
#5270 = VECTOR('',#5271,1.);
#5271 = DIRECTION('',(1.,0.));
#5272 = ( GEOMETRIC_REPRESENTATION_CONTEXT(2) 
PARAMETRIC_REPRESENTATION_CONTEXT() REPRESENTATION_CONTEXT('2D SPACE',''
  ) );
#5273 = PCURVE('',#4718,#5274);
#5274 = DEFINITIONAL_REPRESENTATION('',(#5275),#5279);
#5275 = LINE('',#5276,#5277);
#5276 = CARTESIAN_POINT('',(1.487904139391,-4.186875654207));
#5277 = VECTOR('',#5278,1.);
#5278 = DIRECTION('',(-0.,-1.));
#5279 = ( GEOMETRIC_REPRESENTATION_CONTEXT(2) 
PARAMETRIC_REPRESENTATION_CONTEXT() REPRESENTATION_CONTEXT('2D SPACE',''
  ) );
#5280 = ORIENTED_EDGE('',*,*,#5281,.F.);
#5281 = EDGE_CURVE('',#5282,#5259,#5284,.T.);
#5282 = VERTEX_POINT('',#5283);
#5283 = CARTESIAN_POINT('',(17.021092790492,9.604300144457,0.));
#5284 = SURFACE_CURVE('',#5285,(#5289,#5296),.PCURVE_S1.);
#5285 = LINE('',#5286,#5287);
#5286 = CARTESIAN_POINT('',(17.021092790492,9.604300144457,0.));
#5287 = VECTOR('',#5288,1.);
#5288 = DIRECTION('',(0.,-0.,1.));
#5289 = PCURVE('',#5219,#5290);
#5290 = DEFINITIONAL_REPRESENTATION('',(#5291),#5295);
#5291 = LINE('',#5292,#5293);
#5292 = CARTESIAN_POINT('',(1.485854149872,0.));
#5293 = VECTOR('',#5294,1.);
#5294 = DIRECTION('',(0.,-1.));
#5295 = ( GEOMETRIC_REPRESENTATION_CONTEXT(2) 
PARAMETRIC_REPRESENTATION_CONTEXT() REPRESENTATION_CONTEXT('2D SPACE',''
  ) );
#5296 = PCURVE('',#5297,#5302);
#5297 = PLANE('',#5298);
#5298 = AXIS2_PLACEMENT_3D('',#5299,#5300,#5301);
#5299 = CARTESIAN_POINT('',(17.021092790492,9.604300144457,0.));
#5300 = DIRECTION('',(0.,1.,0.));
#5301 = DIRECTION('',(1.,0.,-0.));
#5302 = DEFINITIONAL_REPRESENTATION('',(#5303),#5307);
#5303 = LINE('',#5304,#5305);
#5304 = CARTESIAN_POINT('',(0.,0.));
#5305 = VECTOR('',#5306,1.);
#5306 = DIRECTION('',(0.,-1.));
#5307 = ( GEOMETRIC_REPRESENTATION_CONTEXT(2) 
PARAMETRIC_REPRESENTATION_CONTEXT() REPRESENTATION_CONTEXT('2D SPACE',''
  ) );
#5308 = ORIENTED_EDGE('',*,*,#5309,.F.);
#5309 = EDGE_CURVE('',#5204,#5282,#5310,.T.);
#5310 = SURFACE_CURVE('',#5311,(#5315,#5322),.PCURVE_S1.);
#5311 = LINE('',#5312,#5313);
#5312 = CARTESIAN_POINT('',(17.021092790492,8.118445994585,0.));
#5313 = VECTOR('',#5314,1.);
#5314 = DIRECTION('',(-0.,1.,-0.));
#5315 = PCURVE('',#5219,#5316);
#5316 = DEFINITIONAL_REPRESENTATION('',(#5317),#5321);
#5317 = LINE('',#5318,#5319);
#5318 = CARTESIAN_POINT('',(0.,0.));
#5319 = VECTOR('',#5320,1.);
#5320 = DIRECTION('',(1.,0.));
#5321 = ( GEOMETRIC_REPRESENTATION_CONTEXT(2) 
PARAMETRIC_REPRESENTATION_CONTEXT() REPRESENTATION_CONTEXT('2D SPACE',''
  ) );
#5322 = PCURVE('',#4775,#5323);
#5323 = DEFINITIONAL_REPRESENTATION('',(#5324),#5328);
#5324 = LINE('',#5325,#5326);
#5325 = CARTESIAN_POINT('',(1.487904139391,-4.186875654207));
#5326 = VECTOR('',#5327,1.);
#5327 = DIRECTION('',(-0.,-1.));
#5328 = ( GEOMETRIC_REPRESENTATION_CONTEXT(2) 
PARAMETRIC_REPRESENTATION_CONTEXT() REPRESENTATION_CONTEXT('2D SPACE',''
  ) );
#5329 = ADVANCED_FACE('',(#5330),#5297,.T.);
#5330 = FACE_BOUND('',#5331,.T.);
#5331 = EDGE_LOOP('',(#5332,#5333,#5356,#5384));
#5332 = ORIENTED_EDGE('',*,*,#5281,.T.);
#5333 = ORIENTED_EDGE('',*,*,#5334,.T.);
#5334 = EDGE_CURVE('',#5259,#5335,#5337,.T.);
#5335 = VERTEX_POINT('',#5336);
#5336 = CARTESIAN_POINT('',(19.318983510643,9.604300144457,0.6));
#5337 = SURFACE_CURVE('',#5338,(#5342,#5349),.PCURVE_S1.);
#5338 = LINE('',#5339,#5340);
#5339 = CARTESIAN_POINT('',(17.021092790492,9.604300144457,0.6));
#5340 = VECTOR('',#5341,1.);
#5341 = DIRECTION('',(1.,-0.,-0.));
#5342 = PCURVE('',#5297,#5343);
#5343 = DEFINITIONAL_REPRESENTATION('',(#5344),#5348);
#5344 = LINE('',#5345,#5346);
#5345 = CARTESIAN_POINT('',(0.,-0.6));
#5346 = VECTOR('',#5347,1.);
#5347 = DIRECTION('',(1.,0.));
#5348 = ( GEOMETRIC_REPRESENTATION_CONTEXT(2) 
PARAMETRIC_REPRESENTATION_CONTEXT() REPRESENTATION_CONTEXT('2D SPACE',''
  ) );
#5349 = PCURVE('',#4718,#5350);
#5350 = DEFINITIONAL_REPRESENTATION('',(#5351),#5355);
#5351 = LINE('',#5352,#5353);
#5352 = CARTESIAN_POINT('',(1.487904139391,-5.672729804079));
#5353 = VECTOR('',#5354,1.);
#5354 = DIRECTION('',(-1.,-0.));
#5355 = ( GEOMETRIC_REPRESENTATION_CONTEXT(2) 
PARAMETRIC_REPRESENTATION_CONTEXT() REPRESENTATION_CONTEXT('2D SPACE',''
  ) );
#5356 = ORIENTED_EDGE('',*,*,#5357,.F.);
#5357 = EDGE_CURVE('',#5358,#5335,#5360,.T.);
#5358 = VERTEX_POINT('',#5359);
#5359 = CARTESIAN_POINT('',(19.318983510643,9.604300144457,0.));
#5360 = SURFACE_CURVE('',#5361,(#5365,#5372),.PCURVE_S1.);
#5361 = LINE('',#5362,#5363);
#5362 = CARTESIAN_POINT('',(19.318983510643,9.604300144457,0.));
#5363 = VECTOR('',#5364,1.);
#5364 = DIRECTION('',(0.,-0.,1.));
#5365 = PCURVE('',#5297,#5366);
#5366 = DEFINITIONAL_REPRESENTATION('',(#5367),#5371);
#5367 = LINE('',#5368,#5369);
#5368 = CARTESIAN_POINT('',(2.297890720151,0.));
#5369 = VECTOR('',#5370,1.);
#5370 = DIRECTION('',(0.,-1.));
#5371 = ( GEOMETRIC_REPRESENTATION_CONTEXT(2) 
PARAMETRIC_REPRESENTATION_CONTEXT() REPRESENTATION_CONTEXT('2D SPACE',''
  ) );
#5372 = PCURVE('',#5373,#5378);
#5373 = PLANE('',#5374);
#5374 = AXIS2_PLACEMENT_3D('',#5375,#5376,#5377);
#5375 = CARTESIAN_POINT('',(19.318983510643,9.604300144457,0.));
#5376 = DIRECTION('',(1.,0.,-0.));
#5377 = DIRECTION('',(0.,-1.,-0.));
#5378 = DEFINITIONAL_REPRESENTATION('',(#5379),#5383);
#5379 = LINE('',#5380,#5381);
#5380 = CARTESIAN_POINT('',(1.7763568394E-15,-0.));
#5381 = VECTOR('',#5382,1.);
#5382 = DIRECTION('',(0.,-1.));
#5383 = ( GEOMETRIC_REPRESENTATION_CONTEXT(2) 
PARAMETRIC_REPRESENTATION_CONTEXT() REPRESENTATION_CONTEXT('2D SPACE',''
  ) );
#5384 = ORIENTED_EDGE('',*,*,#5385,.F.);
#5385 = EDGE_CURVE('',#5282,#5358,#5386,.T.);
#5386 = SURFACE_CURVE('',#5387,(#5391,#5398),.PCURVE_S1.);
#5387 = LINE('',#5388,#5389);
#5388 = CARTESIAN_POINT('',(17.021092790492,9.604300144457,0.));
#5389 = VECTOR('',#5390,1.);
#5390 = DIRECTION('',(1.,-0.,-0.));
#5391 = PCURVE('',#5297,#5392);
#5392 = DEFINITIONAL_REPRESENTATION('',(#5393),#5397);
#5393 = LINE('',#5394,#5395);
#5394 = CARTESIAN_POINT('',(0.,0.));
#5395 = VECTOR('',#5396,1.);
#5396 = DIRECTION('',(1.,0.));
#5397 = ( GEOMETRIC_REPRESENTATION_CONTEXT(2) 
PARAMETRIC_REPRESENTATION_CONTEXT() REPRESENTATION_CONTEXT('2D SPACE',''
  ) );
#5398 = PCURVE('',#4775,#5399);
#5399 = DEFINITIONAL_REPRESENTATION('',(#5400),#5404);
#5400 = LINE('',#5401,#5402);
#5401 = CARTESIAN_POINT('',(1.487904139391,-5.672729804079));
#5402 = VECTOR('',#5403,1.);
#5403 = DIRECTION('',(-1.,-0.));
#5404 = ( GEOMETRIC_REPRESENTATION_CONTEXT(2) 
PARAMETRIC_REPRESENTATION_CONTEXT() REPRESENTATION_CONTEXT('2D SPACE',''
  ) );
#5405 = ADVANCED_FACE('',(#5406),#5373,.T.);
#5406 = FACE_BOUND('',#5407,.T.);
#5407 = EDGE_LOOP('',(#5408,#5409,#5432,#5460));
#5408 = ORIENTED_EDGE('',*,*,#5357,.T.);
#5409 = ORIENTED_EDGE('',*,*,#5410,.T.);
#5410 = EDGE_CURVE('',#5335,#5411,#5413,.T.);
#5411 = VERTEX_POINT('',#5412);
#5412 = CARTESIAN_POINT('',(19.318983510643,7.150913059785,0.6));
#5413 = SURFACE_CURVE('',#5414,(#5418,#5425),.PCURVE_S1.);
#5414 = LINE('',#5415,#5416);
#5415 = CARTESIAN_POINT('',(19.318983510643,9.604300144457,0.6));
#5416 = VECTOR('',#5417,1.);
#5417 = DIRECTION('',(-0.,-1.,-0.));
#5418 = PCURVE('',#5373,#5419);
#5419 = DEFINITIONAL_REPRESENTATION('',(#5420),#5424);
#5420 = LINE('',#5421,#5422);
#5421 = CARTESIAN_POINT('',(0.,-0.6));
#5422 = VECTOR('',#5423,1.);
#5423 = DIRECTION('',(1.,0.));
#5424 = ( GEOMETRIC_REPRESENTATION_CONTEXT(2) 
PARAMETRIC_REPRESENTATION_CONTEXT() REPRESENTATION_CONTEXT('2D SPACE',''
  ) );
#5425 = PCURVE('',#4718,#5426);
#5426 = DEFINITIONAL_REPRESENTATION('',(#5427),#5431);
#5427 = LINE('',#5428,#5429);
#5428 = CARTESIAN_POINT('',(-0.80998658076,-5.672729804079));
#5429 = VECTOR('',#5430,1.);
#5430 = DIRECTION('',(-0.,1.));
#5431 = ( GEOMETRIC_REPRESENTATION_CONTEXT(2) 
PARAMETRIC_REPRESENTATION_CONTEXT() REPRESENTATION_CONTEXT('2D SPACE',''
  ) );
#5432 = ORIENTED_EDGE('',*,*,#5433,.F.);
#5433 = EDGE_CURVE('',#5434,#5411,#5436,.T.);
#5434 = VERTEX_POINT('',#5435);
#5435 = CARTESIAN_POINT('',(19.318983510643,7.150913059785,0.));
#5436 = SURFACE_CURVE('',#5437,(#5441,#5448),.PCURVE_S1.);
#5437 = LINE('',#5438,#5439);
#5438 = CARTESIAN_POINT('',(19.318983510643,7.150913059785,0.));
#5439 = VECTOR('',#5440,1.);
#5440 = DIRECTION('',(0.,-0.,1.));
#5441 = PCURVE('',#5373,#5442);
#5442 = DEFINITIONAL_REPRESENTATION('',(#5443),#5447);
#5443 = LINE('',#5444,#5445);
#5444 = CARTESIAN_POINT('',(2.453387084672,-0.));
#5445 = VECTOR('',#5446,1.);
#5446 = DIRECTION('',(0.,-1.));
#5447 = ( GEOMETRIC_REPRESENTATION_CONTEXT(2) 
PARAMETRIC_REPRESENTATION_CONTEXT() REPRESENTATION_CONTEXT('2D SPACE',''
  ) );
#5448 = PCURVE('',#5449,#5454);
#5449 = PLANE('',#5450);
#5450 = AXIS2_PLACEMENT_3D('',#5451,#5452,#5453);
#5451 = CARTESIAN_POINT('',(19.318983510643,7.150913059785,0.));
#5452 = DIRECTION('',(0.,1.,0.));
#5453 = DIRECTION('',(1.,0.,-0.));
#5454 = DEFINITIONAL_REPRESENTATION('',(#5455),#5459);
#5455 = LINE('',#5456,#5457);
#5456 = CARTESIAN_POINT('',(0.,0.));
#5457 = VECTOR('',#5458,1.);
#5458 = DIRECTION('',(0.,-1.));
#5459 = ( GEOMETRIC_REPRESENTATION_CONTEXT(2) 
PARAMETRIC_REPRESENTATION_CONTEXT() REPRESENTATION_CONTEXT('2D SPACE',''
  ) );
#5460 = ORIENTED_EDGE('',*,*,#5461,.F.);
#5461 = EDGE_CURVE('',#5358,#5434,#5462,.T.);
#5462 = SURFACE_CURVE('',#5463,(#5467,#5474),.PCURVE_S1.);
#5463 = LINE('',#5464,#5465);
#5464 = CARTESIAN_POINT('',(19.318983510643,9.604300144457,0.));
#5465 = VECTOR('',#5466,1.);
#5466 = DIRECTION('',(-0.,-1.,-0.));
#5467 = PCURVE('',#5373,#5468);
#5468 = DEFINITIONAL_REPRESENTATION('',(#5469),#5473);
#5469 = LINE('',#5470,#5471);
#5470 = CARTESIAN_POINT('',(0.,0.));
#5471 = VECTOR('',#5472,1.);
#5472 = DIRECTION('',(1.,0.));
#5473 = ( GEOMETRIC_REPRESENTATION_CONTEXT(2) 
PARAMETRIC_REPRESENTATION_CONTEXT() REPRESENTATION_CONTEXT('2D SPACE',''
  ) );
#5474 = PCURVE('',#4775,#5475);
#5475 = DEFINITIONAL_REPRESENTATION('',(#5476),#5480);
#5476 = LINE('',#5477,#5478);
#5477 = CARTESIAN_POINT('',(-0.80998658076,-5.672729804079));
#5478 = VECTOR('',#5479,1.);
#5479 = DIRECTION('',(-0.,1.));
#5480 = ( GEOMETRIC_REPRESENTATION_CONTEXT(2) 
PARAMETRIC_REPRESENTATION_CONTEXT() REPRESENTATION_CONTEXT('2D SPACE',''
  ) );
#5481 = ADVANCED_FACE('',(#5482),#5449,.T.);
#5482 = FACE_BOUND('',#5483,.T.);
#5483 = EDGE_LOOP('',(#5484,#5485,#5508,#5536));
#5484 = ORIENTED_EDGE('',*,*,#5433,.T.);
#5485 = ORIENTED_EDGE('',*,*,#5486,.T.);
#5486 = EDGE_CURVE('',#5411,#5487,#5489,.T.);
#5487 = VERTEX_POINT('',#5488);
#5488 = CARTESIAN_POINT('',(21.115830389558,7.150913059785,0.6));
#5489 = SURFACE_CURVE('',#5490,(#5494,#5501),.PCURVE_S1.);
#5490 = LINE('',#5491,#5492);
#5491 = CARTESIAN_POINT('',(19.318983510643,7.150913059785,0.6));
#5492 = VECTOR('',#5493,1.);
#5493 = DIRECTION('',(1.,-0.,-0.));
#5494 = PCURVE('',#5449,#5495);
#5495 = DEFINITIONAL_REPRESENTATION('',(#5496),#5500);
#5496 = LINE('',#5497,#5498);
#5497 = CARTESIAN_POINT('',(0.,-0.6));
#5498 = VECTOR('',#5499,1.);
#5499 = DIRECTION('',(1.,0.));
#5500 = ( GEOMETRIC_REPRESENTATION_CONTEXT(2) 
PARAMETRIC_REPRESENTATION_CONTEXT() REPRESENTATION_CONTEXT('2D SPACE',''
  ) );
#5501 = PCURVE('',#4718,#5502);
#5502 = DEFINITIONAL_REPRESENTATION('',(#5503),#5507);
#5503 = LINE('',#5504,#5505);
#5504 = CARTESIAN_POINT('',(-0.80998658076,-3.219342719407));
#5505 = VECTOR('',#5506,1.);
#5506 = DIRECTION('',(-1.,-0.));
#5507 = ( GEOMETRIC_REPRESENTATION_CONTEXT(2) 
PARAMETRIC_REPRESENTATION_CONTEXT() REPRESENTATION_CONTEXT('2D SPACE',''
  ) );
#5508 = ORIENTED_EDGE('',*,*,#5509,.F.);
#5509 = EDGE_CURVE('',#5510,#5487,#5512,.T.);
#5510 = VERTEX_POINT('',#5511);
#5511 = CARTESIAN_POINT('',(21.115830389558,7.150913059785,0.));
#5512 = SURFACE_CURVE('',#5513,(#5517,#5524),.PCURVE_S1.);
#5513 = LINE('',#5514,#5515);
#5514 = CARTESIAN_POINT('',(21.115830389558,7.150913059785,0.));
#5515 = VECTOR('',#5516,1.);
#5516 = DIRECTION('',(0.,-0.,1.));
#5517 = PCURVE('',#5449,#5518);
#5518 = DEFINITIONAL_REPRESENTATION('',(#5519),#5523);
#5519 = LINE('',#5520,#5521);
#5520 = CARTESIAN_POINT('',(1.796846878915,0.));
#5521 = VECTOR('',#5522,1.);
#5522 = DIRECTION('',(0.,-1.));
#5523 = ( GEOMETRIC_REPRESENTATION_CONTEXT(2) 
PARAMETRIC_REPRESENTATION_CONTEXT() REPRESENTATION_CONTEXT('2D SPACE',''
  ) );
#5524 = PCURVE('',#5525,#5530);
#5525 = PLANE('',#5526);
#5526 = AXIS2_PLACEMENT_3D('',#5527,#5528,#5529);
#5527 = CARTESIAN_POINT('',(21.115830389558,7.150913059785,0.));
#5528 = DIRECTION('',(1.,0.,-0.));
#5529 = DIRECTION('',(0.,-1.,-0.));
#5530 = DEFINITIONAL_REPRESENTATION('',(#5531),#5535);
#5531 = LINE('',#5532,#5533);
#5532 = CARTESIAN_POINT('',(0.,0.));
#5533 = VECTOR('',#5534,1.);
#5534 = DIRECTION('',(0.,-1.));
#5535 = ( GEOMETRIC_REPRESENTATION_CONTEXT(2) 
PARAMETRIC_REPRESENTATION_CONTEXT() REPRESENTATION_CONTEXT('2D SPACE',''
  ) );
#5536 = ORIENTED_EDGE('',*,*,#5537,.F.);
#5537 = EDGE_CURVE('',#5434,#5510,#5538,.T.);
#5538 = SURFACE_CURVE('',#5539,(#5543,#5550),.PCURVE_S1.);
#5539 = LINE('',#5540,#5541);
#5540 = CARTESIAN_POINT('',(19.318983510643,7.150913059785,0.));
#5541 = VECTOR('',#5542,1.);
#5542 = DIRECTION('',(1.,-0.,-0.));
#5543 = PCURVE('',#5449,#5544);
#5544 = DEFINITIONAL_REPRESENTATION('',(#5545),#5549);
#5545 = LINE('',#5546,#5547);
#5546 = CARTESIAN_POINT('',(0.,0.));
#5547 = VECTOR('',#5548,1.);
#5548 = DIRECTION('',(1.,0.));
#5549 = ( GEOMETRIC_REPRESENTATION_CONTEXT(2) 
PARAMETRIC_REPRESENTATION_CONTEXT() REPRESENTATION_CONTEXT('2D SPACE',''
  ) );
#5550 = PCURVE('',#4775,#5551);
#5551 = DEFINITIONAL_REPRESENTATION('',(#5552),#5556);
#5552 = LINE('',#5553,#5554);
#5553 = CARTESIAN_POINT('',(-0.80998658076,-3.219342719407));
#5554 = VECTOR('',#5555,1.);
#5555 = DIRECTION('',(-1.,-0.));
#5556 = ( GEOMETRIC_REPRESENTATION_CONTEXT(2) 
PARAMETRIC_REPRESENTATION_CONTEXT() REPRESENTATION_CONTEXT('2D SPACE',''
  ) );
#5557 = ADVANCED_FACE('',(#5558),#5525,.T.);
#5558 = FACE_BOUND('',#5559,.T.);
#5559 = EDGE_LOOP('',(#5560,#5561,#5584,#5612));
#5560 = ORIENTED_EDGE('',*,*,#5509,.T.);
#5561 = ORIENTED_EDGE('',*,*,#5562,.T.);
#5562 = EDGE_CURVE('',#5487,#5563,#5565,.T.);
#5563 = VERTEX_POINT('',#5564);
#5564 = CARTESIAN_POINT('',(21.115830389558,5.164015068677,0.6));
#5565 = SURFACE_CURVE('',#5566,(#5570,#5577),.PCURVE_S1.);
#5566 = LINE('',#5567,#5568);
#5567 = CARTESIAN_POINT('',(21.115830389558,7.150913059785,0.6));
#5568 = VECTOR('',#5569,1.);
#5569 = DIRECTION('',(-0.,-1.,-0.));
#5570 = PCURVE('',#5525,#5571);
#5571 = DEFINITIONAL_REPRESENTATION('',(#5572),#5576);
#5572 = LINE('',#5573,#5574);
#5573 = CARTESIAN_POINT('',(0.,-0.6));
#5574 = VECTOR('',#5575,1.);
#5575 = DIRECTION('',(1.,0.));
#5576 = ( GEOMETRIC_REPRESENTATION_CONTEXT(2) 
PARAMETRIC_REPRESENTATION_CONTEXT() REPRESENTATION_CONTEXT('2D SPACE',''
  ) );
#5577 = PCURVE('',#4718,#5578);
#5578 = DEFINITIONAL_REPRESENTATION('',(#5579),#5583);
#5579 = LINE('',#5580,#5581);
#5580 = CARTESIAN_POINT('',(-2.606833459675,-3.219342719407));
#5581 = VECTOR('',#5582,1.);
#5582 = DIRECTION('',(-0.,1.));
#5583 = ( GEOMETRIC_REPRESENTATION_CONTEXT(2) 
PARAMETRIC_REPRESENTATION_CONTEXT() REPRESENTATION_CONTEXT('2D SPACE',''
  ) );
#5584 = ORIENTED_EDGE('',*,*,#5585,.F.);
#5585 = EDGE_CURVE('',#5586,#5563,#5588,.T.);
#5586 = VERTEX_POINT('',#5587);
#5587 = CARTESIAN_POINT('',(21.115830389558,5.164015068677,0.));
#5588 = SURFACE_CURVE('',#5589,(#5593,#5600),.PCURVE_S1.);
#5589 = LINE('',#5590,#5591);
#5590 = CARTESIAN_POINT('',(21.115830389558,5.164015068677,0.));
#5591 = VECTOR('',#5592,1.);
#5592 = DIRECTION('',(0.,-0.,1.));
#5593 = PCURVE('',#5525,#5594);
#5594 = DEFINITIONAL_REPRESENTATION('',(#5595),#5599);
#5595 = LINE('',#5596,#5597);
#5596 = CARTESIAN_POINT('',(1.986897991108,-0.));
#5597 = VECTOR('',#5598,1.);
#5598 = DIRECTION('',(0.,-1.));
#5599 = ( GEOMETRIC_REPRESENTATION_CONTEXT(2) 
PARAMETRIC_REPRESENTATION_CONTEXT() REPRESENTATION_CONTEXT('2D SPACE',''
  ) );
#5600 = PCURVE('',#5601,#5606);
#5601 = PLANE('',#5602);
#5602 = AXIS2_PLACEMENT_3D('',#5603,#5604,#5605);
#5603 = CARTESIAN_POINT('',(21.115830389558,5.164015068677,0.));
#5604 = DIRECTION('',(0.,-1.,-0.));
#5605 = DIRECTION('',(-1.,-0.,0.));
#5606 = DEFINITIONAL_REPRESENTATION('',(#5607),#5611);
#5607 = LINE('',#5608,#5609);
#5608 = CARTESIAN_POINT('',(0.,0.));
#5609 = VECTOR('',#5610,1.);
#5610 = DIRECTION('',(0.,-1.));
#5611 = ( GEOMETRIC_REPRESENTATION_CONTEXT(2) 
PARAMETRIC_REPRESENTATION_CONTEXT() REPRESENTATION_CONTEXT('2D SPACE',''
  ) );
#5612 = ORIENTED_EDGE('',*,*,#5613,.F.);
#5613 = EDGE_CURVE('',#5510,#5586,#5614,.T.);
#5614 = SURFACE_CURVE('',#5615,(#5619,#5626),.PCURVE_S1.);
#5615 = LINE('',#5616,#5617);
#5616 = CARTESIAN_POINT('',(21.115830389558,7.150913059785,0.));
#5617 = VECTOR('',#5618,1.);
#5618 = DIRECTION('',(-0.,-1.,-0.));
#5619 = PCURVE('',#5525,#5620);
#5620 = DEFINITIONAL_REPRESENTATION('',(#5621),#5625);
#5621 = LINE('',#5622,#5623);
#5622 = CARTESIAN_POINT('',(0.,0.));
#5623 = VECTOR('',#5624,1.);
#5624 = DIRECTION('',(1.,0.));
#5625 = ( GEOMETRIC_REPRESENTATION_CONTEXT(2) 
PARAMETRIC_REPRESENTATION_CONTEXT() REPRESENTATION_CONTEXT('2D SPACE',''
  ) );
#5626 = PCURVE('',#4775,#5627);
#5627 = DEFINITIONAL_REPRESENTATION('',(#5628),#5632);
#5628 = LINE('',#5629,#5630);
#5629 = CARTESIAN_POINT('',(-2.606833459675,-3.219342719407));
#5630 = VECTOR('',#5631,1.);
#5631 = DIRECTION('',(-0.,1.));
#5632 = ( GEOMETRIC_REPRESENTATION_CONTEXT(2) 
PARAMETRIC_REPRESENTATION_CONTEXT() REPRESENTATION_CONTEXT('2D SPACE',''
  ) );
#5633 = ADVANCED_FACE('',(#5634),#5601,.T.);
#5634 = FACE_BOUND('',#5635,.T.);
#5635 = EDGE_LOOP('',(#5636,#5637,#5660,#5688));
#5636 = ORIENTED_EDGE('',*,*,#5585,.T.);
#5637 = ORIENTED_EDGE('',*,*,#5638,.T.);
#5638 = EDGE_CURVE('',#5563,#5639,#5641,.T.);
#5639 = VERTEX_POINT('',#5640);
#5640 = CARTESIAN_POINT('',(19.318983510643,5.164015068677,0.6));
#5641 = SURFACE_CURVE('',#5642,(#5646,#5653),.PCURVE_S1.);
#5642 = LINE('',#5643,#5644);
#5643 = CARTESIAN_POINT('',(21.115830389558,5.164015068677,0.6));
#5644 = VECTOR('',#5645,1.);
#5645 = DIRECTION('',(-1.,-0.,0.));
#5646 = PCURVE('',#5601,#5647);
#5647 = DEFINITIONAL_REPRESENTATION('',(#5648),#5652);
#5648 = LINE('',#5649,#5650);
#5649 = CARTESIAN_POINT('',(0.,-0.6));
#5650 = VECTOR('',#5651,1.);
#5651 = DIRECTION('',(1.,0.));
#5652 = ( GEOMETRIC_REPRESENTATION_CONTEXT(2) 
PARAMETRIC_REPRESENTATION_CONTEXT() REPRESENTATION_CONTEXT('2D SPACE',''
  ) );
#5653 = PCURVE('',#4718,#5654);
#5654 = DEFINITIONAL_REPRESENTATION('',(#5655),#5659);
#5655 = LINE('',#5656,#5657);
#5656 = CARTESIAN_POINT('',(-2.606833459675,-1.232444728299));
#5657 = VECTOR('',#5658,1.);
#5658 = DIRECTION('',(1.,-0.));
#5659 = ( GEOMETRIC_REPRESENTATION_CONTEXT(2) 
PARAMETRIC_REPRESENTATION_CONTEXT() REPRESENTATION_CONTEXT('2D SPACE',''
  ) );
#5660 = ORIENTED_EDGE('',*,*,#5661,.F.);
#5661 = EDGE_CURVE('',#5662,#5639,#5664,.T.);
#5662 = VERTEX_POINT('',#5663);
#5663 = CARTESIAN_POINT('',(19.318983510643,5.164015068677,0.));
#5664 = SURFACE_CURVE('',#5665,(#5669,#5676),.PCURVE_S1.);
#5665 = LINE('',#5666,#5667);
#5666 = CARTESIAN_POINT('',(19.318983510643,5.164015068677,0.));
#5667 = VECTOR('',#5668,1.);
#5668 = DIRECTION('',(0.,-0.,1.));
#5669 = PCURVE('',#5601,#5670);
#5670 = DEFINITIONAL_REPRESENTATION('',(#5671),#5675);
#5671 = LINE('',#5672,#5673);
#5672 = CARTESIAN_POINT('',(1.796846878915,0.));
#5673 = VECTOR('',#5674,1.);
#5674 = DIRECTION('',(0.,-1.));
#5675 = ( GEOMETRIC_REPRESENTATION_CONTEXT(2) 
PARAMETRIC_REPRESENTATION_CONTEXT() REPRESENTATION_CONTEXT('2D SPACE',''
  ) );
#5676 = PCURVE('',#5677,#5682);
#5677 = PLANE('',#5678);
#5678 = AXIS2_PLACEMENT_3D('',#5679,#5680,#5681);
#5679 = CARTESIAN_POINT('',(19.318983510643,5.164015068677,0.));
#5680 = DIRECTION('',(1.,0.,-0.));
#5681 = DIRECTION('',(0.,-1.,-0.));
#5682 = DEFINITIONAL_REPRESENTATION('',(#5683),#5687);
#5683 = LINE('',#5684,#5685);
#5684 = CARTESIAN_POINT('',(0.,0.));
#5685 = VECTOR('',#5686,1.);
#5686 = DIRECTION('',(0.,-1.));
#5687 = ( GEOMETRIC_REPRESENTATION_CONTEXT(2) 
PARAMETRIC_REPRESENTATION_CONTEXT() REPRESENTATION_CONTEXT('2D SPACE',''
  ) );
#5688 = ORIENTED_EDGE('',*,*,#5689,.F.);
#5689 = EDGE_CURVE('',#5586,#5662,#5690,.T.);
#5690 = SURFACE_CURVE('',#5691,(#5695,#5702),.PCURVE_S1.);
#5691 = LINE('',#5692,#5693);
#5692 = CARTESIAN_POINT('',(21.115830389558,5.164015068677,0.));
#5693 = VECTOR('',#5694,1.);
#5694 = DIRECTION('',(-1.,-0.,0.));
#5695 = PCURVE('',#5601,#5696);
#5696 = DEFINITIONAL_REPRESENTATION('',(#5697),#5701);
#5697 = LINE('',#5698,#5699);
#5698 = CARTESIAN_POINT('',(0.,0.));
#5699 = VECTOR('',#5700,1.);
#5700 = DIRECTION('',(1.,0.));
#5701 = ( GEOMETRIC_REPRESENTATION_CONTEXT(2) 
PARAMETRIC_REPRESENTATION_CONTEXT() REPRESENTATION_CONTEXT('2D SPACE',''
  ) );
#5702 = PCURVE('',#4775,#5703);
#5703 = DEFINITIONAL_REPRESENTATION('',(#5704),#5708);
#5704 = LINE('',#5705,#5706);
#5705 = CARTESIAN_POINT('',(-2.606833459675,-1.232444728299));
#5706 = VECTOR('',#5707,1.);
#5707 = DIRECTION('',(1.,-0.));
#5708 = ( GEOMETRIC_REPRESENTATION_CONTEXT(2) 
PARAMETRIC_REPRESENTATION_CONTEXT() REPRESENTATION_CONTEXT('2D SPACE',''
  ) );
#5709 = ADVANCED_FACE('',(#5710),#5677,.T.);
#5710 = FACE_BOUND('',#5711,.T.);
#5711 = EDGE_LOOP('',(#5712,#5713,#5736,#5764));
#5712 = ORIENTED_EDGE('',*,*,#5661,.T.);
#5713 = ORIENTED_EDGE('',*,*,#5714,.T.);
#5714 = EDGE_CURVE('',#5639,#5715,#5717,.T.);
#5715 = VERTEX_POINT('',#5716);
#5716 = CARTESIAN_POINT('',(19.318983510643,6.718978713892E-02,0.6));
#5717 = SURFACE_CURVE('',#5718,(#5722,#5729),.PCURVE_S1.);
#5718 = LINE('',#5719,#5720);
#5719 = CARTESIAN_POINT('',(19.318983510643,5.164015068677,0.6));
#5720 = VECTOR('',#5721,1.);
#5721 = DIRECTION('',(-0.,-1.,-0.));
#5722 = PCURVE('',#5677,#5723);
#5723 = DEFINITIONAL_REPRESENTATION('',(#5724),#5728);
#5724 = LINE('',#5725,#5726);
#5725 = CARTESIAN_POINT('',(0.,-0.6));
#5726 = VECTOR('',#5727,1.);
#5727 = DIRECTION('',(1.,0.));
#5728 = ( GEOMETRIC_REPRESENTATION_CONTEXT(2) 
PARAMETRIC_REPRESENTATION_CONTEXT() REPRESENTATION_CONTEXT('2D SPACE',''
  ) );
#5729 = PCURVE('',#4718,#5730);
#5730 = DEFINITIONAL_REPRESENTATION('',(#5731),#5735);
#5731 = LINE('',#5732,#5733);
#5732 = CARTESIAN_POINT('',(-0.80998658076,-1.232444728299));
#5733 = VECTOR('',#5734,1.);
#5734 = DIRECTION('',(-0.,1.));
#5735 = ( GEOMETRIC_REPRESENTATION_CONTEXT(2) 
PARAMETRIC_REPRESENTATION_CONTEXT() REPRESENTATION_CONTEXT('2D SPACE',''
  ) );
#5736 = ORIENTED_EDGE('',*,*,#5737,.F.);
#5737 = EDGE_CURVE('',#5738,#5715,#5740,.T.);
#5738 = VERTEX_POINT('',#5739);
#5739 = CARTESIAN_POINT('',(19.318983510643,6.718978713892E-02,0.));
#5740 = SURFACE_CURVE('',#5741,(#5745,#5752),.PCURVE_S1.);
#5741 = LINE('',#5742,#5743);
#5742 = CARTESIAN_POINT('',(19.318983510643,6.718978713892E-02,0.));
#5743 = VECTOR('',#5744,1.);
#5744 = DIRECTION('',(0.,-0.,1.));
#5745 = PCURVE('',#5677,#5746);
#5746 = DEFINITIONAL_REPRESENTATION('',(#5747),#5751);
#5747 = LINE('',#5748,#5749);
#5748 = CARTESIAN_POINT('',(5.096825281538,-0.));
#5749 = VECTOR('',#5750,1.);
#5750 = DIRECTION('',(0.,-1.));
#5751 = ( GEOMETRIC_REPRESENTATION_CONTEXT(2) 
PARAMETRIC_REPRESENTATION_CONTEXT() REPRESENTATION_CONTEXT('2D SPACE',''
  ) );
#5752 = PCURVE('',#5753,#5758);
#5753 = PLANE('',#5754);
#5754 = AXIS2_PLACEMENT_3D('',#5755,#5756,#5757);
#5755 = CARTESIAN_POINT('',(19.318983510643,6.718978713892E-02,0.));
#5756 = DIRECTION('',(0.,1.,0.));
#5757 = DIRECTION('',(1.,0.,-0.));
#5758 = DEFINITIONAL_REPRESENTATION('',(#5759),#5763);
#5759 = LINE('',#5760,#5761);
#5760 = CARTESIAN_POINT('',(0.,0.));
#5761 = VECTOR('',#5762,1.);
#5762 = DIRECTION('',(0.,-1.));
#5763 = ( GEOMETRIC_REPRESENTATION_CONTEXT(2) 
PARAMETRIC_REPRESENTATION_CONTEXT() REPRESENTATION_CONTEXT('2D SPACE',''
  ) );
#5764 = ORIENTED_EDGE('',*,*,#5765,.F.);
#5765 = EDGE_CURVE('',#5662,#5738,#5766,.T.);
#5766 = SURFACE_CURVE('',#5767,(#5771,#5778),.PCURVE_S1.);
#5767 = LINE('',#5768,#5769);
#5768 = CARTESIAN_POINT('',(19.318983510643,5.164015068677,0.));
#5769 = VECTOR('',#5770,1.);
#5770 = DIRECTION('',(-0.,-1.,-0.));
#5771 = PCURVE('',#5677,#5772);
#5772 = DEFINITIONAL_REPRESENTATION('',(#5773),#5777);
#5773 = LINE('',#5774,#5775);
#5774 = CARTESIAN_POINT('',(0.,0.));
#5775 = VECTOR('',#5776,1.);
#5776 = DIRECTION('',(1.,0.));
#5777 = ( GEOMETRIC_REPRESENTATION_CONTEXT(2) 
PARAMETRIC_REPRESENTATION_CONTEXT() REPRESENTATION_CONTEXT('2D SPACE',''
  ) );
#5778 = PCURVE('',#4775,#5779);
#5779 = DEFINITIONAL_REPRESENTATION('',(#5780),#5784);
#5780 = LINE('',#5781,#5782);
#5781 = CARTESIAN_POINT('',(-0.80998658076,-1.232444728299));
#5782 = VECTOR('',#5783,1.);
#5783 = DIRECTION('',(-0.,1.));
#5784 = ( GEOMETRIC_REPRESENTATION_CONTEXT(2) 
PARAMETRIC_REPRESENTATION_CONTEXT() REPRESENTATION_CONTEXT('2D SPACE',''
  ) );
#5785 = ADVANCED_FACE('',(#5786),#5753,.T.);
#5786 = FACE_BOUND('',#5787,.T.);
#5787 = EDGE_LOOP('',(#5788,#5789,#5812,#5835));
#5788 = ORIENTED_EDGE('',*,*,#5737,.T.);
#5789 = ORIENTED_EDGE('',*,*,#5790,.T.);
#5790 = EDGE_CURVE('',#5715,#5791,#5793,.T.);
#5791 = VERTEX_POINT('',#5792);
#5792 = CARTESIAN_POINT('',(20.977611398872,6.718978713892E-02,0.6));
#5793 = SURFACE_CURVE('',#5794,(#5798,#5805),.PCURVE_S1.);
#5794 = LINE('',#5795,#5796);
#5795 = CARTESIAN_POINT('',(19.318983510643,6.718978713892E-02,0.6));
#5796 = VECTOR('',#5797,1.);
#5797 = DIRECTION('',(1.,-0.,-0.));
#5798 = PCURVE('',#5753,#5799);
#5799 = DEFINITIONAL_REPRESENTATION('',(#5800),#5804);
#5800 = LINE('',#5801,#5802);
#5801 = CARTESIAN_POINT('',(0.,-0.6));
#5802 = VECTOR('',#5803,1.);
#5803 = DIRECTION('',(1.,0.));
#5804 = ( GEOMETRIC_REPRESENTATION_CONTEXT(2) 
PARAMETRIC_REPRESENTATION_CONTEXT() REPRESENTATION_CONTEXT('2D SPACE',''
  ) );
#5805 = PCURVE('',#4718,#5806);
#5806 = DEFINITIONAL_REPRESENTATION('',(#5807),#5811);
#5807 = LINE('',#5808,#5809);
#5808 = CARTESIAN_POINT('',(-0.80998658076,3.864380553239));
#5809 = VECTOR('',#5810,1.);
#5810 = DIRECTION('',(-1.,-0.));
#5811 = ( GEOMETRIC_REPRESENTATION_CONTEXT(2) 
PARAMETRIC_REPRESENTATION_CONTEXT() REPRESENTATION_CONTEXT('2D SPACE',''
  ) );
#5812 = ORIENTED_EDGE('',*,*,#5813,.F.);
#5813 = EDGE_CURVE('',#5814,#5791,#5816,.T.);
#5814 = VERTEX_POINT('',#5815);
#5815 = CARTESIAN_POINT('',(20.977611398872,6.718978713892E-02,0.));
#5816 = SURFACE_CURVE('',#5817,(#5821,#5828),.PCURVE_S1.);
#5817 = LINE('',#5818,#5819);
#5818 = CARTESIAN_POINT('',(20.977611398872,6.718978713892E-02,0.));
#5819 = VECTOR('',#5820,1.);
#5820 = DIRECTION('',(0.,-0.,1.));
#5821 = PCURVE('',#5753,#5822);
#5822 = DEFINITIONAL_REPRESENTATION('',(#5823),#5827);
#5823 = LINE('',#5824,#5825);
#5824 = CARTESIAN_POINT('',(1.658627888229,0.));
#5825 = VECTOR('',#5826,1.);
#5826 = DIRECTION('',(0.,-1.));
#5827 = ( GEOMETRIC_REPRESENTATION_CONTEXT(2) 
PARAMETRIC_REPRESENTATION_CONTEXT() REPRESENTATION_CONTEXT('2D SPACE',''
  ) );
#5828 = PCURVE('',#4690,#5829);
#5829 = DEFINITIONAL_REPRESENTATION('',(#5830),#5834);
#5830 = LINE('',#5831,#5832);
#5831 = CARTESIAN_POINT('',(0.,0.));
#5832 = VECTOR('',#5833,1.);
#5833 = DIRECTION('',(0.,-1.));
#5834 = ( GEOMETRIC_REPRESENTATION_CONTEXT(2) 
PARAMETRIC_REPRESENTATION_CONTEXT() REPRESENTATION_CONTEXT('2D SPACE',''
  ) );
#5835 = ORIENTED_EDGE('',*,*,#5836,.F.);
#5836 = EDGE_CURVE('',#5738,#5814,#5837,.T.);
#5837 = SURFACE_CURVE('',#5838,(#5842,#5849),.PCURVE_S1.);
#5838 = LINE('',#5839,#5840);
#5839 = CARTESIAN_POINT('',(19.318983510643,6.718978713892E-02,0.));
#5840 = VECTOR('',#5841,1.);
#5841 = DIRECTION('',(1.,-0.,-0.));
#5842 = PCURVE('',#5753,#5843);
#5843 = DEFINITIONAL_REPRESENTATION('',(#5844),#5848);
#5844 = LINE('',#5845,#5846);
#5845 = CARTESIAN_POINT('',(0.,0.));
#5846 = VECTOR('',#5847,1.);
#5847 = DIRECTION('',(1.,0.));
#5848 = ( GEOMETRIC_REPRESENTATION_CONTEXT(2) 
PARAMETRIC_REPRESENTATION_CONTEXT() REPRESENTATION_CONTEXT('2D SPACE',''
  ) );
#5849 = PCURVE('',#4775,#5850);
#5850 = DEFINITIONAL_REPRESENTATION('',(#5851),#5855);
#5851 = LINE('',#5852,#5853);
#5852 = CARTESIAN_POINT('',(-0.80998658076,3.864380553239));
#5853 = VECTOR('',#5854,1.);
#5854 = DIRECTION('',(-1.,-0.));
#5855 = ( GEOMETRIC_REPRESENTATION_CONTEXT(2) 
PARAMETRIC_REPRESENTATION_CONTEXT() REPRESENTATION_CONTEXT('2D SPACE',''
  ) );
#5856 = ADVANCED_FACE('',(#5857),#4690,.T.);
#5857 = FACE_BOUND('',#5858,.T.);
#5858 = EDGE_LOOP('',(#5859,#5860,#5881,#5882));
#5859 = ORIENTED_EDGE('',*,*,#5813,.T.);
#5860 = ORIENTED_EDGE('',*,*,#5861,.T.);
#5861 = EDGE_CURVE('',#5791,#4670,#5862,.T.);
#5862 = SURFACE_CURVE('',#5863,(#5867,#5874),.PCURVE_S1.);
#5863 = LINE('',#5864,#5865);
#5864 = CARTESIAN_POINT('',(20.977611398872,6.718978713892E-02,0.6));
#5865 = VECTOR('',#5866,1.);
#5866 = DIRECTION('',(-0.,-1.,-0.));
#5867 = PCURVE('',#4690,#5868);
#5868 = DEFINITIONAL_REPRESENTATION('',(#5869),#5873);
#5869 = LINE('',#5870,#5871);
#5870 = CARTESIAN_POINT('',(0.,-0.6));
#5871 = VECTOR('',#5872,1.);
#5872 = DIRECTION('',(1.,0.));
#5873 = ( GEOMETRIC_REPRESENTATION_CONTEXT(2) 
PARAMETRIC_REPRESENTATION_CONTEXT() REPRESENTATION_CONTEXT('2D SPACE',''
  ) );
#5874 = PCURVE('',#4718,#5875);
#5875 = DEFINITIONAL_REPRESENTATION('',(#5876),#5880);
#5876 = LINE('',#5877,#5878);
#5877 = CARTESIAN_POINT('',(-2.468614468989,3.864380553239));
#5878 = VECTOR('',#5879,1.);
#5879 = DIRECTION('',(-0.,1.));
#5880 = ( GEOMETRIC_REPRESENTATION_CONTEXT(2) 
PARAMETRIC_REPRESENTATION_CONTEXT() REPRESENTATION_CONTEXT('2D SPACE',''
  ) );
#5881 = ORIENTED_EDGE('',*,*,#4667,.F.);
#5882 = ORIENTED_EDGE('',*,*,#5883,.F.);
#5883 = EDGE_CURVE('',#5814,#4668,#5884,.T.);
#5884 = SURFACE_CURVE('',#5885,(#5889,#5896),.PCURVE_S1.);
#5885 = LINE('',#5886,#5887);
#5886 = CARTESIAN_POINT('',(20.977611398872,6.718978713892E-02,0.));
#5887 = VECTOR('',#5888,1.);
#5888 = DIRECTION('',(-0.,-1.,-0.));
#5889 = PCURVE('',#4690,#5890);
#5890 = DEFINITIONAL_REPRESENTATION('',(#5891),#5895);
#5891 = LINE('',#5892,#5893);
#5892 = CARTESIAN_POINT('',(0.,0.));
#5893 = VECTOR('',#5894,1.);
#5894 = DIRECTION('',(1.,0.));
#5895 = ( GEOMETRIC_REPRESENTATION_CONTEXT(2) 
PARAMETRIC_REPRESENTATION_CONTEXT() REPRESENTATION_CONTEXT('2D SPACE',''
  ) );
#5896 = PCURVE('',#4775,#5897);
#5897 = DEFINITIONAL_REPRESENTATION('',(#5898),#5902);
#5898 = LINE('',#5899,#5900);
#5899 = CARTESIAN_POINT('',(-2.468614468989,3.864380553239));
#5900 = VECTOR('',#5901,1.);
#5901 = DIRECTION('',(-0.,1.));
#5902 = ( GEOMETRIC_REPRESENTATION_CONTEXT(2) 
PARAMETRIC_REPRESENTATION_CONTEXT() REPRESENTATION_CONTEXT('2D SPACE',''
  ) );
#5903 = ADVANCED_FACE('',(#5904),#4775,.F.);
#5904 = FACE_BOUND('',#5905,.T.);
#5905 = EDGE_LOOP('',(#5906,#5907,#5908,#5909,#5910,#5911,#5912,#5913,
    #5914,#5915,#5916,#5917,#5918,#5919,#5920,#5921));
#5906 = ORIENTED_EDGE('',*,*,#4761,.T.);
#5907 = ORIENTED_EDGE('',*,*,#4844,.T.);
#5908 = ORIENTED_EDGE('',*,*,#4922,.T.);
#5909 = ORIENTED_EDGE('',*,*,#4998,.T.);
#5910 = ORIENTED_EDGE('',*,*,#5074,.T.);
#5911 = ORIENTED_EDGE('',*,*,#5153,.T.);
#5912 = ORIENTED_EDGE('',*,*,#5231,.T.);
#5913 = ORIENTED_EDGE('',*,*,#5309,.T.);
#5914 = ORIENTED_EDGE('',*,*,#5385,.T.);
#5915 = ORIENTED_EDGE('',*,*,#5461,.T.);
#5916 = ORIENTED_EDGE('',*,*,#5537,.T.);
#5917 = ORIENTED_EDGE('',*,*,#5613,.T.);
#5918 = ORIENTED_EDGE('',*,*,#5689,.T.);
#5919 = ORIENTED_EDGE('',*,*,#5765,.T.);
#5920 = ORIENTED_EDGE('',*,*,#5836,.T.);
#5921 = ORIENTED_EDGE('',*,*,#5883,.T.);
#5922 = ADVANCED_FACE('',(#5923),#4718,.T.);
#5923 = FACE_BOUND('',#5924,.F.);
#5924 = EDGE_LOOP('',(#5925,#5926,#5927,#5928,#5929,#5930,#5931,#5932,
    #5933,#5934,#5935,#5936,#5937,#5938,#5939,#5940));
#5925 = ORIENTED_EDGE('',*,*,#4702,.T.);
#5926 = ORIENTED_EDGE('',*,*,#4791,.T.);
#5927 = ORIENTED_EDGE('',*,*,#4871,.T.);
#5928 = ORIENTED_EDGE('',*,*,#4947,.T.);
#5929 = ORIENTED_EDGE('',*,*,#5023,.T.);
#5930 = ORIENTED_EDGE('',*,*,#5099,.T.);
#5931 = ORIENTED_EDGE('',*,*,#5178,.T.);
#5932 = ORIENTED_EDGE('',*,*,#5258,.T.);
#5933 = ORIENTED_EDGE('',*,*,#5334,.T.);
#5934 = ORIENTED_EDGE('',*,*,#5410,.T.);
#5935 = ORIENTED_EDGE('',*,*,#5486,.T.);
#5936 = ORIENTED_EDGE('',*,*,#5562,.T.);
#5937 = ORIENTED_EDGE('',*,*,#5638,.T.);
#5938 = ORIENTED_EDGE('',*,*,#5714,.T.);
#5939 = ORIENTED_EDGE('',*,*,#5790,.T.);
#5940 = ORIENTED_EDGE('',*,*,#5861,.T.);
#5941 = MANIFOLD_SOLID_BREP('',#5942);
#5942 = CLOSED_SHELL('',(#5943,#6063,#6139,#6219,#6303,#6379,#6455,#6531
    ,#6607,#6683,#6759,#6835,#6911,#6982,#7029,#7046));
#5943 = ADVANCED_FACE('',(#5944),#5958,.T.);
#5944 = FACE_BOUND('',#5945,.T.);
#5945 = EDGE_LOOP('',(#5946,#5981,#6009,#6037));
#5946 = ORIENTED_EDGE('',*,*,#5947,.T.);
#5947 = EDGE_CURVE('',#5948,#5950,#5952,.T.);
#5948 = VERTEX_POINT('',#5949);
#5949 = CARTESIAN_POINT('',(27.111079110553,2.917956470033,0.));
#5950 = VERTEX_POINT('',#5951);
#5951 = CARTESIAN_POINT('',(27.111079110553,2.917956470033,0.6));
#5952 = SURFACE_CURVE('',#5953,(#5957,#5969),.PCURVE_S1.);
#5953 = LINE('',#5954,#5955);
#5954 = CARTESIAN_POINT('',(27.111079110553,2.917956470033,0.));
#5955 = VECTOR('',#5956,1.);
#5956 = DIRECTION('',(0.,-0.,1.));
#5957 = PCURVE('',#5958,#5963);
#5958 = PLANE('',#5959);
#5959 = AXIS2_PLACEMENT_3D('',#5960,#5961,#5962);
#5960 = CARTESIAN_POINT('',(27.111079110553,2.917956470033,0.));
#5961 = DIRECTION('',(-0.953993716901,0.29982659674,0.));
#5962 = DIRECTION('',(0.29982659674,0.953993716901,-0.));
#5963 = DEFINITIONAL_REPRESENTATION('',(#5964),#5968);
#5964 = LINE('',#5965,#5966);
#5965 = CARTESIAN_POINT('',(0.,0.));
#5966 = VECTOR('',#5967,1.);
#5967 = DIRECTION('',(0.,-1.));
#5968 = ( GEOMETRIC_REPRESENTATION_CONTEXT(2) 
PARAMETRIC_REPRESENTATION_CONTEXT() REPRESENTATION_CONTEXT('2D SPACE',''
  ) );
#5969 = PCURVE('',#5970,#5975);
#5970 = PLANE('',#5971);
#5971 = AXIS2_PLACEMENT_3D('',#5972,#5973,#5974);
#5972 = CARTESIAN_POINT('',(26.43726153096,0.291795647003,0.));
#5973 = DIRECTION('',(-0.968624541573,0.248528665272,0.));
#5974 = DIRECTION('',(0.248528665272,0.968624541573,-0.));
#5975 = DEFINITIONAL_REPRESENTATION('',(#5976),#5980);
#5976 = LINE('',#5977,#5978);
#5977 = CARTESIAN_POINT('',(2.711226806998,0.));
#5978 = VECTOR('',#5979,1.);
#5979 = DIRECTION('',(0.,-1.));
#5980 = ( GEOMETRIC_REPRESENTATION_CONTEXT(2) 
PARAMETRIC_REPRESENTATION_CONTEXT() REPRESENTATION_CONTEXT('2D SPACE',''
  ) );
#5981 = ORIENTED_EDGE('',*,*,#5982,.T.);
#5982 = EDGE_CURVE('',#5950,#5983,#5985,.T.);
#5983 = VERTEX_POINT('',#5984);
#5984 = CARTESIAN_POINT('',(28.441436895904,7.150913059785,0.6));
#5985 = SURFACE_CURVE('',#5986,(#5990,#5997),.PCURVE_S1.);
#5986 = LINE('',#5987,#5988);
#5987 = CARTESIAN_POINT('',(27.111079110553,2.917956470033,0.6));
#5988 = VECTOR('',#5989,1.);
#5989 = DIRECTION('',(0.29982659674,0.953993716901,-0.));
#5990 = PCURVE('',#5958,#5991);
#5991 = DEFINITIONAL_REPRESENTATION('',(#5992),#5996);
#5992 = LINE('',#5993,#5994);
#5993 = CARTESIAN_POINT('',(0.,-0.6));
#5994 = VECTOR('',#5995,1.);
#5995 = DIRECTION('',(1.,0.));
#5996 = ( GEOMETRIC_REPRESENTATION_CONTEXT(2) 
PARAMETRIC_REPRESENTATION_CONTEXT() REPRESENTATION_CONTEXT('2D SPACE',''
  ) );
#5997 = PCURVE('',#5998,#6003);
#5998 = PLANE('',#5999);
#5999 = AXIS2_PLACEMENT_3D('',#6000,#6001,#6002);
#6000 = CARTESIAN_POINT('',(26.01739881849,1.782505503774,0.6));
#6001 = DIRECTION('',(-0.,-0.,1.));
#6002 = DIRECTION('',(-1.,0.,0.));
#6003 = DEFINITIONAL_REPRESENTATION('',(#6004),#6008);
#6004 = LINE('',#6005,#6006);
#6005 = CARTESIAN_POINT('',(-1.093680292063,-1.135450966259));
#6006 = VECTOR('',#6007,1.);
#6007 = DIRECTION('',(-0.29982659674,-0.953993716901));
#6008 = ( GEOMETRIC_REPRESENTATION_CONTEXT(2) 
PARAMETRIC_REPRESENTATION_CONTEXT() REPRESENTATION_CONTEXT('2D SPACE',''
  ) );
#6009 = ORIENTED_EDGE('',*,*,#6010,.F.);
#6010 = EDGE_CURVE('',#6011,#5983,#6013,.T.);
#6011 = VERTEX_POINT('',#6012);
#6012 = CARTESIAN_POINT('',(28.441436895904,7.150913059785,0.));
#6013 = SURFACE_CURVE('',#6014,(#6018,#6025),.PCURVE_S1.);
#6014 = LINE('',#6015,#6016);
#6015 = CARTESIAN_POINT('',(28.441436895904,7.150913059785,0.));
#6016 = VECTOR('',#6017,1.);
#6017 = DIRECTION('',(0.,-0.,1.));
#6018 = PCURVE('',#5958,#6019);
#6019 = DEFINITIONAL_REPRESENTATION('',(#6020),#6024);
#6020 = LINE('',#6021,#6022);
#6021 = CARTESIAN_POINT('',(4.437090637768,0.));
#6022 = VECTOR('',#6023,1.);
#6023 = DIRECTION('',(0.,-1.));
#6024 = ( GEOMETRIC_REPRESENTATION_CONTEXT(2) 
PARAMETRIC_REPRESENTATION_CONTEXT() REPRESENTATION_CONTEXT('2D SPACE',''
  ) );
#6025 = PCURVE('',#6026,#6031);
#6026 = PLANE('',#6027);
#6027 = AXIS2_PLACEMENT_3D('',#6028,#6029,#6030);
#6028 = CARTESIAN_POINT('',(28.441436895904,7.150913059785,0.));
#6029 = DIRECTION('',(0.,1.,0.));
#6030 = DIRECTION('',(1.,0.,-0.));
#6031 = DEFINITIONAL_REPRESENTATION('',(#6032),#6036);
#6032 = LINE('',#6033,#6034);
#6033 = CARTESIAN_POINT('',(0.,0.));
#6034 = VECTOR('',#6035,1.);
#6035 = DIRECTION('',(0.,-1.));
#6036 = ( GEOMETRIC_REPRESENTATION_CONTEXT(2) 
PARAMETRIC_REPRESENTATION_CONTEXT() REPRESENTATION_CONTEXT('2D SPACE',''
  ) );
#6037 = ORIENTED_EDGE('',*,*,#6038,.F.);
#6038 = EDGE_CURVE('',#5948,#6011,#6039,.T.);
#6039 = SURFACE_CURVE('',#6040,(#6044,#6051),.PCURVE_S1.);
#6040 = LINE('',#6041,#6042);
#6041 = CARTESIAN_POINT('',(27.111079110553,2.917956470033,0.));
#6042 = VECTOR('',#6043,1.);
#6043 = DIRECTION('',(0.29982659674,0.953993716901,-0.));
#6044 = PCURVE('',#5958,#6045);
#6045 = DEFINITIONAL_REPRESENTATION('',(#6046),#6050);
#6046 = LINE('',#6047,#6048);
#6047 = CARTESIAN_POINT('',(0.,0.));
#6048 = VECTOR('',#6049,1.);
#6049 = DIRECTION('',(1.,0.));
#6050 = ( GEOMETRIC_REPRESENTATION_CONTEXT(2) 
PARAMETRIC_REPRESENTATION_CONTEXT() REPRESENTATION_CONTEXT('2D SPACE',''
  ) );
#6051 = PCURVE('',#6052,#6057);
#6052 = PLANE('',#6053);
#6053 = AXIS2_PLACEMENT_3D('',#6054,#6055,#6056);
#6054 = CARTESIAN_POINT('',(26.01739881849,1.782505503774,0.));
#6055 = DIRECTION('',(-0.,-0.,1.));
#6056 = DIRECTION('',(-1.,0.,0.));
#6057 = DEFINITIONAL_REPRESENTATION('',(#6058),#6062);
#6058 = LINE('',#6059,#6060);
#6059 = CARTESIAN_POINT('',(-1.093680292063,-1.135450966259));
#6060 = VECTOR('',#6061,1.);
#6061 = DIRECTION('',(-0.29982659674,-0.953993716901));
#6062 = ( GEOMETRIC_REPRESENTATION_CONTEXT(2) 
PARAMETRIC_REPRESENTATION_CONTEXT() REPRESENTATION_CONTEXT('2D SPACE',''
  ) );
#6063 = ADVANCED_FACE('',(#6064),#6026,.T.);
#6064 = FACE_BOUND('',#6065,.T.);
#6065 = EDGE_LOOP('',(#6066,#6067,#6090,#6118));
#6066 = ORIENTED_EDGE('',*,*,#6010,.T.);
#6067 = ORIENTED_EDGE('',*,*,#6068,.T.);
#6068 = EDGE_CURVE('',#5983,#6069,#6071,.T.);
#6069 = VERTEX_POINT('',#6070);
#6070 = CARTESIAN_POINT('',(30.825714485233,7.150913059785,0.6));
#6071 = SURFACE_CURVE('',#6072,(#6076,#6083),.PCURVE_S1.);
#6072 = LINE('',#6073,#6074);
#6073 = CARTESIAN_POINT('',(28.441436895904,7.150913059785,0.6));
#6074 = VECTOR('',#6075,1.);
#6075 = DIRECTION('',(1.,-0.,-0.));
#6076 = PCURVE('',#6026,#6077);
#6077 = DEFINITIONAL_REPRESENTATION('',(#6078),#6082);
#6078 = LINE('',#6079,#6080);
#6079 = CARTESIAN_POINT('',(0.,-0.6));
#6080 = VECTOR('',#6081,1.);
#6081 = DIRECTION('',(1.,0.));
#6082 = ( GEOMETRIC_REPRESENTATION_CONTEXT(2) 
PARAMETRIC_REPRESENTATION_CONTEXT() REPRESENTATION_CONTEXT('2D SPACE',''
  ) );
#6083 = PCURVE('',#5998,#6084);
#6084 = DEFINITIONAL_REPRESENTATION('',(#6085),#6089);
#6085 = LINE('',#6086,#6087);
#6086 = CARTESIAN_POINT('',(-2.424038077413,-5.368407556011));
#6087 = VECTOR('',#6088,1.);
#6088 = DIRECTION('',(-1.,-0.));
#6089 = ( GEOMETRIC_REPRESENTATION_CONTEXT(2) 
PARAMETRIC_REPRESENTATION_CONTEXT() REPRESENTATION_CONTEXT('2D SPACE',''
  ) );
#6090 = ORIENTED_EDGE('',*,*,#6091,.F.);
#6091 = EDGE_CURVE('',#6092,#6069,#6094,.T.);
#6092 = VERTEX_POINT('',#6093);
#6093 = CARTESIAN_POINT('',(30.825714485233,7.150913059785,0.));
#6094 = SURFACE_CURVE('',#6095,(#6099,#6106),.PCURVE_S1.);
#6095 = LINE('',#6096,#6097);
#6096 = CARTESIAN_POINT('',(30.825714485233,7.150913059785,0.));
#6097 = VECTOR('',#6098,1.);
#6098 = DIRECTION('',(0.,-0.,1.));
#6099 = PCURVE('',#6026,#6100);
#6100 = DEFINITIONAL_REPRESENTATION('',(#6101),#6105);
#6101 = LINE('',#6102,#6103);
#6102 = CARTESIAN_POINT('',(2.38427758933,0.));
#6103 = VECTOR('',#6104,1.);
#6104 = DIRECTION('',(0.,-1.));
#6105 = ( GEOMETRIC_REPRESENTATION_CONTEXT(2) 
PARAMETRIC_REPRESENTATION_CONTEXT() REPRESENTATION_CONTEXT('2D SPACE',''
  ) );
#6106 = PCURVE('',#6107,#6112);
#6107 = PLANE('',#6108);
#6108 = AXIS2_PLACEMENT_3D('',#6109,#6110,#6111);
#6109 = CARTESIAN_POINT('',(30.825714485233,7.150913059785,0.));
#6110 = DIRECTION('',(0.948683298051,-0.316227766017,-0.));
#6111 = DIRECTION('',(-0.316227766017,-0.948683298051,0.));
#6112 = DEFINITIONAL_REPRESENTATION('',(#6113),#6117);
#6113 = LINE('',#6114,#6115);
#6114 = CARTESIAN_POINT('',(0.,0.));
#6115 = VECTOR('',#6116,1.);
#6116 = DIRECTION('',(0.,-1.));
#6117 = ( GEOMETRIC_REPRESENTATION_CONTEXT(2) 
PARAMETRIC_REPRESENTATION_CONTEXT() REPRESENTATION_CONTEXT('2D SPACE',''
  ) );
#6118 = ORIENTED_EDGE('',*,*,#6119,.F.);
#6119 = EDGE_CURVE('',#6011,#6092,#6120,.T.);
#6120 = SURFACE_CURVE('',#6121,(#6125,#6132),.PCURVE_S1.);
#6121 = LINE('',#6122,#6123);
#6122 = CARTESIAN_POINT('',(28.441436895904,7.150913059785,0.));
#6123 = VECTOR('',#6124,1.);
#6124 = DIRECTION('',(1.,-0.,-0.));
#6125 = PCURVE('',#6026,#6126);
#6126 = DEFINITIONAL_REPRESENTATION('',(#6127),#6131);
#6127 = LINE('',#6128,#6129);
#6128 = CARTESIAN_POINT('',(0.,0.));
#6129 = VECTOR('',#6130,1.);
#6130 = DIRECTION('',(1.,0.));
#6131 = ( GEOMETRIC_REPRESENTATION_CONTEXT(2) 
PARAMETRIC_REPRESENTATION_CONTEXT() REPRESENTATION_CONTEXT('2D SPACE',''
  ) );
#6132 = PCURVE('',#6052,#6133);
#6133 = DEFINITIONAL_REPRESENTATION('',(#6134),#6138);
#6134 = LINE('',#6135,#6136);
#6135 = CARTESIAN_POINT('',(-2.424038077413,-5.368407556011));
#6136 = VECTOR('',#6137,1.);
#6137 = DIRECTION('',(-1.,-0.));
#6138 = ( GEOMETRIC_REPRESENTATION_CONTEXT(2) 
PARAMETRIC_REPRESENTATION_CONTEXT() REPRESENTATION_CONTEXT('2D SPACE',''
  ) );
#6139 = ADVANCED_FACE('',(#6140),#6107,.T.);
#6140 = FACE_BOUND('',#6141,.T.);
#6141 = EDGE_LOOP('',(#6142,#6143,#6166,#6198));
#6142 = ORIENTED_EDGE('',*,*,#6091,.T.);
#6143 = ORIENTED_EDGE('',*,*,#6144,.T.);
#6144 = EDGE_CURVE('',#6069,#6145,#6147,.T.);
#6145 = VERTEX_POINT('',#6146);
#6146 = CARTESIAN_POINT('',(27.335684970417,-3.319175484662,0.6));
#6147 = SURFACE_CURVE('',#6148,(#6152,#6159),.PCURVE_S1.);
#6148 = LINE('',#6149,#6150);
#6149 = CARTESIAN_POINT('',(30.825714485233,7.150913059785,0.6));
#6150 = VECTOR('',#6151,1.);
#6151 = DIRECTION('',(-0.316227766017,-0.948683298051,0.));
#6152 = PCURVE('',#6107,#6153);
#6153 = DEFINITIONAL_REPRESENTATION('',(#6154),#6158);
#6154 = LINE('',#6155,#6156);
#6155 = CARTESIAN_POINT('',(0.,-0.6));
#6156 = VECTOR('',#6157,1.);
#6157 = DIRECTION('',(1.,0.));
#6158 = ( GEOMETRIC_REPRESENTATION_CONTEXT(2) 
PARAMETRIC_REPRESENTATION_CONTEXT() REPRESENTATION_CONTEXT('2D SPACE',''
  ) );
#6159 = PCURVE('',#5998,#6160);
#6160 = DEFINITIONAL_REPRESENTATION('',(#6161),#6165);
#6161 = LINE('',#6162,#6163);
#6162 = CARTESIAN_POINT('',(-4.808315666743,-5.368407556011));
#6163 = VECTOR('',#6164,1.);
#6164 = DIRECTION('',(0.316227766017,0.948683298051));
#6165 = ( GEOMETRIC_REPRESENTATION_CONTEXT(2) 
PARAMETRIC_REPRESENTATION_CONTEXT() REPRESENTATION_CONTEXT('2D SPACE',''
  ) );
#6166 = ORIENTED_EDGE('',*,*,#6167,.F.);
#6167 = EDGE_CURVE('',#6168,#6145,#6170,.T.);
#6168 = VERTEX_POINT('',#6169);
#6169 = CARTESIAN_POINT('',(27.335684970417,-3.319175484662,0.));
#6170 = SURFACE_CURVE('',#6171,(#6175,#6182),.PCURVE_S1.);
#6171 = LINE('',#6172,#6173);
#6172 = CARTESIAN_POINT('',(27.335684970417,-3.319175484662,0.));
#6173 = VECTOR('',#6174,1.);
#6174 = DIRECTION('',(0.,-0.,1.));
#6175 = PCURVE('',#6107,#6176);
#6176 = DEFINITIONAL_REPRESENTATION('',(#6177),#6181);
#6177 = LINE('',#6178,#6179);
#6178 = CARTESIAN_POINT('',(11.03644236803,0.));
#6179 = VECTOR('',#6180,1.);
#6180 = DIRECTION('',(0.,-1.));
#6181 = ( GEOMETRIC_REPRESENTATION_CONTEXT(2) 
PARAMETRIC_REPRESENTATION_CONTEXT() REPRESENTATION_CONTEXT('2D SPACE',''
  ) );
#6182 = PCURVE('',#6183,#6192);
#6183 = SURFACE_OF_LINEAR_EXTRUSION('',#6184,#6190);
#6184 = B_SPLINE_CURVE_WITH_KNOTS('',2,(#6185,#6186,#6187,#6188,#6189),
  .UNSPECIFIED.,.F.,.F.,(3,1,1,3),(0.,1.,2.,3.),.UNSPECIFIED.);
#6185 = CARTESIAN_POINT('',(27.335684970417,-3.319175484662,0.));
#6186 = CARTESIAN_POINT('',(27.111079110553,-4.010270438091,0.));
#6187 = CARTESIAN_POINT('',(26.402706783288,-4.925971251385,0.));
#6188 = CARTESIAN_POINT('',(25.331509605474,-5.375182971113,0.));
#6189 = CARTESIAN_POINT('',(24.554027782866,-5.375182971113,0.));
#6190 = VECTOR('',#6191,1.);
#6191 = DIRECTION('',(-0.,0.,-1.));
#6192 = DEFINITIONAL_REPRESENTATION('',(#6193),#6197);
#6193 = LINE('',#6194,#6195);
#6194 = CARTESIAN_POINT('',(0.,0.));
#6195 = VECTOR('',#6196,1.);
#6196 = DIRECTION('',(0.,-1.));
#6197 = ( GEOMETRIC_REPRESENTATION_CONTEXT(2) 
PARAMETRIC_REPRESENTATION_CONTEXT() REPRESENTATION_CONTEXT('2D SPACE',''
  ) );
#6198 = ORIENTED_EDGE('',*,*,#6199,.F.);
#6199 = EDGE_CURVE('',#6092,#6168,#6200,.T.);
#6200 = SURFACE_CURVE('',#6201,(#6205,#6212),.PCURVE_S1.);
#6201 = LINE('',#6202,#6203);
#6202 = CARTESIAN_POINT('',(30.825714485233,7.150913059785,0.));
#6203 = VECTOR('',#6204,1.);
#6204 = DIRECTION('',(-0.316227766017,-0.948683298051,0.));
#6205 = PCURVE('',#6107,#6206);
#6206 = DEFINITIONAL_REPRESENTATION('',(#6207),#6211);
#6207 = LINE('',#6208,#6209);
#6208 = CARTESIAN_POINT('',(0.,0.));
#6209 = VECTOR('',#6210,1.);
#6210 = DIRECTION('',(1.,0.));
#6211 = ( GEOMETRIC_REPRESENTATION_CONTEXT(2) 
PARAMETRIC_REPRESENTATION_CONTEXT() REPRESENTATION_CONTEXT('2D SPACE',''
  ) );
#6212 = PCURVE('',#6052,#6213);
#6213 = DEFINITIONAL_REPRESENTATION('',(#6214),#6218);
#6214 = LINE('',#6215,#6216);
#6215 = CARTESIAN_POINT('',(-4.808315666743,-5.368407556011));
#6216 = VECTOR('',#6217,1.);
#6217 = DIRECTION('',(0.316227766017,0.948683298051));
#6218 = ( GEOMETRIC_REPRESENTATION_CONTEXT(2) 
PARAMETRIC_REPRESENTATION_CONTEXT() REPRESENTATION_CONTEXT('2D SPACE',''
  ) );
#6219 = ADVANCED_FACE('',(#6220),#6183,.T.);
#6220 = FACE_BOUND('',#6221,.T.);
#6221 = EDGE_LOOP('',(#6222,#6223,#6250,#6278));
#6222 = ORIENTED_EDGE('',*,*,#6167,.T.);
#6223 = ORIENTED_EDGE('',*,*,#6224,.T.);
#6224 = EDGE_CURVE('',#6145,#6225,#6227,.T.);
#6225 = VERTEX_POINT('',#6226);
#6226 = CARTESIAN_POINT('',(24.554027782866,-5.375182971113,0.6));
#6227 = SURFACE_CURVE('',#6228,(#6234,#6241),.PCURVE_S1.);
#6228 = B_SPLINE_CURVE_WITH_KNOTS('',2,(#6229,#6230,#6231,#6232,#6233),
  .UNSPECIFIED.,.F.,.F.,(3,1,1,3),(0.,1.,2.,3.),.UNSPECIFIED.);
#6229 = CARTESIAN_POINT('',(27.335684970417,-3.319175484662,0.6));
#6230 = CARTESIAN_POINT('',(27.111079110553,-4.010270438091,0.6));
#6231 = CARTESIAN_POINT('',(26.402706783288,-4.925971251385,0.6));
#6232 = CARTESIAN_POINT('',(25.331509605474,-5.375182971113,0.6));
#6233 = CARTESIAN_POINT('',(24.554027782866,-5.375182971113,0.6));
#6234 = PCURVE('',#6183,#6235);
#6235 = DEFINITIONAL_REPRESENTATION('',(#6236),#6240);
#6236 = LINE('',#6237,#6238);
#6237 = CARTESIAN_POINT('',(0.,-0.6));
#6238 = VECTOR('',#6239,1.);
#6239 = DIRECTION('',(1.,0.));
#6240 = ( GEOMETRIC_REPRESENTATION_CONTEXT(2) 
PARAMETRIC_REPRESENTATION_CONTEXT() REPRESENTATION_CONTEXT('2D SPACE',''
  ) );
#6241 = PCURVE('',#5998,#6242);
#6242 = DEFINITIONAL_REPRESENTATION('',(#6243),#6249);
#6243 = B_SPLINE_CURVE_WITH_KNOTS('',2,(#6244,#6245,#6246,#6247,#6248),
  .UNSPECIFIED.,.F.,.F.,(3,1,1,3),(0.,1.,2.,3.),.UNSPECIFIED.);
#6244 = CARTESIAN_POINT('',(-1.318286151927,5.101680988436));
#6245 = CARTESIAN_POINT('',(-1.093680292063,5.792775941865));
#6246 = CARTESIAN_POINT('',(-0.385307964798,6.708476755158));
#6247 = CARTESIAN_POINT('',(0.685889213017,7.157688474887));
#6248 = CARTESIAN_POINT('',(1.463371035624,7.157688474887));
#6249 = ( GEOMETRIC_REPRESENTATION_CONTEXT(2) 
PARAMETRIC_REPRESENTATION_CONTEXT() REPRESENTATION_CONTEXT('2D SPACE',''
  ) );
#6250 = ORIENTED_EDGE('',*,*,#6251,.F.);
#6251 = EDGE_CURVE('',#6252,#6225,#6254,.T.);
#6252 = VERTEX_POINT('',#6253);
#6253 = CARTESIAN_POINT('',(24.554027782866,-5.375182971113,0.));
#6254 = SURFACE_CURVE('',#6255,(#6259,#6266),.PCURVE_S1.);
#6255 = LINE('',#6256,#6257);
#6256 = CARTESIAN_POINT('',(24.554027782866,-5.375182971113,0.));
#6257 = VECTOR('',#6258,1.);
#6258 = DIRECTION('',(0.,-0.,1.));
#6259 = PCURVE('',#6183,#6260);
#6260 = DEFINITIONAL_REPRESENTATION('',(#6261),#6265);
#6261 = LINE('',#6262,#6263);
#6262 = CARTESIAN_POINT('',(3.,0.));
#6263 = VECTOR('',#6264,1.);
#6264 = DIRECTION('',(0.,-1.));
#6265 = ( GEOMETRIC_REPRESENTATION_CONTEXT(2) 
PARAMETRIC_REPRESENTATION_CONTEXT() REPRESENTATION_CONTEXT('2D SPACE',''
  ) );
#6266 = PCURVE('',#6267,#6272);
#6267 = PLANE('',#6268);
#6268 = AXIS2_PLACEMENT_3D('',#6269,#6270,#6271);
#6269 = CARTESIAN_POINT('',(24.554027782866,-5.375182971113,0.));
#6270 = DIRECTION('',(0.,-1.,-0.));
#6271 = DIRECTION('',(-1.,-0.,0.));
#6272 = DEFINITIONAL_REPRESENTATION('',(#6273),#6277);
#6273 = LINE('',#6274,#6275);
#6274 = CARTESIAN_POINT('',(0.,0.));
#6275 = VECTOR('',#6276,1.);
#6276 = DIRECTION('',(0.,-1.));
#6277 = ( GEOMETRIC_REPRESENTATION_CONTEXT(2) 
PARAMETRIC_REPRESENTATION_CONTEXT() REPRESENTATION_CONTEXT('2D SPACE',''
  ) );
#6278 = ORIENTED_EDGE('',*,*,#6279,.F.);
#6279 = EDGE_CURVE('',#6168,#6252,#6280,.T.);
#6280 = SURFACE_CURVE('',#6281,(#6287,#6294),.PCURVE_S1.);
#6281 = B_SPLINE_CURVE_WITH_KNOTS('',2,(#6282,#6283,#6284,#6285,#6286),
  .UNSPECIFIED.,.F.,.F.,(3,1,1,3),(0.,1.,2.,3.),.UNSPECIFIED.);
#6282 = CARTESIAN_POINT('',(27.335684970417,-3.319175484662,0.));
#6283 = CARTESIAN_POINT('',(27.111079110553,-4.010270438091,0.));
#6284 = CARTESIAN_POINT('',(26.402706783288,-4.925971251385,0.));
#6285 = CARTESIAN_POINT('',(25.331509605474,-5.375182971113,0.));
#6286 = CARTESIAN_POINT('',(24.554027782866,-5.375182971113,0.));
#6287 = PCURVE('',#6183,#6288);
#6288 = DEFINITIONAL_REPRESENTATION('',(#6289),#6293);
#6289 = LINE('',#6290,#6291);
#6290 = CARTESIAN_POINT('',(0.,0.));
#6291 = VECTOR('',#6292,1.);
#6292 = DIRECTION('',(1.,0.));
#6293 = ( GEOMETRIC_REPRESENTATION_CONTEXT(2) 
PARAMETRIC_REPRESENTATION_CONTEXT() REPRESENTATION_CONTEXT('2D SPACE',''
  ) );
#6294 = PCURVE('',#6052,#6295);
#6295 = DEFINITIONAL_REPRESENTATION('',(#6296),#6302);
#6296 = B_SPLINE_CURVE_WITH_KNOTS('',2,(#6297,#6298,#6299,#6300,#6301),
  .UNSPECIFIED.,.F.,.F.,(3,1,1,3),(0.,1.,2.,3.),.UNSPECIFIED.);
#6297 = CARTESIAN_POINT('',(-1.318286151927,5.101680988436));
#6298 = CARTESIAN_POINT('',(-1.093680292063,5.792775941865));
#6299 = CARTESIAN_POINT('',(-0.385307964798,6.708476755158));
#6300 = CARTESIAN_POINT('',(0.685889213017,7.157688474887));
#6301 = CARTESIAN_POINT('',(1.463371035624,7.157688474887));
#6302 = ( GEOMETRIC_REPRESENTATION_CONTEXT(2) 
PARAMETRIC_REPRESENTATION_CONTEXT() REPRESENTATION_CONTEXT('2D SPACE',''
  ) );
#6303 = ADVANCED_FACE('',(#6304),#6267,.T.);
#6304 = FACE_BOUND('',#6305,.T.);
#6305 = EDGE_LOOP('',(#6306,#6307,#6330,#6358));
#6306 = ORIENTED_EDGE('',*,*,#6251,.T.);
#6307 = ORIENTED_EDGE('',*,*,#6308,.T.);
#6308 = EDGE_CURVE('',#6225,#6309,#6311,.T.);
#6309 = VERTEX_POINT('',#6310);
#6310 = CARTESIAN_POINT('',(22.96450938998,-5.375182971113,0.6));
#6311 = SURFACE_CURVE('',#6312,(#6316,#6323),.PCURVE_S1.);
#6312 = LINE('',#6313,#6314);
#6313 = CARTESIAN_POINT('',(24.554027782866,-5.375182971113,0.6));
#6314 = VECTOR('',#6315,1.);
#6315 = DIRECTION('',(-1.,-0.,0.));
#6316 = PCURVE('',#6267,#6317);
#6317 = DEFINITIONAL_REPRESENTATION('',(#6318),#6322);
#6318 = LINE('',#6319,#6320);
#6319 = CARTESIAN_POINT('',(0.,-0.6));
#6320 = VECTOR('',#6321,1.);
#6321 = DIRECTION('',(1.,0.));
#6322 = ( GEOMETRIC_REPRESENTATION_CONTEXT(2) 
PARAMETRIC_REPRESENTATION_CONTEXT() REPRESENTATION_CONTEXT('2D SPACE',''
  ) );
#6323 = PCURVE('',#5998,#6324);
#6324 = DEFINITIONAL_REPRESENTATION('',(#6325),#6329);
#6325 = LINE('',#6326,#6327);
#6326 = CARTESIAN_POINT('',(1.463371035624,7.157688474887));
#6327 = VECTOR('',#6328,1.);
#6328 = DIRECTION('',(1.,-0.));
#6329 = ( GEOMETRIC_REPRESENTATION_CONTEXT(2) 
PARAMETRIC_REPRESENTATION_CONTEXT() REPRESENTATION_CONTEXT('2D SPACE',''
  ) );
#6330 = ORIENTED_EDGE('',*,*,#6331,.F.);
#6331 = EDGE_CURVE('',#6332,#6309,#6334,.T.);
#6332 = VERTEX_POINT('',#6333);
#6333 = CARTESIAN_POINT('',(22.96450938998,-5.375182971113,0.));
#6334 = SURFACE_CURVE('',#6335,(#6339,#6346),.PCURVE_S1.);
#6335 = LINE('',#6336,#6337);
#6336 = CARTESIAN_POINT('',(22.96450938998,-5.375182971113,0.));
#6337 = VECTOR('',#6338,1.);
#6338 = DIRECTION('',(0.,-0.,1.));
#6339 = PCURVE('',#6267,#6340);
#6340 = DEFINITIONAL_REPRESENTATION('',(#6341),#6345);
#6341 = LINE('',#6342,#6343);
#6342 = CARTESIAN_POINT('',(1.589518392886,0.));
#6343 = VECTOR('',#6344,1.);
#6344 = DIRECTION('',(0.,-1.));
#6345 = ( GEOMETRIC_REPRESENTATION_CONTEXT(2) 
PARAMETRIC_REPRESENTATION_CONTEXT() REPRESENTATION_CONTEXT('2D SPACE',''
  ) );
#6346 = PCURVE('',#6347,#6352);
#6347 = PLANE('',#6348);
#6348 = AXIS2_PLACEMENT_3D('',#6349,#6350,#6351);
#6349 = CARTESIAN_POINT('',(22.96450938998,-5.375182971113,0.));
#6350 = DIRECTION('',(-1.,0.,0.));
#6351 = DIRECTION('',(0.,1.,-0.));
#6352 = DEFINITIONAL_REPRESENTATION('',(#6353),#6357);
#6353 = LINE('',#6354,#6355);
#6354 = CARTESIAN_POINT('',(0.,0.));
#6355 = VECTOR('',#6356,1.);
#6356 = DIRECTION('',(0.,-1.));
#6357 = ( GEOMETRIC_REPRESENTATION_CONTEXT(2) 
PARAMETRIC_REPRESENTATION_CONTEXT() REPRESENTATION_CONTEXT('2D SPACE',''
  ) );
#6358 = ORIENTED_EDGE('',*,*,#6359,.F.);
#6359 = EDGE_CURVE('',#6252,#6332,#6360,.T.);
#6360 = SURFACE_CURVE('',#6361,(#6365,#6372),.PCURVE_S1.);
#6361 = LINE('',#6362,#6363);
#6362 = CARTESIAN_POINT('',(24.554027782866,-5.375182971113,0.));
#6363 = VECTOR('',#6364,1.);
#6364 = DIRECTION('',(-1.,-0.,0.));
#6365 = PCURVE('',#6267,#6366);
#6366 = DEFINITIONAL_REPRESENTATION('',(#6367),#6371);
#6367 = LINE('',#6368,#6369);
#6368 = CARTESIAN_POINT('',(0.,0.));
#6369 = VECTOR('',#6370,1.);
#6370 = DIRECTION('',(1.,0.));
#6371 = ( GEOMETRIC_REPRESENTATION_CONTEXT(2) 
PARAMETRIC_REPRESENTATION_CONTEXT() REPRESENTATION_CONTEXT('2D SPACE',''
  ) );
#6372 = PCURVE('',#6052,#6373);
#6373 = DEFINITIONAL_REPRESENTATION('',(#6374),#6378);
#6374 = LINE('',#6375,#6376);
#6375 = CARTESIAN_POINT('',(1.463371035624,7.157688474887));
#6376 = VECTOR('',#6377,1.);
#6377 = DIRECTION('',(1.,-0.));
#6378 = ( GEOMETRIC_REPRESENTATION_CONTEXT(2) 
PARAMETRIC_REPRESENTATION_CONTEXT() REPRESENTATION_CONTEXT('2D SPACE',''
  ) );
#6379 = ADVANCED_FACE('',(#6380),#6347,.T.);
#6380 = FACE_BOUND('',#6381,.T.);
#6381 = EDGE_LOOP('',(#6382,#6383,#6406,#6434));
#6382 = ORIENTED_EDGE('',*,*,#6331,.T.);
#6383 = ORIENTED_EDGE('',*,*,#6384,.T.);
#6384 = EDGE_CURVE('',#6309,#6385,#6387,.T.);
#6385 = VERTEX_POINT('',#6386);
#6386 = CARTESIAN_POINT('',(22.96450938998,-3.388284980005,0.6));
#6387 = SURFACE_CURVE('',#6388,(#6392,#6399),.PCURVE_S1.);
#6388 = LINE('',#6389,#6390);
#6389 = CARTESIAN_POINT('',(22.96450938998,-5.375182971113,0.6));
#6390 = VECTOR('',#6391,1.);
#6391 = DIRECTION('',(-0.,1.,-0.));
#6392 = PCURVE('',#6347,#6393);
#6393 = DEFINITIONAL_REPRESENTATION('',(#6394),#6398);
#6394 = LINE('',#6395,#6396);
#6395 = CARTESIAN_POINT('',(0.,-0.6));
#6396 = VECTOR('',#6397,1.);
#6397 = DIRECTION('',(1.,0.));
#6398 = ( GEOMETRIC_REPRESENTATION_CONTEXT(2) 
PARAMETRIC_REPRESENTATION_CONTEXT() REPRESENTATION_CONTEXT('2D SPACE',''
  ) );
#6399 = PCURVE('',#5998,#6400);
#6400 = DEFINITIONAL_REPRESENTATION('',(#6401),#6405);
#6401 = LINE('',#6402,#6403);
#6402 = CARTESIAN_POINT('',(3.05288942851,7.157688474887));
#6403 = VECTOR('',#6404,1.);
#6404 = DIRECTION('',(-0.,-1.));
#6405 = ( GEOMETRIC_REPRESENTATION_CONTEXT(2) 
PARAMETRIC_REPRESENTATION_CONTEXT() REPRESENTATION_CONTEXT('2D SPACE',''
  ) );
#6406 = ORIENTED_EDGE('',*,*,#6407,.F.);
#6407 = EDGE_CURVE('',#6408,#6385,#6410,.T.);
#6408 = VERTEX_POINT('',#6409);
#6409 = CARTESIAN_POINT('',(22.96450938998,-3.388284980005,0.));
#6410 = SURFACE_CURVE('',#6411,(#6415,#6422),.PCURVE_S1.);
#6411 = LINE('',#6412,#6413);
#6412 = CARTESIAN_POINT('',(22.96450938998,-3.388284980005,0.));
#6413 = VECTOR('',#6414,1.);
#6414 = DIRECTION('',(0.,-0.,1.));
#6415 = PCURVE('',#6347,#6416);
#6416 = DEFINITIONAL_REPRESENTATION('',(#6417),#6421);
#6417 = LINE('',#6418,#6419);
#6418 = CARTESIAN_POINT('',(1.986897991108,0.));
#6419 = VECTOR('',#6420,1.);
#6420 = DIRECTION('',(0.,-1.));
#6421 = ( GEOMETRIC_REPRESENTATION_CONTEXT(2) 
PARAMETRIC_REPRESENTATION_CONTEXT() REPRESENTATION_CONTEXT('2D SPACE',''
  ) );
#6422 = PCURVE('',#6423,#6428);
#6423 = PLANE('',#6424);
#6424 = AXIS2_PLACEMENT_3D('',#6425,#6426,#6427);
#6425 = CARTESIAN_POINT('',(22.96450938998,-3.388284980005,0.));
#6426 = DIRECTION('',(0.,1.,0.));
#6427 = DIRECTION('',(1.,0.,-0.));
#6428 = DEFINITIONAL_REPRESENTATION('',(#6429),#6433);
#6429 = LINE('',#6430,#6431);
#6430 = CARTESIAN_POINT('',(0.,0.));
#6431 = VECTOR('',#6432,1.);
#6432 = DIRECTION('',(0.,-1.));
#6433 = ( GEOMETRIC_REPRESENTATION_CONTEXT(2) 
PARAMETRIC_REPRESENTATION_CONTEXT() REPRESENTATION_CONTEXT('2D SPACE',''
  ) );
#6434 = ORIENTED_EDGE('',*,*,#6435,.F.);
#6435 = EDGE_CURVE('',#6332,#6408,#6436,.T.);
#6436 = SURFACE_CURVE('',#6437,(#6441,#6448),.PCURVE_S1.);
#6437 = LINE('',#6438,#6439);
#6438 = CARTESIAN_POINT('',(22.96450938998,-5.375182971113,0.));
#6439 = VECTOR('',#6440,1.);
#6440 = DIRECTION('',(-0.,1.,-0.));
#6441 = PCURVE('',#6347,#6442);
#6442 = DEFINITIONAL_REPRESENTATION('',(#6443),#6447);
#6443 = LINE('',#6444,#6445);
#6444 = CARTESIAN_POINT('',(0.,0.));
#6445 = VECTOR('',#6446,1.);
#6446 = DIRECTION('',(1.,0.));
#6447 = ( GEOMETRIC_REPRESENTATION_CONTEXT(2) 
PARAMETRIC_REPRESENTATION_CONTEXT() REPRESENTATION_CONTEXT('2D SPACE',''
  ) );
#6448 = PCURVE('',#6052,#6449);
#6449 = DEFINITIONAL_REPRESENTATION('',(#6450),#6454);
#6450 = LINE('',#6451,#6452);
#6451 = CARTESIAN_POINT('',(3.05288942851,7.157688474887));
#6452 = VECTOR('',#6453,1.);
#6453 = DIRECTION('',(-0.,-1.));
#6454 = ( GEOMETRIC_REPRESENTATION_CONTEXT(2) 
PARAMETRIC_REPRESENTATION_CONTEXT() REPRESENTATION_CONTEXT('2D SPACE',''
  ) );
#6455 = ADVANCED_FACE('',(#6456),#6423,.T.);
#6456 = FACE_BOUND('',#6457,.T.);
#6457 = EDGE_LOOP('',(#6458,#6459,#6482,#6510));
#6458 = ORIENTED_EDGE('',*,*,#6407,.T.);
#6459 = ORIENTED_EDGE('',*,*,#6460,.T.);
#6460 = EDGE_CURVE('',#6385,#6461,#6463,.T.);
#6461 = VERTEX_POINT('',#6462);
#6462 = CARTESIAN_POINT('',(24.674969399716,-3.388284980005,0.6));
#6463 = SURFACE_CURVE('',#6464,(#6468,#6475),.PCURVE_S1.);
#6464 = LINE('',#6465,#6466);
#6465 = CARTESIAN_POINT('',(22.96450938998,-3.388284980005,0.6));
#6466 = VECTOR('',#6467,1.);
#6467 = DIRECTION('',(1.,-0.,-0.));
#6468 = PCURVE('',#6423,#6469);
#6469 = DEFINITIONAL_REPRESENTATION('',(#6470),#6474);
#6470 = LINE('',#6471,#6472);
#6471 = CARTESIAN_POINT('',(0.,-0.6));
#6472 = VECTOR('',#6473,1.);
#6473 = DIRECTION('',(1.,0.));
#6474 = ( GEOMETRIC_REPRESENTATION_CONTEXT(2) 
PARAMETRIC_REPRESENTATION_CONTEXT() REPRESENTATION_CONTEXT('2D SPACE',''
  ) );
#6475 = PCURVE('',#5998,#6476);
#6476 = DEFINITIONAL_REPRESENTATION('',(#6477),#6481);
#6477 = LINE('',#6478,#6479);
#6478 = CARTESIAN_POINT('',(3.05288942851,5.170790483779));
#6479 = VECTOR('',#6480,1.);
#6480 = DIRECTION('',(-1.,-0.));
#6481 = ( GEOMETRIC_REPRESENTATION_CONTEXT(2) 
PARAMETRIC_REPRESENTATION_CONTEXT() REPRESENTATION_CONTEXT('2D SPACE',''
  ) );
#6482 = ORIENTED_EDGE('',*,*,#6483,.F.);
#6483 = EDGE_CURVE('',#6484,#6461,#6486,.T.);
#6484 = VERTEX_POINT('',#6485);
#6485 = CARTESIAN_POINT('',(24.674969399716,-3.388284980005,0.));
#6486 = SURFACE_CURVE('',#6487,(#6491,#6498),.PCURVE_S1.);
#6487 = LINE('',#6488,#6489);
#6488 = CARTESIAN_POINT('',(24.674969399716,-3.388284980005,0.));
#6489 = VECTOR('',#6490,1.);
#6490 = DIRECTION('',(0.,-0.,1.));
#6491 = PCURVE('',#6423,#6492);
#6492 = DEFINITIONAL_REPRESENTATION('',(#6493),#6497);
#6493 = LINE('',#6494,#6495);
#6494 = CARTESIAN_POINT('',(1.710460009736,0.));
#6495 = VECTOR('',#6496,1.);
#6496 = DIRECTION('',(0.,-1.));
#6497 = ( GEOMETRIC_REPRESENTATION_CONTEXT(2) 
PARAMETRIC_REPRESENTATION_CONTEXT() REPRESENTATION_CONTEXT('2D SPACE',''
  ) );
#6498 = PCURVE('',#6499,#6504);
#6499 = PLANE('',#6500);
#6500 = AXIS2_PLACEMENT_3D('',#6501,#6502,#6503);
#6501 = CARTESIAN_POINT('',(24.674969399716,-3.388284980005,0.));
#6502 = DIRECTION('',(-0.955064136811,0.296399214872,0.));
#6503 = DIRECTION('',(0.296399214872,0.955064136811,-0.));
#6504 = DEFINITIONAL_REPRESENTATION('',(#6505),#6509);
#6505 = LINE('',#6506,#6507);
#6506 = CARTESIAN_POINT('',(0.,0.));
#6507 = VECTOR('',#6508,1.);
#6508 = DIRECTION('',(0.,-1.));
#6509 = ( GEOMETRIC_REPRESENTATION_CONTEXT(2) 
PARAMETRIC_REPRESENTATION_CONTEXT() REPRESENTATION_CONTEXT('2D SPACE',''
  ) );
#6510 = ORIENTED_EDGE('',*,*,#6511,.F.);
#6511 = EDGE_CURVE('',#6408,#6484,#6512,.T.);
#6512 = SURFACE_CURVE('',#6513,(#6517,#6524),.PCURVE_S1.);
#6513 = LINE('',#6514,#6515);
#6514 = CARTESIAN_POINT('',(22.96450938998,-3.388284980005,0.));
#6515 = VECTOR('',#6516,1.);
#6516 = DIRECTION('',(1.,-0.,-0.));
#6517 = PCURVE('',#6423,#6518);
#6518 = DEFINITIONAL_REPRESENTATION('',(#6519),#6523);
#6519 = LINE('',#6520,#6521);
#6520 = CARTESIAN_POINT('',(0.,0.));
#6521 = VECTOR('',#6522,1.);
#6522 = DIRECTION('',(1.,0.));
#6523 = ( GEOMETRIC_REPRESENTATION_CONTEXT(2) 
PARAMETRIC_REPRESENTATION_CONTEXT() REPRESENTATION_CONTEXT('2D SPACE',''
  ) );
#6524 = PCURVE('',#6052,#6525);
#6525 = DEFINITIONAL_REPRESENTATION('',(#6526),#6530);
#6526 = LINE('',#6527,#6528);
#6527 = CARTESIAN_POINT('',(3.05288942851,5.170790483779));
#6528 = VECTOR('',#6529,1.);
#6529 = DIRECTION('',(-1.,-0.));
#6530 = ( GEOMETRIC_REPRESENTATION_CONTEXT(2) 
PARAMETRIC_REPRESENTATION_CONTEXT() REPRESENTATION_CONTEXT('2D SPACE',''
  ) );
#6531 = ADVANCED_FACE('',(#6532),#6499,.T.);
#6532 = FACE_BOUND('',#6533,.T.);
#6533 = EDGE_LOOP('',(#6534,#6535,#6558,#6586));
#6534 = ORIENTED_EDGE('',*,*,#6483,.T.);
#6535 = ORIENTED_EDGE('',*,*,#6536,.T.);
#6536 = EDGE_CURVE('',#6461,#6537,#6539,.T.);
#6537 = VERTEX_POINT('',#6538);
#6538 = CARTESIAN_POINT('',(24.985962128759,-2.386197297534,0.6));
#6539 = SURFACE_CURVE('',#6540,(#6544,#6551),.PCURVE_S1.);
#6540 = LINE('',#6541,#6542);
#6541 = CARTESIAN_POINT('',(24.674969399716,-3.388284980005,0.6));
#6542 = VECTOR('',#6543,1.);
#6543 = DIRECTION('',(0.296399214872,0.955064136811,-0.));
#6544 = PCURVE('',#6499,#6545);
#6545 = DEFINITIONAL_REPRESENTATION('',(#6546),#6550);
#6546 = LINE('',#6547,#6548);
#6547 = CARTESIAN_POINT('',(0.,-0.6));
#6548 = VECTOR('',#6549,1.);
#6549 = DIRECTION('',(1.,0.));
#6550 = ( GEOMETRIC_REPRESENTATION_CONTEXT(2) 
PARAMETRIC_REPRESENTATION_CONTEXT() REPRESENTATION_CONTEXT('2D SPACE',''
  ) );
#6551 = PCURVE('',#5998,#6552);
#6552 = DEFINITIONAL_REPRESENTATION('',(#6553),#6557);
#6553 = LINE('',#6554,#6555);
#6554 = CARTESIAN_POINT('',(1.342429418774,5.170790483779));
#6555 = VECTOR('',#6556,1.);
#6556 = DIRECTION('',(-0.296399214872,-0.955064136811));
#6557 = ( GEOMETRIC_REPRESENTATION_CONTEXT(2) 
PARAMETRIC_REPRESENTATION_CONTEXT() REPRESENTATION_CONTEXT('2D SPACE',''
  ) );
#6558 = ORIENTED_EDGE('',*,*,#6559,.F.);
#6559 = EDGE_CURVE('',#6560,#6537,#6562,.T.);
#6560 = VERTEX_POINT('',#6561);
#6561 = CARTESIAN_POINT('',(24.985962128759,-2.386197297534,0.));
#6562 = SURFACE_CURVE('',#6563,(#6567,#6574),.PCURVE_S1.);
#6563 = LINE('',#6564,#6565);
#6564 = CARTESIAN_POINT('',(24.985962128759,-2.386197297534,0.));
#6565 = VECTOR('',#6566,1.);
#6566 = DIRECTION('',(0.,-0.,1.));
#6567 = PCURVE('',#6499,#6568);
#6568 = DEFINITIONAL_REPRESENTATION('',(#6569),#6573);
#6569 = LINE('',#6570,#6571);
#6570 = CARTESIAN_POINT('',(1.049236008189,0.));
#6571 = VECTOR('',#6572,1.);
#6572 = DIRECTION('',(0.,-1.));
#6573 = ( GEOMETRIC_REPRESENTATION_CONTEXT(2) 
PARAMETRIC_REPRESENTATION_CONTEXT() REPRESENTATION_CONTEXT('2D SPACE',''
  ) );
#6574 = PCURVE('',#6575,#6580);
#6575 = PLANE('',#6576);
#6576 = AXIS2_PLACEMENT_3D('',#6577,#6578,#6579);
#6577 = CARTESIAN_POINT('',(24.985962128759,-2.386197297534,0.));
#6578 = DIRECTION('',(-0.948683298051,-0.316227766017,0.));
#6579 = DIRECTION('',(-0.316227766017,0.948683298051,0.));
#6580 = DEFINITIONAL_REPRESENTATION('',(#6581),#6585);
#6581 = LINE('',#6582,#6583);
#6582 = CARTESIAN_POINT('',(0.,0.));
#6583 = VECTOR('',#6584,1.);
#6584 = DIRECTION('',(0.,-1.));
#6585 = ( GEOMETRIC_REPRESENTATION_CONTEXT(2) 
PARAMETRIC_REPRESENTATION_CONTEXT() REPRESENTATION_CONTEXT('2D SPACE',''
  ) );
#6586 = ORIENTED_EDGE('',*,*,#6587,.F.);
#6587 = EDGE_CURVE('',#6484,#6560,#6588,.T.);
#6588 = SURFACE_CURVE('',#6589,(#6593,#6600),.PCURVE_S1.);
#6589 = LINE('',#6590,#6591);
#6590 = CARTESIAN_POINT('',(24.674969399716,-3.388284980005,0.));
#6591 = VECTOR('',#6592,1.);
#6592 = DIRECTION('',(0.296399214872,0.955064136811,-0.));
#6593 = PCURVE('',#6499,#6594);
#6594 = DEFINITIONAL_REPRESENTATION('',(#6595),#6599);
#6595 = LINE('',#6596,#6597);
#6596 = CARTESIAN_POINT('',(0.,0.));
#6597 = VECTOR('',#6598,1.);
#6598 = DIRECTION('',(1.,0.));
#6599 = ( GEOMETRIC_REPRESENTATION_CONTEXT(2) 
PARAMETRIC_REPRESENTATION_CONTEXT() REPRESENTATION_CONTEXT('2D SPACE',''
  ) );
#6600 = PCURVE('',#6052,#6601);
#6601 = DEFINITIONAL_REPRESENTATION('',(#6602),#6606);
#6602 = LINE('',#6603,#6604);
#6603 = CARTESIAN_POINT('',(1.342429418774,5.170790483779));
#6604 = VECTOR('',#6605,1.);
#6605 = DIRECTION('',(-0.296399214872,-0.955064136811));
#6606 = ( GEOMETRIC_REPRESENTATION_CONTEXT(2) 
PARAMETRIC_REPRESENTATION_CONTEXT() REPRESENTATION_CONTEXT('2D SPACE',''
  ) );
#6607 = ADVANCED_FACE('',(#6608),#6575,.T.);
#6608 = FACE_BOUND('',#6609,.T.);
#6609 = EDGE_LOOP('',(#6610,#6611,#6634,#6662));
#6610 = ORIENTED_EDGE('',*,*,#6559,.T.);
#6611 = ORIENTED_EDGE('',*,*,#6612,.T.);
#6612 = EDGE_CURVE('',#6537,#6613,#6615,.T.);
#6613 = VERTEX_POINT('',#6614);
#6614 = CARTESIAN_POINT('',(21.806925342986,7.150913059785,0.6));
#6615 = SURFACE_CURVE('',#6616,(#6620,#6627),.PCURVE_S1.);
#6616 = LINE('',#6617,#6618);
#6617 = CARTESIAN_POINT('',(24.985962128759,-2.386197297534,0.6));
#6618 = VECTOR('',#6619,1.);
#6619 = DIRECTION('',(-0.316227766017,0.948683298051,-0.));
#6620 = PCURVE('',#6575,#6621);
#6621 = DEFINITIONAL_REPRESENTATION('',(#6622),#6626);
#6622 = LINE('',#6623,#6624);
#6623 = CARTESIAN_POINT('',(0.,-0.6));
#6624 = VECTOR('',#6625,1.);
#6625 = DIRECTION('',(1.,0.));
#6626 = ( GEOMETRIC_REPRESENTATION_CONTEXT(2) 
PARAMETRIC_REPRESENTATION_CONTEXT() REPRESENTATION_CONTEXT('2D SPACE',''
  ) );
#6627 = PCURVE('',#5998,#6628);
#6628 = DEFINITIONAL_REPRESENTATION('',(#6629),#6633);
#6629 = LINE('',#6630,#6631);
#6630 = CARTESIAN_POINT('',(1.031436689731,4.168702801307));
#6631 = VECTOR('',#6632,1.);
#6632 = DIRECTION('',(0.316227766017,-0.948683298051));
#6633 = ( GEOMETRIC_REPRESENTATION_CONTEXT(2) 
PARAMETRIC_REPRESENTATION_CONTEXT() REPRESENTATION_CONTEXT('2D SPACE',''
  ) );
#6634 = ORIENTED_EDGE('',*,*,#6635,.F.);
#6635 = EDGE_CURVE('',#6636,#6613,#6638,.T.);
#6636 = VERTEX_POINT('',#6637);
#6637 = CARTESIAN_POINT('',(21.806925342986,7.150913059785,0.));
#6638 = SURFACE_CURVE('',#6639,(#6643,#6650),.PCURVE_S1.);
#6639 = LINE('',#6640,#6641);
#6640 = CARTESIAN_POINT('',(21.806925342986,7.150913059785,0.));
#6641 = VECTOR('',#6642,1.);
#6642 = DIRECTION('',(0.,-0.,1.));
#6643 = PCURVE('',#6575,#6644);
#6644 = DEFINITIONAL_REPRESENTATION('',(#6645),#6649);
#6645 = LINE('',#6646,#6647);
#6646 = CARTESIAN_POINT('',(10.052997008503,0.));
#6647 = VECTOR('',#6648,1.);
#6648 = DIRECTION('',(0.,-1.));
#6649 = ( GEOMETRIC_REPRESENTATION_CONTEXT(2) 
PARAMETRIC_REPRESENTATION_CONTEXT() REPRESENTATION_CONTEXT('2D SPACE',''
  ) );
#6650 = PCURVE('',#6651,#6656);
#6651 = PLANE('',#6652);
#6652 = AXIS2_PLACEMENT_3D('',#6653,#6654,#6655);
#6653 = CARTESIAN_POINT('',(21.806925342986,7.150913059785,0.));
#6654 = DIRECTION('',(0.,1.,0.));
#6655 = DIRECTION('',(1.,0.,-0.));
#6656 = DEFINITIONAL_REPRESENTATION('',(#6657),#6661);
#6657 = LINE('',#6658,#6659);
#6658 = CARTESIAN_POINT('',(0.,0.));
#6659 = VECTOR('',#6660,1.);
#6660 = DIRECTION('',(0.,-1.));
#6661 = ( GEOMETRIC_REPRESENTATION_CONTEXT(2) 
PARAMETRIC_REPRESENTATION_CONTEXT() REPRESENTATION_CONTEXT('2D SPACE',''
  ) );
#6662 = ORIENTED_EDGE('',*,*,#6663,.F.);
#6663 = EDGE_CURVE('',#6560,#6636,#6664,.T.);
#6664 = SURFACE_CURVE('',#6665,(#6669,#6676),.PCURVE_S1.);
#6665 = LINE('',#6666,#6667);
#6666 = CARTESIAN_POINT('',(24.985962128759,-2.386197297534,0.));
#6667 = VECTOR('',#6668,1.);
#6668 = DIRECTION('',(-0.316227766017,0.948683298051,-0.));
#6669 = PCURVE('',#6575,#6670);
#6670 = DEFINITIONAL_REPRESENTATION('',(#6671),#6675);
#6671 = LINE('',#6672,#6673);
#6672 = CARTESIAN_POINT('',(0.,0.));
#6673 = VECTOR('',#6674,1.);
#6674 = DIRECTION('',(1.,0.));
#6675 = ( GEOMETRIC_REPRESENTATION_CONTEXT(2) 
PARAMETRIC_REPRESENTATION_CONTEXT() REPRESENTATION_CONTEXT('2D SPACE',''
  ) );
#6676 = PCURVE('',#6052,#6677);
#6677 = DEFINITIONAL_REPRESENTATION('',(#6678),#6682);
#6678 = LINE('',#6679,#6680);
#6679 = CARTESIAN_POINT('',(1.031436689731,4.168702801307));
#6680 = VECTOR('',#6681,1.);
#6681 = DIRECTION('',(0.316227766017,-0.948683298051));
#6682 = ( GEOMETRIC_REPRESENTATION_CONTEXT(2) 
PARAMETRIC_REPRESENTATION_CONTEXT() REPRESENTATION_CONTEXT('2D SPACE',''
  ) );
#6683 = ADVANCED_FACE('',(#6684),#6651,.T.);
#6684 = FACE_BOUND('',#6685,.T.);
#6685 = EDGE_LOOP('',(#6686,#6687,#6710,#6738));
#6686 = ORIENTED_EDGE('',*,*,#6635,.T.);
#6687 = ORIENTED_EDGE('',*,*,#6688,.T.);
#6688 = EDGE_CURVE('',#6613,#6689,#6691,.T.);
#6689 = VERTEX_POINT('',#6690);
#6690 = CARTESIAN_POINT('',(24.346699296838,7.150913059785,0.6));
#6691 = SURFACE_CURVE('',#6692,(#6696,#6703),.PCURVE_S1.);
#6692 = LINE('',#6693,#6694);
#6693 = CARTESIAN_POINT('',(21.806925342986,7.150913059785,0.6));
#6694 = VECTOR('',#6695,1.);
#6695 = DIRECTION('',(1.,-0.,-0.));
#6696 = PCURVE('',#6651,#6697);
#6697 = DEFINITIONAL_REPRESENTATION('',(#6698),#6702);
#6698 = LINE('',#6699,#6700);
#6699 = CARTESIAN_POINT('',(0.,-0.6));
#6700 = VECTOR('',#6701,1.);
#6701 = DIRECTION('',(1.,0.));
#6702 = ( GEOMETRIC_REPRESENTATION_CONTEXT(2) 
PARAMETRIC_REPRESENTATION_CONTEXT() REPRESENTATION_CONTEXT('2D SPACE',''
  ) );
#6703 = PCURVE('',#5998,#6704);
#6704 = DEFINITIONAL_REPRESENTATION('',(#6705),#6709);
#6705 = LINE('',#6706,#6707);
#6706 = CARTESIAN_POINT('',(4.210473475504,-5.368407556011));
#6707 = VECTOR('',#6708,1.);
#6708 = DIRECTION('',(-1.,-0.));
#6709 = ( GEOMETRIC_REPRESENTATION_CONTEXT(2) 
PARAMETRIC_REPRESENTATION_CONTEXT() REPRESENTATION_CONTEXT('2D SPACE',''
  ) );
#6710 = ORIENTED_EDGE('',*,*,#6711,.F.);
#6711 = EDGE_CURVE('',#6712,#6689,#6714,.T.);
#6712 = VERTEX_POINT('',#6713);
#6713 = CARTESIAN_POINT('',(24.346699296838,7.150913059785,0.));
#6714 = SURFACE_CURVE('',#6715,(#6719,#6726),.PCURVE_S1.);
#6715 = LINE('',#6716,#6717);
#6716 = CARTESIAN_POINT('',(24.346699296838,7.150913059785,0.));
#6717 = VECTOR('',#6718,1.);
#6718 = DIRECTION('',(0.,-0.,1.));
#6719 = PCURVE('',#6651,#6720);
#6720 = DEFINITIONAL_REPRESENTATION('',(#6721),#6725);
#6721 = LINE('',#6722,#6723);
#6722 = CARTESIAN_POINT('',(2.539773953851,0.));
#6723 = VECTOR('',#6724,1.);
#6724 = DIRECTION('',(0.,-1.));
#6725 = ( GEOMETRIC_REPRESENTATION_CONTEXT(2) 
PARAMETRIC_REPRESENTATION_CONTEXT() REPRESENTATION_CONTEXT('2D SPACE',''
  ) );
#6726 = PCURVE('',#6727,#6732);
#6727 = PLANE('',#6728);
#6728 = AXIS2_PLACEMENT_3D('',#6729,#6730,#6731);
#6729 = CARTESIAN_POINT('',(24.346699296838,7.150913059785,0.));
#6730 = DIRECTION('',(0.953993716901,0.29982659674,0.));
#6731 = DIRECTION('',(0.29982659674,-0.953993716901,-0.));
#6732 = DEFINITIONAL_REPRESENTATION('',(#6733),#6737);
#6733 = LINE('',#6734,#6735);
#6734 = CARTESIAN_POINT('',(0.,0.));
#6735 = VECTOR('',#6736,1.);
#6736 = DIRECTION('',(0.,-1.));
#6737 = ( GEOMETRIC_REPRESENTATION_CONTEXT(2) 
PARAMETRIC_REPRESENTATION_CONTEXT() REPRESENTATION_CONTEXT('2D SPACE',''
  ) );
#6738 = ORIENTED_EDGE('',*,*,#6739,.F.);
#6739 = EDGE_CURVE('',#6636,#6712,#6740,.T.);
#6740 = SURFACE_CURVE('',#6741,(#6745,#6752),.PCURVE_S1.);
#6741 = LINE('',#6742,#6743);
#6742 = CARTESIAN_POINT('',(21.806925342986,7.150913059785,0.));
#6743 = VECTOR('',#6744,1.);
#6744 = DIRECTION('',(1.,-0.,-0.));
#6745 = PCURVE('',#6651,#6746);
#6746 = DEFINITIONAL_REPRESENTATION('',(#6747),#6751);
#6747 = LINE('',#6748,#6749);
#6748 = CARTESIAN_POINT('',(0.,0.));
#6749 = VECTOR('',#6750,1.);
#6750 = DIRECTION('',(1.,0.));
#6751 = ( GEOMETRIC_REPRESENTATION_CONTEXT(2) 
PARAMETRIC_REPRESENTATION_CONTEXT() REPRESENTATION_CONTEXT('2D SPACE',''
  ) );
#6752 = PCURVE('',#6052,#6753);
#6753 = DEFINITIONAL_REPRESENTATION('',(#6754),#6758);
#6754 = LINE('',#6755,#6756);
#6755 = CARTESIAN_POINT('',(4.210473475504,-5.368407556011));
#6756 = VECTOR('',#6757,1.);
#6757 = DIRECTION('',(-1.,-0.));
#6758 = ( GEOMETRIC_REPRESENTATION_CONTEXT(2) 
PARAMETRIC_REPRESENTATION_CONTEXT() REPRESENTATION_CONTEXT('2D SPACE',''
  ) );
#6759 = ADVANCED_FACE('',(#6760),#6727,.T.);
#6760 = FACE_BOUND('',#6761,.T.);
#6761 = EDGE_LOOP('',(#6762,#6763,#6786,#6814));
#6762 = ORIENTED_EDGE('',*,*,#6711,.T.);
#6763 = ORIENTED_EDGE('',*,*,#6764,.T.);
#6764 = EDGE_CURVE('',#6689,#6765,#6767,.T.);
#6765 = VERTEX_POINT('',#6766);
#6766 = CARTESIAN_POINT('',(25.677057082188,2.917956470033,0.6));
#6767 = SURFACE_CURVE('',#6768,(#6772,#6779),.PCURVE_S1.);
#6768 = LINE('',#6769,#6770);
#6769 = CARTESIAN_POINT('',(24.346699296838,7.150913059785,0.6));
#6770 = VECTOR('',#6771,1.);
#6771 = DIRECTION('',(0.29982659674,-0.953993716901,-0.));
#6772 = PCURVE('',#6727,#6773);
#6773 = DEFINITIONAL_REPRESENTATION('',(#6774),#6778);
#6774 = LINE('',#6775,#6776);
#6775 = CARTESIAN_POINT('',(0.,-0.6));
#6776 = VECTOR('',#6777,1.);
#6777 = DIRECTION('',(1.,0.));
#6778 = ( GEOMETRIC_REPRESENTATION_CONTEXT(2) 
PARAMETRIC_REPRESENTATION_CONTEXT() REPRESENTATION_CONTEXT('2D SPACE',''
  ) );
#6779 = PCURVE('',#5998,#6780);
#6780 = DEFINITIONAL_REPRESENTATION('',(#6781),#6785);
#6781 = LINE('',#6782,#6783);
#6782 = CARTESIAN_POINT('',(1.670699521653,-5.368407556011));
#6783 = VECTOR('',#6784,1.);
#6784 = DIRECTION('',(-0.29982659674,0.953993716901));
#6785 = ( GEOMETRIC_REPRESENTATION_CONTEXT(2) 
PARAMETRIC_REPRESENTATION_CONTEXT() REPRESENTATION_CONTEXT('2D SPACE',''
  ) );
#6786 = ORIENTED_EDGE('',*,*,#6787,.F.);
#6787 = EDGE_CURVE('',#6788,#6765,#6790,.T.);
#6788 = VERTEX_POINT('',#6789);
#6789 = CARTESIAN_POINT('',(25.677057082188,2.917956470033,0.));
#6790 = SURFACE_CURVE('',#6791,(#6795,#6802),.PCURVE_S1.);
#6791 = LINE('',#6792,#6793);
#6792 = CARTESIAN_POINT('',(25.677057082188,2.917956470033,0.));
#6793 = VECTOR('',#6794,1.);
#6794 = DIRECTION('',(0.,-0.,1.));
#6795 = PCURVE('',#6727,#6796);
#6796 = DEFINITIONAL_REPRESENTATION('',(#6797),#6801);
#6797 = LINE('',#6798,#6799);
#6798 = CARTESIAN_POINT('',(4.437090637768,0.));
#6799 = VECTOR('',#6800,1.);
#6800 = DIRECTION('',(0.,-1.));
#6801 = ( GEOMETRIC_REPRESENTATION_CONTEXT(2) 
PARAMETRIC_REPRESENTATION_CONTEXT() REPRESENTATION_CONTEXT('2D SPACE',''
  ) );
#6802 = PCURVE('',#6803,#6808);
#6803 = PLANE('',#6804);
#6804 = AXIS2_PLACEMENT_3D('',#6805,#6806,#6807);
#6805 = CARTESIAN_POINT('',(25.677057082188,2.917956470033,0.));
#6806 = DIRECTION('',(0.970142500145,0.242535625036,0.));
#6807 = DIRECTION('',(0.242535625036,-0.970142500145,-0.));
#6808 = DEFINITIONAL_REPRESENTATION('',(#6809),#6813);
#6809 = LINE('',#6810,#6811);
#6810 = CARTESIAN_POINT('',(0.,0.));
#6811 = VECTOR('',#6812,1.);
#6812 = DIRECTION('',(0.,-1.));
#6813 = ( GEOMETRIC_REPRESENTATION_CONTEXT(2) 
PARAMETRIC_REPRESENTATION_CONTEXT() REPRESENTATION_CONTEXT('2D SPACE',''
  ) );
#6814 = ORIENTED_EDGE('',*,*,#6815,.F.);
#6815 = EDGE_CURVE('',#6712,#6788,#6816,.T.);
#6816 = SURFACE_CURVE('',#6817,(#6821,#6828),.PCURVE_S1.);
#6817 = LINE('',#6818,#6819);
#6818 = CARTESIAN_POINT('',(24.346699296838,7.150913059785,0.));
#6819 = VECTOR('',#6820,1.);
#6820 = DIRECTION('',(0.29982659674,-0.953993716901,-0.));
#6821 = PCURVE('',#6727,#6822);
#6822 = DEFINITIONAL_REPRESENTATION('',(#6823),#6827);
#6823 = LINE('',#6824,#6825);
#6824 = CARTESIAN_POINT('',(0.,0.));
#6825 = VECTOR('',#6826,1.);
#6826 = DIRECTION('',(1.,0.));
#6827 = ( GEOMETRIC_REPRESENTATION_CONTEXT(2) 
PARAMETRIC_REPRESENTATION_CONTEXT() REPRESENTATION_CONTEXT('2D SPACE',''
  ) );
#6828 = PCURVE('',#6052,#6829);
#6829 = DEFINITIONAL_REPRESENTATION('',(#6830),#6834);
#6830 = LINE('',#6831,#6832);
#6831 = CARTESIAN_POINT('',(1.670699521653,-5.368407556011));
#6832 = VECTOR('',#6833,1.);
#6833 = DIRECTION('',(-0.29982659674,0.953993716901));
#6834 = ( GEOMETRIC_REPRESENTATION_CONTEXT(2) 
PARAMETRIC_REPRESENTATION_CONTEXT() REPRESENTATION_CONTEXT('2D SPACE',''
  ) );
#6835 = ADVANCED_FACE('',(#6836),#6803,.T.);
#6836 = FACE_BOUND('',#6837,.T.);
#6837 = EDGE_LOOP('',(#6838,#6839,#6862,#6890));
#6838 = ORIENTED_EDGE('',*,*,#6787,.T.);
#6839 = ORIENTED_EDGE('',*,*,#6840,.T.);
#6840 = EDGE_CURVE('',#6765,#6841,#6843,.T.);
#6841 = VERTEX_POINT('',#6842);
#6842 = CARTESIAN_POINT('',(26.333597287945,0.291795647003,0.6));
#6843 = SURFACE_CURVE('',#6844,(#6848,#6855),.PCURVE_S1.);
#6844 = LINE('',#6845,#6846);
#6845 = CARTESIAN_POINT('',(25.677057082188,2.917956470033,0.6));
#6846 = VECTOR('',#6847,1.);
#6847 = DIRECTION('',(0.242535625036,-0.970142500145,-0.));
#6848 = PCURVE('',#6803,#6849);
#6849 = DEFINITIONAL_REPRESENTATION('',(#6850),#6854);
#6850 = LINE('',#6851,#6852);
#6851 = CARTESIAN_POINT('',(0.,-0.6));
#6852 = VECTOR('',#6853,1.);
#6853 = DIRECTION('',(1.,0.));
#6854 = ( GEOMETRIC_REPRESENTATION_CONTEXT(2) 
PARAMETRIC_REPRESENTATION_CONTEXT() REPRESENTATION_CONTEXT('2D SPACE',''
  ) );
#6855 = PCURVE('',#5998,#6856);
#6856 = DEFINITIONAL_REPRESENTATION('',(#6857),#6861);
#6857 = LINE('',#6858,#6859);
#6858 = CARTESIAN_POINT('',(0.340341736302,-1.135450966259));
#6859 = VECTOR('',#6860,1.);
#6860 = DIRECTION('',(-0.242535625036,0.970142500145));
#6861 = ( GEOMETRIC_REPRESENTATION_CONTEXT(2) 
PARAMETRIC_REPRESENTATION_CONTEXT() REPRESENTATION_CONTEXT('2D SPACE',''
  ) );
#6862 = ORIENTED_EDGE('',*,*,#6863,.F.);
#6863 = EDGE_CURVE('',#6864,#6841,#6866,.T.);
#6864 = VERTEX_POINT('',#6865);
#6865 = CARTESIAN_POINT('',(26.333597287945,0.291795647003,0.));
#6866 = SURFACE_CURVE('',#6867,(#6871,#6878),.PCURVE_S1.);
#6867 = LINE('',#6868,#6869);
#6868 = CARTESIAN_POINT('',(26.333597287945,0.291795647003,0.));
#6869 = VECTOR('',#6870,1.);
#6870 = DIRECTION('',(0.,-0.,1.));
#6871 = PCURVE('',#6803,#6872);
#6872 = DEFINITIONAL_REPRESENTATION('',(#6873),#6877);
#6873 = LINE('',#6874,#6875);
#6874 = CARTESIAN_POINT('',(2.706984615803,0.));
#6875 = VECTOR('',#6876,1.);
#6876 = DIRECTION('',(0.,-1.));
#6877 = ( GEOMETRIC_REPRESENTATION_CONTEXT(2) 
PARAMETRIC_REPRESENTATION_CONTEXT() REPRESENTATION_CONTEXT('2D SPACE',''
  ) );
#6878 = PCURVE('',#6879,#6884);
#6879 = PLANE('',#6880);
#6880 = AXIS2_PLACEMENT_3D('',#6881,#6882,#6883);
#6881 = CARTESIAN_POINT('',(26.333597287945,0.291795647003,0.));
#6882 = DIRECTION('',(0.,1.,0.));
#6883 = DIRECTION('',(1.,0.,-0.));
#6884 = DEFINITIONAL_REPRESENTATION('',(#6885),#6889);
#6885 = LINE('',#6886,#6887);
#6886 = CARTESIAN_POINT('',(0.,0.));
#6887 = VECTOR('',#6888,1.);
#6888 = DIRECTION('',(0.,-1.));
#6889 = ( GEOMETRIC_REPRESENTATION_CONTEXT(2) 
PARAMETRIC_REPRESENTATION_CONTEXT() REPRESENTATION_CONTEXT('2D SPACE',''
  ) );
#6890 = ORIENTED_EDGE('',*,*,#6891,.F.);
#6891 = EDGE_CURVE('',#6788,#6864,#6892,.T.);
#6892 = SURFACE_CURVE('',#6893,(#6897,#6904),.PCURVE_S1.);
#6893 = LINE('',#6894,#6895);
#6894 = CARTESIAN_POINT('',(25.677057082188,2.917956470033,0.));
#6895 = VECTOR('',#6896,1.);
#6896 = DIRECTION('',(0.242535625036,-0.970142500145,-0.));
#6897 = PCURVE('',#6803,#6898);
#6898 = DEFINITIONAL_REPRESENTATION('',(#6899),#6903);
#6899 = LINE('',#6900,#6901);
#6900 = CARTESIAN_POINT('',(0.,0.));
#6901 = VECTOR('',#6902,1.);
#6902 = DIRECTION('',(1.,0.));
#6903 = ( GEOMETRIC_REPRESENTATION_CONTEXT(2) 
PARAMETRIC_REPRESENTATION_CONTEXT() REPRESENTATION_CONTEXT('2D SPACE',''
  ) );
#6904 = PCURVE('',#6052,#6905);
#6905 = DEFINITIONAL_REPRESENTATION('',(#6906),#6910);
#6906 = LINE('',#6907,#6908);
#6907 = CARTESIAN_POINT('',(0.340341736302,-1.135450966259));
#6908 = VECTOR('',#6909,1.);
#6909 = DIRECTION('',(-0.242535625036,0.970142500145));
#6910 = ( GEOMETRIC_REPRESENTATION_CONTEXT(2) 
PARAMETRIC_REPRESENTATION_CONTEXT() REPRESENTATION_CONTEXT('2D SPACE',''
  ) );
#6911 = ADVANCED_FACE('',(#6912),#6879,.T.);
#6912 = FACE_BOUND('',#6913,.T.);
#6913 = EDGE_LOOP('',(#6914,#6915,#6938,#6961));
#6914 = ORIENTED_EDGE('',*,*,#6863,.T.);
#6915 = ORIENTED_EDGE('',*,*,#6916,.T.);
#6916 = EDGE_CURVE('',#6841,#6917,#6919,.T.);
#6917 = VERTEX_POINT('',#6918);
#6918 = CARTESIAN_POINT('',(26.43726153096,0.291795647003,0.6));
#6919 = SURFACE_CURVE('',#6920,(#6924,#6931),.PCURVE_S1.);
#6920 = LINE('',#6921,#6922);
#6921 = CARTESIAN_POINT('',(26.333597287945,0.291795647003,0.6));
#6922 = VECTOR('',#6923,1.);
#6923 = DIRECTION('',(1.,-0.,-0.));
#6924 = PCURVE('',#6879,#6925);
#6925 = DEFINITIONAL_REPRESENTATION('',(#6926),#6930);
#6926 = LINE('',#6927,#6928);
#6927 = CARTESIAN_POINT('',(0.,-0.6));
#6928 = VECTOR('',#6929,1.);
#6929 = DIRECTION('',(1.,0.));
#6930 = ( GEOMETRIC_REPRESENTATION_CONTEXT(2) 
PARAMETRIC_REPRESENTATION_CONTEXT() REPRESENTATION_CONTEXT('2D SPACE',''
  ) );
#6931 = PCURVE('',#5998,#6932);
#6932 = DEFINITIONAL_REPRESENTATION('',(#6933),#6937);
#6933 = LINE('',#6934,#6935);
#6934 = CARTESIAN_POINT('',(-0.316198469455,1.49070985677));
#6935 = VECTOR('',#6936,1.);
#6936 = DIRECTION('',(-1.,-0.));
#6937 = ( GEOMETRIC_REPRESENTATION_CONTEXT(2) 
PARAMETRIC_REPRESENTATION_CONTEXT() REPRESENTATION_CONTEXT('2D SPACE',''
  ) );
#6938 = ORIENTED_EDGE('',*,*,#6939,.F.);
#6939 = EDGE_CURVE('',#6940,#6917,#6942,.T.);
#6940 = VERTEX_POINT('',#6941);
#6941 = CARTESIAN_POINT('',(26.43726153096,0.291795647003,0.));
#6942 = SURFACE_CURVE('',#6943,(#6947,#6954),.PCURVE_S1.);
#6943 = LINE('',#6944,#6945);
#6944 = CARTESIAN_POINT('',(26.43726153096,0.291795647003,0.));
#6945 = VECTOR('',#6946,1.);
#6946 = DIRECTION('',(0.,-0.,1.));
#6947 = PCURVE('',#6879,#6948);
#6948 = DEFINITIONAL_REPRESENTATION('',(#6949),#6953);
#6949 = LINE('',#6950,#6951);
#6950 = CARTESIAN_POINT('',(0.103664243014,0.));
#6951 = VECTOR('',#6952,1.);
#6952 = DIRECTION('',(0.,-1.));
#6953 = ( GEOMETRIC_REPRESENTATION_CONTEXT(2) 
PARAMETRIC_REPRESENTATION_CONTEXT() REPRESENTATION_CONTEXT('2D SPACE',''
  ) );
#6954 = PCURVE('',#5970,#6955);
#6955 = DEFINITIONAL_REPRESENTATION('',(#6956),#6960);
#6956 = LINE('',#6957,#6958);
#6957 = CARTESIAN_POINT('',(0.,0.));
#6958 = VECTOR('',#6959,1.);
#6959 = DIRECTION('',(0.,-1.));
#6960 = ( GEOMETRIC_REPRESENTATION_CONTEXT(2) 
PARAMETRIC_REPRESENTATION_CONTEXT() REPRESENTATION_CONTEXT('2D SPACE',''
  ) );
#6961 = ORIENTED_EDGE('',*,*,#6962,.F.);
#6962 = EDGE_CURVE('',#6864,#6940,#6963,.T.);
#6963 = SURFACE_CURVE('',#6964,(#6968,#6975),.PCURVE_S1.);
#6964 = LINE('',#6965,#6966);
#6965 = CARTESIAN_POINT('',(26.333597287945,0.291795647003,0.));
#6966 = VECTOR('',#6967,1.);
#6967 = DIRECTION('',(1.,-0.,-0.));
#6968 = PCURVE('',#6879,#6969);
#6969 = DEFINITIONAL_REPRESENTATION('',(#6970),#6974);
#6970 = LINE('',#6971,#6972);
#6971 = CARTESIAN_POINT('',(0.,0.));
#6972 = VECTOR('',#6973,1.);
#6973 = DIRECTION('',(1.,0.));
#6974 = ( GEOMETRIC_REPRESENTATION_CONTEXT(2) 
PARAMETRIC_REPRESENTATION_CONTEXT() REPRESENTATION_CONTEXT('2D SPACE',''
  ) );
#6975 = PCURVE('',#6052,#6976);
#6976 = DEFINITIONAL_REPRESENTATION('',(#6977),#6981);
#6977 = LINE('',#6978,#6979);
#6978 = CARTESIAN_POINT('',(-0.316198469455,1.49070985677));
#6979 = VECTOR('',#6980,1.);
#6980 = DIRECTION('',(-1.,-0.));
#6981 = ( GEOMETRIC_REPRESENTATION_CONTEXT(2) 
PARAMETRIC_REPRESENTATION_CONTEXT() REPRESENTATION_CONTEXT('2D SPACE',''
  ) );
#6982 = ADVANCED_FACE('',(#6983),#5970,.T.);
#6983 = FACE_BOUND('',#6984,.T.);
#6984 = EDGE_LOOP('',(#6985,#6986,#7007,#7008));
#6985 = ORIENTED_EDGE('',*,*,#6939,.T.);
#6986 = ORIENTED_EDGE('',*,*,#6987,.T.);
#6987 = EDGE_CURVE('',#6917,#5950,#6988,.T.);
#6988 = SURFACE_CURVE('',#6989,(#6993,#7000),.PCURVE_S1.);
#6989 = LINE('',#6990,#6991);
#6990 = CARTESIAN_POINT('',(26.43726153096,0.291795647003,0.6));
#6991 = VECTOR('',#6992,1.);
#6992 = DIRECTION('',(0.248528665272,0.968624541573,-0.));
#6993 = PCURVE('',#5970,#6994);
#6994 = DEFINITIONAL_REPRESENTATION('',(#6995),#6999);
#6995 = LINE('',#6996,#6997);
#6996 = CARTESIAN_POINT('',(0.,-0.6));
#6997 = VECTOR('',#6998,1.);
#6998 = DIRECTION('',(1.,0.));
#6999 = ( GEOMETRIC_REPRESENTATION_CONTEXT(2) 
PARAMETRIC_REPRESENTATION_CONTEXT() REPRESENTATION_CONTEXT('2D SPACE',''
  ) );
#7000 = PCURVE('',#5998,#7001);
#7001 = DEFINITIONAL_REPRESENTATION('',(#7002),#7006);
#7002 = LINE('',#7003,#7004);
#7003 = CARTESIAN_POINT('',(-0.41986271247,1.49070985677));
#7004 = VECTOR('',#7005,1.);
#7005 = DIRECTION('',(-0.248528665272,-0.968624541573));
#7006 = ( GEOMETRIC_REPRESENTATION_CONTEXT(2) 
PARAMETRIC_REPRESENTATION_CONTEXT() REPRESENTATION_CONTEXT('2D SPACE',''
  ) );
#7007 = ORIENTED_EDGE('',*,*,#5947,.F.);
#7008 = ORIENTED_EDGE('',*,*,#7009,.F.);
#7009 = EDGE_CURVE('',#6940,#5948,#7010,.T.);
#7010 = SURFACE_CURVE('',#7011,(#7015,#7022),.PCURVE_S1.);
#7011 = LINE('',#7012,#7013);
#7012 = CARTESIAN_POINT('',(26.43726153096,0.291795647003,0.));
#7013 = VECTOR('',#7014,1.);
#7014 = DIRECTION('',(0.248528665272,0.968624541573,-0.));
#7015 = PCURVE('',#5970,#7016);
#7016 = DEFINITIONAL_REPRESENTATION('',(#7017),#7021);
#7017 = LINE('',#7018,#7019);
#7018 = CARTESIAN_POINT('',(0.,0.));
#7019 = VECTOR('',#7020,1.);
#7020 = DIRECTION('',(1.,0.));
#7021 = ( GEOMETRIC_REPRESENTATION_CONTEXT(2) 
PARAMETRIC_REPRESENTATION_CONTEXT() REPRESENTATION_CONTEXT('2D SPACE',''
  ) );
#7022 = PCURVE('',#6052,#7023);
#7023 = DEFINITIONAL_REPRESENTATION('',(#7024),#7028);
#7024 = LINE('',#7025,#7026);
#7025 = CARTESIAN_POINT('',(-0.41986271247,1.49070985677));
#7026 = VECTOR('',#7027,1.);
#7027 = DIRECTION('',(-0.248528665272,-0.968624541573));
#7028 = ( GEOMETRIC_REPRESENTATION_CONTEXT(2) 
PARAMETRIC_REPRESENTATION_CONTEXT() REPRESENTATION_CONTEXT('2D SPACE',''
  ) );
#7029 = ADVANCED_FACE('',(#7030),#6052,.F.);
#7030 = FACE_BOUND('',#7031,.T.);
#7031 = EDGE_LOOP('',(#7032,#7033,#7034,#7035,#7036,#7037,#7038,#7039,
    #7040,#7041,#7042,#7043,#7044,#7045));
#7032 = ORIENTED_EDGE('',*,*,#6038,.T.);
#7033 = ORIENTED_EDGE('',*,*,#6119,.T.);
#7034 = ORIENTED_EDGE('',*,*,#6199,.T.);
#7035 = ORIENTED_EDGE('',*,*,#6279,.T.);
#7036 = ORIENTED_EDGE('',*,*,#6359,.T.);
#7037 = ORIENTED_EDGE('',*,*,#6435,.T.);
#7038 = ORIENTED_EDGE('',*,*,#6511,.T.);
#7039 = ORIENTED_EDGE('',*,*,#6587,.T.);
#7040 = ORIENTED_EDGE('',*,*,#6663,.T.);
#7041 = ORIENTED_EDGE('',*,*,#6739,.T.);
#7042 = ORIENTED_EDGE('',*,*,#6815,.T.);
#7043 = ORIENTED_EDGE('',*,*,#6891,.T.);
#7044 = ORIENTED_EDGE('',*,*,#6962,.T.);
#7045 = ORIENTED_EDGE('',*,*,#7009,.T.);
#7046 = ADVANCED_FACE('',(#7047),#5998,.T.);
#7047 = FACE_BOUND('',#7048,.F.);
#7048 = EDGE_LOOP('',(#7049,#7050,#7051,#7052,#7053,#7054,#7055,#7056,
    #7057,#7058,#7059,#7060,#7061,#7062));
#7049 = ORIENTED_EDGE('',*,*,#5982,.T.);
#7050 = ORIENTED_EDGE('',*,*,#6068,.T.);
#7051 = ORIENTED_EDGE('',*,*,#6144,.T.);
#7052 = ORIENTED_EDGE('',*,*,#6224,.T.);
#7053 = ORIENTED_EDGE('',*,*,#6308,.T.);
#7054 = ORIENTED_EDGE('',*,*,#6384,.T.);
#7055 = ORIENTED_EDGE('',*,*,#6460,.T.);
#7056 = ORIENTED_EDGE('',*,*,#6536,.T.);
#7057 = ORIENTED_EDGE('',*,*,#6612,.T.);
#7058 = ORIENTED_EDGE('',*,*,#6688,.T.);
#7059 = ORIENTED_EDGE('',*,*,#6764,.T.);
#7060 = ORIENTED_EDGE('',*,*,#6840,.T.);
#7061 = ORIENTED_EDGE('',*,*,#6916,.T.);
#7062 = ORIENTED_EDGE('',*,*,#6987,.T.);
#7063 = MANIFOLD_SOLID_BREP('',#7064);
#7064 = CLOSED_SHELL('',(#7065,#7189,#7273,#7349,#7425,#7509,#7609,#7685
    ,#7766,#7854,#7935,#8023,#8099,#8170,#8217,#8330,#8410,#8492,#8579,
    #8626,#8650));
#7065 = ADVANCED_FACE('',(#7066),#7080,.T.);
#7066 = FACE_BOUND('',#7067,.T.);
#7067 = EDGE_LOOP('',(#7068,#7103,#7131,#7163));
#7068 = ORIENTED_EDGE('',*,*,#7069,.T.);
#7069 = EDGE_CURVE('',#7070,#7072,#7074,.T.);
#7070 = VERTEX_POINT('',#7071);
#7071 = CARTESIAN_POINT('',(39.999999992001,-1.919708203969,0.));
#7072 = VERTEX_POINT('',#7073);
#7073 = CARTESIAN_POINT('',(39.999999992001,-1.919708203969,0.6));
#7074 = SURFACE_CURVE('',#7075,(#7079,#7091),.PCURVE_S1.);
#7075 = LINE('',#7076,#7077);
#7076 = CARTESIAN_POINT('',(39.999999992001,-1.919708203969,0.));
#7077 = VECTOR('',#7078,1.);
#7078 = DIRECTION('',(0.,-0.,1.));
#7079 = PCURVE('',#7080,#7085);
#7080 = PLANE('',#7081);
#7081 = AXIS2_PLACEMENT_3D('',#7082,#7083,#7084);
#7082 = CARTESIAN_POINT('',(39.999999992001,-1.919708203969,0.));
#7083 = DIRECTION('',(0.,-1.,-0.));
#7084 = DIRECTION('',(-1.,-0.,0.));
#7085 = DEFINITIONAL_REPRESENTATION('',(#7086),#7090);
#7086 = LINE('',#7087,#7088);
#7087 = CARTESIAN_POINT('',(0.,0.));
#7088 = VECTOR('',#7089,1.);
#7089 = DIRECTION('',(0.,-1.));
#7090 = ( GEOMETRIC_REPRESENTATION_CONTEXT(2) 
PARAMETRIC_REPRESENTATION_CONTEXT() REPRESENTATION_CONTEXT('2D SPACE',''
  ) );
#7091 = PCURVE('',#7092,#7097);
#7092 = PLANE('',#7093);
#7093 = AXIS2_PLACEMENT_3D('',#7094,#7095,#7096);
#7094 = CARTESIAN_POINT('',(39.999999992001,6.718978713892E-02,0.));
#7095 = DIRECTION('',(1.,0.,-0.));
#7096 = DIRECTION('',(0.,-1.,-0.));
#7097 = DEFINITIONAL_REPRESENTATION('',(#7098),#7102);
#7098 = LINE('',#7099,#7100);
#7099 = CARTESIAN_POINT('',(1.986897991108,-0.));
#7100 = VECTOR('',#7101,1.);
#7101 = DIRECTION('',(0.,-1.));
#7102 = ( GEOMETRIC_REPRESENTATION_CONTEXT(2) 
PARAMETRIC_REPRESENTATION_CONTEXT() REPRESENTATION_CONTEXT('2D SPACE',''
  ) );
#7103 = ORIENTED_EDGE('',*,*,#7104,.T.);
#7104 = EDGE_CURVE('',#7072,#7105,#7107,.T.);
#7105 = VERTEX_POINT('',#7106);
#7106 = CARTESIAN_POINT('',(38.583255337472,-1.919708203969,0.6));
#7107 = SURFACE_CURVE('',#7108,(#7112,#7119),.PCURVE_S1.);
#7108 = LINE('',#7109,#7110);
#7109 = CARTESIAN_POINT('',(39.999999992001,-1.919708203969,0.6));
#7110 = VECTOR('',#7111,1.);
#7111 = DIRECTION('',(-1.,-0.,0.));
#7112 = PCURVE('',#7080,#7113);
#7113 = DEFINITIONAL_REPRESENTATION('',(#7114),#7118);
#7114 = LINE('',#7115,#7116);
#7115 = CARTESIAN_POINT('',(0.,-0.6));
#7116 = VECTOR('',#7117,1.);
#7117 = DIRECTION('',(1.,0.));
#7118 = ( GEOMETRIC_REPRESENTATION_CONTEXT(2) 
PARAMETRIC_REPRESENTATION_CONTEXT() REPRESENTATION_CONTEXT('2D SPACE',''
  ) );
#7119 = PCURVE('',#7120,#7125);
#7120 = PLANE('',#7121);
#7121 = AXIS2_PLACEMENT_3D('',#7122,#7123,#7124);
#7122 = CARTESIAN_POINT('',(35.69464486059,2.398524025862,0.6));
#7123 = DIRECTION('',(-0.,-0.,1.));
#7124 = DIRECTION('',(-1.,0.,0.));
#7125 = DEFINITIONAL_REPRESENTATION('',(#7126),#7130);
#7126 = LINE('',#7127,#7128);
#7127 = CARTESIAN_POINT('',(-4.305355131412,4.318232229831));
#7128 = VECTOR('',#7129,1.);
#7129 = DIRECTION('',(1.,-0.));
#7130 = ( GEOMETRIC_REPRESENTATION_CONTEXT(2) 
PARAMETRIC_REPRESENTATION_CONTEXT() REPRESENTATION_CONTEXT('2D SPACE',''
  ) );
#7131 = ORIENTED_EDGE('',*,*,#7132,.F.);
#7132 = EDGE_CURVE('',#7133,#7105,#7135,.T.);
#7133 = VERTEX_POINT('',#7134);
#7134 = CARTESIAN_POINT('',(38.583255337472,-1.919708203969,0.));
#7135 = SURFACE_CURVE('',#7136,(#7140,#7147),.PCURVE_S1.);
#7136 = LINE('',#7137,#7138);
#7137 = CARTESIAN_POINT('',(38.583255337472,-1.919708203969,0.));
#7138 = VECTOR('',#7139,1.);
#7139 = DIRECTION('',(0.,-0.,1.));
#7140 = PCURVE('',#7080,#7141);
#7141 = DEFINITIONAL_REPRESENTATION('',(#7142),#7146);
#7142 = LINE('',#7143,#7144);
#7143 = CARTESIAN_POINT('',(1.416744654529,0.));
#7144 = VECTOR('',#7145,1.);
#7145 = DIRECTION('',(0.,-1.));
#7146 = ( GEOMETRIC_REPRESENTATION_CONTEXT(2) 
PARAMETRIC_REPRESENTATION_CONTEXT() REPRESENTATION_CONTEXT('2D SPACE',''
  ) );
#7147 = PCURVE('',#7148,#7157);
#7148 = SURFACE_OF_LINEAR_EXTRUSION('',#7149,#7155);
#7149 = B_SPLINE_CURVE_WITH_KNOTS('',2,(#7150,#7151,#7152,#7153,#7154),
  .UNSPECIFIED.,.F.,.F.,(3,1,1,3),(0.,1.,2.,3.),.UNSPECIFIED.);
#7150 = CARTESIAN_POINT('',(38.583255337472,-1.919708203969,0.));
#7151 = CARTESIAN_POINT('',(38.116766243908,-1.919708203969,0.));
#7152 = CARTESIAN_POINT('',(37.304729673629,-1.453219110405,0.));
#7153 = CARTESIAN_POINT('',(36.820963206228,-0.537518297111,0.));
#7154 = CARTESIAN_POINT('',(36.820963206228,0.10174453481,0.));
#7155 = VECTOR('',#7156,1.);
#7156 = DIRECTION('',(-0.,0.,-1.));
#7157 = DEFINITIONAL_REPRESENTATION('',(#7158),#7162);
#7158 = LINE('',#7159,#7160);
#7159 = CARTESIAN_POINT('',(0.,0.));
#7160 = VECTOR('',#7161,1.);
#7161 = DIRECTION('',(0.,-1.));
#7162 = ( GEOMETRIC_REPRESENTATION_CONTEXT(2) 
PARAMETRIC_REPRESENTATION_CONTEXT() REPRESENTATION_CONTEXT('2D SPACE',''
  ) );
#7163 = ORIENTED_EDGE('',*,*,#7164,.F.);
#7164 = EDGE_CURVE('',#7070,#7133,#7165,.T.);
#7165 = SURFACE_CURVE('',#7166,(#7170,#7177),.PCURVE_S1.);
#7166 = LINE('',#7167,#7168);
#7167 = CARTESIAN_POINT('',(39.999999992001,-1.919708203969,0.));
#7168 = VECTOR('',#7169,1.);
#7169 = DIRECTION('',(-1.,-0.,0.));
#7170 = PCURVE('',#7080,#7171);
#7171 = DEFINITIONAL_REPRESENTATION('',(#7172),#7176);
#7172 = LINE('',#7173,#7174);
#7173 = CARTESIAN_POINT('',(0.,0.));
#7174 = VECTOR('',#7175,1.);
#7175 = DIRECTION('',(1.,0.));
#7176 = ( GEOMETRIC_REPRESENTATION_CONTEXT(2) 
PARAMETRIC_REPRESENTATION_CONTEXT() REPRESENTATION_CONTEXT('2D SPACE',''
  ) );
#7177 = PCURVE('',#7178,#7183);
#7178 = PLANE('',#7179);
#7179 = AXIS2_PLACEMENT_3D('',#7180,#7181,#7182);
#7180 = CARTESIAN_POINT('',(35.69464486059,2.398524025862,0.));
#7181 = DIRECTION('',(-0.,-0.,1.));
#7182 = DIRECTION('',(-1.,0.,0.));
#7183 = DEFINITIONAL_REPRESENTATION('',(#7184),#7188);
#7184 = LINE('',#7185,#7186);
#7185 = CARTESIAN_POINT('',(-4.305355131412,4.318232229831));
#7186 = VECTOR('',#7187,1.);
#7187 = DIRECTION('',(1.,-0.));
#7188 = ( GEOMETRIC_REPRESENTATION_CONTEXT(2) 
PARAMETRIC_REPRESENTATION_CONTEXT() REPRESENTATION_CONTEXT('2D SPACE',''
  ) );
#7189 = ADVANCED_FACE('',(#7190),#7148,.T.);
#7190 = FACE_BOUND('',#7191,.T.);
#7191 = EDGE_LOOP('',(#7192,#7193,#7220,#7248));
#7192 = ORIENTED_EDGE('',*,*,#7132,.T.);
#7193 = ORIENTED_EDGE('',*,*,#7194,.T.);
#7194 = EDGE_CURVE('',#7105,#7195,#7197,.T.);
#7195 = VERTEX_POINT('',#7196);
#7196 = CARTESIAN_POINT('',(36.820963206228,0.10174453481,0.6));
#7197 = SURFACE_CURVE('',#7198,(#7204,#7211),.PCURVE_S1.);
#7198 = B_SPLINE_CURVE_WITH_KNOTS('',2,(#7199,#7200,#7201,#7202,#7203),
  .UNSPECIFIED.,.F.,.F.,(3,1,1,3),(0.,1.,2.,3.),.UNSPECIFIED.);
#7199 = CARTESIAN_POINT('',(38.583255337472,-1.919708203969,0.6));
#7200 = CARTESIAN_POINT('',(38.116766243908,-1.919708203969,0.6));
#7201 = CARTESIAN_POINT('',(37.304729673629,-1.453219110405,0.6));
#7202 = CARTESIAN_POINT('',(36.820963206228,-0.537518297111,0.6));
#7203 = CARTESIAN_POINT('',(36.820963206228,0.10174453481,0.6));
#7204 = PCURVE('',#7148,#7205);
#7205 = DEFINITIONAL_REPRESENTATION('',(#7206),#7210);
#7206 = LINE('',#7207,#7208);
#7207 = CARTESIAN_POINT('',(0.,-0.6));
#7208 = VECTOR('',#7209,1.);
#7209 = DIRECTION('',(1.,0.));
#7210 = ( GEOMETRIC_REPRESENTATION_CONTEXT(2) 
PARAMETRIC_REPRESENTATION_CONTEXT() REPRESENTATION_CONTEXT('2D SPACE',''
  ) );
#7211 = PCURVE('',#7120,#7212);
#7212 = DEFINITIONAL_REPRESENTATION('',(#7213),#7219);
#7213 = B_SPLINE_CURVE_WITH_KNOTS('',2,(#7214,#7215,#7216,#7217,#7218),
  .UNSPECIFIED.,.F.,.F.,(3,1,1,3),(0.,1.,2.,3.),.UNSPECIFIED.);
#7214 = CARTESIAN_POINT('',(-2.888610476882,4.318232229831));
#7215 = CARTESIAN_POINT('',(-2.422121383318,4.318232229831));
#7216 = CARTESIAN_POINT('',(-1.610084813039,3.851743136267));
#7217 = CARTESIAN_POINT('',(-1.126318345639,2.936042322973));
#7218 = CARTESIAN_POINT('',(-1.126318345639,2.296779491052));
#7219 = ( GEOMETRIC_REPRESENTATION_CONTEXT(2) 
PARAMETRIC_REPRESENTATION_CONTEXT() REPRESENTATION_CONTEXT('2D SPACE',''
  ) );
#7220 = ORIENTED_EDGE('',*,*,#7221,.F.);
#7221 = EDGE_CURVE('',#7222,#7195,#7224,.T.);
#7222 = VERTEX_POINT('',#7223);
#7223 = CARTESIAN_POINT('',(36.820963206228,0.10174453481,0.));
#7224 = SURFACE_CURVE('',#7225,(#7229,#7236),.PCURVE_S1.);
#7225 = LINE('',#7226,#7227);
#7226 = CARTESIAN_POINT('',(36.820963206228,0.10174453481,0.));
#7227 = VECTOR('',#7228,1.);
#7228 = DIRECTION('',(0.,-0.,1.));
#7229 = PCURVE('',#7148,#7230);
#7230 = DEFINITIONAL_REPRESENTATION('',(#7231),#7235);
#7231 = LINE('',#7232,#7233);
#7232 = CARTESIAN_POINT('',(3.,0.));
#7233 = VECTOR('',#7234,1.);
#7234 = DIRECTION('',(0.,-1.));
#7235 = ( GEOMETRIC_REPRESENTATION_CONTEXT(2) 
PARAMETRIC_REPRESENTATION_CONTEXT() REPRESENTATION_CONTEXT('2D SPACE',''
  ) );
#7236 = PCURVE('',#7237,#7242);
#7237 = PLANE('',#7238);
#7238 = AXIS2_PLACEMENT_3D('',#7239,#7240,#7241);
#7239 = CARTESIAN_POINT('',(36.820963206228,0.10174453481,0.));
#7240 = DIRECTION('',(-1.,0.,0.));
#7241 = DIRECTION('',(0.,1.,-0.));
#7242 = DEFINITIONAL_REPRESENTATION('',(#7243),#7247);
#7243 = LINE('',#7244,#7245);
#7244 = CARTESIAN_POINT('',(0.,0.));
#7245 = VECTOR('',#7246,1.);
#7246 = DIRECTION('',(0.,-1.));
#7247 = ( GEOMETRIC_REPRESENTATION_CONTEXT(2) 
PARAMETRIC_REPRESENTATION_CONTEXT() REPRESENTATION_CONTEXT('2D SPACE',''
  ) );
#7248 = ORIENTED_EDGE('',*,*,#7249,.F.);
#7249 = EDGE_CURVE('',#7133,#7222,#7250,.T.);
#7250 = SURFACE_CURVE('',#7251,(#7257,#7264),.PCURVE_S1.);
#7251 = B_SPLINE_CURVE_WITH_KNOTS('',2,(#7252,#7253,#7254,#7255,#7256),
  .UNSPECIFIED.,.F.,.F.,(3,1,1,3),(0.,1.,2.,3.),.UNSPECIFIED.);
#7252 = CARTESIAN_POINT('',(38.583255337472,-1.919708203969,0.));
#7253 = CARTESIAN_POINT('',(38.116766243908,-1.919708203969,0.));
#7254 = CARTESIAN_POINT('',(37.304729673629,-1.453219110405,0.));
#7255 = CARTESIAN_POINT('',(36.820963206228,-0.537518297111,0.));
#7256 = CARTESIAN_POINT('',(36.820963206228,0.10174453481,0.));
#7257 = PCURVE('',#7148,#7258);
#7258 = DEFINITIONAL_REPRESENTATION('',(#7259),#7263);
#7259 = LINE('',#7260,#7261);
#7260 = CARTESIAN_POINT('',(0.,0.));
#7261 = VECTOR('',#7262,1.);
#7262 = DIRECTION('',(1.,0.));
#7263 = ( GEOMETRIC_REPRESENTATION_CONTEXT(2) 
PARAMETRIC_REPRESENTATION_CONTEXT() REPRESENTATION_CONTEXT('2D SPACE',''
  ) );
#7264 = PCURVE('',#7178,#7265);
#7265 = DEFINITIONAL_REPRESENTATION('',(#7266),#7272);
#7266 = B_SPLINE_CURVE_WITH_KNOTS('',2,(#7267,#7268,#7269,#7270,#7271),
  .UNSPECIFIED.,.F.,.F.,(3,1,1,3),(0.,1.,2.,3.),.UNSPECIFIED.);
#7267 = CARTESIAN_POINT('',(-2.888610476882,4.318232229831));
#7268 = CARTESIAN_POINT('',(-2.422121383318,4.318232229831));
#7269 = CARTESIAN_POINT('',(-1.610084813039,3.851743136267));
#7270 = CARTESIAN_POINT('',(-1.126318345639,2.936042322973));
#7271 = CARTESIAN_POINT('',(-1.126318345639,2.296779491052));
#7272 = ( GEOMETRIC_REPRESENTATION_CONTEXT(2) 
PARAMETRIC_REPRESENTATION_CONTEXT() REPRESENTATION_CONTEXT('2D SPACE',''
  ) );
#7273 = ADVANCED_FACE('',(#7274),#7237,.T.);
#7274 = FACE_BOUND('',#7275,.T.);
#7275 = EDGE_LOOP('',(#7276,#7277,#7300,#7328));
#7276 = ORIENTED_EDGE('',*,*,#7221,.T.);
#7277 = ORIENTED_EDGE('',*,*,#7278,.T.);
#7278 = EDGE_CURVE('',#7195,#7279,#7281,.T.);
#7279 = VERTEX_POINT('',#7280);
#7280 = CARTESIAN_POINT('',(36.820963206228,0.326350394675,0.6));
#7281 = SURFACE_CURVE('',#7282,(#7286,#7293),.PCURVE_S1.);
#7282 = LINE('',#7283,#7284);
#7283 = CARTESIAN_POINT('',(36.820963206228,0.10174453481,0.6));
#7284 = VECTOR('',#7285,1.);
#7285 = DIRECTION('',(-0.,1.,-0.));
#7286 = PCURVE('',#7237,#7287);
#7287 = DEFINITIONAL_REPRESENTATION('',(#7288),#7292);
#7288 = LINE('',#7289,#7290);
#7289 = CARTESIAN_POINT('',(0.,-0.6));
#7290 = VECTOR('',#7291,1.);
#7291 = DIRECTION('',(1.,0.));
#7292 = ( GEOMETRIC_REPRESENTATION_CONTEXT(2) 
PARAMETRIC_REPRESENTATION_CONTEXT() REPRESENTATION_CONTEXT('2D SPACE',''
  ) );
#7293 = PCURVE('',#7120,#7294);
#7294 = DEFINITIONAL_REPRESENTATION('',(#7295),#7299);
#7295 = LINE('',#7296,#7297);
#7296 = CARTESIAN_POINT('',(-1.126318345639,2.296779491052));
#7297 = VECTOR('',#7298,1.);
#7298 = DIRECTION('',(-0.,-1.));
#7299 = ( GEOMETRIC_REPRESENTATION_CONTEXT(2) 
PARAMETRIC_REPRESENTATION_CONTEXT() REPRESENTATION_CONTEXT('2D SPACE',''
  ) );
#7300 = ORIENTED_EDGE('',*,*,#7301,.F.);
#7301 = EDGE_CURVE('',#7302,#7279,#7304,.T.);
#7302 = VERTEX_POINT('',#7303);
#7303 = CARTESIAN_POINT('',(36.820963206228,0.326350394675,0.));
#7304 = SURFACE_CURVE('',#7305,(#7309,#7316),.PCURVE_S1.);
#7305 = LINE('',#7306,#7307);
#7306 = CARTESIAN_POINT('',(36.820963206228,0.326350394675,0.));
#7307 = VECTOR('',#7308,1.);
#7308 = DIRECTION('',(0.,-0.,1.));
#7309 = PCURVE('',#7237,#7310);
#7310 = DEFINITIONAL_REPRESENTATION('',(#7311),#7315);
#7311 = LINE('',#7312,#7313);
#7312 = CARTESIAN_POINT('',(0.224605859864,0.));
#7313 = VECTOR('',#7314,1.);
#7314 = DIRECTION('',(0.,-1.));
#7315 = ( GEOMETRIC_REPRESENTATION_CONTEXT(2) 
PARAMETRIC_REPRESENTATION_CONTEXT() REPRESENTATION_CONTEXT('2D SPACE',''
  ) );
#7316 = PCURVE('',#7317,#7322);
#7317 = PLANE('',#7318);
#7318 = AXIS2_PLACEMENT_3D('',#7319,#7320,#7321);
#7319 = CARTESIAN_POINT('',(36.820963206228,0.326350394675,0.));
#7320 = DIRECTION('',(0.764911198117,0.644135745783,0.));
#7321 = DIRECTION('',(0.644135745783,-0.764911198117,-0.));
#7322 = DEFINITIONAL_REPRESENTATION('',(#7323),#7327);
#7323 = LINE('',#7324,#7325);
#7324 = CARTESIAN_POINT('',(0.,0.));
#7325 = VECTOR('',#7326,1.);
#7326 = DIRECTION('',(0.,-1.));
#7327 = ( GEOMETRIC_REPRESENTATION_CONTEXT(2) 
PARAMETRIC_REPRESENTATION_CONTEXT() REPRESENTATION_CONTEXT('2D SPACE',''
  ) );
#7328 = ORIENTED_EDGE('',*,*,#7329,.F.);
#7329 = EDGE_CURVE('',#7222,#7302,#7330,.T.);
#7330 = SURFACE_CURVE('',#7331,(#7335,#7342),.PCURVE_S1.);
#7331 = LINE('',#7332,#7333);
#7332 = CARTESIAN_POINT('',(36.820963206228,0.10174453481,0.));
#7333 = VECTOR('',#7334,1.);
#7334 = DIRECTION('',(-0.,1.,-0.));
#7335 = PCURVE('',#7237,#7336);
#7336 = DEFINITIONAL_REPRESENTATION('',(#7337),#7341);
#7337 = LINE('',#7338,#7339);
#7338 = CARTESIAN_POINT('',(0.,0.));
#7339 = VECTOR('',#7340,1.);
#7340 = DIRECTION('',(1.,0.));
#7341 = ( GEOMETRIC_REPRESENTATION_CONTEXT(2) 
PARAMETRIC_REPRESENTATION_CONTEXT() REPRESENTATION_CONTEXT('2D SPACE',''
  ) );
#7342 = PCURVE('',#7178,#7343);
#7343 = DEFINITIONAL_REPRESENTATION('',(#7344),#7348);
#7344 = LINE('',#7345,#7346);
#7345 = CARTESIAN_POINT('',(-1.126318345639,2.296779491052));
#7346 = VECTOR('',#7347,1.);
#7347 = DIRECTION('',(-0.,-1.));
#7348 = ( GEOMETRIC_REPRESENTATION_CONTEXT(2) 
PARAMETRIC_REPRESENTATION_CONTEXT() REPRESENTATION_CONTEXT('2D SPACE',''
  ) );
#7349 = ADVANCED_FACE('',(#7350),#7317,.T.);
#7350 = FACE_BOUND('',#7351,.T.);
#7351 = EDGE_LOOP('',(#7352,#7353,#7376,#7404));
#7352 = ORIENTED_EDGE('',*,*,#7301,.T.);
#7353 = ORIENTED_EDGE('',*,*,#7354,.T.);
#7354 = EDGE_CURVE('',#7279,#7355,#7357,.T.);
#7355 = VERTEX_POINT('',#7356);
#7356 = CARTESIAN_POINT('',(37.373839168972,-0.330189811083,0.6));
#7357 = SURFACE_CURVE('',#7358,(#7362,#7369),.PCURVE_S1.);
#7358 = LINE('',#7359,#7360);
#7359 = CARTESIAN_POINT('',(36.820963206228,0.326350394675,0.6));
#7360 = VECTOR('',#7361,1.);
#7361 = DIRECTION('',(0.644135745783,-0.764911198117,-0.));
#7362 = PCURVE('',#7317,#7363);
#7363 = DEFINITIONAL_REPRESENTATION('',(#7364),#7368);
#7364 = LINE('',#7365,#7366);
#7365 = CARTESIAN_POINT('',(0.,-0.6));
#7366 = VECTOR('',#7367,1.);
#7367 = DIRECTION('',(1.,0.));
#7368 = ( GEOMETRIC_REPRESENTATION_CONTEXT(2) 
PARAMETRIC_REPRESENTATION_CONTEXT() REPRESENTATION_CONTEXT('2D SPACE',''
  ) );
#7369 = PCURVE('',#7120,#7370);
#7370 = DEFINITIONAL_REPRESENTATION('',(#7371),#7375);
#7371 = LINE('',#7372,#7373);
#7372 = CARTESIAN_POINT('',(-1.126318345639,2.072173631187));
#7373 = VECTOR('',#7374,1.);
#7374 = DIRECTION('',(-0.644135745783,0.764911198117));
#7375 = ( GEOMETRIC_REPRESENTATION_CONTEXT(2) 
PARAMETRIC_REPRESENTATION_CONTEXT() REPRESENTATION_CONTEXT('2D SPACE',''
  ) );
#7376 = ORIENTED_EDGE('',*,*,#7377,.F.);
#7377 = EDGE_CURVE('',#7378,#7355,#7380,.T.);
#7378 = VERTEX_POINT('',#7379);
#7379 = CARTESIAN_POINT('',(37.373839168972,-0.330189811083,0.));
#7380 = SURFACE_CURVE('',#7381,(#7385,#7392),.PCURVE_S1.);
#7381 = LINE('',#7382,#7383);
#7382 = CARTESIAN_POINT('',(37.373839168972,-0.330189811083,0.));
#7383 = VECTOR('',#7384,1.);
#7384 = DIRECTION('',(0.,-0.,1.));
#7385 = PCURVE('',#7317,#7386);
#7386 = DEFINITIONAL_REPRESENTATION('',(#7387),#7391);
#7387 = LINE('',#7388,#7389);
#7388 = CARTESIAN_POINT('',(0.858322125985,0.));
#7389 = VECTOR('',#7390,1.);
#7390 = DIRECTION('',(0.,-1.));
#7391 = ( GEOMETRIC_REPRESENTATION_CONTEXT(2) 
PARAMETRIC_REPRESENTATION_CONTEXT() REPRESENTATION_CONTEXT('2D SPACE',''
  ) );
#7392 = PCURVE('',#7393,#7398);
#7393 = PLANE('',#7394);
#7394 = AXIS2_PLACEMENT_3D('',#7395,#7396,#7397);
#7395 = CARTESIAN_POINT('',(37.373839168972,-0.330189811083,0.));
#7396 = DIRECTION('',(0.,-1.,-0.));
#7397 = DIRECTION('',(-1.,-0.,0.));
#7398 = DEFINITIONAL_REPRESENTATION('',(#7399),#7403);
#7399 = LINE('',#7400,#7401);
#7400 = CARTESIAN_POINT('',(0.,0.));
#7401 = VECTOR('',#7402,1.);
#7402 = DIRECTION('',(0.,-1.));
#7403 = ( GEOMETRIC_REPRESENTATION_CONTEXT(2) 
PARAMETRIC_REPRESENTATION_CONTEXT() REPRESENTATION_CONTEXT('2D SPACE',''
  ) );
#7404 = ORIENTED_EDGE('',*,*,#7405,.F.);
#7405 = EDGE_CURVE('',#7302,#7378,#7406,.T.);
#7406 = SURFACE_CURVE('',#7407,(#7411,#7418),.PCURVE_S1.);
#7407 = LINE('',#7408,#7409);
#7408 = CARTESIAN_POINT('',(36.820963206228,0.326350394675,0.));
#7409 = VECTOR('',#7410,1.);
#7410 = DIRECTION('',(0.644135745783,-0.764911198117,-0.));
#7411 = PCURVE('',#7317,#7412);
#7412 = DEFINITIONAL_REPRESENTATION('',(#7413),#7417);
#7413 = LINE('',#7414,#7415);
#7414 = CARTESIAN_POINT('',(0.,0.));
#7415 = VECTOR('',#7416,1.);
#7416 = DIRECTION('',(1.,0.));
#7417 = ( GEOMETRIC_REPRESENTATION_CONTEXT(2) 
PARAMETRIC_REPRESENTATION_CONTEXT() REPRESENTATION_CONTEXT('2D SPACE',''
  ) );
#7418 = PCURVE('',#7178,#7419);
#7419 = DEFINITIONAL_REPRESENTATION('',(#7420),#7424);
#7420 = LINE('',#7421,#7422);
#7421 = CARTESIAN_POINT('',(-1.126318345639,2.072173631187));
#7422 = VECTOR('',#7423,1.);
#7423 = DIRECTION('',(-0.644135745783,0.764911198117));
#7424 = ( GEOMETRIC_REPRESENTATION_CONTEXT(2) 
PARAMETRIC_REPRESENTATION_CONTEXT() REPRESENTATION_CONTEXT('2D SPACE',''
  ) );
#7425 = ADVANCED_FACE('',(#7426),#7393,.T.);
#7426 = FACE_BOUND('',#7427,.T.);
#7427 = EDGE_LOOP('',(#7428,#7429,#7452,#7488));
#7428 = ORIENTED_EDGE('',*,*,#7377,.T.);
#7429 = ORIENTED_EDGE('',*,*,#7430,.T.);
#7430 = EDGE_CURVE('',#7355,#7431,#7433,.T.);
#7431 = VERTEX_POINT('',#7432);
#7432 = CARTESIAN_POINT('',(36.751853710886,-0.330189811083,0.6));
#7433 = SURFACE_CURVE('',#7434,(#7438,#7445),.PCURVE_S1.);
#7434 = LINE('',#7435,#7436);
#7435 = CARTESIAN_POINT('',(37.373839168972,-0.330189811083,0.6));
#7436 = VECTOR('',#7437,1.);
#7437 = DIRECTION('',(-1.,-0.,0.));
#7438 = PCURVE('',#7393,#7439);
#7439 = DEFINITIONAL_REPRESENTATION('',(#7440),#7444);
#7440 = LINE('',#7441,#7442);
#7441 = CARTESIAN_POINT('',(0.,-0.6));
#7442 = VECTOR('',#7443,1.);
#7443 = DIRECTION('',(1.,0.));
#7444 = ( GEOMETRIC_REPRESENTATION_CONTEXT(2) 
PARAMETRIC_REPRESENTATION_CONTEXT() REPRESENTATION_CONTEXT('2D SPACE',''
  ) );
#7445 = PCURVE('',#7120,#7446);
#7446 = DEFINITIONAL_REPRESENTATION('',(#7447),#7451);
#7447 = LINE('',#7448,#7449);
#7448 = CARTESIAN_POINT('',(-1.679194308382,2.728713836945));
#7449 = VECTOR('',#7450,1.);
#7450 = DIRECTION('',(1.,-0.));
#7451 = ( GEOMETRIC_REPRESENTATION_CONTEXT(2) 
PARAMETRIC_REPRESENTATION_CONTEXT() REPRESENTATION_CONTEXT('2D SPACE',''
  ) );
#7452 = ORIENTED_EDGE('',*,*,#7453,.F.);
#7453 = EDGE_CURVE('',#7454,#7431,#7456,.T.);
#7454 = VERTEX_POINT('',#7455);
#7455 = CARTESIAN_POINT('',(36.751853710886,-0.330189811083,0.));
#7456 = SURFACE_CURVE('',#7457,(#7461,#7468),.PCURVE_S1.);
#7457 = LINE('',#7458,#7459);
#7458 = CARTESIAN_POINT('',(36.751853710886,-0.330189811083,0.));
#7459 = VECTOR('',#7460,1.);
#7460 = DIRECTION('',(0.,-0.,1.));
#7461 = PCURVE('',#7393,#7462);
#7462 = DEFINITIONAL_REPRESENTATION('',(#7463),#7467);
#7463 = LINE('',#7464,#7465);
#7464 = CARTESIAN_POINT('',(0.621985458086,0.));
#7465 = VECTOR('',#7466,1.);
#7466 = DIRECTION('',(0.,-1.));
#7467 = ( GEOMETRIC_REPRESENTATION_CONTEXT(2) 
PARAMETRIC_REPRESENTATION_CONTEXT() REPRESENTATION_CONTEXT('2D SPACE',''
  ) );
#7468 = PCURVE('',#7469,#7482);
#7469 = SURFACE_OF_LINEAR_EXTRUSION('',#7470,#7480);
#7470 = B_SPLINE_CURVE_WITH_KNOTS('',2,(#7471,#7472,#7473,#7474,#7475,
    #7476,#7477,#7478,#7479),.UNSPECIFIED.,.F.,.F.,(3,1,1,1,1,1,1,3),(0.
    ,1.,2.,3.316666666667,4.633333333333,5.717647058823,6.801960784314,
    7.886274509804),.UNSPECIFIED.);
#7471 = CARTESIAN_POINT('',(36.751853710886,-0.330189811083,0.));
#7472 = CARTESIAN_POINT('',(36.544525224857,-1.211335876704,0.));
#7473 = CARTESIAN_POINT('',(35.127780570328,-2.127036689998,0.));
#7474 = CARTESIAN_POINT('',(32.726225607162,-2.127036689998,0.));
#7475 = CARTESIAN_POINT('',(31.274926204962,-0.658459913961,0.));
#7476 = CARTESIAN_POINT('',(31.274926204962,1.483934441668,0.));
#7477 = CARTESIAN_POINT('',(32.225181765927,2.72790535784,0.));
#7478 = CARTESIAN_POINT('',(33.970196523334,3.349890815926,0.));
#7479 = CARTESIAN_POINT('',(35.162335317999,3.349890815926,0.));
#7480 = VECTOR('',#7481,1.);
#7481 = DIRECTION('',(-0.,0.,-1.));
#7482 = DEFINITIONAL_REPRESENTATION('',(#7483),#7487);
#7483 = LINE('',#7484,#7485);
#7484 = CARTESIAN_POINT('',(0.,0.));
#7485 = VECTOR('',#7486,1.);
#7486 = DIRECTION('',(0.,-1.));
#7487 = ( GEOMETRIC_REPRESENTATION_CONTEXT(2) 
PARAMETRIC_REPRESENTATION_CONTEXT() REPRESENTATION_CONTEXT('2D SPACE',''
  ) );
#7488 = ORIENTED_EDGE('',*,*,#7489,.F.);
#7489 = EDGE_CURVE('',#7378,#7454,#7490,.T.);
#7490 = SURFACE_CURVE('',#7491,(#7495,#7502),.PCURVE_S1.);
#7491 = LINE('',#7492,#7493);
#7492 = CARTESIAN_POINT('',(37.373839168972,-0.330189811083,0.));
#7493 = VECTOR('',#7494,1.);
#7494 = DIRECTION('',(-1.,-0.,0.));
#7495 = PCURVE('',#7393,#7496);
#7496 = DEFINITIONAL_REPRESENTATION('',(#7497),#7501);
#7497 = LINE('',#7498,#7499);
#7498 = CARTESIAN_POINT('',(0.,0.));
#7499 = VECTOR('',#7500,1.);
#7500 = DIRECTION('',(1.,0.));
#7501 = ( GEOMETRIC_REPRESENTATION_CONTEXT(2) 
PARAMETRIC_REPRESENTATION_CONTEXT() REPRESENTATION_CONTEXT('2D SPACE',''
  ) );
#7502 = PCURVE('',#7178,#7503);
#7503 = DEFINITIONAL_REPRESENTATION('',(#7504),#7508);
#7504 = LINE('',#7505,#7506);
#7505 = CARTESIAN_POINT('',(-1.679194308382,2.728713836945));
#7506 = VECTOR('',#7507,1.);
#7507 = DIRECTION('',(1.,-0.));
#7508 = ( GEOMETRIC_REPRESENTATION_CONTEXT(2) 
PARAMETRIC_REPRESENTATION_CONTEXT() REPRESENTATION_CONTEXT('2D SPACE',''
  ) );
#7509 = ADVANCED_FACE('',(#7510),#7469,.T.);
#7510 = FACE_BOUND('',#7511,.T.);
#7511 = EDGE_LOOP('',(#7512,#7513,#7548,#7576));
#7512 = ORIENTED_EDGE('',*,*,#7453,.T.);
#7513 = ORIENTED_EDGE('',*,*,#7514,.T.);
#7514 = EDGE_CURVE('',#7431,#7515,#7517,.T.);
#7515 = VERTEX_POINT('',#7516);
#7516 = CARTESIAN_POINT('',(35.162335317999,3.349890815926,0.6));
#7517 = SURFACE_CURVE('',#7518,(#7528,#7535),.PCURVE_S1.);
#7518 = B_SPLINE_CURVE_WITH_KNOTS('',2,(#7519,#7520,#7521,#7522,#7523,
    #7524,#7525,#7526,#7527),.UNSPECIFIED.,.F.,.F.,(3,1,1,1,1,1,1,3),(0.
    ,1.,2.,3.316666666667,4.633333333333,5.717647058823,6.801960784314,
    7.886274509804),.UNSPECIFIED.);
#7519 = CARTESIAN_POINT('',(36.751853710886,-0.330189811083,0.6));
#7520 = CARTESIAN_POINT('',(36.544525224857,-1.211335876704,0.6));
#7521 = CARTESIAN_POINT('',(35.127780570328,-2.127036689998,0.6));
#7522 = CARTESIAN_POINT('',(32.726225607162,-2.127036689998,0.6));
#7523 = CARTESIAN_POINT('',(31.274926204962,-0.658459913961,0.6));
#7524 = CARTESIAN_POINT('',(31.274926204962,1.483934441668,0.6));
#7525 = CARTESIAN_POINT('',(32.225181765927,2.72790535784,0.6));
#7526 = CARTESIAN_POINT('',(33.970196523334,3.349890815926,0.6));
#7527 = CARTESIAN_POINT('',(35.162335317999,3.349890815926,0.6));
#7528 = PCURVE('',#7469,#7529);
#7529 = DEFINITIONAL_REPRESENTATION('',(#7530),#7534);
#7530 = LINE('',#7531,#7532);
#7531 = CARTESIAN_POINT('',(0.,-0.6));
#7532 = VECTOR('',#7533,1.);
#7533 = DIRECTION('',(1.,0.));
#7534 = ( GEOMETRIC_REPRESENTATION_CONTEXT(2) 
PARAMETRIC_REPRESENTATION_CONTEXT() REPRESENTATION_CONTEXT('2D SPACE',''
  ) );
#7535 = PCURVE('',#7120,#7536);
#7536 = DEFINITIONAL_REPRESENTATION('',(#7537),#7547);
#7537 = B_SPLINE_CURVE_WITH_KNOTS('',2,(#7538,#7539,#7540,#7541,#7542,
    #7543,#7544,#7545,#7546),.UNSPECIFIED.,.F.,.F.,(3,1,1,1,1,1,1,3),(0.
    ,1.,2.,3.316666666667,4.633333333333,5.717647058823,6.801960784314,
    7.886274509804),.UNSPECIFIED.);
#7538 = CARTESIAN_POINT('',(-1.057208850296,2.728713836945));
#7539 = CARTESIAN_POINT('',(-0.849880364267,3.609859902566));
#7540 = CARTESIAN_POINT('',(0.566864290262,4.52556071586));
#7541 = CARTESIAN_POINT('',(2.968419253427,4.52556071586));
#7542 = CARTESIAN_POINT('',(4.419718655628,3.056983939823));
#7543 = CARTESIAN_POINT('',(4.419718655628,0.914589584194));
#7544 = CARTESIAN_POINT('',(3.469463094663,-0.329381331978));
#7545 = CARTESIAN_POINT('',(1.724448337255,-0.951366790064));
#7546 = CARTESIAN_POINT('',(0.53230954259,-0.951366790064));
#7547 = ( GEOMETRIC_REPRESENTATION_CONTEXT(2) 
PARAMETRIC_REPRESENTATION_CONTEXT() REPRESENTATION_CONTEXT('2D SPACE',''
  ) );
#7548 = ORIENTED_EDGE('',*,*,#7549,.F.);
#7549 = EDGE_CURVE('',#7550,#7515,#7552,.T.);
#7550 = VERTEX_POINT('',#7551);
#7551 = CARTESIAN_POINT('',(35.162335317999,3.349890815926,0.));
#7552 = SURFACE_CURVE('',#7553,(#7557,#7564),.PCURVE_S1.);
#7553 = LINE('',#7554,#7555);
#7554 = CARTESIAN_POINT('',(35.162335317999,3.349890815926,0.));
#7555 = VECTOR('',#7556,1.);
#7556 = DIRECTION('',(0.,-0.,1.));
#7557 = PCURVE('',#7469,#7558);
#7558 = DEFINITIONAL_REPRESENTATION('',(#7559),#7563);
#7559 = LINE('',#7560,#7561);
#7560 = CARTESIAN_POINT('',(7.886274509804,0.));
#7561 = VECTOR('',#7562,1.);
#7562 = DIRECTION('',(0.,-1.));
#7563 = ( GEOMETRIC_REPRESENTATION_CONTEXT(2) 
PARAMETRIC_REPRESENTATION_CONTEXT() REPRESENTATION_CONTEXT('2D SPACE',''
  ) );
#7564 = PCURVE('',#7565,#7570);
#7565 = PLANE('',#7566);
#7566 = AXIS2_PLACEMENT_3D('',#7567,#7568,#7569);
#7567 = CARTESIAN_POINT('',(35.162335317999,3.349890815926,0.));
#7568 = DIRECTION('',(0.,1.,0.));
#7569 = DIRECTION('',(1.,0.,-0.));
#7570 = DEFINITIONAL_REPRESENTATION('',(#7571),#7575);
#7571 = LINE('',#7572,#7573);
#7572 = CARTESIAN_POINT('',(0.,0.));
#7573 = VECTOR('',#7574,1.);
#7574 = DIRECTION('',(0.,-1.));
#7575 = ( GEOMETRIC_REPRESENTATION_CONTEXT(2) 
PARAMETRIC_REPRESENTATION_CONTEXT() REPRESENTATION_CONTEXT('2D SPACE',''
  ) );
#7576 = ORIENTED_EDGE('',*,*,#7577,.F.);
#7577 = EDGE_CURVE('',#7454,#7550,#7578,.T.);
#7578 = SURFACE_CURVE('',#7579,(#7589,#7596),.PCURVE_S1.);
#7579 = B_SPLINE_CURVE_WITH_KNOTS('',2,(#7580,#7581,#7582,#7583,#7584,
    #7585,#7586,#7587,#7588),.UNSPECIFIED.,.F.,.F.,(3,1,1,1,1,1,1,3),(0.
    ,1.,2.,3.316666666667,4.633333333333,5.717647058823,6.801960784314,
    7.886274509804),.UNSPECIFIED.);
#7580 = CARTESIAN_POINT('',(36.751853710886,-0.330189811083,0.));
#7581 = CARTESIAN_POINT('',(36.544525224857,-1.211335876704,0.));
#7582 = CARTESIAN_POINT('',(35.127780570328,-2.127036689998,0.));
#7583 = CARTESIAN_POINT('',(32.726225607162,-2.127036689998,0.));
#7584 = CARTESIAN_POINT('',(31.274926204962,-0.658459913961,0.));
#7585 = CARTESIAN_POINT('',(31.274926204962,1.483934441668,0.));
#7586 = CARTESIAN_POINT('',(32.225181765927,2.72790535784,0.));
#7587 = CARTESIAN_POINT('',(33.970196523334,3.349890815926,0.));
#7588 = CARTESIAN_POINT('',(35.162335317999,3.349890815926,0.));
#7589 = PCURVE('',#7469,#7590);
#7590 = DEFINITIONAL_REPRESENTATION('',(#7591),#7595);
#7591 = LINE('',#7592,#7593);
#7592 = CARTESIAN_POINT('',(0.,0.));
#7593 = VECTOR('',#7594,1.);
#7594 = DIRECTION('',(1.,0.));
#7595 = ( GEOMETRIC_REPRESENTATION_CONTEXT(2) 
PARAMETRIC_REPRESENTATION_CONTEXT() REPRESENTATION_CONTEXT('2D SPACE',''
  ) );
#7596 = PCURVE('',#7178,#7597);
#7597 = DEFINITIONAL_REPRESENTATION('',(#7598),#7608);
#7598 = B_SPLINE_CURVE_WITH_KNOTS('',2,(#7599,#7600,#7601,#7602,#7603,
    #7604,#7605,#7606,#7607),.UNSPECIFIED.,.F.,.F.,(3,1,1,1,1,1,1,3),(0.
    ,1.,2.,3.316666666667,4.633333333333,5.717647058823,6.801960784314,
    7.886274509804),.UNSPECIFIED.);
#7599 = CARTESIAN_POINT('',(-1.057208850296,2.728713836945));
#7600 = CARTESIAN_POINT('',(-0.849880364267,3.609859902566));
#7601 = CARTESIAN_POINT('',(0.566864290262,4.52556071586));
#7602 = CARTESIAN_POINT('',(2.968419253427,4.52556071586));
#7603 = CARTESIAN_POINT('',(4.419718655628,3.056983939823));
#7604 = CARTESIAN_POINT('',(4.419718655628,0.914589584194));
#7605 = CARTESIAN_POINT('',(3.469463094663,-0.329381331978));
#7606 = CARTESIAN_POINT('',(1.724448337255,-0.951366790064));
#7607 = CARTESIAN_POINT('',(0.53230954259,-0.951366790064));
#7608 = ( GEOMETRIC_REPRESENTATION_CONTEXT(2) 
PARAMETRIC_REPRESENTATION_CONTEXT() REPRESENTATION_CONTEXT('2D SPACE',''
  ) );
#7609 = ADVANCED_FACE('',(#7610),#7565,.T.);
#7610 = FACE_BOUND('',#7611,.T.);
#7611 = EDGE_LOOP('',(#7612,#7613,#7636,#7664));
#7612 = ORIENTED_EDGE('',*,*,#7549,.T.);
#7613 = ORIENTED_EDGE('',*,*,#7614,.T.);
#7614 = EDGE_CURVE('',#7515,#7615,#7617,.T.);
#7615 = VERTEX_POINT('',#7616);
#7616 = CARTESIAN_POINT('',(36.596357346364,3.349890815926,0.6));
#7617 = SURFACE_CURVE('',#7618,(#7622,#7629),.PCURVE_S1.);
#7618 = LINE('',#7619,#7620);
#7619 = CARTESIAN_POINT('',(35.162335317999,3.349890815926,0.6));
#7620 = VECTOR('',#7621,1.);
#7621 = DIRECTION('',(1.,-0.,-0.));
#7622 = PCURVE('',#7565,#7623);
#7623 = DEFINITIONAL_REPRESENTATION('',(#7624),#7628);
#7624 = LINE('',#7625,#7626);
#7625 = CARTESIAN_POINT('',(0.,-0.6));
#7626 = VECTOR('',#7627,1.);
#7627 = DIRECTION('',(1.,0.));
#7628 = ( GEOMETRIC_REPRESENTATION_CONTEXT(2) 
PARAMETRIC_REPRESENTATION_CONTEXT() REPRESENTATION_CONTEXT('2D SPACE',''
  ) );
#7629 = PCURVE('',#7120,#7630);
#7630 = DEFINITIONAL_REPRESENTATION('',(#7631),#7635);
#7631 = LINE('',#7632,#7633);
#7632 = CARTESIAN_POINT('',(0.53230954259,-0.951366790064));
#7633 = VECTOR('',#7634,1.);
#7634 = DIRECTION('',(-1.,-0.));
#7635 = ( GEOMETRIC_REPRESENTATION_CONTEXT(2) 
PARAMETRIC_REPRESENTATION_CONTEXT() REPRESENTATION_CONTEXT('2D SPACE',''
  ) );
#7636 = ORIENTED_EDGE('',*,*,#7637,.F.);
#7637 = EDGE_CURVE('',#7638,#7615,#7640,.T.);
#7638 = VERTEX_POINT('',#7639);
#7639 = CARTESIAN_POINT('',(36.596357346364,3.349890815926,0.));
#7640 = SURFACE_CURVE('',#7641,(#7645,#7652),.PCURVE_S1.);
#7641 = LINE('',#7642,#7643);
#7642 = CARTESIAN_POINT('',(36.596357346364,3.349890815926,0.));
#7643 = VECTOR('',#7644,1.);
#7644 = DIRECTION('',(0.,-0.,1.));
#7645 = PCURVE('',#7565,#7646);
#7646 = DEFINITIONAL_REPRESENTATION('',(#7647),#7651);
#7647 = LINE('',#7648,#7649);
#7648 = CARTESIAN_POINT('',(1.434022028365,0.));
#7649 = VECTOR('',#7650,1.);
#7650 = DIRECTION('',(0.,-1.));
#7651 = ( GEOMETRIC_REPRESENTATION_CONTEXT(2) 
PARAMETRIC_REPRESENTATION_CONTEXT() REPRESENTATION_CONTEXT('2D SPACE',''
  ) );
#7652 = PCURVE('',#7653,#7658);
#7653 = PLANE('',#7654);
#7654 = AXIS2_PLACEMENT_3D('',#7655,#7656,#7657);
#7655 = CARTESIAN_POINT('',(36.596357346364,3.349890815926,0.));
#7656 = DIRECTION('',(-1.,0.,0.));
#7657 = DIRECTION('',(0.,1.,-0.));
#7658 = DEFINITIONAL_REPRESENTATION('',(#7659),#7663);
#7659 = LINE('',#7660,#7661);
#7660 = CARTESIAN_POINT('',(0.,0.));
#7661 = VECTOR('',#7662,1.);
#7662 = DIRECTION('',(0.,-1.));
#7663 = ( GEOMETRIC_REPRESENTATION_CONTEXT(2) 
PARAMETRIC_REPRESENTATION_CONTEXT() REPRESENTATION_CONTEXT('2D SPACE',''
  ) );
#7664 = ORIENTED_EDGE('',*,*,#7665,.F.);
#7665 = EDGE_CURVE('',#7550,#7638,#7666,.T.);
#7666 = SURFACE_CURVE('',#7667,(#7671,#7678),.PCURVE_S1.);
#7667 = LINE('',#7668,#7669);
#7668 = CARTESIAN_POINT('',(35.162335317999,3.349890815926,0.));
#7669 = VECTOR('',#7670,1.);
#7670 = DIRECTION('',(1.,-0.,-0.));
#7671 = PCURVE('',#7565,#7672);
#7672 = DEFINITIONAL_REPRESENTATION('',(#7673),#7677);
#7673 = LINE('',#7674,#7675);
#7674 = CARTESIAN_POINT('',(0.,0.));
#7675 = VECTOR('',#7676,1.);
#7676 = DIRECTION('',(1.,0.));
#7677 = ( GEOMETRIC_REPRESENTATION_CONTEXT(2) 
PARAMETRIC_REPRESENTATION_CONTEXT() REPRESENTATION_CONTEXT('2D SPACE',''
  ) );
#7678 = PCURVE('',#7178,#7679);
#7679 = DEFINITIONAL_REPRESENTATION('',(#7680),#7684);
#7680 = LINE('',#7681,#7682);
#7681 = CARTESIAN_POINT('',(0.53230954259,-0.951366790064));
#7682 = VECTOR('',#7683,1.);
#7683 = DIRECTION('',(-1.,-0.));
#7684 = ( GEOMETRIC_REPRESENTATION_CONTEXT(2) 
PARAMETRIC_REPRESENTATION_CONTEXT() REPRESENTATION_CONTEXT('2D SPACE',''
  ) );
#7685 = ADVANCED_FACE('',(#7686),#7653,.T.);
#7686 = FACE_BOUND('',#7687,.T.);
#7687 = EDGE_LOOP('',(#7688,#7689,#7712,#7745));
#7688 = ORIENTED_EDGE('',*,*,#7637,.T.);
#7689 = ORIENTED_EDGE('',*,*,#7690,.T.);
#7690 = EDGE_CURVE('',#7615,#7691,#7693,.T.);
#7691 = VERTEX_POINT('',#7692);
#7692 = CARTESIAN_POINT('',(36.596357346364,3.920044152505,0.6));
#7693 = SURFACE_CURVE('',#7694,(#7698,#7705),.PCURVE_S1.);
#7694 = LINE('',#7695,#7696);
#7695 = CARTESIAN_POINT('',(36.596357346364,3.349890815926,0.6));
#7696 = VECTOR('',#7697,1.);
#7697 = DIRECTION('',(-0.,1.,-0.));
#7698 = PCURVE('',#7653,#7699);
#7699 = DEFINITIONAL_REPRESENTATION('',(#7700),#7704);
#7700 = LINE('',#7701,#7702);
#7701 = CARTESIAN_POINT('',(0.,-0.6));
#7702 = VECTOR('',#7703,1.);
#7703 = DIRECTION('',(1.,0.));
#7704 = ( GEOMETRIC_REPRESENTATION_CONTEXT(2) 
PARAMETRIC_REPRESENTATION_CONTEXT() REPRESENTATION_CONTEXT('2D SPACE',''
  ) );
#7705 = PCURVE('',#7120,#7706);
#7706 = DEFINITIONAL_REPRESENTATION('',(#7707),#7711);
#7707 = LINE('',#7708,#7709);
#7708 = CARTESIAN_POINT('',(-0.901712485775,-0.951366790064));
#7709 = VECTOR('',#7710,1.);
#7710 = DIRECTION('',(-0.,-1.));
#7711 = ( GEOMETRIC_REPRESENTATION_CONTEXT(2) 
PARAMETRIC_REPRESENTATION_CONTEXT() REPRESENTATION_CONTEXT('2D SPACE',''
  ) );
#7712 = ORIENTED_EDGE('',*,*,#7713,.F.);
#7713 = EDGE_CURVE('',#7714,#7691,#7716,.T.);
#7714 = VERTEX_POINT('',#7715);
#7715 = CARTESIAN_POINT('',(36.596357346364,3.920044152505,0.));
#7716 = SURFACE_CURVE('',#7717,(#7721,#7728),.PCURVE_S1.);
#7717 = LINE('',#7718,#7719);
#7718 = CARTESIAN_POINT('',(36.596357346364,3.920044152505,0.));
#7719 = VECTOR('',#7720,1.);
#7720 = DIRECTION('',(0.,-0.,1.));
#7721 = PCURVE('',#7653,#7722);
#7722 = DEFINITIONAL_REPRESENTATION('',(#7723),#7727);
#7723 = LINE('',#7724,#7725);
#7724 = CARTESIAN_POINT('',(0.570153336579,0.));
#7725 = VECTOR('',#7726,1.);
#7726 = DIRECTION('',(0.,-1.));
#7727 = ( GEOMETRIC_REPRESENTATION_CONTEXT(2) 
PARAMETRIC_REPRESENTATION_CONTEXT() REPRESENTATION_CONTEXT('2D SPACE',''
  ) );
#7728 = PCURVE('',#7729,#7739);
#7729 = SURFACE_OF_LINEAR_EXTRUSION('',#7730,#7737);
#7730 = B_SPLINE_CURVE_WITH_KNOTS('',2,(#7731,#7732,#7733,#7734,#7735,
    #7736),.UNSPECIFIED.,.F.,.F.,(3,1,1,1,3),(0.,1.,2.,2.936170212766,
    3.872340425532),.UNSPECIFIED.);
#7731 = CARTESIAN_POINT('',(36.596357346364,3.920044152505,0.));
#7732 = CARTESIAN_POINT('',(36.596357346364,4.576584358262,0.));
#7733 = CARTESIAN_POINT('',(35.905262392935,5.35406618087,0.));
#7734 = CARTESIAN_POINT('',(34.333021373885,5.35406618087,0.));
#7735 = CARTESIAN_POINT('',(33.434597934427,4.697525975112,0.));
#7736 = CARTESIAN_POINT('',(33.14088257922,4.282869003055,0.));
#7737 = VECTOR('',#7738,1.);
#7738 = DIRECTION('',(-0.,0.,-1.));
#7739 = DEFINITIONAL_REPRESENTATION('',(#7740),#7744);
#7740 = LINE('',#7741,#7742);
#7741 = CARTESIAN_POINT('',(0.,0.));
#7742 = VECTOR('',#7743,1.);
#7743 = DIRECTION('',(0.,-1.));
#7744 = ( GEOMETRIC_REPRESENTATION_CONTEXT(2) 
PARAMETRIC_REPRESENTATION_CONTEXT() REPRESENTATION_CONTEXT('2D SPACE',''
  ) );
#7745 = ORIENTED_EDGE('',*,*,#7746,.F.);
#7746 = EDGE_CURVE('',#7638,#7714,#7747,.T.);
#7747 = SURFACE_CURVE('',#7748,(#7752,#7759),.PCURVE_S1.);
#7748 = LINE('',#7749,#7750);
#7749 = CARTESIAN_POINT('',(36.596357346364,3.349890815926,0.));
#7750 = VECTOR('',#7751,1.);
#7751 = DIRECTION('',(-0.,1.,-0.));
#7752 = PCURVE('',#7653,#7753);
#7753 = DEFINITIONAL_REPRESENTATION('',(#7754),#7758);
#7754 = LINE('',#7755,#7756);
#7755 = CARTESIAN_POINT('',(0.,0.));
#7756 = VECTOR('',#7757,1.);
#7757 = DIRECTION('',(1.,0.));
#7758 = ( GEOMETRIC_REPRESENTATION_CONTEXT(2) 
PARAMETRIC_REPRESENTATION_CONTEXT() REPRESENTATION_CONTEXT('2D SPACE',''
  ) );
#7759 = PCURVE('',#7178,#7760);
#7760 = DEFINITIONAL_REPRESENTATION('',(#7761),#7765);
#7761 = LINE('',#7762,#7763);
#7762 = CARTESIAN_POINT('',(-0.901712485775,-0.951366790064));
#7763 = VECTOR('',#7764,1.);
#7764 = DIRECTION('',(-0.,-1.));
#7765 = ( GEOMETRIC_REPRESENTATION_CONTEXT(2) 
PARAMETRIC_REPRESENTATION_CONTEXT() REPRESENTATION_CONTEXT('2D SPACE',''
  ) );
#7766 = ADVANCED_FACE('',(#7767),#7729,.T.);
#7767 = FACE_BOUND('',#7768,.T.);
#7768 = EDGE_LOOP('',(#7769,#7770,#7799,#7827));
#7769 = ORIENTED_EDGE('',*,*,#7713,.T.);
#7770 = ORIENTED_EDGE('',*,*,#7771,.T.);
#7771 = EDGE_CURVE('',#7691,#7772,#7774,.T.);
#7772 = VERTEX_POINT('',#7773);
#7773 = CARTESIAN_POINT('',(33.14088257922,4.282869003055,0.6));
#7774 = SURFACE_CURVE('',#7775,(#7782,#7789),.PCURVE_S1.);
#7775 = B_SPLINE_CURVE_WITH_KNOTS('',2,(#7776,#7777,#7778,#7779,#7780,
    #7781),.UNSPECIFIED.,.F.,.F.,(3,1,1,1,3),(0.,1.,2.,2.936170212766,
    3.872340425532),.UNSPECIFIED.);
#7776 = CARTESIAN_POINT('',(36.596357346364,3.920044152505,0.6));
#7777 = CARTESIAN_POINT('',(36.596357346364,4.576584358262,0.6));
#7778 = CARTESIAN_POINT('',(35.905262392935,5.35406618087,0.6));
#7779 = CARTESIAN_POINT('',(34.333021373885,5.35406618087,0.6));
#7780 = CARTESIAN_POINT('',(33.434597934427,4.697525975112,0.6));
#7781 = CARTESIAN_POINT('',(33.14088257922,4.282869003055,0.6));
#7782 = PCURVE('',#7729,#7783);
#7783 = DEFINITIONAL_REPRESENTATION('',(#7784),#7788);
#7784 = LINE('',#7785,#7786);
#7785 = CARTESIAN_POINT('',(0.,-0.6));
#7786 = VECTOR('',#7787,1.);
#7787 = DIRECTION('',(1.,0.));
#7788 = ( GEOMETRIC_REPRESENTATION_CONTEXT(2) 
PARAMETRIC_REPRESENTATION_CONTEXT() REPRESENTATION_CONTEXT('2D SPACE',''
  ) );
#7789 = PCURVE('',#7120,#7790);
#7790 = DEFINITIONAL_REPRESENTATION('',(#7791),#7798);
#7791 = B_SPLINE_CURVE_WITH_KNOTS('',2,(#7792,#7793,#7794,#7795,#7796,
    #7797),.UNSPECIFIED.,.F.,.F.,(3,1,1,1,3),(0.,1.,2.,2.936170212766,
    3.872340425532),.UNSPECIFIED.);
#7792 = CARTESIAN_POINT('',(-0.901712485775,-1.521520126643));
#7793 = CARTESIAN_POINT('',(-0.901712485775,-2.1780603324));
#7794 = CARTESIAN_POINT('',(-0.210617532346,-2.955542155008));
#7795 = CARTESIAN_POINT('',(1.361623486705,-2.955542155008));
#7796 = CARTESIAN_POINT('',(2.260046926163,-2.29900194925));
#7797 = CARTESIAN_POINT('',(2.55376228137,-1.884344977193));
#7798 = ( GEOMETRIC_REPRESENTATION_CONTEXT(2) 
PARAMETRIC_REPRESENTATION_CONTEXT() REPRESENTATION_CONTEXT('2D SPACE',''
  ) );
#7799 = ORIENTED_EDGE('',*,*,#7800,.F.);
#7800 = EDGE_CURVE('',#7801,#7772,#7803,.T.);
#7801 = VERTEX_POINT('',#7802);
#7802 = CARTESIAN_POINT('',(33.14088257922,4.282869003055,0.));
#7803 = SURFACE_CURVE('',#7804,(#7808,#7815),.PCURVE_S1.);
#7804 = LINE('',#7805,#7806);
#7805 = CARTESIAN_POINT('',(33.14088257922,4.282869003055,0.));
#7806 = VECTOR('',#7807,1.);
#7807 = DIRECTION('',(0.,-0.,1.));
#7808 = PCURVE('',#7729,#7809);
#7809 = DEFINITIONAL_REPRESENTATION('',(#7810),#7814);
#7810 = LINE('',#7811,#7812);
#7811 = CARTESIAN_POINT('',(3.872340425532,0.));
#7812 = VECTOR('',#7813,1.);
#7813 = DIRECTION('',(0.,-1.));
#7814 = ( GEOMETRIC_REPRESENTATION_CONTEXT(2) 
PARAMETRIC_REPRESENTATION_CONTEXT() REPRESENTATION_CONTEXT('2D SPACE',''
  ) );
#7815 = PCURVE('',#7816,#7821);
#7816 = PLANE('',#7817);
#7817 = AXIS2_PLACEMENT_3D('',#7818,#7819,#7820);
#7818 = CARTESIAN_POINT('',(33.14088257922,4.282869003055,0.));
#7819 = DIRECTION('',(-0.663307514316,-0.748346939228,0.));
#7820 = DIRECTION('',(-0.748346939228,0.663307514316,0.));
#7821 = DEFINITIONAL_REPRESENTATION('',(#7822),#7826);
#7822 = LINE('',#7823,#7824);
#7823 = CARTESIAN_POINT('',(0.,0.));
#7824 = VECTOR('',#7825,1.);
#7825 = DIRECTION('',(0.,-1.));
#7826 = ( GEOMETRIC_REPRESENTATION_CONTEXT(2) 
PARAMETRIC_REPRESENTATION_CONTEXT() REPRESENTATION_CONTEXT('2D SPACE',''
  ) );
#7827 = ORIENTED_EDGE('',*,*,#7828,.F.);
#7828 = EDGE_CURVE('',#7714,#7801,#7829,.T.);
#7829 = SURFACE_CURVE('',#7830,(#7837,#7844),.PCURVE_S1.);
#7830 = B_SPLINE_CURVE_WITH_KNOTS('',2,(#7831,#7832,#7833,#7834,#7835,
    #7836),.UNSPECIFIED.,.F.,.F.,(3,1,1,1,3),(0.,1.,2.,2.936170212766,
    3.872340425532),.UNSPECIFIED.);
#7831 = CARTESIAN_POINT('',(36.596357346364,3.920044152505,0.));
#7832 = CARTESIAN_POINT('',(36.596357346364,4.576584358262,0.));
#7833 = CARTESIAN_POINT('',(35.905262392935,5.35406618087,0.));
#7834 = CARTESIAN_POINT('',(34.333021373885,5.35406618087,0.));
#7835 = CARTESIAN_POINT('',(33.434597934427,4.697525975112,0.));
#7836 = CARTESIAN_POINT('',(33.14088257922,4.282869003055,0.));
#7837 = PCURVE('',#7729,#7838);
#7838 = DEFINITIONAL_REPRESENTATION('',(#7839),#7843);
#7839 = LINE('',#7840,#7841);
#7840 = CARTESIAN_POINT('',(0.,0.));
#7841 = VECTOR('',#7842,1.);
#7842 = DIRECTION('',(1.,0.));
#7843 = ( GEOMETRIC_REPRESENTATION_CONTEXT(2) 
PARAMETRIC_REPRESENTATION_CONTEXT() REPRESENTATION_CONTEXT('2D SPACE',''
  ) );
#7844 = PCURVE('',#7178,#7845);
#7845 = DEFINITIONAL_REPRESENTATION('',(#7846),#7853);
#7846 = B_SPLINE_CURVE_WITH_KNOTS('',2,(#7847,#7848,#7849,#7850,#7851,
    #7852),.UNSPECIFIED.,.F.,.F.,(3,1,1,1,3),(0.,1.,2.,2.936170212766,
    3.872340425532),.UNSPECIFIED.);
#7847 = CARTESIAN_POINT('',(-0.901712485775,-1.521520126643));
#7848 = CARTESIAN_POINT('',(-0.901712485775,-2.1780603324));
#7849 = CARTESIAN_POINT('',(-0.210617532346,-2.955542155008));
#7850 = CARTESIAN_POINT('',(1.361623486705,-2.955542155008));
#7851 = CARTESIAN_POINT('',(2.260046926163,-2.29900194925));
#7852 = CARTESIAN_POINT('',(2.55376228137,-1.884344977193));
#7853 = ( GEOMETRIC_REPRESENTATION_CONTEXT(2) 
PARAMETRIC_REPRESENTATION_CONTEXT() REPRESENTATION_CONTEXT('2D SPACE',''
  ) );
#7854 = ADVANCED_FACE('',(#7855),#7816,.T.);
#7855 = FACE_BOUND('',#7856,.T.);
#7856 = EDGE_LOOP('',(#7857,#7858,#7881,#7914));
#7857 = ORIENTED_EDGE('',*,*,#7800,.T.);
#7858 = ORIENTED_EDGE('',*,*,#7859,.T.);
#7859 = EDGE_CURVE('',#7772,#7860,#7862,.T.);
#7860 = VERTEX_POINT('',#7861);
#7861 = CARTESIAN_POINT('',(31.620473681676,5.630504162241,0.6));
#7862 = SURFACE_CURVE('',#7863,(#7867,#7874),.PCURVE_S1.);
#7863 = LINE('',#7864,#7865);
#7864 = CARTESIAN_POINT('',(33.14088257922,4.282869003055,0.6));
#7865 = VECTOR('',#7866,1.);
#7866 = DIRECTION('',(-0.748346939228,0.663307514316,-0.));
#7867 = PCURVE('',#7816,#7868);
#7868 = DEFINITIONAL_REPRESENTATION('',(#7869),#7873);
#7869 = LINE('',#7870,#7871);
#7870 = CARTESIAN_POINT('',(0.,-0.6));
#7871 = VECTOR('',#7872,1.);
#7872 = DIRECTION('',(1.,0.));
#7873 = ( GEOMETRIC_REPRESENTATION_CONTEXT(2) 
PARAMETRIC_REPRESENTATION_CONTEXT() REPRESENTATION_CONTEXT('2D SPACE',''
  ) );
#7874 = PCURVE('',#7120,#7875);
#7875 = DEFINITIONAL_REPRESENTATION('',(#7876),#7880);
#7876 = LINE('',#7877,#7878);
#7877 = CARTESIAN_POINT('',(2.55376228137,-1.884344977193));
#7878 = VECTOR('',#7879,1.);
#7879 = DIRECTION('',(0.748346939228,-0.663307514316));
#7880 = ( GEOMETRIC_REPRESENTATION_CONTEXT(2) 
PARAMETRIC_REPRESENTATION_CONTEXT() REPRESENTATION_CONTEXT('2D SPACE',''
  ) );
#7881 = ORIENTED_EDGE('',*,*,#7882,.F.);
#7882 = EDGE_CURVE('',#7883,#7860,#7885,.T.);
#7883 = VERTEX_POINT('',#7884);
#7884 = CARTESIAN_POINT('',(31.620473681676,5.630504162241,0.));
#7885 = SURFACE_CURVE('',#7886,(#7890,#7897),.PCURVE_S1.);
#7886 = LINE('',#7887,#7888);
#7887 = CARTESIAN_POINT('',(31.620473681676,5.630504162241,0.));
#7888 = VECTOR('',#7889,1.);
#7889 = DIRECTION('',(0.,-0.,1.));
#7890 = PCURVE('',#7816,#7891);
#7891 = DEFINITIONAL_REPRESENTATION('',(#7892),#7896);
#7892 = LINE('',#7893,#7894);
#7893 = CARTESIAN_POINT('',(2.031689872496,0.));
#7894 = VECTOR('',#7895,1.);
#7895 = DIRECTION('',(0.,-1.));
#7896 = ( GEOMETRIC_REPRESENTATION_CONTEXT(2) 
PARAMETRIC_REPRESENTATION_CONTEXT() REPRESENTATION_CONTEXT('2D SPACE',''
  ) );
#7897 = PCURVE('',#7898,#7908);
#7898 = SURFACE_OF_LINEAR_EXTRUSION('',#7899,#7906);
#7899 = B_SPLINE_CURVE_WITH_KNOTS('',2,(#7900,#7901,#7902,#7903,#7904,
    #7905),.UNSPECIFIED.,.F.,.F.,(3,1,1,1,3),(0.,1.,2.,3.353658536585,
    4.707317073171),.UNSPECIFIED.);
#7900 = CARTESIAN_POINT('',(31.620473681676,5.630504162241,0.));
#7901 = CARTESIAN_POINT('',(32.173349644419,6.44254073252,0.));
#7902 = CARTESIAN_POINT('',(33.86653228032,7.358241545813,0.));
#7903 = CARTESIAN_POINT('',(37.201065430614,7.358241545813,0.));
#7904 = CARTESIAN_POINT('',(39.153408674051,5.647781536077,0.));
#7905 = CARTESIAN_POINT('',(39.153408674051,4.040985769355,0.));
#7906 = VECTOR('',#7907,1.);
#7907 = DIRECTION('',(-0.,0.,-1.));
#7908 = DEFINITIONAL_REPRESENTATION('',(#7909),#7913);
#7909 = LINE('',#7910,#7911);
#7910 = CARTESIAN_POINT('',(0.,0.));
#7911 = VECTOR('',#7912,1.);
#7912 = DIRECTION('',(0.,-1.));
#7913 = ( GEOMETRIC_REPRESENTATION_CONTEXT(2) 
PARAMETRIC_REPRESENTATION_CONTEXT() REPRESENTATION_CONTEXT('2D SPACE',''
  ) );
#7914 = ORIENTED_EDGE('',*,*,#7915,.F.);
#7915 = EDGE_CURVE('',#7801,#7883,#7916,.T.);
#7916 = SURFACE_CURVE('',#7917,(#7921,#7928),.PCURVE_S1.);
#7917 = LINE('',#7918,#7919);
#7918 = CARTESIAN_POINT('',(33.14088257922,4.282869003055,0.));
#7919 = VECTOR('',#7920,1.);
#7920 = DIRECTION('',(-0.748346939228,0.663307514316,-0.));
#7921 = PCURVE('',#7816,#7922);
#7922 = DEFINITIONAL_REPRESENTATION('',(#7923),#7927);
#7923 = LINE('',#7924,#7925);
#7924 = CARTESIAN_POINT('',(0.,0.));
#7925 = VECTOR('',#7926,1.);
#7926 = DIRECTION('',(1.,0.));
#7927 = ( GEOMETRIC_REPRESENTATION_CONTEXT(2) 
PARAMETRIC_REPRESENTATION_CONTEXT() REPRESENTATION_CONTEXT('2D SPACE',''
  ) );
#7928 = PCURVE('',#7178,#7929);
#7929 = DEFINITIONAL_REPRESENTATION('',(#7930),#7934);
#7930 = LINE('',#7931,#7932);
#7931 = CARTESIAN_POINT('',(2.55376228137,-1.884344977193));
#7932 = VECTOR('',#7933,1.);
#7933 = DIRECTION('',(0.748346939228,-0.663307514316));
#7934 = ( GEOMETRIC_REPRESENTATION_CONTEXT(2) 
PARAMETRIC_REPRESENTATION_CONTEXT() REPRESENTATION_CONTEXT('2D SPACE',''
  ) );
#7935 = ADVANCED_FACE('',(#7936),#7898,.T.);
#7936 = FACE_BOUND('',#7937,.T.);
#7937 = EDGE_LOOP('',(#7938,#7939,#7968,#7996));
#7938 = ORIENTED_EDGE('',*,*,#7882,.T.);
#7939 = ORIENTED_EDGE('',*,*,#7940,.T.);
#7940 = EDGE_CURVE('',#7860,#7941,#7943,.T.);
#7941 = VERTEX_POINT('',#7942);
#7942 = CARTESIAN_POINT('',(39.153408674051,4.040985769355,0.6));
#7943 = SURFACE_CURVE('',#7944,(#7951,#7958),.PCURVE_S1.);
#7944 = B_SPLINE_CURVE_WITH_KNOTS('',2,(#7945,#7946,#7947,#7948,#7949,
    #7950),.UNSPECIFIED.,.F.,.F.,(3,1,1,1,3),(0.,1.,2.,3.353658536585,
    4.707317073171),.UNSPECIFIED.);
#7945 = CARTESIAN_POINT('',(31.620473681676,5.630504162241,0.6));
#7946 = CARTESIAN_POINT('',(32.173349644419,6.44254073252,0.6));
#7947 = CARTESIAN_POINT('',(33.86653228032,7.358241545813,0.6));
#7948 = CARTESIAN_POINT('',(37.201065430614,7.358241545813,0.6));
#7949 = CARTESIAN_POINT('',(39.153408674051,5.647781536077,0.6));
#7950 = CARTESIAN_POINT('',(39.153408674051,4.040985769355,0.6));
#7951 = PCURVE('',#7898,#7952);
#7952 = DEFINITIONAL_REPRESENTATION('',(#7953),#7957);
#7953 = LINE('',#7954,#7955);
#7954 = CARTESIAN_POINT('',(0.,-0.6));
#7955 = VECTOR('',#7956,1.);
#7956 = DIRECTION('',(1.,0.));
#7957 = ( GEOMETRIC_REPRESENTATION_CONTEXT(2) 
PARAMETRIC_REPRESENTATION_CONTEXT() REPRESENTATION_CONTEXT('2D SPACE',''
  ) );
#7958 = PCURVE('',#7120,#7959);
#7959 = DEFINITIONAL_REPRESENTATION('',(#7960),#7967);
#7960 = B_SPLINE_CURVE_WITH_KNOTS('',2,(#7961,#7962,#7963,#7964,#7965,
    #7966),.UNSPECIFIED.,.F.,.F.,(3,1,1,1,3),(0.,1.,2.,3.353658536585,
    4.707317073171),.UNSPECIFIED.);
#7961 = CARTESIAN_POINT('',(4.074171178913,-3.231980136379));
#7962 = CARTESIAN_POINT('',(3.52129521617,-4.044016706658));
#7963 = CARTESIAN_POINT('',(1.828112580269,-4.959717519951));
#7964 = CARTESIAN_POINT('',(-1.506420570025,-4.959717519951));
#7965 = CARTESIAN_POINT('',(-3.458763813461,-3.249257510215));
#7966 = CARTESIAN_POINT('',(-3.458763813461,-1.642461743493));
#7967 = ( GEOMETRIC_REPRESENTATION_CONTEXT(2) 
PARAMETRIC_REPRESENTATION_CONTEXT() REPRESENTATION_CONTEXT('2D SPACE',''
  ) );
#7968 = ORIENTED_EDGE('',*,*,#7969,.F.);
#7969 = EDGE_CURVE('',#7970,#7941,#7972,.T.);
#7970 = VERTEX_POINT('',#7971);
#7971 = CARTESIAN_POINT('',(39.153408674051,4.040985769355,0.));
#7972 = SURFACE_CURVE('',#7973,(#7977,#7984),.PCURVE_S1.);
#7973 = LINE('',#7974,#7975);
#7974 = CARTESIAN_POINT('',(39.153408674051,4.040985769355,0.));
#7975 = VECTOR('',#7976,1.);
#7976 = DIRECTION('',(0.,-0.,1.));
#7977 = PCURVE('',#7898,#7978);
#7978 = DEFINITIONAL_REPRESENTATION('',(#7979),#7983);
#7979 = LINE('',#7980,#7981);
#7980 = CARTESIAN_POINT('',(4.707317073171,0.));
#7981 = VECTOR('',#7982,1.);
#7982 = DIRECTION('',(0.,-1.));
#7983 = ( GEOMETRIC_REPRESENTATION_CONTEXT(2) 
PARAMETRIC_REPRESENTATION_CONTEXT() REPRESENTATION_CONTEXT('2D SPACE',''
  ) );
#7984 = PCURVE('',#7985,#7990);
#7985 = PLANE('',#7986);
#7986 = AXIS2_PLACEMENT_3D('',#7987,#7988,#7989);
#7987 = CARTESIAN_POINT('',(39.153408674051,4.040985769355,0.));
#7988 = DIRECTION('',(1.,0.,-0.));
#7989 = DIRECTION('',(0.,-1.,-0.));
#7990 = DEFINITIONAL_REPRESENTATION('',(#7991),#7995);
#7991 = LINE('',#7992,#7993);
#7992 = CARTESIAN_POINT('',(0.,0.));
#7993 = VECTOR('',#7994,1.);
#7994 = DIRECTION('',(0.,-1.));
#7995 = ( GEOMETRIC_REPRESENTATION_CONTEXT(2) 
PARAMETRIC_REPRESENTATION_CONTEXT() REPRESENTATION_CONTEXT('2D SPACE',''
  ) );
#7996 = ORIENTED_EDGE('',*,*,#7997,.F.);
#7997 = EDGE_CURVE('',#7883,#7970,#7998,.T.);
#7998 = SURFACE_CURVE('',#7999,(#8006,#8013),.PCURVE_S1.);
#7999 = B_SPLINE_CURVE_WITH_KNOTS('',2,(#8000,#8001,#8002,#8003,#8004,
    #8005),.UNSPECIFIED.,.F.,.F.,(3,1,1,1,3),(0.,1.,2.,3.353658536585,
    4.707317073171),.UNSPECIFIED.);
#8000 = CARTESIAN_POINT('',(31.620473681676,5.630504162241,0.));
#8001 = CARTESIAN_POINT('',(32.173349644419,6.44254073252,0.));
#8002 = CARTESIAN_POINT('',(33.86653228032,7.358241545813,0.));
#8003 = CARTESIAN_POINT('',(37.201065430614,7.358241545813,0.));
#8004 = CARTESIAN_POINT('',(39.153408674051,5.647781536077,0.));
#8005 = CARTESIAN_POINT('',(39.153408674051,4.040985769355,0.));
#8006 = PCURVE('',#7898,#8007);
#8007 = DEFINITIONAL_REPRESENTATION('',(#8008),#8012);
#8008 = LINE('',#8009,#8010);
#8009 = CARTESIAN_POINT('',(0.,0.));
#8010 = VECTOR('',#8011,1.);
#8011 = DIRECTION('',(1.,0.));
#8012 = ( GEOMETRIC_REPRESENTATION_CONTEXT(2) 
PARAMETRIC_REPRESENTATION_CONTEXT() REPRESENTATION_CONTEXT('2D SPACE',''
  ) );
#8013 = PCURVE('',#7178,#8014);
#8014 = DEFINITIONAL_REPRESENTATION('',(#8015),#8022);
#8015 = B_SPLINE_CURVE_WITH_KNOTS('',2,(#8016,#8017,#8018,#8019,#8020,
    #8021),.UNSPECIFIED.,.F.,.F.,(3,1,1,1,3),(0.,1.,2.,3.353658536585,
    4.707317073171),.UNSPECIFIED.);
#8016 = CARTESIAN_POINT('',(4.074171178913,-3.231980136379));
#8017 = CARTESIAN_POINT('',(3.52129521617,-4.044016706658));
#8018 = CARTESIAN_POINT('',(1.828112580269,-4.959717519951));
#8019 = CARTESIAN_POINT('',(-1.506420570025,-4.959717519951));
#8020 = CARTESIAN_POINT('',(-3.458763813461,-3.249257510215));
#8021 = CARTESIAN_POINT('',(-3.458763813461,-1.642461743493));
#8022 = ( GEOMETRIC_REPRESENTATION_CONTEXT(2) 
PARAMETRIC_REPRESENTATION_CONTEXT() REPRESENTATION_CONTEXT('2D SPACE',''
  ) );
#8023 = ADVANCED_FACE('',(#8024),#7985,.T.);
#8024 = FACE_BOUND('',#8025,.T.);
#8025 = EDGE_LOOP('',(#8026,#8027,#8050,#8078));
#8026 = ORIENTED_EDGE('',*,*,#7969,.T.);
#8027 = ORIENTED_EDGE('',*,*,#8028,.T.);
#8028 = EDGE_CURVE('',#7941,#8029,#8031,.T.);
#8029 = VERTEX_POINT('',#8030);
#8030 = CARTESIAN_POINT('',(39.153408674051,6.718978713892E-02,0.6));
#8031 = SURFACE_CURVE('',#8032,(#8036,#8043),.PCURVE_S1.);
#8032 = LINE('',#8033,#8034);
#8033 = CARTESIAN_POINT('',(39.153408674051,4.040985769355,0.6));
#8034 = VECTOR('',#8035,1.);
#8035 = DIRECTION('',(-0.,-1.,-0.));
#8036 = PCURVE('',#7985,#8037);
#8037 = DEFINITIONAL_REPRESENTATION('',(#8038),#8042);
#8038 = LINE('',#8039,#8040);
#8039 = CARTESIAN_POINT('',(0.,-0.6));
#8040 = VECTOR('',#8041,1.);
#8041 = DIRECTION('',(1.,0.));
#8042 = ( GEOMETRIC_REPRESENTATION_CONTEXT(2) 
PARAMETRIC_REPRESENTATION_CONTEXT() REPRESENTATION_CONTEXT('2D SPACE',''
  ) );
#8043 = PCURVE('',#7120,#8044);
#8044 = DEFINITIONAL_REPRESENTATION('',(#8045),#8049);
#8045 = LINE('',#8046,#8047);
#8046 = CARTESIAN_POINT('',(-3.458763813461,-1.642461743493));
#8047 = VECTOR('',#8048,1.);
#8048 = DIRECTION('',(-0.,1.));
#8049 = ( GEOMETRIC_REPRESENTATION_CONTEXT(2) 
PARAMETRIC_REPRESENTATION_CONTEXT() REPRESENTATION_CONTEXT('2D SPACE',''
  ) );
#8050 = ORIENTED_EDGE('',*,*,#8051,.F.);
#8051 = EDGE_CURVE('',#8052,#8029,#8054,.T.);
#8052 = VERTEX_POINT('',#8053);
#8053 = CARTESIAN_POINT('',(39.153408674051,6.718978713892E-02,0.));
#8054 = SURFACE_CURVE('',#8055,(#8059,#8066),.PCURVE_S1.);
#8055 = LINE('',#8056,#8057);
#8056 = CARTESIAN_POINT('',(39.153408674051,6.718978713892E-02,0.));
#8057 = VECTOR('',#8058,1.);
#8058 = DIRECTION('',(0.,-0.,1.));
#8059 = PCURVE('',#7985,#8060);
#8060 = DEFINITIONAL_REPRESENTATION('',(#8061),#8065);
#8061 = LINE('',#8062,#8063);
#8062 = CARTESIAN_POINT('',(3.973795982216,-0.));
#8063 = VECTOR('',#8064,1.);
#8064 = DIRECTION('',(0.,-1.));
#8065 = ( GEOMETRIC_REPRESENTATION_CONTEXT(2) 
PARAMETRIC_REPRESENTATION_CONTEXT() REPRESENTATION_CONTEXT('2D SPACE',''
  ) );
#8066 = PCURVE('',#8067,#8072);
#8067 = PLANE('',#8068);
#8068 = AXIS2_PLACEMENT_3D('',#8069,#8070,#8071);
#8069 = CARTESIAN_POINT('',(39.153408674051,6.718978713892E-02,0.));
#8070 = DIRECTION('',(0.,1.,0.));
#8071 = DIRECTION('',(1.,0.,-0.));
#8072 = DEFINITIONAL_REPRESENTATION('',(#8073),#8077);
#8073 = LINE('',#8074,#8075);
#8074 = CARTESIAN_POINT('',(0.,0.));
#8075 = VECTOR('',#8076,1.);
#8076 = DIRECTION('',(0.,-1.));
#8077 = ( GEOMETRIC_REPRESENTATION_CONTEXT(2) 
PARAMETRIC_REPRESENTATION_CONTEXT() REPRESENTATION_CONTEXT('2D SPACE',''
  ) );
#8078 = ORIENTED_EDGE('',*,*,#8079,.F.);
#8079 = EDGE_CURVE('',#7970,#8052,#8080,.T.);
#8080 = SURFACE_CURVE('',#8081,(#8085,#8092),.PCURVE_S1.);
#8081 = LINE('',#8082,#8083);
#8082 = CARTESIAN_POINT('',(39.153408674051,4.040985769355,0.));
#8083 = VECTOR('',#8084,1.);
#8084 = DIRECTION('',(-0.,-1.,-0.));
#8085 = PCURVE('',#7985,#8086);
#8086 = DEFINITIONAL_REPRESENTATION('',(#8087),#8091);
#8087 = LINE('',#8088,#8089);
#8088 = CARTESIAN_POINT('',(0.,0.));
#8089 = VECTOR('',#8090,1.);
#8090 = DIRECTION('',(1.,0.));
#8091 = ( GEOMETRIC_REPRESENTATION_CONTEXT(2) 
PARAMETRIC_REPRESENTATION_CONTEXT() REPRESENTATION_CONTEXT('2D SPACE',''
  ) );
#8092 = PCURVE('',#7178,#8093);
#8093 = DEFINITIONAL_REPRESENTATION('',(#8094),#8098);
#8094 = LINE('',#8095,#8096);
#8095 = CARTESIAN_POINT('',(-3.458763813461,-1.642461743493));
#8096 = VECTOR('',#8097,1.);
#8097 = DIRECTION('',(-0.,1.));
#8098 = ( GEOMETRIC_REPRESENTATION_CONTEXT(2) 
PARAMETRIC_REPRESENTATION_CONTEXT() REPRESENTATION_CONTEXT('2D SPACE',''
  ) );
#8099 = ADVANCED_FACE('',(#8100),#8067,.T.);
#8100 = FACE_BOUND('',#8101,.T.);
#8101 = EDGE_LOOP('',(#8102,#8103,#8126,#8149));
#8102 = ORIENTED_EDGE('',*,*,#8051,.T.);
#8103 = ORIENTED_EDGE('',*,*,#8104,.T.);
#8104 = EDGE_CURVE('',#8029,#8105,#8107,.T.);
#8105 = VERTEX_POINT('',#8106);
#8106 = CARTESIAN_POINT('',(39.999999992001,6.718978713892E-02,0.6));
#8107 = SURFACE_CURVE('',#8108,(#8112,#8119),.PCURVE_S1.);
#8108 = LINE('',#8109,#8110);
#8109 = CARTESIAN_POINT('',(39.153408674051,6.718978713892E-02,0.6));
#8110 = VECTOR('',#8111,1.);
#8111 = DIRECTION('',(1.,-0.,-0.));
#8112 = PCURVE('',#8067,#8113);
#8113 = DEFINITIONAL_REPRESENTATION('',(#8114),#8118);
#8114 = LINE('',#8115,#8116);
#8115 = CARTESIAN_POINT('',(0.,-0.6));
#8116 = VECTOR('',#8117,1.);
#8117 = DIRECTION('',(1.,0.));
#8118 = ( GEOMETRIC_REPRESENTATION_CONTEXT(2) 
PARAMETRIC_REPRESENTATION_CONTEXT() REPRESENTATION_CONTEXT('2D SPACE',''
  ) );
#8119 = PCURVE('',#7120,#8120);
#8120 = DEFINITIONAL_REPRESENTATION('',(#8121),#8125);
#8121 = LINE('',#8122,#8123);
#8122 = CARTESIAN_POINT('',(-3.458763813461,2.331334238723));
#8123 = VECTOR('',#8124,1.);
#8124 = DIRECTION('',(-1.,-0.));
#8125 = ( GEOMETRIC_REPRESENTATION_CONTEXT(2) 
PARAMETRIC_REPRESENTATION_CONTEXT() REPRESENTATION_CONTEXT('2D SPACE',''
  ) );
#8126 = ORIENTED_EDGE('',*,*,#8127,.F.);
#8127 = EDGE_CURVE('',#8128,#8105,#8130,.T.);
#8128 = VERTEX_POINT('',#8129);
#8129 = CARTESIAN_POINT('',(39.999999992001,6.718978713892E-02,0.));
#8130 = SURFACE_CURVE('',#8131,(#8135,#8142),.PCURVE_S1.);
#8131 = LINE('',#8132,#8133);
#8132 = CARTESIAN_POINT('',(39.999999992001,6.718978713892E-02,0.));
#8133 = VECTOR('',#8134,1.);
#8134 = DIRECTION('',(0.,-0.,1.));
#8135 = PCURVE('',#8067,#8136);
#8136 = DEFINITIONAL_REPRESENTATION('',(#8137),#8141);
#8137 = LINE('',#8138,#8139);
#8138 = CARTESIAN_POINT('',(0.84659131795,0.));
#8139 = VECTOR('',#8140,1.);
#8140 = DIRECTION('',(0.,-1.));
#8141 = ( GEOMETRIC_REPRESENTATION_CONTEXT(2) 
PARAMETRIC_REPRESENTATION_CONTEXT() REPRESENTATION_CONTEXT('2D SPACE',''
  ) );
#8142 = PCURVE('',#7092,#8143);
#8143 = DEFINITIONAL_REPRESENTATION('',(#8144),#8148);
#8144 = LINE('',#8145,#8146);
#8145 = CARTESIAN_POINT('',(0.,0.));
#8146 = VECTOR('',#8147,1.);
#8147 = DIRECTION('',(0.,-1.));
#8148 = ( GEOMETRIC_REPRESENTATION_CONTEXT(2) 
PARAMETRIC_REPRESENTATION_CONTEXT() REPRESENTATION_CONTEXT('2D SPACE',''
  ) );
#8149 = ORIENTED_EDGE('',*,*,#8150,.F.);
#8150 = EDGE_CURVE('',#8052,#8128,#8151,.T.);
#8151 = SURFACE_CURVE('',#8152,(#8156,#8163),.PCURVE_S1.);
#8152 = LINE('',#8153,#8154);
#8153 = CARTESIAN_POINT('',(39.153408674051,6.718978713892E-02,0.));
#8154 = VECTOR('',#8155,1.);
#8155 = DIRECTION('',(1.,-0.,-0.));
#8156 = PCURVE('',#8067,#8157);
#8157 = DEFINITIONAL_REPRESENTATION('',(#8158),#8162);
#8158 = LINE('',#8159,#8160);
#8159 = CARTESIAN_POINT('',(0.,0.));
#8160 = VECTOR('',#8161,1.);
#8161 = DIRECTION('',(1.,0.));
#8162 = ( GEOMETRIC_REPRESENTATION_CONTEXT(2) 
PARAMETRIC_REPRESENTATION_CONTEXT() REPRESENTATION_CONTEXT('2D SPACE',''
  ) );
#8163 = PCURVE('',#7178,#8164);
#8164 = DEFINITIONAL_REPRESENTATION('',(#8165),#8169);
#8165 = LINE('',#8166,#8167);
#8166 = CARTESIAN_POINT('',(-3.458763813461,2.331334238723));
#8167 = VECTOR('',#8168,1.);
#8168 = DIRECTION('',(-1.,-0.));
#8169 = ( GEOMETRIC_REPRESENTATION_CONTEXT(2) 
PARAMETRIC_REPRESENTATION_CONTEXT() REPRESENTATION_CONTEXT('2D SPACE',''
  ) );
#8170 = ADVANCED_FACE('',(#8171),#7092,.T.);
#8171 = FACE_BOUND('',#8172,.T.);
#8172 = EDGE_LOOP('',(#8173,#8174,#8195,#8196));
#8173 = ORIENTED_EDGE('',*,*,#8127,.T.);
#8174 = ORIENTED_EDGE('',*,*,#8175,.T.);
#8175 = EDGE_CURVE('',#8105,#7072,#8176,.T.);
#8176 = SURFACE_CURVE('',#8177,(#8181,#8188),.PCURVE_S1.);
#8177 = LINE('',#8178,#8179);
#8178 = CARTESIAN_POINT('',(39.999999992001,6.718978713892E-02,0.6));
#8179 = VECTOR('',#8180,1.);
#8180 = DIRECTION('',(-0.,-1.,-0.));
#8181 = PCURVE('',#7092,#8182);
#8182 = DEFINITIONAL_REPRESENTATION('',(#8183),#8187);
#8183 = LINE('',#8184,#8185);
#8184 = CARTESIAN_POINT('',(0.,-0.6));
#8185 = VECTOR('',#8186,1.);
#8186 = DIRECTION('',(1.,0.));
#8187 = ( GEOMETRIC_REPRESENTATION_CONTEXT(2) 
PARAMETRIC_REPRESENTATION_CONTEXT() REPRESENTATION_CONTEXT('2D SPACE',''
  ) );
#8188 = PCURVE('',#7120,#8189);
#8189 = DEFINITIONAL_REPRESENTATION('',(#8190),#8194);
#8190 = LINE('',#8191,#8192);
#8191 = CARTESIAN_POINT('',(-4.305355131412,2.331334238723));
#8192 = VECTOR('',#8193,1.);
#8193 = DIRECTION('',(-0.,1.));
#8194 = ( GEOMETRIC_REPRESENTATION_CONTEXT(2) 
PARAMETRIC_REPRESENTATION_CONTEXT() REPRESENTATION_CONTEXT('2D SPACE',''
  ) );
#8195 = ORIENTED_EDGE('',*,*,#7069,.F.);
#8196 = ORIENTED_EDGE('',*,*,#8197,.F.);
#8197 = EDGE_CURVE('',#8128,#7070,#8198,.T.);
#8198 = SURFACE_CURVE('',#8199,(#8203,#8210),.PCURVE_S1.);
#8199 = LINE('',#8200,#8201);
#8200 = CARTESIAN_POINT('',(39.999999992001,6.718978713892E-02,0.));
#8201 = VECTOR('',#8202,1.);
#8202 = DIRECTION('',(-0.,-1.,-0.));
#8203 = PCURVE('',#7092,#8204);
#8204 = DEFINITIONAL_REPRESENTATION('',(#8205),#8209);
#8205 = LINE('',#8206,#8207);
#8206 = CARTESIAN_POINT('',(0.,0.));
#8207 = VECTOR('',#8208,1.);
#8208 = DIRECTION('',(1.,0.));
#8209 = ( GEOMETRIC_REPRESENTATION_CONTEXT(2) 
PARAMETRIC_REPRESENTATION_CONTEXT() REPRESENTATION_CONTEXT('2D SPACE',''
  ) );
#8210 = PCURVE('',#7178,#8211);
#8211 = DEFINITIONAL_REPRESENTATION('',(#8212),#8216);
#8212 = LINE('',#8213,#8214);
#8213 = CARTESIAN_POINT('',(-4.305355131412,2.331334238723));
#8214 = VECTOR('',#8215,1.);
#8215 = DIRECTION('',(-0.,1.));
#8216 = ( GEOMETRIC_REPRESENTATION_CONTEXT(2) 
PARAMETRIC_REPRESENTATION_CONTEXT() REPRESENTATION_CONTEXT('2D SPACE',''
  ) );
#8217 = ADVANCED_FACE('',(#8218),#8232,.T.);
#8218 = FACE_BOUND('',#8219,.T.);
#8219 = EDGE_LOOP('',(#8220,#8255,#8278,#8309));
#8220 = ORIENTED_EDGE('',*,*,#8221,.T.);
#8221 = EDGE_CURVE('',#8222,#8224,#8226,.T.);
#8222 = VERTEX_POINT('',#8223);
#8223 = CARTESIAN_POINT('',(36.596357346364,1.898591413725,0.));
#8224 = VERTEX_POINT('',#8225);
#8225 = CARTESIAN_POINT('',(36.596357346364,1.898591413725,0.6));
#8226 = SURFACE_CURVE('',#8227,(#8231,#8243),.PCURVE_S1.);
#8227 = LINE('',#8228,#8229);
#8228 = CARTESIAN_POINT('',(36.596357346364,1.898591413725,0.));
#8229 = VECTOR('',#8230,1.);
#8230 = DIRECTION('',(0.,-0.,1.));
#8231 = PCURVE('',#8232,#8237);
#8232 = PLANE('',#8233);
#8233 = AXIS2_PLACEMENT_3D('',#8234,#8235,#8236);
#8234 = CARTESIAN_POINT('',(36.596357346364,1.898591413725,0.));
#8235 = DIRECTION('',(0.,-1.,-0.));
#8236 = DIRECTION('',(-1.,-0.,0.));
#8237 = DEFINITIONAL_REPRESENTATION('',(#8238),#8242);
#8238 = LINE('',#8239,#8240);
#8239 = CARTESIAN_POINT('',(0.,0.));
#8240 = VECTOR('',#8241,1.);
#8241 = DIRECTION('',(0.,-1.));
#8242 = ( GEOMETRIC_REPRESENTATION_CONTEXT(2) 
PARAMETRIC_REPRESENTATION_CONTEXT() REPRESENTATION_CONTEXT('2D SPACE',''
  ) );
#8243 = PCURVE('',#8244,#8249);
#8244 = PLANE('',#8245);
#8245 = AXIS2_PLACEMENT_3D('',#8246,#8247,#8248);
#8246 = CARTESIAN_POINT('',(36.596357346364,0.827394235911,0.));
#8247 = DIRECTION('',(-1.,0.,0.));
#8248 = DIRECTION('',(0.,1.,-0.));
#8249 = DEFINITIONAL_REPRESENTATION('',(#8250),#8254);
#8250 = LINE('',#8251,#8252);
#8251 = CARTESIAN_POINT('',(1.071197177815,0.));
#8252 = VECTOR('',#8253,1.);
#8253 = DIRECTION('',(0.,-1.));
#8254 = ( GEOMETRIC_REPRESENTATION_CONTEXT(2) 
PARAMETRIC_REPRESENTATION_CONTEXT() REPRESENTATION_CONTEXT('2D SPACE',''
  ) );
#8255 = ORIENTED_EDGE('',*,*,#8256,.T.);
#8256 = EDGE_CURVE('',#8224,#8257,#8259,.T.);
#8257 = VERTEX_POINT('',#8258);
#8258 = CARTESIAN_POINT('',(35.352386430192,1.898591413725,0.6));
#8259 = SURFACE_CURVE('',#8260,(#8264,#8271),.PCURVE_S1.);
#8260 = LINE('',#8261,#8262);
#8261 = CARTESIAN_POINT('',(36.596357346364,1.898591413725,0.6));
#8262 = VECTOR('',#8263,1.);
#8263 = DIRECTION('',(-1.,-0.,0.));
#8264 = PCURVE('',#8232,#8265);
#8265 = DEFINITIONAL_REPRESENTATION('',(#8266),#8270);
#8266 = LINE('',#8267,#8268);
#8267 = CARTESIAN_POINT('',(0.,-0.6));
#8268 = VECTOR('',#8269,1.);
#8269 = DIRECTION('',(1.,0.));
#8270 = ( GEOMETRIC_REPRESENTATION_CONTEXT(2) 
PARAMETRIC_REPRESENTATION_CONTEXT() REPRESENTATION_CONTEXT('2D SPACE',''
  ) );
#8271 = PCURVE('',#7120,#8272);
#8272 = DEFINITIONAL_REPRESENTATION('',(#8273),#8277);
#8273 = LINE('',#8274,#8275);
#8274 = CARTESIAN_POINT('',(-0.901712485775,0.499932612137));
#8275 = VECTOR('',#8276,1.);
#8276 = DIRECTION('',(1.,-0.));
#8277 = ( GEOMETRIC_REPRESENTATION_CONTEXT(2) 
PARAMETRIC_REPRESENTATION_CONTEXT() REPRESENTATION_CONTEXT('2D SPACE',''
  ) );
#8278 = ORIENTED_EDGE('',*,*,#8279,.F.);
#8279 = EDGE_CURVE('',#8280,#8257,#8282,.T.);
#8280 = VERTEX_POINT('',#8281);
#8281 = CARTESIAN_POINT('',(35.352386430192,1.898591413725,0.));
#8282 = SURFACE_CURVE('',#8283,(#8287,#8294),.PCURVE_S1.);
#8283 = LINE('',#8284,#8285);
#8284 = CARTESIAN_POINT('',(35.352386430192,1.898591413725,0.));
#8285 = VECTOR('',#8286,1.);
#8286 = DIRECTION('',(0.,-0.,1.));
#8287 = PCURVE('',#8232,#8288);
#8288 = DEFINITIONAL_REPRESENTATION('',(#8289),#8293);
#8289 = LINE('',#8290,#8291);
#8290 = CARTESIAN_POINT('',(1.243970916172,0.));
#8291 = VECTOR('',#8292,1.);
#8292 = DIRECTION('',(0.,-1.));
#8293 = ( GEOMETRIC_REPRESENTATION_CONTEXT(2) 
PARAMETRIC_REPRESENTATION_CONTEXT() REPRESENTATION_CONTEXT('2D SPACE',''
  ) );
#8294 = PCURVE('',#8295,#8303);
#8295 = SURFACE_OF_LINEAR_EXTRUSION('',#8296,#8301);
#8296 = B_SPLINE_CURVE_WITH_KNOTS('',2,(#8297,#8298,#8299,#8300),
  .UNSPECIFIED.,.F.,.F.,(3,1,3),(0.,1.,2.),.QUASI_UNIFORM_KNOTS.);
#8297 = CARTESIAN_POINT('',(35.352386430192,1.898591413725,0.));
#8298 = CARTESIAN_POINT('',(34.609459355256,1.898591413725,0.));
#8299 = CARTESIAN_POINT('',(33.849254906484,1.380270198654,0.));
#8300 = CARTESIAN_POINT('',(33.849254906484,0.879226357418,0.));
#8301 = VECTOR('',#8302,1.);
#8302 = DIRECTION('',(-0.,0.,-1.));
#8303 = DEFINITIONAL_REPRESENTATION('',(#8304),#8308);
#8304 = LINE('',#8305,#8306);
#8305 = CARTESIAN_POINT('',(0.,0.));
#8306 = VECTOR('',#8307,1.);
#8307 = DIRECTION('',(0.,-1.));
#8308 = ( GEOMETRIC_REPRESENTATION_CONTEXT(2) 
PARAMETRIC_REPRESENTATION_CONTEXT() REPRESENTATION_CONTEXT('2D SPACE',''
  ) );
#8309 = ORIENTED_EDGE('',*,*,#8310,.F.);
#8310 = EDGE_CURVE('',#8222,#8280,#8311,.T.);
#8311 = SURFACE_CURVE('',#8312,(#8316,#8323),.PCURVE_S1.);
#8312 = LINE('',#8313,#8314);
#8313 = CARTESIAN_POINT('',(36.596357346364,1.898591413725,0.));
#8314 = VECTOR('',#8315,1.);
#8315 = DIRECTION('',(-1.,-0.,0.));
#8316 = PCURVE('',#8232,#8317);
#8317 = DEFINITIONAL_REPRESENTATION('',(#8318),#8322);
#8318 = LINE('',#8319,#8320);
#8319 = CARTESIAN_POINT('',(0.,0.));
#8320 = VECTOR('',#8321,1.);
#8321 = DIRECTION('',(1.,0.));
#8322 = ( GEOMETRIC_REPRESENTATION_CONTEXT(2) 
PARAMETRIC_REPRESENTATION_CONTEXT() REPRESENTATION_CONTEXT('2D SPACE',''
  ) );
#8323 = PCURVE('',#7178,#8324);
#8324 = DEFINITIONAL_REPRESENTATION('',(#8325),#8329);
#8325 = LINE('',#8326,#8327);
#8326 = CARTESIAN_POINT('',(-0.901712485775,0.499932612137));
#8327 = VECTOR('',#8328,1.);
#8328 = DIRECTION('',(1.,-0.));
#8329 = ( GEOMETRIC_REPRESENTATION_CONTEXT(2) 
PARAMETRIC_REPRESENTATION_CONTEXT() REPRESENTATION_CONTEXT('2D SPACE',''
  ) );
#8330 = ADVANCED_FACE('',(#8331),#8295,.T.);
#8331 = FACE_BOUND('',#8332,.T.);
#8332 = EDGE_LOOP('',(#8333,#8334,#8359,#8387));
#8333 = ORIENTED_EDGE('',*,*,#8279,.T.);
#8334 = ORIENTED_EDGE('',*,*,#8335,.T.);
#8335 = EDGE_CURVE('',#8257,#8336,#8338,.T.);
#8336 = VERTEX_POINT('',#8337);
#8337 = CARTESIAN_POINT('',(33.849254906484,0.879226357418,0.6));
#8338 = SURFACE_CURVE('',#8339,(#8344,#8351),.PCURVE_S1.);
#8339 = B_SPLINE_CURVE_WITH_KNOTS('',2,(#8340,#8341,#8342,#8343),
  .UNSPECIFIED.,.F.,.F.,(3,1,3),(0.,1.,2.),.QUASI_UNIFORM_KNOTS.);
#8340 = CARTESIAN_POINT('',(35.352386430192,1.898591413725,0.6));
#8341 = CARTESIAN_POINT('',(34.609459355256,1.898591413725,0.6));
#8342 = CARTESIAN_POINT('',(33.849254906484,1.380270198654,0.6));
#8343 = CARTESIAN_POINT('',(33.849254906484,0.879226357418,0.6));
#8344 = PCURVE('',#8295,#8345);
#8345 = DEFINITIONAL_REPRESENTATION('',(#8346),#8350);
#8346 = LINE('',#8347,#8348);
#8347 = CARTESIAN_POINT('',(0.,-0.6));
#8348 = VECTOR('',#8349,1.);
#8349 = DIRECTION('',(1.,0.));
#8350 = ( GEOMETRIC_REPRESENTATION_CONTEXT(2) 
PARAMETRIC_REPRESENTATION_CONTEXT() REPRESENTATION_CONTEXT('2D SPACE',''
  ) );
#8351 = PCURVE('',#7120,#8352);
#8352 = DEFINITIONAL_REPRESENTATION('',(#8353),#8358);
#8353 = B_SPLINE_CURVE_WITH_KNOTS('',2,(#8354,#8355,#8356,#8357),
  .UNSPECIFIED.,.F.,.F.,(3,1,3),(0.,1.,2.),.QUASI_UNIFORM_KNOTS.);
#8354 = CARTESIAN_POINT('',(0.342258430397,0.499932612137));
#8355 = CARTESIAN_POINT('',(1.085185505333,0.499932612137));
#8356 = CARTESIAN_POINT('',(1.845389954105,1.018253827208));
#8357 = CARTESIAN_POINT('',(1.845389954105,1.519297668444));
#8358 = ( GEOMETRIC_REPRESENTATION_CONTEXT(2) 
PARAMETRIC_REPRESENTATION_CONTEXT() REPRESENTATION_CONTEXT('2D SPACE',''
  ) );
#8359 = ORIENTED_EDGE('',*,*,#8360,.F.);
#8360 = EDGE_CURVE('',#8361,#8336,#8363,.T.);
#8361 = VERTEX_POINT('',#8362);
#8362 = CARTESIAN_POINT('',(33.849254906484,0.879226357418,0.));
#8363 = SURFACE_CURVE('',#8364,(#8368,#8375),.PCURVE_S1.);
#8364 = LINE('',#8365,#8366);
#8365 = CARTESIAN_POINT('',(33.849254906484,0.879226357418,0.));
#8366 = VECTOR('',#8367,1.);
#8367 = DIRECTION('',(0.,-0.,1.));
#8368 = PCURVE('',#8295,#8369);
#8369 = DEFINITIONAL_REPRESENTATION('',(#8370),#8374);
#8370 = LINE('',#8371,#8372);
#8371 = CARTESIAN_POINT('',(2.,0.));
#8372 = VECTOR('',#8373,1.);
#8373 = DIRECTION('',(0.,-1.));
#8374 = ( GEOMETRIC_REPRESENTATION_CONTEXT(2) 
PARAMETRIC_REPRESENTATION_CONTEXT() REPRESENTATION_CONTEXT('2D SPACE',''
  ) );
#8375 = PCURVE('',#8376,#8381);
#8376 = PLANE('',#8377);
#8377 = AXIS2_PLACEMENT_3D('',#8378,#8379,#8380);
#8378 = CARTESIAN_POINT('',(33.849254906484,0.879226357418,0.));
#8379 = DIRECTION('',(1.,0.,-0.));
#8380 = DIRECTION('',(0.,-1.,-0.));
#8381 = DEFINITIONAL_REPRESENTATION('',(#8382),#8386);
#8382 = LINE('',#8383,#8384);
#8383 = CARTESIAN_POINT('',(0.,0.));
#8384 = VECTOR('',#8385,1.);
#8385 = DIRECTION('',(0.,-1.));
#8386 = ( GEOMETRIC_REPRESENTATION_CONTEXT(2) 
PARAMETRIC_REPRESENTATION_CONTEXT() REPRESENTATION_CONTEXT('2D SPACE',''
  ) );
#8387 = ORIENTED_EDGE('',*,*,#8388,.F.);
#8388 = EDGE_CURVE('',#8280,#8361,#8389,.T.);
#8389 = SURFACE_CURVE('',#8390,(#8395,#8402),.PCURVE_S1.);
#8390 = B_SPLINE_CURVE_WITH_KNOTS('',2,(#8391,#8392,#8393,#8394),
  .UNSPECIFIED.,.F.,.F.,(3,1,3),(0.,1.,2.),.QUASI_UNIFORM_KNOTS.);
#8391 = CARTESIAN_POINT('',(35.352386430192,1.898591413725,0.));
#8392 = CARTESIAN_POINT('',(34.609459355256,1.898591413725,0.));
#8393 = CARTESIAN_POINT('',(33.849254906484,1.380270198654,0.));
#8394 = CARTESIAN_POINT('',(33.849254906484,0.879226357418,0.));
#8395 = PCURVE('',#8295,#8396);
#8396 = DEFINITIONAL_REPRESENTATION('',(#8397),#8401);
#8397 = LINE('',#8398,#8399);
#8398 = CARTESIAN_POINT('',(0.,0.));
#8399 = VECTOR('',#8400,1.);
#8400 = DIRECTION('',(1.,0.));
#8401 = ( GEOMETRIC_REPRESENTATION_CONTEXT(2) 
PARAMETRIC_REPRESENTATION_CONTEXT() REPRESENTATION_CONTEXT('2D SPACE',''
  ) );
#8402 = PCURVE('',#7178,#8403);
#8403 = DEFINITIONAL_REPRESENTATION('',(#8404),#8409);
#8404 = B_SPLINE_CURVE_WITH_KNOTS('',2,(#8405,#8406,#8407,#8408),
  .UNSPECIFIED.,.F.,.F.,(3,1,3),(0.,1.,2.),.QUASI_UNIFORM_KNOTS.);
#8405 = CARTESIAN_POINT('',(0.342258430397,0.499932612137));
#8406 = CARTESIAN_POINT('',(1.085185505333,0.499932612137));
#8407 = CARTESIAN_POINT('',(1.845389954105,1.018253827208));
#8408 = CARTESIAN_POINT('',(1.845389954105,1.519297668444));
#8409 = ( GEOMETRIC_REPRESENTATION_CONTEXT(2) 
PARAMETRIC_REPRESENTATION_CONTEXT() REPRESENTATION_CONTEXT('2D SPACE',''
  ) );
#8410 = ADVANCED_FACE('',(#8411),#8376,.T.);
#8411 = FACE_BOUND('',#8412,.T.);
#8412 = EDGE_LOOP('',(#8413,#8414,#8437,#8471));
#8413 = ORIENTED_EDGE('',*,*,#8360,.T.);
#8414 = ORIENTED_EDGE('',*,*,#8415,.T.);
#8415 = EDGE_CURVE('',#8336,#8416,#8418,.T.);
#8416 = VERTEX_POINT('',#8417);
#8417 = CARTESIAN_POINT('',(33.849254906484,0.620065749882,0.6));
#8418 = SURFACE_CURVE('',#8419,(#8423,#8430),.PCURVE_S1.);
#8419 = LINE('',#8420,#8421);
#8420 = CARTESIAN_POINT('',(33.849254906484,0.879226357418,0.6));
#8421 = VECTOR('',#8422,1.);
#8422 = DIRECTION('',(-0.,-1.,-0.));
#8423 = PCURVE('',#8376,#8424);
#8424 = DEFINITIONAL_REPRESENTATION('',(#8425),#8429);
#8425 = LINE('',#8426,#8427);
#8426 = CARTESIAN_POINT('',(0.,-0.6));
#8427 = VECTOR('',#8428,1.);
#8428 = DIRECTION('',(1.,0.));
#8429 = ( GEOMETRIC_REPRESENTATION_CONTEXT(2) 
PARAMETRIC_REPRESENTATION_CONTEXT() REPRESENTATION_CONTEXT('2D SPACE',''
  ) );
#8430 = PCURVE('',#7120,#8431);
#8431 = DEFINITIONAL_REPRESENTATION('',(#8432),#8436);
#8432 = LINE('',#8433,#8434);
#8433 = CARTESIAN_POINT('',(1.845389954105,1.519297668444));
#8434 = VECTOR('',#8435,1.);
#8435 = DIRECTION('',(-0.,1.));
#8436 = ( GEOMETRIC_REPRESENTATION_CONTEXT(2) 
PARAMETRIC_REPRESENTATION_CONTEXT() REPRESENTATION_CONTEXT('2D SPACE',''
  ) );
#8437 = ORIENTED_EDGE('',*,*,#8438,.F.);
#8438 = EDGE_CURVE('',#8439,#8416,#8441,.T.);
#8439 = VERTEX_POINT('',#8440);
#8440 = CARTESIAN_POINT('',(33.849254906484,0.620065749882,0.));
#8441 = SURFACE_CURVE('',#8442,(#8446,#8453),.PCURVE_S1.);
#8442 = LINE('',#8443,#8444);
#8443 = CARTESIAN_POINT('',(33.849254906484,0.620065749882,0.));
#8444 = VECTOR('',#8445,1.);
#8445 = DIRECTION('',(0.,-0.,1.));
#8446 = PCURVE('',#8376,#8447);
#8447 = DEFINITIONAL_REPRESENTATION('',(#8448),#8452);
#8448 = LINE('',#8449,#8450);
#8449 = CARTESIAN_POINT('',(0.259160607536,-0.));
#8450 = VECTOR('',#8451,1.);
#8451 = DIRECTION('',(0.,-1.));
#8452 = ( GEOMETRIC_REPRESENTATION_CONTEXT(2) 
PARAMETRIC_REPRESENTATION_CONTEXT() REPRESENTATION_CONTEXT('2D SPACE',''
  ) );
#8453 = PCURVE('',#8454,#8465);
#8454 = SURFACE_OF_LINEAR_EXTRUSION('',#8455,#8463);
#8455 = B_SPLINE_CURVE_WITH_KNOTS('',2,(#8456,#8457,#8458,#8459,#8460,
    #8461,#8462),.UNSPECIFIED.,.F.,.F.,(3,1,1,1,1,3),(0.,1.,2.,
    2.757575757576,3.515151515152,4.272727272727),.UNSPECIFIED.);
#8456 = CARTESIAN_POINT('',(33.849254906484,0.620065749882,0.));
#8457 = CARTESIAN_POINT('',(33.849254906484,0.136299282482,0.));
#8458 = CARTESIAN_POINT('',(34.47124036457,-0.347467184918,0.));
#8459 = CARTESIAN_POINT('',(35.473328047042,-0.347467184918,0.));
#8460 = CARTESIAN_POINT('',(36.164423000471,-0.105583951218,0.));
#8461 = CARTESIAN_POINT('',(36.596357346364,0.412737263853,0.));
#8462 = CARTESIAN_POINT('',(36.596357346364,0.827394235911,0.));
#8463 = VECTOR('',#8464,1.);
#8464 = DIRECTION('',(-0.,0.,-1.));
#8465 = DEFINITIONAL_REPRESENTATION('',(#8466),#8470);
#8466 = LINE('',#8467,#8468);
#8467 = CARTESIAN_POINT('',(0.,0.));
#8468 = VECTOR('',#8469,1.);
#8469 = DIRECTION('',(0.,-1.));
#8470 = ( GEOMETRIC_REPRESENTATION_CONTEXT(2) 
PARAMETRIC_REPRESENTATION_CONTEXT() REPRESENTATION_CONTEXT('2D SPACE',''
  ) );
#8471 = ORIENTED_EDGE('',*,*,#8472,.F.);
#8472 = EDGE_CURVE('',#8361,#8439,#8473,.T.);
#8473 = SURFACE_CURVE('',#8474,(#8478,#8485),.PCURVE_S1.);
#8474 = LINE('',#8475,#8476);
#8475 = CARTESIAN_POINT('',(33.849254906484,0.879226357418,0.));
#8476 = VECTOR('',#8477,1.);
#8477 = DIRECTION('',(-0.,-1.,-0.));
#8478 = PCURVE('',#8376,#8479);
#8479 = DEFINITIONAL_REPRESENTATION('',(#8480),#8484);
#8480 = LINE('',#8481,#8482);
#8481 = CARTESIAN_POINT('',(0.,0.));
#8482 = VECTOR('',#8483,1.);
#8483 = DIRECTION('',(1.,0.));
#8484 = ( GEOMETRIC_REPRESENTATION_CONTEXT(2) 
PARAMETRIC_REPRESENTATION_CONTEXT() REPRESENTATION_CONTEXT('2D SPACE',''
  ) );
#8485 = PCURVE('',#7178,#8486);
#8486 = DEFINITIONAL_REPRESENTATION('',(#8487),#8491);
#8487 = LINE('',#8488,#8489);
#8488 = CARTESIAN_POINT('',(1.845389954105,1.519297668444));
#8489 = VECTOR('',#8490,1.);
#8490 = DIRECTION('',(-0.,1.));
#8491 = ( GEOMETRIC_REPRESENTATION_CONTEXT(2) 
PARAMETRIC_REPRESENTATION_CONTEXT() REPRESENTATION_CONTEXT('2D SPACE',''
  ) );
#8492 = ADVANCED_FACE('',(#8493),#8454,.T.);
#8493 = FACE_BOUND('',#8494,.T.);
#8494 = EDGE_LOOP('',(#8495,#8496,#8527,#8550));
#8495 = ORIENTED_EDGE('',*,*,#8438,.T.);
#8496 = ORIENTED_EDGE('',*,*,#8497,.T.);
#8497 = EDGE_CURVE('',#8416,#8498,#8500,.T.);
#8498 = VERTEX_POINT('',#8499);
#8499 = CARTESIAN_POINT('',(36.596357346364,0.827394235911,0.6));
#8500 = SURFACE_CURVE('',#8501,(#8509,#8516),.PCURVE_S1.);
#8501 = B_SPLINE_CURVE_WITH_KNOTS('',2,(#8502,#8503,#8504,#8505,#8506,
    #8507,#8508),.UNSPECIFIED.,.F.,.F.,(3,1,1,1,1,3),(0.,1.,2.,
    2.757575757576,3.515151515152,4.272727272727),.UNSPECIFIED.);
#8502 = CARTESIAN_POINT('',(33.849254906484,0.620065749882,0.6));
#8503 = CARTESIAN_POINT('',(33.849254906484,0.136299282482,0.6));
#8504 = CARTESIAN_POINT('',(34.47124036457,-0.347467184918,0.6));
#8505 = CARTESIAN_POINT('',(35.473328047042,-0.347467184918,0.6));
#8506 = CARTESIAN_POINT('',(36.164423000471,-0.105583951218,0.6));
#8507 = CARTESIAN_POINT('',(36.596357346364,0.412737263853,0.6));
#8508 = CARTESIAN_POINT('',(36.596357346364,0.827394235911,0.6));
#8509 = PCURVE('',#8454,#8510);
#8510 = DEFINITIONAL_REPRESENTATION('',(#8511),#8515);
#8511 = LINE('',#8512,#8513);
#8512 = CARTESIAN_POINT('',(0.,-0.6));
#8513 = VECTOR('',#8514,1.);
#8514 = DIRECTION('',(1.,0.));
#8515 = ( GEOMETRIC_REPRESENTATION_CONTEXT(2) 
PARAMETRIC_REPRESENTATION_CONTEXT() REPRESENTATION_CONTEXT('2D SPACE',''
  ) );
#8516 = PCURVE('',#7120,#8517);
#8517 = DEFINITIONAL_REPRESENTATION('',(#8518),#8526);
#8518 = B_SPLINE_CURVE_WITH_KNOTS('',2,(#8519,#8520,#8521,#8522,#8523,
    #8524,#8525),.UNSPECIFIED.,.F.,.F.,(3,1,1,1,1,3),(0.,1.,2.,
    2.757575757576,3.515151515152,4.272727272727),.UNSPECIFIED.);
#8519 = CARTESIAN_POINT('',(1.845389954105,1.77845827598));
#8520 = CARTESIAN_POINT('',(1.845389954105,2.26222474338));
#8521 = CARTESIAN_POINT('',(1.223404496019,2.74599121078));
#8522 = CARTESIAN_POINT('',(0.221316813547,2.74599121078));
#8523 = CARTESIAN_POINT('',(-0.469778139881,2.50410797708));
#8524 = CARTESIAN_POINT('',(-0.901712485775,1.985786762009));
#8525 = CARTESIAN_POINT('',(-0.901712485775,1.571129789951));
#8526 = ( GEOMETRIC_REPRESENTATION_CONTEXT(2) 
PARAMETRIC_REPRESENTATION_CONTEXT() REPRESENTATION_CONTEXT('2D SPACE',''
  ) );
#8527 = ORIENTED_EDGE('',*,*,#8528,.F.);
#8528 = EDGE_CURVE('',#8529,#8498,#8531,.T.);
#8529 = VERTEX_POINT('',#8530);
#8530 = CARTESIAN_POINT('',(36.596357346364,0.827394235911,0.));
#8531 = SURFACE_CURVE('',#8532,(#8536,#8543),.PCURVE_S1.);
#8532 = LINE('',#8533,#8534);
#8533 = CARTESIAN_POINT('',(36.596357346364,0.827394235911,0.));
#8534 = VECTOR('',#8535,1.);
#8535 = DIRECTION('',(0.,-0.,1.));
#8536 = PCURVE('',#8454,#8537);
#8537 = DEFINITIONAL_REPRESENTATION('',(#8538),#8542);
#8538 = LINE('',#8539,#8540);
#8539 = CARTESIAN_POINT('',(4.272727272727,0.));
#8540 = VECTOR('',#8541,1.);
#8541 = DIRECTION('',(0.,-1.));
#8542 = ( GEOMETRIC_REPRESENTATION_CONTEXT(2) 
PARAMETRIC_REPRESENTATION_CONTEXT() REPRESENTATION_CONTEXT('2D SPACE',''
  ) );
#8543 = PCURVE('',#8244,#8544);
#8544 = DEFINITIONAL_REPRESENTATION('',(#8545),#8549);
#8545 = LINE('',#8546,#8547);
#8546 = CARTESIAN_POINT('',(0.,0.));
#8547 = VECTOR('',#8548,1.);
#8548 = DIRECTION('',(0.,-1.));
#8549 = ( GEOMETRIC_REPRESENTATION_CONTEXT(2) 
PARAMETRIC_REPRESENTATION_CONTEXT() REPRESENTATION_CONTEXT('2D SPACE',''
  ) );
#8550 = ORIENTED_EDGE('',*,*,#8551,.F.);
#8551 = EDGE_CURVE('',#8439,#8529,#8552,.T.);
#8552 = SURFACE_CURVE('',#8553,(#8561,#8568),.PCURVE_S1.);
#8553 = B_SPLINE_CURVE_WITH_KNOTS('',2,(#8554,#8555,#8556,#8557,#8558,
    #8559,#8560),.UNSPECIFIED.,.F.,.F.,(3,1,1,1,1,3),(0.,1.,2.,
    2.757575757576,3.515151515152,4.272727272727),.UNSPECIFIED.);
#8554 = CARTESIAN_POINT('',(33.849254906484,0.620065749882,0.));
#8555 = CARTESIAN_POINT('',(33.849254906484,0.136299282482,0.));
#8556 = CARTESIAN_POINT('',(34.47124036457,-0.347467184918,0.));
#8557 = CARTESIAN_POINT('',(35.473328047042,-0.347467184918,0.));
#8558 = CARTESIAN_POINT('',(36.164423000471,-0.105583951218,0.));
#8559 = CARTESIAN_POINT('',(36.596357346364,0.412737263853,0.));
#8560 = CARTESIAN_POINT('',(36.596357346364,0.827394235911,0.));
#8561 = PCURVE('',#8454,#8562);
#8562 = DEFINITIONAL_REPRESENTATION('',(#8563),#8567);
#8563 = LINE('',#8564,#8565);
#8564 = CARTESIAN_POINT('',(0.,0.));
#8565 = VECTOR('',#8566,1.);
#8566 = DIRECTION('',(1.,0.));
#8567 = ( GEOMETRIC_REPRESENTATION_CONTEXT(2) 
PARAMETRIC_REPRESENTATION_CONTEXT() REPRESENTATION_CONTEXT('2D SPACE',''
  ) );
#8568 = PCURVE('',#7178,#8569);
#8569 = DEFINITIONAL_REPRESENTATION('',(#8570),#8578);
#8570 = B_SPLINE_CURVE_WITH_KNOTS('',2,(#8571,#8572,#8573,#8574,#8575,
    #8576,#8577),.UNSPECIFIED.,.F.,.F.,(3,1,1,1,1,3),(0.,1.,2.,
    2.757575757576,3.515151515152,4.272727272727),.UNSPECIFIED.);
#8571 = CARTESIAN_POINT('',(1.845389954105,1.77845827598));
#8572 = CARTESIAN_POINT('',(1.845389954105,2.26222474338));
#8573 = CARTESIAN_POINT('',(1.223404496019,2.74599121078));
#8574 = CARTESIAN_POINT('',(0.221316813547,2.74599121078));
#8575 = CARTESIAN_POINT('',(-0.469778139881,2.50410797708));
#8576 = CARTESIAN_POINT('',(-0.901712485775,1.985786762009));
#8577 = CARTESIAN_POINT('',(-0.901712485775,1.571129789951));
#8578 = ( GEOMETRIC_REPRESENTATION_CONTEXT(2) 
PARAMETRIC_REPRESENTATION_CONTEXT() REPRESENTATION_CONTEXT('2D SPACE',''
  ) );
#8579 = ADVANCED_FACE('',(#8580),#8244,.T.);
#8580 = FACE_BOUND('',#8581,.T.);
#8581 = EDGE_LOOP('',(#8582,#8583,#8604,#8605));
#8582 = ORIENTED_EDGE('',*,*,#8528,.T.);
#8583 = ORIENTED_EDGE('',*,*,#8584,.T.);
#8584 = EDGE_CURVE('',#8498,#8224,#8585,.T.);
#8585 = SURFACE_CURVE('',#8586,(#8590,#8597),.PCURVE_S1.);
#8586 = LINE('',#8587,#8588);
#8587 = CARTESIAN_POINT('',(36.596357346364,0.827394235911,0.6));
#8588 = VECTOR('',#8589,1.);
#8589 = DIRECTION('',(-0.,1.,-0.));
#8590 = PCURVE('',#8244,#8591);
#8591 = DEFINITIONAL_REPRESENTATION('',(#8592),#8596);
#8592 = LINE('',#8593,#8594);
#8593 = CARTESIAN_POINT('',(0.,-0.6));
#8594 = VECTOR('',#8595,1.);
#8595 = DIRECTION('',(1.,0.));
#8596 = ( GEOMETRIC_REPRESENTATION_CONTEXT(2) 
PARAMETRIC_REPRESENTATION_CONTEXT() REPRESENTATION_CONTEXT('2D SPACE',''
  ) );
#8597 = PCURVE('',#7120,#8598);
#8598 = DEFINITIONAL_REPRESENTATION('',(#8599),#8603);
#8599 = LINE('',#8600,#8601);
#8600 = CARTESIAN_POINT('',(-0.901712485775,1.571129789951));
#8601 = VECTOR('',#8602,1.);
#8602 = DIRECTION('',(-0.,-1.));
#8603 = ( GEOMETRIC_REPRESENTATION_CONTEXT(2) 
PARAMETRIC_REPRESENTATION_CONTEXT() REPRESENTATION_CONTEXT('2D SPACE',''
  ) );
#8604 = ORIENTED_EDGE('',*,*,#8221,.F.);
#8605 = ORIENTED_EDGE('',*,*,#8606,.F.);
#8606 = EDGE_CURVE('',#8529,#8222,#8607,.T.);
#8607 = SURFACE_CURVE('',#8608,(#8612,#8619),.PCURVE_S1.);
#8608 = LINE('',#8609,#8610);
#8609 = CARTESIAN_POINT('',(36.596357346364,0.827394235911,0.));
#8610 = VECTOR('',#8611,1.);
#8611 = DIRECTION('',(-0.,1.,-0.));
#8612 = PCURVE('',#8244,#8613);
#8613 = DEFINITIONAL_REPRESENTATION('',(#8614),#8618);
#8614 = LINE('',#8615,#8616);
#8615 = CARTESIAN_POINT('',(0.,0.));
#8616 = VECTOR('',#8617,1.);
#8617 = DIRECTION('',(1.,0.));
#8618 = ( GEOMETRIC_REPRESENTATION_CONTEXT(2) 
PARAMETRIC_REPRESENTATION_CONTEXT() REPRESENTATION_CONTEXT('2D SPACE',''
  ) );
#8619 = PCURVE('',#7178,#8620);
#8620 = DEFINITIONAL_REPRESENTATION('',(#8621),#8625);
#8621 = LINE('',#8622,#8623);
#8622 = CARTESIAN_POINT('',(-0.901712485775,1.571129789951));
#8623 = VECTOR('',#8624,1.);
#8624 = DIRECTION('',(-0.,-1.));
#8625 = ( GEOMETRIC_REPRESENTATION_CONTEXT(2) 
PARAMETRIC_REPRESENTATION_CONTEXT() REPRESENTATION_CONTEXT('2D SPACE',''
  ) );
#8626 = ADVANCED_FACE('',(#8627,#8643),#7178,.F.);
#8627 = FACE_BOUND('',#8628,.T.);
#8628 = EDGE_LOOP('',(#8629,#8630,#8631,#8632,#8633,#8634,#8635,#8636,
    #8637,#8638,#8639,#8640,#8641,#8642));
#8629 = ORIENTED_EDGE('',*,*,#7164,.T.);
#8630 = ORIENTED_EDGE('',*,*,#7249,.T.);
#8631 = ORIENTED_EDGE('',*,*,#7329,.T.);
#8632 = ORIENTED_EDGE('',*,*,#7405,.T.);
#8633 = ORIENTED_EDGE('',*,*,#7489,.T.);
#8634 = ORIENTED_EDGE('',*,*,#7577,.T.);
#8635 = ORIENTED_EDGE('',*,*,#7665,.T.);
#8636 = ORIENTED_EDGE('',*,*,#7746,.T.);
#8637 = ORIENTED_EDGE('',*,*,#7828,.T.);
#8638 = ORIENTED_EDGE('',*,*,#7915,.T.);
#8639 = ORIENTED_EDGE('',*,*,#7997,.T.);
#8640 = ORIENTED_EDGE('',*,*,#8079,.T.);
#8641 = ORIENTED_EDGE('',*,*,#8150,.T.);
#8642 = ORIENTED_EDGE('',*,*,#8197,.T.);
#8643 = FACE_BOUND('',#8644,.T.);
#8644 = EDGE_LOOP('',(#8645,#8646,#8647,#8648,#8649));
#8645 = ORIENTED_EDGE('',*,*,#8310,.T.);
#8646 = ORIENTED_EDGE('',*,*,#8388,.T.);
#8647 = ORIENTED_EDGE('',*,*,#8472,.T.);
#8648 = ORIENTED_EDGE('',*,*,#8551,.T.);
#8649 = ORIENTED_EDGE('',*,*,#8606,.T.);
#8650 = ADVANCED_FACE('',(#8651,#8667),#7120,.T.);
#8651 = FACE_BOUND('',#8652,.F.);
#8652 = EDGE_LOOP('',(#8653,#8654,#8655,#8656,#8657,#8658,#8659,#8660,
    #8661,#8662,#8663,#8664,#8665,#8666));
#8653 = ORIENTED_EDGE('',*,*,#7104,.T.);
#8654 = ORIENTED_EDGE('',*,*,#7194,.T.);
#8655 = ORIENTED_EDGE('',*,*,#7278,.T.);
#8656 = ORIENTED_EDGE('',*,*,#7354,.T.);
#8657 = ORIENTED_EDGE('',*,*,#7430,.T.);
#8658 = ORIENTED_EDGE('',*,*,#7514,.T.);
#8659 = ORIENTED_EDGE('',*,*,#7614,.T.);
#8660 = ORIENTED_EDGE('',*,*,#7690,.T.);
#8661 = ORIENTED_EDGE('',*,*,#7771,.T.);
#8662 = ORIENTED_EDGE('',*,*,#7859,.T.);
#8663 = ORIENTED_EDGE('',*,*,#7940,.T.);
#8664 = ORIENTED_EDGE('',*,*,#8028,.T.);
#8665 = ORIENTED_EDGE('',*,*,#8104,.T.);
#8666 = ORIENTED_EDGE('',*,*,#8175,.T.);
#8667 = FACE_BOUND('',#8668,.F.);
#8668 = EDGE_LOOP('',(#8669,#8670,#8671,#8672,#8673));
#8669 = ORIENTED_EDGE('',*,*,#8256,.T.);
#8670 = ORIENTED_EDGE('',*,*,#8335,.T.);
#8671 = ORIENTED_EDGE('',*,*,#8415,.T.);
#8672 = ORIENTED_EDGE('',*,*,#8497,.T.);
#8673 = ORIENTED_EDGE('',*,*,#8584,.T.);
#8674 = MANIFOLD_SOLID_BREP('',#8675);
#8675 = CLOSED_SHELL('',(#8676,#8812,#8900,#8981,#9069,#9140,#9223,#9232
    ));
#8676 = ADVANCED_FACE('',(#8677),#8691,.T.);
#8677 = FACE_BOUND('',#8678,.T.);
#8678 = EDGE_LOOP('',(#8679,#8725,#8753,#8786));
#8679 = ORIENTED_EDGE('',*,*,#8680,.T.);
#8680 = EDGE_CURVE('',#8681,#8683,#8685,.T.);
#8681 = VERTEX_POINT('',#8682);
#8682 = CARTESIAN_POINT('',(2.152952750751,-7.573248864658,0.));
#8683 = VERTEX_POINT('',#8684);
#8684 = CARTESIAN_POINT('',(2.152952750751,-7.573248864658,0.6));
#8685 = SURFACE_CURVE('',#8686,(#8690,#8702),.PCURVE_S1.);
#8686 = LINE('',#8687,#8688);
#8687 = CARTESIAN_POINT('',(2.152952750751,-7.573248864658,0.));
#8688 = VECTOR('',#8689,1.);
#8689 = DIRECTION('',(0.,-0.,1.));
#8690 = PCURVE('',#8691,#8696);
#8691 = PLANE('',#8692);
#8692 = AXIS2_PLACEMENT_3D('',#8693,#8694,#8695);
#8693 = CARTESIAN_POINT('',(2.152952750751,-7.573248864658,0.));
#8694 = DIRECTION('',(0.509320893916,-0.860576682824,-0.));
#8695 = DIRECTION('',(-0.860576682824,-0.509320893916,0.));
#8696 = DEFINITIONAL_REPRESENTATION('',(#8697),#8701);
#8697 = LINE('',#8698,#8699);
#8698 = CARTESIAN_POINT('',(0.,0.));
#8699 = VECTOR('',#8700,1.);
#8700 = DIRECTION('',(0.,-1.));
#8701 = ( GEOMETRIC_REPRESENTATION_CONTEXT(2) 
PARAMETRIC_REPRESENTATION_CONTEXT() REPRESENTATION_CONTEXT('2D SPACE',''
  ) );
#8702 = PCURVE('',#8703,#8719);
#8703 = SURFACE_OF_LINEAR_EXTRUSION('',#8704,#8717);
#8704 = B_SPLINE_CURVE_WITH_KNOTS('',2,(#8705,#8706,#8707,#8708,#8709,
    #8710,#8711,#8712,#8713,#8714,#8715,#8716),.UNSPECIFIED.,.F.,.F.,(3,
    1,1,1,1,1,1,1,1,1,3),(0.,1.,2.,3.02380952381,4.047619047619,
    5.071428571429,6.086634653862,7.101840736295,8.117046818728,
    9.096838735494,10.076630652261),.UNSPECIFIED.);
#8705 = CARTESIAN_POINT('',(2.200945455851,-11.57584046993,0.));
#8706 = CARTESIAN_POINT('',(1.903390684235,-12.25733688234,0.));
#8707 = CARTESIAN_POINT('',(0.741967220834,-13.07321286902,0.));
#8708 = CARTESIAN_POINT('',(-0.88978475254,-13.07321286902,0.));
#8709 = CARTESIAN_POINT('',(-2.060806756961,-12.29573104642,0.));
#8710 = CARTESIAN_POINT('',(-2.675113382231,-10.76956302426,0.));
#8711 = CARTESIAN_POINT('',(-2.675113382231,-8.494708802563,0.));
#8712 = CARTESIAN_POINT('',(-2.060806756961,-6.939745157348,0.));
#8713 = CARTESIAN_POINT('',(-0.88978475254,-6.143066252701,0.));
#8714 = CARTESIAN_POINT('',(0.732368679814,-6.143066252701,0.));
#8715 = CARTESIAN_POINT('',(1.855397979136,-6.910949534289,0.));
#8716 = CARTESIAN_POINT('',(2.152952750751,-7.573248864658,0.));
#8717 = VECTOR('',#8718,1.);
#8718 = DIRECTION('',(-0.,0.,-1.));
#8719 = DEFINITIONAL_REPRESENTATION('',(#8720),#8724);
#8720 = LINE('',#8721,#8722);
#8721 = CARTESIAN_POINT('',(10.076630652261,0.));
#8722 = VECTOR('',#8723,1.);
#8723 = DIRECTION('',(0.,-1.));
#8724 = ( GEOMETRIC_REPRESENTATION_CONTEXT(2) 
PARAMETRIC_REPRESENTATION_CONTEXT() REPRESENTATION_CONTEXT('2D SPACE',''
  ) );
#8725 = ORIENTED_EDGE('',*,*,#8726,.T.);
#8726 = EDGE_CURVE('',#8683,#8727,#8729,.T.);
#8727 = VERTEX_POINT('',#8728);
#8728 = CARTESIAN_POINT('',(1.682624240779,-7.851606554233,0.6));
#8729 = SURFACE_CURVE('',#8730,(#8734,#8741),.PCURVE_S1.);
#8730 = LINE('',#8731,#8732);
#8731 = CARTESIAN_POINT('',(2.152952750751,-7.573248864658,0.6));
#8732 = VECTOR('',#8733,1.);
#8733 = DIRECTION('',(-0.860576682824,-0.509320893916,0.));
#8734 = PCURVE('',#8691,#8735);
#8735 = DEFINITIONAL_REPRESENTATION('',(#8736),#8740);
#8736 = LINE('',#8737,#8738);
#8737 = CARTESIAN_POINT('',(0.,-0.6));
#8738 = VECTOR('',#8739,1.);
#8739 = DIRECTION('',(1.,0.));
#8740 = ( GEOMETRIC_REPRESENTATION_CONTEXT(2) 
PARAMETRIC_REPRESENTATION_CONTEXT() REPRESENTATION_CONTEXT('2D SPACE',''
  ) );
#8741 = PCURVE('',#8742,#8747);
#8742 = PLANE('',#8743);
#8743 = AXIS2_PLACEMENT_3D('',#8744,#8745,#8746);
#8744 = CARTESIAN_POINT('',(-0.571269683469,-9.621315581276,0.6));
#8745 = DIRECTION('',(-0.,-0.,1.));
#8746 = DIRECTION('',(-1.,0.,0.));
#8747 = DEFINITIONAL_REPRESENTATION('',(#8748),#8752);
#8748 = LINE('',#8749,#8750);
#8749 = CARTESIAN_POINT('',(-2.72422243422,-2.048066716618));
#8750 = VECTOR('',#8751,1.);
#8751 = DIRECTION('',(0.860576682824,0.509320893916));
#8752 = ( GEOMETRIC_REPRESENTATION_CONTEXT(2) 
PARAMETRIC_REPRESENTATION_CONTEXT() REPRESENTATION_CONTEXT('2D SPACE',''
  ) );
#8753 = ORIENTED_EDGE('',*,*,#8754,.F.);
#8754 = EDGE_CURVE('',#8755,#8727,#8757,.T.);
#8755 = VERTEX_POINT('',#8756);
#8756 = CARTESIAN_POINT('',(1.682624240779,-7.851606554233,0.));
#8757 = SURFACE_CURVE('',#8758,(#8762,#8769),.PCURVE_S1.);
#8758 = LINE('',#8759,#8760);
#8759 = CARTESIAN_POINT('',(1.682624240779,-7.851606554233,0.));
#8760 = VECTOR('',#8761,1.);
#8761 = DIRECTION('',(0.,-0.,1.));
#8762 = PCURVE('',#8691,#8763);
#8763 = DEFINITIONAL_REPRESENTATION('',(#8764),#8768);
#8764 = LINE('',#8765,#8766);
#8765 = CARTESIAN_POINT('',(0.546527136233,0.));
#8766 = VECTOR('',#8767,1.);
#8767 = DIRECTION('',(0.,-1.));
#8768 = ( GEOMETRIC_REPRESENTATION_CONTEXT(2) 
PARAMETRIC_REPRESENTATION_CONTEXT() REPRESENTATION_CONTEXT('2D SPACE',''
  ) );
#8769 = PCURVE('',#8770,#8780);
#8770 = SURFACE_OF_LINEAR_EXTRUSION('',#8771,#8778);
#8771 = B_SPLINE_CURVE_WITH_KNOTS('',2,(#8772,#8773,#8774,#8775,#8776,
    #8777),.UNSPECIFIED.,.F.,.F.,(3,1,1,1,3),(0.,1.,2.,3.469696969697,
    4.939393939394),.UNSPECIFIED.);
#8772 = CARTESIAN_POINT('',(1.682624240779,-7.851606554233,0.));
#8773 = CARTESIAN_POINT('',(1.461857797322,-7.304489716102,0.));
#8774 = CARTESIAN_POINT('',(0.569193482477,-6.661387467773,0.));
#8775 = CARTESIAN_POINT('',(-0.995368703758,-6.661387467773,0.));
#8776 = CARTESIAN_POINT('',(-2.060806756961,-8.014781751571,0.));
#8777 = CARTESIAN_POINT('',(-2.060806756961,-9.252993543131,0.));
#8778 = VECTOR('',#8779,1.);
#8779 = DIRECTION('',(-0.,0.,-1.));
#8780 = DEFINITIONAL_REPRESENTATION('',(#8781),#8785);
#8781 = LINE('',#8782,#8783);
#8782 = CARTESIAN_POINT('',(0.,0.));
#8783 = VECTOR('',#8784,1.);
#8784 = DIRECTION('',(0.,-1.));
#8785 = ( GEOMETRIC_REPRESENTATION_CONTEXT(2) 
PARAMETRIC_REPRESENTATION_CONTEXT() REPRESENTATION_CONTEXT('2D SPACE',''
  ) );
#8786 = ORIENTED_EDGE('',*,*,#8787,.F.);
#8787 = EDGE_CURVE('',#8681,#8755,#8788,.T.);
#8788 = SURFACE_CURVE('',#8789,(#8793,#8800),.PCURVE_S1.);
#8789 = LINE('',#8790,#8791);
#8790 = CARTESIAN_POINT('',(2.152952750751,-7.573248864658,0.));
#8791 = VECTOR('',#8792,1.);
#8792 = DIRECTION('',(-0.860576682824,-0.509320893916,0.));
#8793 = PCURVE('',#8691,#8794);
#8794 = DEFINITIONAL_REPRESENTATION('',(#8795),#8799);
#8795 = LINE('',#8796,#8797);
#8796 = CARTESIAN_POINT('',(0.,0.));
#8797 = VECTOR('',#8798,1.);
#8798 = DIRECTION('',(1.,0.));
#8799 = ( GEOMETRIC_REPRESENTATION_CONTEXT(2) 
PARAMETRIC_REPRESENTATION_CONTEXT() REPRESENTATION_CONTEXT('2D SPACE',''
  ) );
#8800 = PCURVE('',#8801,#8806);
#8801 = PLANE('',#8802);
#8802 = AXIS2_PLACEMENT_3D('',#8803,#8804,#8805);
#8803 = CARTESIAN_POINT('',(-0.571269683469,-9.621315581276,0.));
#8804 = DIRECTION('',(-0.,-0.,1.));
#8805 = DIRECTION('',(-1.,0.,0.));
#8806 = DEFINITIONAL_REPRESENTATION('',(#8807),#8811);
#8807 = LINE('',#8808,#8809);
#8808 = CARTESIAN_POINT('',(-2.72422243422,-2.048066716618));
#8809 = VECTOR('',#8810,1.);
#8810 = DIRECTION('',(0.860576682824,0.509320893916));
#8811 = ( GEOMETRIC_REPRESENTATION_CONTEXT(2) 
PARAMETRIC_REPRESENTATION_CONTEXT() REPRESENTATION_CONTEXT('2D SPACE',''
  ) );
#8812 = ADVANCED_FACE('',(#8813),#8770,.T.);
#8813 = FACE_BOUND('',#8814,.T.);
#8814 = EDGE_LOOP('',(#8815,#8816,#8845,#8873));
#8815 = ORIENTED_EDGE('',*,*,#8754,.T.);
#8816 = ORIENTED_EDGE('',*,*,#8817,.T.);
#8817 = EDGE_CURVE('',#8727,#8818,#8820,.T.);
#8818 = VERTEX_POINT('',#8819);
#8819 = CARTESIAN_POINT('',(-2.060806756961,-9.252993543131,0.6));
#8820 = SURFACE_CURVE('',#8821,(#8828,#8835),.PCURVE_S1.);
#8821 = B_SPLINE_CURVE_WITH_KNOTS('',2,(#8822,#8823,#8824,#8825,#8826,
    #8827),.UNSPECIFIED.,.F.,.F.,(3,1,1,1,3),(0.,1.,2.,3.469696969697,
    4.939393939394),.UNSPECIFIED.);
#8822 = CARTESIAN_POINT('',(1.682624240779,-7.851606554233,0.6));
#8823 = CARTESIAN_POINT('',(1.461857797322,-7.304489716102,0.6));
#8824 = CARTESIAN_POINT('',(0.569193482477,-6.661387467773,0.6));
#8825 = CARTESIAN_POINT('',(-0.995368703758,-6.661387467773,0.6));
#8826 = CARTESIAN_POINT('',(-2.060806756961,-8.014781751571,0.6));
#8827 = CARTESIAN_POINT('',(-2.060806756961,-9.252993543131,0.6));
#8828 = PCURVE('',#8770,#8829);
#8829 = DEFINITIONAL_REPRESENTATION('',(#8830),#8834);
#8830 = LINE('',#8831,#8832);
#8831 = CARTESIAN_POINT('',(0.,-0.6));
#8832 = VECTOR('',#8833,1.);
#8833 = DIRECTION('',(1.,0.));
#8834 = ( GEOMETRIC_REPRESENTATION_CONTEXT(2) 
PARAMETRIC_REPRESENTATION_CONTEXT() REPRESENTATION_CONTEXT('2D SPACE',''
  ) );
#8835 = PCURVE('',#8742,#8836);
#8836 = DEFINITIONAL_REPRESENTATION('',(#8837),#8844);
#8837 = B_SPLINE_CURVE_WITH_KNOTS('',2,(#8838,#8839,#8840,#8841,#8842,
    #8843),.UNSPECIFIED.,.F.,.F.,(3,1,1,1,3),(0.,1.,2.,3.469696969697,
    4.939393939394),.UNSPECIFIED.);
#8838 = CARTESIAN_POINT('',(-2.253893924248,-1.769709027042));
#8839 = CARTESIAN_POINT('',(-2.033127480791,-2.316825865173));
#8840 = CARTESIAN_POINT('',(-1.140463165946,-2.959928113503));
#8841 = CARTESIAN_POINT('',(0.424099020289,-2.959928113503));
#8842 = CARTESIAN_POINT('',(1.489537073492,-1.606533829705));
#8843 = CARTESIAN_POINT('',(1.489537073492,-0.368322038145));
#8844 = ( GEOMETRIC_REPRESENTATION_CONTEXT(2) 
PARAMETRIC_REPRESENTATION_CONTEXT() REPRESENTATION_CONTEXT('2D SPACE',''
  ) );
#8845 = ORIENTED_EDGE('',*,*,#8846,.F.);
#8846 = EDGE_CURVE('',#8847,#8818,#8849,.T.);
#8847 = VERTEX_POINT('',#8848);
#8848 = CARTESIAN_POINT('',(-2.060806756961,-9.252993543131,0.));
#8849 = SURFACE_CURVE('',#8850,(#8854,#8861),.PCURVE_S1.);
#8850 = LINE('',#8851,#8852);
#8851 = CARTESIAN_POINT('',(-2.060806756961,-9.252993543131,0.));
#8852 = VECTOR('',#8853,1.);
#8853 = DIRECTION('',(0.,-0.,1.));
#8854 = PCURVE('',#8770,#8855);
#8855 = DEFINITIONAL_REPRESENTATION('',(#8856),#8860);
#8856 = LINE('',#8857,#8858);
#8857 = CARTESIAN_POINT('',(4.939393939394,0.));
#8858 = VECTOR('',#8859,1.);
#8859 = DIRECTION('',(0.,-1.));
#8860 = ( GEOMETRIC_REPRESENTATION_CONTEXT(2) 
PARAMETRIC_REPRESENTATION_CONTEXT() REPRESENTATION_CONTEXT('2D SPACE',''
  ) );
#8861 = PCURVE('',#8862,#8867);
#8862 = PLANE('',#8863);
#8863 = AXIS2_PLACEMENT_3D('',#8864,#8865,#8866);
#8864 = CARTESIAN_POINT('',(-2.060806756961,-9.252993543131,0.));
#8865 = DIRECTION('',(1.,0.,-0.));
#8866 = DIRECTION('',(0.,-1.,-0.));
#8867 = DEFINITIONAL_REPRESENTATION('',(#8868),#8872);
#8868 = LINE('',#8869,#8870);
#8869 = CARTESIAN_POINT('',(0.,0.));
#8870 = VECTOR('',#8871,1.);
#8871 = DIRECTION('',(0.,-1.));
#8872 = ( GEOMETRIC_REPRESENTATION_CONTEXT(2) 
PARAMETRIC_REPRESENTATION_CONTEXT() REPRESENTATION_CONTEXT('2D SPACE',''
  ) );
#8873 = ORIENTED_EDGE('',*,*,#8874,.F.);
#8874 = EDGE_CURVE('',#8755,#8847,#8875,.T.);
#8875 = SURFACE_CURVE('',#8876,(#8883,#8890),.PCURVE_S1.);
#8876 = B_SPLINE_CURVE_WITH_KNOTS('',2,(#8877,#8878,#8879,#8880,#8881,
    #8882),.UNSPECIFIED.,.F.,.F.,(3,1,1,1,3),(0.,1.,2.,3.469696969697,
    4.939393939394),.UNSPECIFIED.);
#8877 = CARTESIAN_POINT('',(1.682624240779,-7.851606554233,0.));
#8878 = CARTESIAN_POINT('',(1.461857797322,-7.304489716102,0.));
#8879 = CARTESIAN_POINT('',(0.569193482477,-6.661387467773,0.));
#8880 = CARTESIAN_POINT('',(-0.995368703758,-6.661387467773,0.));
#8881 = CARTESIAN_POINT('',(-2.060806756961,-8.014781751571,0.));
#8882 = CARTESIAN_POINT('',(-2.060806756961,-9.252993543131,0.));
#8883 = PCURVE('',#8770,#8884);
#8884 = DEFINITIONAL_REPRESENTATION('',(#8885),#8889);
#8885 = LINE('',#8886,#8887);
#8886 = CARTESIAN_POINT('',(0.,0.));
#8887 = VECTOR('',#8888,1.);
#8888 = DIRECTION('',(1.,0.));
#8889 = ( GEOMETRIC_REPRESENTATION_CONTEXT(2) 
PARAMETRIC_REPRESENTATION_CONTEXT() REPRESENTATION_CONTEXT('2D SPACE',''
  ) );
#8890 = PCURVE('',#8801,#8891);
#8891 = DEFINITIONAL_REPRESENTATION('',(#8892),#8899);
#8892 = B_SPLINE_CURVE_WITH_KNOTS('',2,(#8893,#8894,#8895,#8896,#8897,
    #8898),.UNSPECIFIED.,.F.,.F.,(3,1,1,1,3),(0.,1.,2.,3.469696969697,
    4.939393939394),.UNSPECIFIED.);
#8893 = CARTESIAN_POINT('',(-2.253893924248,-1.769709027042));
#8894 = CARTESIAN_POINT('',(-2.033127480791,-2.316825865173));
#8895 = CARTESIAN_POINT('',(-1.140463165946,-2.959928113503));
#8896 = CARTESIAN_POINT('',(0.424099020289,-2.959928113503));
#8897 = CARTESIAN_POINT('',(1.489537073492,-1.606533829705));
#8898 = CARTESIAN_POINT('',(1.489537073492,-0.368322038145));
#8899 = ( GEOMETRIC_REPRESENTATION_CONTEXT(2) 
PARAMETRIC_REPRESENTATION_CONTEXT() REPRESENTATION_CONTEXT('2D SPACE',''
  ) );
#8900 = ADVANCED_FACE('',(#8901),#8862,.T.);
#8901 = FACE_BOUND('',#8902,.T.);
#8902 = EDGE_LOOP('',(#8903,#8904,#8927,#8960));
#8903 = ORIENTED_EDGE('',*,*,#8846,.T.);
#8904 = ORIENTED_EDGE('',*,*,#8905,.T.);
#8905 = EDGE_CURVE('',#8818,#8906,#8908,.T.);
#8906 = VERTEX_POINT('',#8907);
#8907 = CARTESIAN_POINT('',(-2.060806756961,-10.01127828369,0.6));
#8908 = SURFACE_CURVE('',#8909,(#8913,#8920),.PCURVE_S1.);
#8909 = LINE('',#8910,#8911);
#8910 = CARTESIAN_POINT('',(-2.060806756961,-9.252993543131,0.6));
#8911 = VECTOR('',#8912,1.);
#8912 = DIRECTION('',(-0.,-1.,-0.));
#8913 = PCURVE('',#8862,#8914);
#8914 = DEFINITIONAL_REPRESENTATION('',(#8915),#8919);
#8915 = LINE('',#8916,#8917);
#8916 = CARTESIAN_POINT('',(0.,-0.6));
#8917 = VECTOR('',#8918,1.);
#8918 = DIRECTION('',(1.,0.));
#8919 = ( GEOMETRIC_REPRESENTATION_CONTEXT(2) 
PARAMETRIC_REPRESENTATION_CONTEXT() REPRESENTATION_CONTEXT('2D SPACE',''
  ) );
#8920 = PCURVE('',#8742,#8921);
#8921 = DEFINITIONAL_REPRESENTATION('',(#8922),#8926);
#8922 = LINE('',#8923,#8924);
#8923 = CARTESIAN_POINT('',(1.489537073492,-0.368322038145));
#8924 = VECTOR('',#8925,1.);
#8925 = DIRECTION('',(-0.,1.));
#8926 = ( GEOMETRIC_REPRESENTATION_CONTEXT(2) 
PARAMETRIC_REPRESENTATION_CONTEXT() REPRESENTATION_CONTEXT('2D SPACE',''
  ) );
#8927 = ORIENTED_EDGE('',*,*,#8928,.F.);
#8928 = EDGE_CURVE('',#8929,#8906,#8931,.T.);
#8929 = VERTEX_POINT('',#8930);
#8930 = CARTESIAN_POINT('',(-2.060806756961,-10.01127828369,0.));
#8931 = SURFACE_CURVE('',#8932,(#8936,#8943),.PCURVE_S1.);
#8932 = LINE('',#8933,#8934);
#8933 = CARTESIAN_POINT('',(-2.060806756961,-10.01127828369,0.));
#8934 = VECTOR('',#8935,1.);
#8935 = DIRECTION('',(0.,-0.,1.));
#8936 = PCURVE('',#8862,#8937);
#8937 = DEFINITIONAL_REPRESENTATION('',(#8938),#8942);
#8938 = LINE('',#8939,#8940);
#8939 = CARTESIAN_POINT('',(0.758284740568,-0.));
#8940 = VECTOR('',#8941,1.);
#8941 = DIRECTION('',(0.,-1.));
#8942 = ( GEOMETRIC_REPRESENTATION_CONTEXT(2) 
PARAMETRIC_REPRESENTATION_CONTEXT() REPRESENTATION_CONTEXT('2D SPACE',''
  ) );
#8943 = PCURVE('',#8944,#8954);
#8944 = SURFACE_OF_LINEAR_EXTRUSION('',#8945,#8952);
#8945 = B_SPLINE_CURVE_WITH_KNOTS('',2,(#8946,#8947,#8948,#8949,#8950,
    #8951),.UNSPECIFIED.,.F.,.F.,(3,1,1,1,3),(0.,1.,2.,2.721649484536,
    3.443298969072),.UNSPECIFIED.);
#8946 = CARTESIAN_POINT('',(-2.060806756961,-10.01127828369,0.));
#8947 = CARTESIAN_POINT('',(-2.060806756961,-11.23989153423,0.));
#8948 = CARTESIAN_POINT('',(-0.995368703758,-12.55489165395,0.));
#8949 = CARTESIAN_POINT('',(0.607587646556,-12.55489165395,0.));
#8950 = CARTESIAN_POINT('',(1.519449043442,-11.87339524154,0.));
#8951 = CARTESIAN_POINT('',(1.730616945878,-11.29748278035,0.));
#8952 = VECTOR('',#8953,1.);
#8953 = DIRECTION('',(-0.,0.,-1.));
#8954 = DEFINITIONAL_REPRESENTATION('',(#8955),#8959);
#8955 = LINE('',#8956,#8957);
#8956 = CARTESIAN_POINT('',(0.,0.));
#8957 = VECTOR('',#8958,1.);
#8958 = DIRECTION('',(0.,-1.));
#8959 = ( GEOMETRIC_REPRESENTATION_CONTEXT(2) 
PARAMETRIC_REPRESENTATION_CONTEXT() REPRESENTATION_CONTEXT('2D SPACE',''
  ) );
#8960 = ORIENTED_EDGE('',*,*,#8961,.F.);
#8961 = EDGE_CURVE('',#8847,#8929,#8962,.T.);
#8962 = SURFACE_CURVE('',#8963,(#8967,#8974),.PCURVE_S1.);
#8963 = LINE('',#8964,#8965);
#8964 = CARTESIAN_POINT('',(-2.060806756961,-9.252993543131,0.));
#8965 = VECTOR('',#8966,1.);
#8966 = DIRECTION('',(-0.,-1.,-0.));
#8967 = PCURVE('',#8862,#8968);
#8968 = DEFINITIONAL_REPRESENTATION('',(#8969),#8973);
#8969 = LINE('',#8970,#8971);
#8970 = CARTESIAN_POINT('',(0.,0.));
#8971 = VECTOR('',#8972,1.);
#8972 = DIRECTION('',(1.,0.));
#8973 = ( GEOMETRIC_REPRESENTATION_CONTEXT(2) 
PARAMETRIC_REPRESENTATION_CONTEXT() REPRESENTATION_CONTEXT('2D SPACE',''
  ) );
#8974 = PCURVE('',#8801,#8975);
#8975 = DEFINITIONAL_REPRESENTATION('',(#8976),#8980);
#8976 = LINE('',#8977,#8978);
#8977 = CARTESIAN_POINT('',(1.489537073492,-0.368322038145));
#8978 = VECTOR('',#8979,1.);
#8979 = DIRECTION('',(-0.,1.));
#8980 = ( GEOMETRIC_REPRESENTATION_CONTEXT(2) 
PARAMETRIC_REPRESENTATION_CONTEXT() REPRESENTATION_CONTEXT('2D SPACE',''
  ) );
#8981 = ADVANCED_FACE('',(#8982),#8944,.T.);
#8982 = FACE_BOUND('',#8983,.T.);
#8983 = EDGE_LOOP('',(#8984,#8985,#9014,#9042));
#8984 = ORIENTED_EDGE('',*,*,#8928,.T.);
#8985 = ORIENTED_EDGE('',*,*,#8986,.T.);
#8986 = EDGE_CURVE('',#8906,#8987,#8989,.T.);
#8987 = VERTEX_POINT('',#8988);
#8988 = CARTESIAN_POINT('',(1.730616945878,-11.29748278035,0.6));
#8989 = SURFACE_CURVE('',#8990,(#8997,#9004),.PCURVE_S1.);
#8990 = B_SPLINE_CURVE_WITH_KNOTS('',2,(#8991,#8992,#8993,#8994,#8995,
    #8996),.UNSPECIFIED.,.F.,.F.,(3,1,1,1,3),(0.,1.,2.,2.721649484536,
    3.443298969072),.UNSPECIFIED.);
#8991 = CARTESIAN_POINT('',(-2.060806756961,-10.01127828369,0.6));
#8992 = CARTESIAN_POINT('',(-2.060806756961,-11.23989153423,0.6));
#8993 = CARTESIAN_POINT('',(-0.995368703758,-12.55489165395,0.6));
#8994 = CARTESIAN_POINT('',(0.607587646556,-12.55489165395,0.6));
#8995 = CARTESIAN_POINT('',(1.519449043442,-11.87339524154,0.6));
#8996 = CARTESIAN_POINT('',(1.730616945878,-11.29748278035,0.6));
#8997 = PCURVE('',#8944,#8998);
#8998 = DEFINITIONAL_REPRESENTATION('',(#8999),#9003);
#8999 = LINE('',#9000,#9001);
#9000 = CARTESIAN_POINT('',(0.,-0.6));
#9001 = VECTOR('',#9002,1.);
#9002 = DIRECTION('',(1.,0.));
#9003 = ( GEOMETRIC_REPRESENTATION_CONTEXT(2) 
PARAMETRIC_REPRESENTATION_CONTEXT() REPRESENTATION_CONTEXT('2D SPACE',''
  ) );
#9004 = PCURVE('',#8742,#9005);
#9005 = DEFINITIONAL_REPRESENTATION('',(#9006),#9013);
#9006 = B_SPLINE_CURVE_WITH_KNOTS('',2,(#9007,#9008,#9009,#9010,#9011,
    #9012),.UNSPECIFIED.,.F.,.F.,(3,1,1,1,3),(0.,1.,2.,2.721649484536,
    3.443298969072),.UNSPECIFIED.);
#9007 = CARTESIAN_POINT('',(1.489537073492,0.389962702423));
#9008 = CARTESIAN_POINT('',(1.489537073492,1.618575952963));
#9009 = CARTESIAN_POINT('',(0.424099020289,2.933576072682));
#9010 = CARTESIAN_POINT('',(-1.178857330025,2.933576072682));
#9011 = CARTESIAN_POINT('',(-2.09071872691,2.252079660273));
#9012 = CARTESIAN_POINT('',(-2.301886629347,1.676167199082));
#9013 = ( GEOMETRIC_REPRESENTATION_CONTEXT(2) 
PARAMETRIC_REPRESENTATION_CONTEXT() REPRESENTATION_CONTEXT('2D SPACE',''
  ) );
#9014 = ORIENTED_EDGE('',*,*,#9015,.F.);
#9015 = EDGE_CURVE('',#9016,#8987,#9018,.T.);
#9016 = VERTEX_POINT('',#9017);
#9017 = CARTESIAN_POINT('',(1.730616945878,-11.29748278035,0.));
#9018 = SURFACE_CURVE('',#9019,(#9023,#9030),.PCURVE_S1.);
#9019 = LINE('',#9020,#9021);
#9020 = CARTESIAN_POINT('',(1.730616945878,-11.29748278035,0.));
#9021 = VECTOR('',#9022,1.);
#9022 = DIRECTION('',(0.,-0.,1.));
#9023 = PCURVE('',#8944,#9024);
#9024 = DEFINITIONAL_REPRESENTATION('',(#9025),#9029);
#9025 = LINE('',#9026,#9027);
#9026 = CARTESIAN_POINT('',(3.443298969072,0.));
#9027 = VECTOR('',#9028,1.);
#9028 = DIRECTION('',(0.,-1.));
#9029 = ( GEOMETRIC_REPRESENTATION_CONTEXT(2) 
PARAMETRIC_REPRESENTATION_CONTEXT() REPRESENTATION_CONTEXT('2D SPACE',''
  ) );
#9030 = PCURVE('',#9031,#9036);
#9031 = PLANE('',#9032);
#9032 = AXIS2_PLACEMENT_3D('',#9033,#9034,#9035);
#9033 = CARTESIAN_POINT('',(1.730616945878,-11.29748278035,0.));
#9034 = DIRECTION('',(0.509320893916,0.860576682824,0.));
#9035 = DIRECTION('',(0.860576682824,-0.509320893916,-0.));
#9036 = DEFINITIONAL_REPRESENTATION('',(#9037),#9041);
#9037 = LINE('',#9038,#9039);
#9038 = CARTESIAN_POINT('',(0.,0.));
#9039 = VECTOR('',#9040,1.);
#9040 = DIRECTION('',(0.,-1.));
#9041 = ( GEOMETRIC_REPRESENTATION_CONTEXT(2) 
PARAMETRIC_REPRESENTATION_CONTEXT() REPRESENTATION_CONTEXT('2D SPACE',''
  ) );
#9042 = ORIENTED_EDGE('',*,*,#9043,.F.);
#9043 = EDGE_CURVE('',#8929,#9016,#9044,.T.);
#9044 = SURFACE_CURVE('',#9045,(#9052,#9059),.PCURVE_S1.);
#9045 = B_SPLINE_CURVE_WITH_KNOTS('',2,(#9046,#9047,#9048,#9049,#9050,
    #9051),.UNSPECIFIED.,.F.,.F.,(3,1,1,1,3),(0.,1.,2.,2.721649484536,
    3.443298969072),.UNSPECIFIED.);
#9046 = CARTESIAN_POINT('',(-2.060806756961,-10.01127828369,0.));
#9047 = CARTESIAN_POINT('',(-2.060806756961,-11.23989153423,0.));
#9048 = CARTESIAN_POINT('',(-0.995368703758,-12.55489165395,0.));
#9049 = CARTESIAN_POINT('',(0.607587646556,-12.55489165395,0.));
#9050 = CARTESIAN_POINT('',(1.519449043442,-11.87339524154,0.));
#9051 = CARTESIAN_POINT('',(1.730616945878,-11.29748278035,0.));
#9052 = PCURVE('',#8944,#9053);
#9053 = DEFINITIONAL_REPRESENTATION('',(#9054),#9058);
#9054 = LINE('',#9055,#9056);
#9055 = CARTESIAN_POINT('',(0.,0.));
#9056 = VECTOR('',#9057,1.);
#9057 = DIRECTION('',(1.,0.));
#9058 = ( GEOMETRIC_REPRESENTATION_CONTEXT(2) 
PARAMETRIC_REPRESENTATION_CONTEXT() REPRESENTATION_CONTEXT('2D SPACE',''
  ) );
#9059 = PCURVE('',#8801,#9060);
#9060 = DEFINITIONAL_REPRESENTATION('',(#9061),#9068);
#9061 = B_SPLINE_CURVE_WITH_KNOTS('',2,(#9062,#9063,#9064,#9065,#9066,
    #9067),.UNSPECIFIED.,.F.,.F.,(3,1,1,1,3),(0.,1.,2.,2.721649484536,
    3.443298969072),.UNSPECIFIED.);
#9062 = CARTESIAN_POINT('',(1.489537073492,0.389962702423));
#9063 = CARTESIAN_POINT('',(1.489537073492,1.618575952963));
#9064 = CARTESIAN_POINT('',(0.424099020289,2.933576072682));
#9065 = CARTESIAN_POINT('',(-1.178857330025,2.933576072682));
#9066 = CARTESIAN_POINT('',(-2.09071872691,2.252079660273));
#9067 = CARTESIAN_POINT('',(-2.301886629347,1.676167199082));
#9068 = ( GEOMETRIC_REPRESENTATION_CONTEXT(2) 
PARAMETRIC_REPRESENTATION_CONTEXT() REPRESENTATION_CONTEXT('2D SPACE',''
  ) );
#9069 = ADVANCED_FACE('',(#9070),#9031,.T.);
#9070 = FACE_BOUND('',#9071,.T.);
#9071 = EDGE_LOOP('',(#9072,#9073,#9096,#9119));
#9072 = ORIENTED_EDGE('',*,*,#9015,.T.);
#9073 = ORIENTED_EDGE('',*,*,#9074,.T.);
#9074 = EDGE_CURVE('',#8987,#9075,#9077,.T.);
#9075 = VERTEX_POINT('',#9076);
#9076 = CARTESIAN_POINT('',(2.200945455851,-11.57584046993,0.6));
#9077 = SURFACE_CURVE('',#9078,(#9082,#9089),.PCURVE_S1.);
#9078 = LINE('',#9079,#9080);
#9079 = CARTESIAN_POINT('',(1.730616945878,-11.29748278035,0.6));
#9080 = VECTOR('',#9081,1.);
#9081 = DIRECTION('',(0.860576682824,-0.509320893916,-0.));
#9082 = PCURVE('',#9031,#9083);
#9083 = DEFINITIONAL_REPRESENTATION('',(#9084),#9088);
#9084 = LINE('',#9085,#9086);
#9085 = CARTESIAN_POINT('',(0.,-0.6));
#9086 = VECTOR('',#9087,1.);
#9087 = DIRECTION('',(1.,0.));
#9088 = ( GEOMETRIC_REPRESENTATION_CONTEXT(2) 
PARAMETRIC_REPRESENTATION_CONTEXT() REPRESENTATION_CONTEXT('2D SPACE',''
  ) );
#9089 = PCURVE('',#8742,#9090);
#9090 = DEFINITIONAL_REPRESENTATION('',(#9091),#9095);
#9091 = LINE('',#9092,#9093);
#9092 = CARTESIAN_POINT('',(-2.301886629347,1.676167199082));
#9093 = VECTOR('',#9094,1.);
#9094 = DIRECTION('',(-0.860576682824,0.509320893916));
#9095 = ( GEOMETRIC_REPRESENTATION_CONTEXT(2) 
PARAMETRIC_REPRESENTATION_CONTEXT() REPRESENTATION_CONTEXT('2D SPACE',''
  ) );
#9096 = ORIENTED_EDGE('',*,*,#9097,.F.);
#9097 = EDGE_CURVE('',#9098,#9075,#9100,.T.);
#9098 = VERTEX_POINT('',#9099);
#9099 = CARTESIAN_POINT('',(2.200945455851,-11.57584046993,0.));
#9100 = SURFACE_CURVE('',#9101,(#9105,#9112),.PCURVE_S1.);
#9101 = LINE('',#9102,#9103);
#9102 = CARTESIAN_POINT('',(2.200945455851,-11.57584046993,0.));
#9103 = VECTOR('',#9104,1.);
#9104 = DIRECTION('',(0.,-0.,1.));
#9105 = PCURVE('',#9031,#9106);
#9106 = DEFINITIONAL_REPRESENTATION('',(#9107),#9111);
#9107 = LINE('',#9108,#9109);
#9108 = CARTESIAN_POINT('',(0.546527136233,0.));
#9109 = VECTOR('',#9110,1.);
#9110 = DIRECTION('',(0.,-1.));
#9111 = ( GEOMETRIC_REPRESENTATION_CONTEXT(2) 
PARAMETRIC_REPRESENTATION_CONTEXT() REPRESENTATION_CONTEXT('2D SPACE',''
  ) );
#9112 = PCURVE('',#8703,#9113);
#9113 = DEFINITIONAL_REPRESENTATION('',(#9114),#9118);
#9114 = LINE('',#9115,#9116);
#9115 = CARTESIAN_POINT('',(0.,0.));
#9116 = VECTOR('',#9117,1.);
#9117 = DIRECTION('',(0.,-1.));
#9118 = ( GEOMETRIC_REPRESENTATION_CONTEXT(2) 
PARAMETRIC_REPRESENTATION_CONTEXT() REPRESENTATION_CONTEXT('2D SPACE',''
  ) );
#9119 = ORIENTED_EDGE('',*,*,#9120,.F.);
#9120 = EDGE_CURVE('',#9016,#9098,#9121,.T.);
#9121 = SURFACE_CURVE('',#9122,(#9126,#9133),.PCURVE_S1.);
#9122 = LINE('',#9123,#9124);
#9123 = CARTESIAN_POINT('',(1.730616945878,-11.29748278035,0.));
#9124 = VECTOR('',#9125,1.);
#9125 = DIRECTION('',(0.860576682824,-0.509320893916,-0.));
#9126 = PCURVE('',#9031,#9127);
#9127 = DEFINITIONAL_REPRESENTATION('',(#9128),#9132);
#9128 = LINE('',#9129,#9130);
#9129 = CARTESIAN_POINT('',(0.,0.));
#9130 = VECTOR('',#9131,1.);
#9131 = DIRECTION('',(1.,0.));
#9132 = ( GEOMETRIC_REPRESENTATION_CONTEXT(2) 
PARAMETRIC_REPRESENTATION_CONTEXT() REPRESENTATION_CONTEXT('2D SPACE',''
  ) );
#9133 = PCURVE('',#8801,#9134);
#9134 = DEFINITIONAL_REPRESENTATION('',(#9135),#9139);
#9135 = LINE('',#9136,#9137);
#9136 = CARTESIAN_POINT('',(-2.301886629347,1.676167199082));
#9137 = VECTOR('',#9138,1.);
#9138 = DIRECTION('',(-0.860576682824,0.509320893916));
#9139 = ( GEOMETRIC_REPRESENTATION_CONTEXT(2) 
PARAMETRIC_REPRESENTATION_CONTEXT() REPRESENTATION_CONTEXT('2D SPACE',''
  ) );
#9140 = ADVANCED_FACE('',(#9141),#8703,.T.);
#9141 = FACE_BOUND('',#9142,.T.);
#9142 = EDGE_LOOP('',(#9143,#9144,#9183,#9184));
#9143 = ORIENTED_EDGE('',*,*,#9097,.T.);
#9144 = ORIENTED_EDGE('',*,*,#9145,.T.);
#9145 = EDGE_CURVE('',#9075,#8683,#9146,.T.);
#9146 = SURFACE_CURVE('',#9147,(#9160,#9167),.PCURVE_S1.);
#9147 = B_SPLINE_CURVE_WITH_KNOTS('',2,(#9148,#9149,#9150,#9151,#9152,
    #9153,#9154,#9155,#9156,#9157,#9158,#9159),.UNSPECIFIED.,.F.,.F.,(3,
    1,1,1,1,1,1,1,1,1,3),(0.,1.,2.,3.02380952381,4.047619047619,
    5.071428571429,6.086634653862,7.101840736295,8.117046818728,
    9.096838735494,10.076630652261),.UNSPECIFIED.);
#9148 = CARTESIAN_POINT('',(2.200945455851,-11.57584046993,0.6));
#9149 = CARTESIAN_POINT('',(1.903390684235,-12.25733688234,0.6));
#9150 = CARTESIAN_POINT('',(0.741967220834,-13.07321286902,0.6));
#9151 = CARTESIAN_POINT('',(-0.88978475254,-13.07321286902,0.6));
#9152 = CARTESIAN_POINT('',(-2.060806756961,-12.29573104642,0.6));
#9153 = CARTESIAN_POINT('',(-2.675113382231,-10.76956302426,0.6));
#9154 = CARTESIAN_POINT('',(-2.675113382231,-8.494708802563,0.6));
#9155 = CARTESIAN_POINT('',(-2.060806756961,-6.939745157348,0.6));
#9156 = CARTESIAN_POINT('',(-0.88978475254,-6.143066252701,0.6));
#9157 = CARTESIAN_POINT('',(0.732368679814,-6.143066252701,0.6));
#9158 = CARTESIAN_POINT('',(1.855397979136,-6.910949534289,0.6));
#9159 = CARTESIAN_POINT('',(2.152952750751,-7.573248864658,0.6));
#9160 = PCURVE('',#8703,#9161);
#9161 = DEFINITIONAL_REPRESENTATION('',(#9162),#9166);
#9162 = LINE('',#9163,#9164);
#9163 = CARTESIAN_POINT('',(0.,-0.6));
#9164 = VECTOR('',#9165,1.);
#9165 = DIRECTION('',(1.,0.));
#9166 = ( GEOMETRIC_REPRESENTATION_CONTEXT(2) 
PARAMETRIC_REPRESENTATION_CONTEXT() REPRESENTATION_CONTEXT('2D SPACE',''
  ) );
#9167 = PCURVE('',#8742,#9168);
#9168 = DEFINITIONAL_REPRESENTATION('',(#9169),#9182);
#9169 = B_SPLINE_CURVE_WITH_KNOTS('',2,(#9170,#9171,#9172,#9173,#9174,
    #9175,#9176,#9177,#9178,#9179,#9180,#9181),.UNSPECIFIED.,.F.,.F.,(3,
    1,1,1,1,1,1,1,1,1,3),(0.,1.,2.,3.02380952381,4.047619047619,
    5.071428571429,6.086634653862,7.101840736295,8.117046818728,
    9.096838735494,10.076630652261),.UNSPECIFIED.);
#9170 = CARTESIAN_POINT('',(-2.77221513932,1.954524888658));
#9171 = CARTESIAN_POINT('',(-2.474660367704,2.636021301067));
#9172 = CARTESIAN_POINT('',(-1.313236904303,3.451897287754));
#9173 = CARTESIAN_POINT('',(0.318515069071,3.451897287754));
#9174 = CARTESIAN_POINT('',(1.489537073492,2.674415465146));
#9175 = CARTESIAN_POINT('',(2.103843698762,1.148247442991));
#9176 = CARTESIAN_POINT('',(2.103843698762,-1.126606778713));
#9177 = CARTESIAN_POINT('',(1.489537073492,-2.681570423928));
#9178 = CARTESIAN_POINT('',(0.318515069071,-3.478249328575));
#9179 = CARTESIAN_POINT('',(-1.303638363283,-3.478249328575));
#9180 = CARTESIAN_POINT('',(-2.426667662605,-2.710366046987));
#9181 = CARTESIAN_POINT('',(-2.72422243422,-2.048066716618));
#9182 = ( GEOMETRIC_REPRESENTATION_CONTEXT(2) 
PARAMETRIC_REPRESENTATION_CONTEXT() REPRESENTATION_CONTEXT('2D SPACE',''
  ) );
#9183 = ORIENTED_EDGE('',*,*,#8680,.F.);
#9184 = ORIENTED_EDGE('',*,*,#9185,.F.);
#9185 = EDGE_CURVE('',#9098,#8681,#9186,.T.);
#9186 = SURFACE_CURVE('',#9187,(#9200,#9207),.PCURVE_S1.);
#9187 = B_SPLINE_CURVE_WITH_KNOTS('',2,(#9188,#9189,#9190,#9191,#9192,
    #9193,#9194,#9195,#9196,#9197,#9198,#9199),.UNSPECIFIED.,.F.,.F.,(3,
    1,1,1,1,1,1,1,1,1,3),(0.,1.,2.,3.02380952381,4.047619047619,
    5.071428571429,6.086634653862,7.101840736295,8.117046818728,
    9.096838735494,10.076630652261),.UNSPECIFIED.);
#9188 = CARTESIAN_POINT('',(2.200945455851,-11.57584046993,0.));
#9189 = CARTESIAN_POINT('',(1.903390684235,-12.25733688234,0.));
#9190 = CARTESIAN_POINT('',(0.741967220834,-13.07321286902,0.));
#9191 = CARTESIAN_POINT('',(-0.88978475254,-13.07321286902,0.));
#9192 = CARTESIAN_POINT('',(-2.060806756961,-12.29573104642,0.));
#9193 = CARTESIAN_POINT('',(-2.675113382231,-10.76956302426,0.));
#9194 = CARTESIAN_POINT('',(-2.675113382231,-8.494708802563,0.));
#9195 = CARTESIAN_POINT('',(-2.060806756961,-6.939745157348,0.));
#9196 = CARTESIAN_POINT('',(-0.88978475254,-6.143066252701,0.));
#9197 = CARTESIAN_POINT('',(0.732368679814,-6.143066252701,0.));
#9198 = CARTESIAN_POINT('',(1.855397979136,-6.910949534289,0.));
#9199 = CARTESIAN_POINT('',(2.152952750751,-7.573248864658,0.));
#9200 = PCURVE('',#8703,#9201);
#9201 = DEFINITIONAL_REPRESENTATION('',(#9202),#9206);
#9202 = LINE('',#9203,#9204);
#9203 = CARTESIAN_POINT('',(0.,0.));
#9204 = VECTOR('',#9205,1.);
#9205 = DIRECTION('',(1.,0.));
#9206 = ( GEOMETRIC_REPRESENTATION_CONTEXT(2) 
PARAMETRIC_REPRESENTATION_CONTEXT() REPRESENTATION_CONTEXT('2D SPACE',''
  ) );
#9207 = PCURVE('',#8801,#9208);
#9208 = DEFINITIONAL_REPRESENTATION('',(#9209),#9222);
#9209 = B_SPLINE_CURVE_WITH_KNOTS('',2,(#9210,#9211,#9212,#9213,#9214,
    #9215,#9216,#9217,#9218,#9219,#9220,#9221),.UNSPECIFIED.,.F.,.F.,(3,
    1,1,1,1,1,1,1,1,1,3),(0.,1.,2.,3.02380952381,4.047619047619,
    5.071428571429,6.086634653862,7.101840736295,8.117046818728,
    9.096838735494,10.076630652261),.UNSPECIFIED.);
#9210 = CARTESIAN_POINT('',(-2.77221513932,1.954524888658));
#9211 = CARTESIAN_POINT('',(-2.474660367704,2.636021301067));
#9212 = CARTESIAN_POINT('',(-1.313236904303,3.451897287754));
#9213 = CARTESIAN_POINT('',(0.318515069071,3.451897287754));
#9214 = CARTESIAN_POINT('',(1.489537073492,2.674415465146));
#9215 = CARTESIAN_POINT('',(2.103843698762,1.148247442991));
#9216 = CARTESIAN_POINT('',(2.103843698762,-1.126606778713));
#9217 = CARTESIAN_POINT('',(1.489537073492,-2.681570423928));
#9218 = CARTESIAN_POINT('',(0.318515069071,-3.478249328575));
#9219 = CARTESIAN_POINT('',(-1.303638363283,-3.478249328575));
#9220 = CARTESIAN_POINT('',(-2.426667662605,-2.710366046987));
#9221 = CARTESIAN_POINT('',(-2.72422243422,-2.048066716618));
#9222 = ( GEOMETRIC_REPRESENTATION_CONTEXT(2) 
PARAMETRIC_REPRESENTATION_CONTEXT() REPRESENTATION_CONTEXT('2D SPACE',''
  ) );
#9223 = ADVANCED_FACE('',(#9224),#8801,.F.);
#9224 = FACE_BOUND('',#9225,.T.);
#9225 = EDGE_LOOP('',(#9226,#9227,#9228,#9229,#9230,#9231));
#9226 = ORIENTED_EDGE('',*,*,#8787,.T.);
#9227 = ORIENTED_EDGE('',*,*,#8874,.T.);
#9228 = ORIENTED_EDGE('',*,*,#8961,.T.);
#9229 = ORIENTED_EDGE('',*,*,#9043,.T.);
#9230 = ORIENTED_EDGE('',*,*,#9120,.T.);
#9231 = ORIENTED_EDGE('',*,*,#9185,.T.);
#9232 = ADVANCED_FACE('',(#9233),#8742,.T.);
#9233 = FACE_BOUND('',#9234,.F.);
#9234 = EDGE_LOOP('',(#9235,#9236,#9237,#9238,#9239,#9240));
#9235 = ORIENTED_EDGE('',*,*,#8726,.T.);
#9236 = ORIENTED_EDGE('',*,*,#8817,.T.);
#9237 = ORIENTED_EDGE('',*,*,#8905,.T.);
#9238 = ORIENTED_EDGE('',*,*,#8986,.T.);
#9239 = ORIENTED_EDGE('',*,*,#9074,.T.);
#9240 = ORIENTED_EDGE('',*,*,#9145,.T.);
#9241 = MANIFOLD_SOLID_BREP('',#9242);
#9242 = CLOSED_SHELL('',(#9243,#9386,#9506,#9594,#9665,#9724,#9734));
#9243 = ADVANCED_FACE('',(#9244),#9258,.T.);
#9244 = FACE_BOUND('',#9245,.T.);
#9245 = EDGE_LOOP('',(#9246,#9289,#9337,#9338));
#9246 = ORIENTED_EDGE('',*,*,#9247,.T.);
#9247 = EDGE_CURVE('',#9248,#9250,#9252,.T.);
#9248 = VERTEX_POINT('',#9249);
#9249 = CARTESIAN_POINT('',(4.313995700362,-12.76605955639,0.));
#9250 = VERTEX_POINT('',#9251);
#9251 = CARTESIAN_POINT('',(4.313995700362,-12.76605955639,0.6));
#9252 = SEAM_CURVE('',#9253,(#9257,#9282),.PCURVE_S1.);
#9253 = LINE('',#9254,#9255);
#9254 = CARTESIAN_POINT('',(4.313995700362,-12.76605955639,0.));
#9255 = VECTOR('',#9256,1.);
#9256 = DIRECTION('',(0.,-0.,1.));
#9257 = PCURVE('',#9258,#9276);
#9258 = SURFACE_OF_LINEAR_EXTRUSION('',#9259,#9274);
#9259 = B_SPLINE_CURVE_WITH_KNOTS('',2,(#9260,#9261,#9262,#9263,#9264,
    #9265,#9266,#9267,#9268,#9269,#9270,#9271,#9272,#9273),
  .UNSPECIFIED.,.T.,.F.,(3,1,1,1,1,1,1,1,1,1,1,1,3),(0.,1.,2.,3.,4.,5.,
    6.,7.,8.,9.,10.,11.,12.),.UNSPECIFIED.);
#9260 = CARTESIAN_POINT('',(4.313995700362,-12.76605955639,0.));
#9261 = CARTESIAN_POINT('',(3.83406864937,-12.45890624375,0.));
#9262 = CARTESIAN_POINT('',(3.296550352259,-11.30708132137,0.));
#9263 = CARTESIAN_POINT('',(3.296550352259,-9.694526430044,0.));
#9264 = CARTESIAN_POINT('',(3.83406864937,-8.542701507662,0.));
#9265 = CARTESIAN_POINT('',(4.793922751354,-7.928394882392,0.));
#9266 = CARTESIAN_POINT('',(6.099324330053,-7.928394882392,0.));
#9267 = CARTESIAN_POINT('',(7.068776973058,-8.542701507662,0.));
#9268 = CARTESIAN_POINT('',(7.596696729149,-9.694526430044,0.));
#9269 = CARTESIAN_POINT('',(7.596696729149,-11.30708132137,0.));
#9270 = CARTESIAN_POINT('',(7.068776973058,-12.45890624375,0.));
#9271 = CARTESIAN_POINT('',(6.099324330053,-13.07321286902,0.));
#9272 = CARTESIAN_POINT('',(4.793922751354,-13.07321286902,0.));
#9273 = CARTESIAN_POINT('',(4.313995700362,-12.76605955639,0.));
#9274 = VECTOR('',#9275,1.);
#9275 = DIRECTION('',(-0.,0.,-1.));
#9276 = DEFINITIONAL_REPRESENTATION('',(#9277),#9281);
#9277 = LINE('',#9278,#9279);
#9278 = CARTESIAN_POINT('',(0.,0.));
#9279 = VECTOR('',#9280,1.);
#9280 = DIRECTION('',(0.,-1.));
#9281 = ( GEOMETRIC_REPRESENTATION_CONTEXT(2) 
PARAMETRIC_REPRESENTATION_CONTEXT() REPRESENTATION_CONTEXT('2D SPACE',''
  ) );
#9282 = PCURVE('',#9258,#9283);
#9283 = DEFINITIONAL_REPRESENTATION('',(#9284),#9288);
#9284 = LINE('',#9285,#9286);
#9285 = CARTESIAN_POINT('',(12.,0.));
#9286 = VECTOR('',#9287,1.);
#9287 = DIRECTION('',(0.,-1.));
#9288 = ( GEOMETRIC_REPRESENTATION_CONTEXT(2) 
PARAMETRIC_REPRESENTATION_CONTEXT() REPRESENTATION_CONTEXT('2D SPACE',''
  ) );
#9289 = ORIENTED_EDGE('',*,*,#9290,.T.);
#9290 = EDGE_CURVE('',#9250,#9250,#9291,.T.);
#9291 = SURFACE_CURVE('',#9292,(#9307,#9314),.PCURVE_S1.);
#9292 = B_SPLINE_CURVE_WITH_KNOTS('',2,(#9293,#9294,#9295,#9296,#9297,
    #9298,#9299,#9300,#9301,#9302,#9303,#9304,#9305,#9306),
  .UNSPECIFIED.,.T.,.F.,(3,1,1,1,1,1,1,1,1,1,1,1,3),(0.,1.,2.,3.,4.,5.,
    6.,7.,8.,9.,10.,11.,12.),.UNSPECIFIED.);
#9293 = CARTESIAN_POINT('',(4.313995700362,-12.76605955639,0.6));
#9294 = CARTESIAN_POINT('',(3.83406864937,-12.45890624375,0.6));
#9295 = CARTESIAN_POINT('',(3.296550352259,-11.30708132137,0.6));
#9296 = CARTESIAN_POINT('',(3.296550352259,-9.694526430044,0.6));
#9297 = CARTESIAN_POINT('',(3.83406864937,-8.542701507662,0.6));
#9298 = CARTESIAN_POINT('',(4.793922751354,-7.928394882392,0.6));
#9299 = CARTESIAN_POINT('',(6.099324330053,-7.928394882392,0.6));
#9300 = CARTESIAN_POINT('',(7.068776973058,-8.542701507662,0.6));
#9301 = CARTESIAN_POINT('',(7.596696729149,-9.694526430044,0.6));
#9302 = CARTESIAN_POINT('',(7.596696729149,-11.30708132137,0.6));
#9303 = CARTESIAN_POINT('',(7.068776973058,-12.45890624375,0.6));
#9304 = CARTESIAN_POINT('',(6.099324330053,-13.07321286902,0.6));
#9305 = CARTESIAN_POINT('',(4.793922751354,-13.07321286902,0.6));
#9306 = CARTESIAN_POINT('',(4.313995700362,-12.76605955639,0.6));
#9307 = PCURVE('',#9258,#9308);
#9308 = DEFINITIONAL_REPRESENTATION('',(#9309),#9313);
#9309 = LINE('',#9310,#9311);
#9310 = CARTESIAN_POINT('',(0.,-0.6));
#9311 = VECTOR('',#9312,1.);
#9312 = DIRECTION('',(1.,0.));
#9313 = ( GEOMETRIC_REPRESENTATION_CONTEXT(2) 
PARAMETRIC_REPRESENTATION_CONTEXT() REPRESENTATION_CONTEXT('2D SPACE',''
  ) );
#9314 = PCURVE('',#9315,#9320);
#9315 = PLANE('',#9316);
#9316 = AXIS2_PLACEMENT_3D('',#9317,#9318,#9319);
#9317 = CARTESIAN_POINT('',(5.448299668952,-10.50080387571,0.6));
#9318 = DIRECTION('',(-0.,-0.,1.));
#9319 = DIRECTION('',(-1.,0.,0.));
#9320 = DEFINITIONAL_REPRESENTATION('',(#9321),#9336);
#9321 = B_SPLINE_CURVE_WITH_KNOTS('',2,(#9322,#9323,#9324,#9325,#9326,
    #9327,#9328,#9329,#9330,#9331,#9332,#9333,#9334,#9335),
  .UNSPECIFIED.,.T.,.F.,(3,1,1,1,1,1,1,1,1,1,1,1,3),(0.,1.,2.,3.,4.,5.,
    6.,7.,8.,9.,10.,11.,12.),.UNSPECIFIED.);
#9322 = CARTESIAN_POINT('',(1.13430396859,2.265255680684));
#9323 = CARTESIAN_POINT('',(1.614231019582,1.958102368048));
#9324 = CARTESIAN_POINT('',(2.151749316693,0.806277445667));
#9325 = CARTESIAN_POINT('',(2.151749316693,-0.806277445667));
#9326 = CARTESIAN_POINT('',(1.614231019582,-1.958102368048));
#9327 = CARTESIAN_POINT('',(0.654376917597,-2.572408993319));
#9328 = CARTESIAN_POINT('',(-0.651024661102,-2.572408993319));
#9329 = CARTESIAN_POINT('',(-1.620477304106,-1.958102368048));
#9330 = CARTESIAN_POINT('',(-2.148397060198,-0.806277445667));
#9331 = CARTESIAN_POINT('',(-2.148397060198,0.806277445667));
#9332 = CARTESIAN_POINT('',(-1.620477304106,1.958102368048));
#9333 = CARTESIAN_POINT('',(-0.651024661102,2.572408993319));
#9334 = CARTESIAN_POINT('',(0.654376917597,2.572408993319));
#9335 = CARTESIAN_POINT('',(1.13430396859,2.265255680684));
#9336 = ( GEOMETRIC_REPRESENTATION_CONTEXT(2) 
PARAMETRIC_REPRESENTATION_CONTEXT() REPRESENTATION_CONTEXT('2D SPACE',''
  ) );
#9337 = ORIENTED_EDGE('',*,*,#9247,.F.);
#9338 = ORIENTED_EDGE('',*,*,#9339,.F.);
#9339 = EDGE_CURVE('',#9248,#9248,#9340,.T.);
#9340 = SURFACE_CURVE('',#9341,(#9356,#9363),.PCURVE_S1.);
#9341 = B_SPLINE_CURVE_WITH_KNOTS('',2,(#9342,#9343,#9344,#9345,#9346,
    #9347,#9348,#9349,#9350,#9351,#9352,#9353,#9354,#9355),
  .UNSPECIFIED.,.T.,.F.,(3,1,1,1,1,1,1,1,1,1,1,1,3),(0.,1.,2.,3.,4.,5.,
    6.,7.,8.,9.,10.,11.,12.),.UNSPECIFIED.);
#9342 = CARTESIAN_POINT('',(4.313995700362,-12.76605955639,0.));
#9343 = CARTESIAN_POINT('',(3.83406864937,-12.45890624375,0.));
#9344 = CARTESIAN_POINT('',(3.296550352259,-11.30708132137,0.));
#9345 = CARTESIAN_POINT('',(3.296550352259,-9.694526430044,0.));
#9346 = CARTESIAN_POINT('',(3.83406864937,-8.542701507662,0.));
#9347 = CARTESIAN_POINT('',(4.793922751354,-7.928394882392,0.));
#9348 = CARTESIAN_POINT('',(6.099324330053,-7.928394882392,0.));
#9349 = CARTESIAN_POINT('',(7.068776973058,-8.542701507662,0.));
#9350 = CARTESIAN_POINT('',(7.596696729149,-9.694526430044,0.));
#9351 = CARTESIAN_POINT('',(7.596696729149,-11.30708132137,0.));
#9352 = CARTESIAN_POINT('',(7.068776973058,-12.45890624375,0.));
#9353 = CARTESIAN_POINT('',(6.099324330053,-13.07321286902,0.));
#9354 = CARTESIAN_POINT('',(4.793922751354,-13.07321286902,0.));
#9355 = CARTESIAN_POINT('',(4.313995700362,-12.76605955639,0.));
#9356 = PCURVE('',#9258,#9357);
#9357 = DEFINITIONAL_REPRESENTATION('',(#9358),#9362);
#9358 = LINE('',#9359,#9360);
#9359 = CARTESIAN_POINT('',(0.,0.));
#9360 = VECTOR('',#9361,1.);
#9361 = DIRECTION('',(1.,0.));
#9362 = ( GEOMETRIC_REPRESENTATION_CONTEXT(2) 
PARAMETRIC_REPRESENTATION_CONTEXT() REPRESENTATION_CONTEXT('2D SPACE',''
  ) );
#9363 = PCURVE('',#9364,#9369);
#9364 = PLANE('',#9365);
#9365 = AXIS2_PLACEMENT_3D('',#9366,#9367,#9368);
#9366 = CARTESIAN_POINT('',(5.448299668952,-10.50080387571,0.));
#9367 = DIRECTION('',(-0.,-0.,1.));
#9368 = DIRECTION('',(-1.,0.,0.));
#9369 = DEFINITIONAL_REPRESENTATION('',(#9370),#9385);
#9370 = B_SPLINE_CURVE_WITH_KNOTS('',2,(#9371,#9372,#9373,#9374,#9375,
    #9376,#9377,#9378,#9379,#9380,#9381,#9382,#9383,#9384),
  .UNSPECIFIED.,.T.,.F.,(3,1,1,1,1,1,1,1,1,1,1,1,3),(0.,1.,2.,3.,4.,5.,
    6.,7.,8.,9.,10.,11.,12.),.UNSPECIFIED.);
#9371 = CARTESIAN_POINT('',(1.13430396859,2.265255680684));
#9372 = CARTESIAN_POINT('',(1.614231019582,1.958102368048));
#9373 = CARTESIAN_POINT('',(2.151749316693,0.806277445667));
#9374 = CARTESIAN_POINT('',(2.151749316693,-0.806277445667));
#9375 = CARTESIAN_POINT('',(1.614231019582,-1.958102368048));
#9376 = CARTESIAN_POINT('',(0.654376917597,-2.572408993319));
#9377 = CARTESIAN_POINT('',(-0.651024661102,-2.572408993319));
#9378 = CARTESIAN_POINT('',(-1.620477304106,-1.958102368048));
#9379 = CARTESIAN_POINT('',(-2.148397060198,-0.806277445667));
#9380 = CARTESIAN_POINT('',(-2.148397060198,0.806277445667));
#9381 = CARTESIAN_POINT('',(-1.620477304106,1.958102368048));
#9382 = CARTESIAN_POINT('',(-0.651024661102,2.572408993319));
#9383 = CARTESIAN_POINT('',(0.654376917597,2.572408993319));
#9384 = CARTESIAN_POINT('',(1.13430396859,2.265255680684));
#9385 = ( GEOMETRIC_REPRESENTATION_CONTEXT(2) 
PARAMETRIC_REPRESENTATION_CONTEXT() REPRESENTATION_CONTEXT('2D SPACE',''
  ) );
#9386 = ADVANCED_FACE('',(#9387),#9401,.T.);
#9387 = FACE_BOUND('',#9388,.T.);
#9388 = EDGE_LOOP('',(#9389,#9429,#9452,#9485));
#9389 = ORIENTED_EDGE('',*,*,#9390,.T.);
#9390 = EDGE_CURVE('',#9391,#9393,#9395,.T.);
#9391 = VERTEX_POINT('',#9392);
#9392 = CARTESIAN_POINT('',(7.011185726939,-10.80795718834,0.));
#9393 = VERTEX_POINT('',#9394);
#9394 = CARTESIAN_POINT('',(7.011185726939,-10.80795718834,0.6));
#9395 = SURFACE_CURVE('',#9396,(#9400,#9412),.PCURVE_S1.);
#9396 = LINE('',#9397,#9398);
#9397 = CARTESIAN_POINT('',(7.011185726939,-10.80795718834,0.));
#9398 = VECTOR('',#9399,1.);
#9399 = DIRECTION('',(0.,-0.,1.));
#9400 = PCURVE('',#9401,#9406);
#9401 = PLANE('',#9402);
#9402 = AXIS2_PLACEMENT_3D('',#9403,#9404,#9405);
#9403 = CARTESIAN_POINT('',(7.011185726939,-10.80795718834,0.));
#9404 = DIRECTION('',(-1.,0.,0.));
#9405 = DIRECTION('',(0.,1.,-0.));
#9406 = DEFINITIONAL_REPRESENTATION('',(#9407),#9411);
#9407 = LINE('',#9408,#9409);
#9408 = CARTESIAN_POINT('',(0.,0.));
#9409 = VECTOR('',#9410,1.);
#9410 = DIRECTION('',(0.,-1.));
#9411 = ( GEOMETRIC_REPRESENTATION_CONTEXT(2) 
PARAMETRIC_REPRESENTATION_CONTEXT() REPRESENTATION_CONTEXT('2D SPACE',''
  ) );
#9412 = PCURVE('',#9413,#9423);
#9413 = SURFACE_OF_LINEAR_EXTRUSION('',#9414,#9421);
#9414 = B_SPLINE_CURVE_WITH_KNOTS('',2,(#9415,#9416,#9417,#9418,#9419,
    #9420),.UNSPECIFIED.,.F.,.F.,(3,1,1,1,3),(0.,1.,2.,3.013513513514,
    4.027027027027),.UNSPECIFIED.);
#9415 = CARTESIAN_POINT('',(3.891659895489,-10.80795718834,0.));
#9416 = CARTESIAN_POINT('',(3.891659895489,-11.67182588013,0.));
#9417 = CARTESIAN_POINT('',(4.736331505235,-12.58368727701,0.));
#9418 = CARTESIAN_POINT('',(6.166514117192,-12.58368727701,0.));
#9419 = CARTESIAN_POINT('',(7.011185726939,-11.67182588013,0.));
#9420 = CARTESIAN_POINT('',(7.011185726939,-10.80795718834,0.));
#9421 = VECTOR('',#9422,1.);
#9422 = DIRECTION('',(-0.,0.,-1.));
#9423 = DEFINITIONAL_REPRESENTATION('',(#9424),#9428);
#9424 = LINE('',#9425,#9426);
#9425 = CARTESIAN_POINT('',(4.027027027027,0.));
#9426 = VECTOR('',#9427,1.);
#9427 = DIRECTION('',(0.,-1.));
#9428 = ( GEOMETRIC_REPRESENTATION_CONTEXT(2) 
PARAMETRIC_REPRESENTATION_CONTEXT() REPRESENTATION_CONTEXT('2D SPACE',''
  ) );
#9429 = ORIENTED_EDGE('',*,*,#9430,.T.);
#9430 = EDGE_CURVE('',#9393,#9431,#9433,.T.);
#9431 = VERTEX_POINT('',#9432);
#9432 = CARTESIAN_POINT('',(7.011185726939,-10.19365056307,0.6));
#9433 = SURFACE_CURVE('',#9434,(#9438,#9445),.PCURVE_S1.);
#9434 = LINE('',#9435,#9436);
#9435 = CARTESIAN_POINT('',(7.011185726939,-10.80795718834,0.6));
#9436 = VECTOR('',#9437,1.);
#9437 = DIRECTION('',(-0.,1.,-0.));
#9438 = PCURVE('',#9401,#9439);
#9439 = DEFINITIONAL_REPRESENTATION('',(#9440),#9444);
#9440 = LINE('',#9441,#9442);
#9441 = CARTESIAN_POINT('',(0.,-0.6));
#9442 = VECTOR('',#9443,1.);
#9443 = DIRECTION('',(1.,0.));
#9444 = ( GEOMETRIC_REPRESENTATION_CONTEXT(2) 
PARAMETRIC_REPRESENTATION_CONTEXT() REPRESENTATION_CONTEXT('2D SPACE',''
  ) );
#9445 = PCURVE('',#9315,#9446);
#9446 = DEFINITIONAL_REPRESENTATION('',(#9447),#9451);
#9447 = LINE('',#9448,#9449);
#9448 = CARTESIAN_POINT('',(-1.562886057987,0.307153312635));
#9449 = VECTOR('',#9450,1.);
#9450 = DIRECTION('',(-0.,-1.));
#9451 = ( GEOMETRIC_REPRESENTATION_CONTEXT(2) 
PARAMETRIC_REPRESENTATION_CONTEXT() REPRESENTATION_CONTEXT('2D SPACE',''
  ) );
#9452 = ORIENTED_EDGE('',*,*,#9453,.F.);
#9453 = EDGE_CURVE('',#9454,#9431,#9456,.T.);
#9454 = VERTEX_POINT('',#9455);
#9455 = CARTESIAN_POINT('',(7.011185726939,-10.19365056307,0.));
#9456 = SURFACE_CURVE('',#9457,(#9461,#9468),.PCURVE_S1.);
#9457 = LINE('',#9458,#9459);
#9458 = CARTESIAN_POINT('',(7.011185726939,-10.19365056307,0.));
#9459 = VECTOR('',#9460,1.);
#9460 = DIRECTION('',(0.,-0.,1.));
#9461 = PCURVE('',#9401,#9462);
#9462 = DEFINITIONAL_REPRESENTATION('',(#9463),#9467);
#9463 = LINE('',#9464,#9465);
#9464 = CARTESIAN_POINT('',(0.61430662527,0.));
#9465 = VECTOR('',#9466,1.);
#9466 = DIRECTION('',(0.,-1.));
#9467 = ( GEOMETRIC_REPRESENTATION_CONTEXT(2) 
PARAMETRIC_REPRESENTATION_CONTEXT() REPRESENTATION_CONTEXT('2D SPACE',''
  ) );
#9468 = PCURVE('',#9469,#9479);
#9469 = SURFACE_OF_LINEAR_EXTRUSION('',#9470,#9477);
#9470 = B_SPLINE_CURVE_WITH_KNOTS('',2,(#9471,#9472,#9473,#9474,#9475,
    #9476),.UNSPECIFIED.,.F.,.F.,(3,1,1,1,3),(0.,1.,2.,2.986666666667,
    3.973333333333),.UNSPECIFIED.);
#9471 = CARTESIAN_POINT('',(7.011185726939,-10.19365056307,0.));
#9472 = CARTESIAN_POINT('',(7.011185726939,-9.32978187129,0.));
#9473 = CARTESIAN_POINT('',(6.166514117192,-8.417920474404,0.));
#9474 = CARTESIAN_POINT('',(4.736331505235,-8.417920474404,0.));
#9475 = CARTESIAN_POINT('',(3.891659895489,-9.32978187129,0.));
#9476 = CARTESIAN_POINT('',(3.891659895489,-10.19365056307,0.));
#9477 = VECTOR('',#9478,1.);
#9478 = DIRECTION('',(-0.,0.,-1.));
#9479 = DEFINITIONAL_REPRESENTATION('',(#9480),#9484);
#9480 = LINE('',#9481,#9482);
#9481 = CARTESIAN_POINT('',(0.,0.));
#9482 = VECTOR('',#9483,1.);
#9483 = DIRECTION('',(0.,-1.));
#9484 = ( GEOMETRIC_REPRESENTATION_CONTEXT(2) 
PARAMETRIC_REPRESENTATION_CONTEXT() REPRESENTATION_CONTEXT('2D SPACE',''
  ) );
#9485 = ORIENTED_EDGE('',*,*,#9486,.F.);
#9486 = EDGE_CURVE('',#9391,#9454,#9487,.T.);
#9487 = SURFACE_CURVE('',#9488,(#9492,#9499),.PCURVE_S1.);
#9488 = LINE('',#9489,#9490);
#9489 = CARTESIAN_POINT('',(7.011185726939,-10.80795718834,0.));
#9490 = VECTOR('',#9491,1.);
#9491 = DIRECTION('',(-0.,1.,-0.));
#9492 = PCURVE('',#9401,#9493);
#9493 = DEFINITIONAL_REPRESENTATION('',(#9494),#9498);
#9494 = LINE('',#9495,#9496);
#9495 = CARTESIAN_POINT('',(0.,0.));
#9496 = VECTOR('',#9497,1.);
#9497 = DIRECTION('',(1.,0.));
#9498 = ( GEOMETRIC_REPRESENTATION_CONTEXT(2) 
PARAMETRIC_REPRESENTATION_CONTEXT() REPRESENTATION_CONTEXT('2D SPACE',''
  ) );
#9499 = PCURVE('',#9364,#9500);
#9500 = DEFINITIONAL_REPRESENTATION('',(#9501),#9505);
#9501 = LINE('',#9502,#9503);
#9502 = CARTESIAN_POINT('',(-1.562886057987,0.307153312635));
#9503 = VECTOR('',#9504,1.);
#9504 = DIRECTION('',(-0.,-1.));
#9505 = ( GEOMETRIC_REPRESENTATION_CONTEXT(2) 
PARAMETRIC_REPRESENTATION_CONTEXT() REPRESENTATION_CONTEXT('2D SPACE',''
  ) );
#9506 = ADVANCED_FACE('',(#9507),#9469,.T.);
#9507 = FACE_BOUND('',#9508,.T.);
#9508 = EDGE_LOOP('',(#9509,#9510,#9539,#9567));
#9509 = ORIENTED_EDGE('',*,*,#9453,.T.);
#9510 = ORIENTED_EDGE('',*,*,#9511,.T.);
#9511 = EDGE_CURVE('',#9431,#9512,#9514,.T.);
#9512 = VERTEX_POINT('',#9513);
#9513 = CARTESIAN_POINT('',(3.891659895489,-10.19365056307,0.6));
#9514 = SURFACE_CURVE('',#9515,(#9522,#9529),.PCURVE_S1.);
#9515 = B_SPLINE_CURVE_WITH_KNOTS('',2,(#9516,#9517,#9518,#9519,#9520,
    #9521),.UNSPECIFIED.,.F.,.F.,(3,1,1,1,3),(0.,1.,2.,2.986666666667,
    3.973333333333),.UNSPECIFIED.);
#9516 = CARTESIAN_POINT('',(7.011185726939,-10.19365056307,0.6));
#9517 = CARTESIAN_POINT('',(7.011185726939,-9.32978187129,0.6));
#9518 = CARTESIAN_POINT('',(6.166514117192,-8.417920474404,0.6));
#9519 = CARTESIAN_POINT('',(4.736331505235,-8.417920474404,0.6));
#9520 = CARTESIAN_POINT('',(3.891659895489,-9.32978187129,0.6));
#9521 = CARTESIAN_POINT('',(3.891659895489,-10.19365056307,0.6));
#9522 = PCURVE('',#9469,#9523);
#9523 = DEFINITIONAL_REPRESENTATION('',(#9524),#9528);
#9524 = LINE('',#9525,#9526);
#9525 = CARTESIAN_POINT('',(0.,-0.6));
#9526 = VECTOR('',#9527,1.);
#9527 = DIRECTION('',(1.,0.));
#9528 = ( GEOMETRIC_REPRESENTATION_CONTEXT(2) 
PARAMETRIC_REPRESENTATION_CONTEXT() REPRESENTATION_CONTEXT('2D SPACE',''
  ) );
#9529 = PCURVE('',#9315,#9530);
#9530 = DEFINITIONAL_REPRESENTATION('',(#9531),#9538);
#9531 = B_SPLINE_CURVE_WITH_KNOTS('',2,(#9532,#9533,#9534,#9535,#9536,
    #9537),.UNSPECIFIED.,.F.,.F.,(3,1,1,1,3),(0.,1.,2.,2.986666666667,
    3.973333333333),.UNSPECIFIED.);
#9532 = CARTESIAN_POINT('',(-1.562886057987,-0.307153312635));
#9533 = CARTESIAN_POINT('',(-1.562886057987,-1.171022004421));
#9534 = CARTESIAN_POINT('',(-0.718214448241,-2.082883401306));
#9535 = CARTESIAN_POINT('',(0.711968163716,-2.082883401306));
#9536 = CARTESIAN_POINT('',(1.556639773463,-1.171022004421));
#9537 = CARTESIAN_POINT('',(1.556639773463,-0.307153312635));
#9538 = ( GEOMETRIC_REPRESENTATION_CONTEXT(2) 
PARAMETRIC_REPRESENTATION_CONTEXT() REPRESENTATION_CONTEXT('2D SPACE',''
  ) );
#9539 = ORIENTED_EDGE('',*,*,#9540,.F.);
#9540 = EDGE_CURVE('',#9541,#9512,#9543,.T.);
#9541 = VERTEX_POINT('',#9542);
#9542 = CARTESIAN_POINT('',(3.891659895489,-10.19365056307,0.));
#9543 = SURFACE_CURVE('',#9544,(#9548,#9555),.PCURVE_S1.);
#9544 = LINE('',#9545,#9546);
#9545 = CARTESIAN_POINT('',(3.891659895489,-10.19365056307,0.));
#9546 = VECTOR('',#9547,1.);
#9547 = DIRECTION('',(0.,-0.,1.));
#9548 = PCURVE('',#9469,#9549);
#9549 = DEFINITIONAL_REPRESENTATION('',(#9550),#9554);
#9550 = LINE('',#9551,#9552);
#9551 = CARTESIAN_POINT('',(3.973333333333,0.));
#9552 = VECTOR('',#9553,1.);
#9553 = DIRECTION('',(0.,-1.));
#9554 = ( GEOMETRIC_REPRESENTATION_CONTEXT(2) 
PARAMETRIC_REPRESENTATION_CONTEXT() REPRESENTATION_CONTEXT('2D SPACE',''
  ) );
#9555 = PCURVE('',#9556,#9561);
#9556 = PLANE('',#9557);
#9557 = AXIS2_PLACEMENT_3D('',#9558,#9559,#9560);
#9558 = CARTESIAN_POINT('',(3.891659895489,-10.19365056307,0.));
#9559 = DIRECTION('',(1.,0.,-0.));
#9560 = DIRECTION('',(0.,-1.,-0.));
#9561 = DEFINITIONAL_REPRESENTATION('',(#9562),#9566);
#9562 = LINE('',#9563,#9564);
#9563 = CARTESIAN_POINT('',(0.,0.));
#9564 = VECTOR('',#9565,1.);
#9565 = DIRECTION('',(0.,-1.));
#9566 = ( GEOMETRIC_REPRESENTATION_CONTEXT(2) 
PARAMETRIC_REPRESENTATION_CONTEXT() REPRESENTATION_CONTEXT('2D SPACE',''
  ) );
#9567 = ORIENTED_EDGE('',*,*,#9568,.F.);
#9568 = EDGE_CURVE('',#9454,#9541,#9569,.T.);
#9569 = SURFACE_CURVE('',#9570,(#9577,#9584),.PCURVE_S1.);
#9570 = B_SPLINE_CURVE_WITH_KNOTS('',2,(#9571,#9572,#9573,#9574,#9575,
    #9576),.UNSPECIFIED.,.F.,.F.,(3,1,1,1,3),(0.,1.,2.,2.986666666667,
    3.973333333333),.UNSPECIFIED.);
#9571 = CARTESIAN_POINT('',(7.011185726939,-10.19365056307,0.));
#9572 = CARTESIAN_POINT('',(7.011185726939,-9.32978187129,0.));
#9573 = CARTESIAN_POINT('',(6.166514117192,-8.417920474404,0.));
#9574 = CARTESIAN_POINT('',(4.736331505235,-8.417920474404,0.));
#9575 = CARTESIAN_POINT('',(3.891659895489,-9.32978187129,0.));
#9576 = CARTESIAN_POINT('',(3.891659895489,-10.19365056307,0.));
#9577 = PCURVE('',#9469,#9578);
#9578 = DEFINITIONAL_REPRESENTATION('',(#9579),#9583);
#9579 = LINE('',#9580,#9581);
#9580 = CARTESIAN_POINT('',(0.,0.));
#9581 = VECTOR('',#9582,1.);
#9582 = DIRECTION('',(1.,0.));
#9583 = ( GEOMETRIC_REPRESENTATION_CONTEXT(2) 
PARAMETRIC_REPRESENTATION_CONTEXT() REPRESENTATION_CONTEXT('2D SPACE',''
  ) );
#9584 = PCURVE('',#9364,#9585);
#9585 = DEFINITIONAL_REPRESENTATION('',(#9586),#9593);
#9586 = B_SPLINE_CURVE_WITH_KNOTS('',2,(#9587,#9588,#9589,#9590,#9591,
    #9592),.UNSPECIFIED.,.F.,.F.,(3,1,1,1,3),(0.,1.,2.,2.986666666667,
    3.973333333333),.UNSPECIFIED.);
#9587 = CARTESIAN_POINT('',(-1.562886057987,-0.307153312635));
#9588 = CARTESIAN_POINT('',(-1.562886057987,-1.171022004421));
#9589 = CARTESIAN_POINT('',(-0.718214448241,-2.082883401306));
#9590 = CARTESIAN_POINT('',(0.711968163716,-2.082883401306));
#9591 = CARTESIAN_POINT('',(1.556639773463,-1.171022004421));
#9592 = CARTESIAN_POINT('',(1.556639773463,-0.307153312635));
#9593 = ( GEOMETRIC_REPRESENTATION_CONTEXT(2) 
PARAMETRIC_REPRESENTATION_CONTEXT() REPRESENTATION_CONTEXT('2D SPACE',''
  ) );
#9594 = ADVANCED_FACE('',(#9595),#9556,.T.);
#9595 = FACE_BOUND('',#9596,.T.);
#9596 = EDGE_LOOP('',(#9597,#9598,#9621,#9644));
#9597 = ORIENTED_EDGE('',*,*,#9540,.T.);
#9598 = ORIENTED_EDGE('',*,*,#9599,.T.);
#9599 = EDGE_CURVE('',#9512,#9600,#9602,.T.);
#9600 = VERTEX_POINT('',#9601);
#9601 = CARTESIAN_POINT('',(3.891659895489,-10.80795718834,0.6));
#9602 = SURFACE_CURVE('',#9603,(#9607,#9614),.PCURVE_S1.);
#9603 = LINE('',#9604,#9605);
#9604 = CARTESIAN_POINT('',(3.891659895489,-10.19365056307,0.6));
#9605 = VECTOR('',#9606,1.);
#9606 = DIRECTION('',(-0.,-1.,-0.));
#9607 = PCURVE('',#9556,#9608);
#9608 = DEFINITIONAL_REPRESENTATION('',(#9609),#9613);
#9609 = LINE('',#9610,#9611);
#9610 = CARTESIAN_POINT('',(0.,-0.6));
#9611 = VECTOR('',#9612,1.);
#9612 = DIRECTION('',(1.,0.));
#9613 = ( GEOMETRIC_REPRESENTATION_CONTEXT(2) 
PARAMETRIC_REPRESENTATION_CONTEXT() REPRESENTATION_CONTEXT('2D SPACE',''
  ) );
#9614 = PCURVE('',#9315,#9615);
#9615 = DEFINITIONAL_REPRESENTATION('',(#9616),#9620);
#9616 = LINE('',#9617,#9618);
#9617 = CARTESIAN_POINT('',(1.556639773463,-0.307153312635));
#9618 = VECTOR('',#9619,1.);
#9619 = DIRECTION('',(-0.,1.));
#9620 = ( GEOMETRIC_REPRESENTATION_CONTEXT(2) 
PARAMETRIC_REPRESENTATION_CONTEXT() REPRESENTATION_CONTEXT('2D SPACE',''
  ) );
#9621 = ORIENTED_EDGE('',*,*,#9622,.F.);
#9622 = EDGE_CURVE('',#9623,#9600,#9625,.T.);
#9623 = VERTEX_POINT('',#9624);
#9624 = CARTESIAN_POINT('',(3.891659895489,-10.80795718834,0.));
#9625 = SURFACE_CURVE('',#9626,(#9630,#9637),.PCURVE_S1.);
#9626 = LINE('',#9627,#9628);
#9627 = CARTESIAN_POINT('',(3.891659895489,-10.80795718834,0.));
#9628 = VECTOR('',#9629,1.);
#9629 = DIRECTION('',(0.,-0.,1.));
#9630 = PCURVE('',#9556,#9631);
#9631 = DEFINITIONAL_REPRESENTATION('',(#9632),#9636);
#9632 = LINE('',#9633,#9634);
#9633 = CARTESIAN_POINT('',(0.61430662527,-0.));
#9634 = VECTOR('',#9635,1.);
#9635 = DIRECTION('',(0.,-1.));
#9636 = ( GEOMETRIC_REPRESENTATION_CONTEXT(2) 
PARAMETRIC_REPRESENTATION_CONTEXT() REPRESENTATION_CONTEXT('2D SPACE',''
  ) );
#9637 = PCURVE('',#9413,#9638);
#9638 = DEFINITIONAL_REPRESENTATION('',(#9639),#9643);
#9639 = LINE('',#9640,#9641);
#9640 = CARTESIAN_POINT('',(0.,0.));
#9641 = VECTOR('',#9642,1.);
#9642 = DIRECTION('',(0.,-1.));
#9643 = ( GEOMETRIC_REPRESENTATION_CONTEXT(2) 
PARAMETRIC_REPRESENTATION_CONTEXT() REPRESENTATION_CONTEXT('2D SPACE',''
  ) );
#9644 = ORIENTED_EDGE('',*,*,#9645,.F.);
#9645 = EDGE_CURVE('',#9541,#9623,#9646,.T.);
#9646 = SURFACE_CURVE('',#9647,(#9651,#9658),.PCURVE_S1.);
#9647 = LINE('',#9648,#9649);
#9648 = CARTESIAN_POINT('',(3.891659895489,-10.19365056307,0.));
#9649 = VECTOR('',#9650,1.);
#9650 = DIRECTION('',(-0.,-1.,-0.));
#9651 = PCURVE('',#9556,#9652);
#9652 = DEFINITIONAL_REPRESENTATION('',(#9653),#9657);
#9653 = LINE('',#9654,#9655);
#9654 = CARTESIAN_POINT('',(0.,0.));
#9655 = VECTOR('',#9656,1.);
#9656 = DIRECTION('',(1.,0.));
#9657 = ( GEOMETRIC_REPRESENTATION_CONTEXT(2) 
PARAMETRIC_REPRESENTATION_CONTEXT() REPRESENTATION_CONTEXT('2D SPACE',''
  ) );
#9658 = PCURVE('',#9364,#9659);
#9659 = DEFINITIONAL_REPRESENTATION('',(#9660),#9664);
#9660 = LINE('',#9661,#9662);
#9661 = CARTESIAN_POINT('',(1.556639773463,-0.307153312635));
#9662 = VECTOR('',#9663,1.);
#9663 = DIRECTION('',(-0.,1.));
#9664 = ( GEOMETRIC_REPRESENTATION_CONTEXT(2) 
PARAMETRIC_REPRESENTATION_CONTEXT() REPRESENTATION_CONTEXT('2D SPACE',''
  ) );
#9665 = ADVANCED_FACE('',(#9666),#9413,.T.);
#9666 = FACE_BOUND('',#9667,.T.);
#9667 = EDGE_LOOP('',(#9668,#9669,#9696,#9697));
#9668 = ORIENTED_EDGE('',*,*,#9622,.T.);
#9669 = ORIENTED_EDGE('',*,*,#9670,.T.);
#9670 = EDGE_CURVE('',#9600,#9393,#9671,.T.);
#9671 = SURFACE_CURVE('',#9672,(#9679,#9686),.PCURVE_S1.);
#9672 = B_SPLINE_CURVE_WITH_KNOTS('',2,(#9673,#9674,#9675,#9676,#9677,
    #9678),.UNSPECIFIED.,.F.,.F.,(3,1,1,1,3),(0.,1.,2.,3.013513513514,
    4.027027027027),.UNSPECIFIED.);
#9673 = CARTESIAN_POINT('',(3.891659895489,-10.80795718834,0.6));
#9674 = CARTESIAN_POINT('',(3.891659895489,-11.67182588013,0.6));
#9675 = CARTESIAN_POINT('',(4.736331505235,-12.58368727701,0.6));
#9676 = CARTESIAN_POINT('',(6.166514117192,-12.58368727701,0.6));
#9677 = CARTESIAN_POINT('',(7.011185726939,-11.67182588013,0.6));
#9678 = CARTESIAN_POINT('',(7.011185726939,-10.80795718834,0.6));
#9679 = PCURVE('',#9413,#9680);
#9680 = DEFINITIONAL_REPRESENTATION('',(#9681),#9685);
#9681 = LINE('',#9682,#9683);
#9682 = CARTESIAN_POINT('',(0.,-0.6));
#9683 = VECTOR('',#9684,1.);
#9684 = DIRECTION('',(1.,0.));
#9685 = ( GEOMETRIC_REPRESENTATION_CONTEXT(2) 
PARAMETRIC_REPRESENTATION_CONTEXT() REPRESENTATION_CONTEXT('2D SPACE',''
  ) );
#9686 = PCURVE('',#9315,#9687);
#9687 = DEFINITIONAL_REPRESENTATION('',(#9688),#9695);
#9688 = B_SPLINE_CURVE_WITH_KNOTS('',2,(#9689,#9690,#9691,#9692,#9693,
    #9694),.UNSPECIFIED.,.F.,.F.,(3,1,1,1,3),(0.,1.,2.,3.013513513514,
    4.027027027027),.UNSPECIFIED.);
#9689 = CARTESIAN_POINT('',(1.556639773463,0.307153312635));
#9690 = CARTESIAN_POINT('',(1.556639773463,1.171022004421));
#9691 = CARTESIAN_POINT('',(0.711968163716,2.082883401306));
#9692 = CARTESIAN_POINT('',(-0.718214448241,2.082883401306));
#9693 = CARTESIAN_POINT('',(-1.562886057987,1.171022004421));
#9694 = CARTESIAN_POINT('',(-1.562886057987,0.307153312635));
#9695 = ( GEOMETRIC_REPRESENTATION_CONTEXT(2) 
PARAMETRIC_REPRESENTATION_CONTEXT() REPRESENTATION_CONTEXT('2D SPACE',''
  ) );
#9696 = ORIENTED_EDGE('',*,*,#9390,.F.);
#9697 = ORIENTED_EDGE('',*,*,#9698,.F.);
#9698 = EDGE_CURVE('',#9623,#9391,#9699,.T.);
#9699 = SURFACE_CURVE('',#9700,(#9707,#9714),.PCURVE_S1.);
#9700 = B_SPLINE_CURVE_WITH_KNOTS('',2,(#9701,#9702,#9703,#9704,#9705,
    #9706),.UNSPECIFIED.,.F.,.F.,(3,1,1,1,3),(0.,1.,2.,3.013513513514,
    4.027027027027),.UNSPECIFIED.);
#9701 = CARTESIAN_POINT('',(3.891659895489,-10.80795718834,0.));
#9702 = CARTESIAN_POINT('',(3.891659895489,-11.67182588013,0.));
#9703 = CARTESIAN_POINT('',(4.736331505235,-12.58368727701,0.));
#9704 = CARTESIAN_POINT('',(6.166514117192,-12.58368727701,0.));
#9705 = CARTESIAN_POINT('',(7.011185726939,-11.67182588013,0.));
#9706 = CARTESIAN_POINT('',(7.011185726939,-10.80795718834,0.));
#9707 = PCURVE('',#9413,#9708);
#9708 = DEFINITIONAL_REPRESENTATION('',(#9709),#9713);
#9709 = LINE('',#9710,#9711);
#9710 = CARTESIAN_POINT('',(0.,0.));
#9711 = VECTOR('',#9712,1.);
#9712 = DIRECTION('',(1.,0.));
#9713 = ( GEOMETRIC_REPRESENTATION_CONTEXT(2) 
PARAMETRIC_REPRESENTATION_CONTEXT() REPRESENTATION_CONTEXT('2D SPACE',''
  ) );
#9714 = PCURVE('',#9364,#9715);
#9715 = DEFINITIONAL_REPRESENTATION('',(#9716),#9723);
#9716 = B_SPLINE_CURVE_WITH_KNOTS('',2,(#9717,#9718,#9719,#9720,#9721,
    #9722),.UNSPECIFIED.,.F.,.F.,(3,1,1,1,3),(0.,1.,2.,3.013513513514,
    4.027027027027),.UNSPECIFIED.);
#9717 = CARTESIAN_POINT('',(1.556639773463,0.307153312635));
#9718 = CARTESIAN_POINT('',(1.556639773463,1.171022004421));
#9719 = CARTESIAN_POINT('',(0.711968163716,2.082883401306));
#9720 = CARTESIAN_POINT('',(-0.718214448241,2.082883401306));
#9721 = CARTESIAN_POINT('',(-1.562886057987,1.171022004421));
#9722 = CARTESIAN_POINT('',(-1.562886057987,0.307153312635));
#9723 = ( GEOMETRIC_REPRESENTATION_CONTEXT(2) 
PARAMETRIC_REPRESENTATION_CONTEXT() REPRESENTATION_CONTEXT('2D SPACE',''
  ) );
#9724 = ADVANCED_FACE('',(#9725,#9728),#9364,.F.);
#9725 = FACE_BOUND('',#9726,.T.);
#9726 = EDGE_LOOP('',(#9727));
#9727 = ORIENTED_EDGE('',*,*,#9339,.T.);
#9728 = FACE_BOUND('',#9729,.T.);
#9729 = EDGE_LOOP('',(#9730,#9731,#9732,#9733));
#9730 = ORIENTED_EDGE('',*,*,#9486,.T.);
#9731 = ORIENTED_EDGE('',*,*,#9568,.T.);
#9732 = ORIENTED_EDGE('',*,*,#9645,.T.);
#9733 = ORIENTED_EDGE('',*,*,#9698,.T.);
#9734 = ADVANCED_FACE('',(#9735,#9738),#9315,.T.);
#9735 = FACE_BOUND('',#9736,.F.);
#9736 = EDGE_LOOP('',(#9737));
#9737 = ORIENTED_EDGE('',*,*,#9290,.T.);
#9738 = FACE_BOUND('',#9739,.F.);
#9739 = EDGE_LOOP('',(#9740,#9741,#9742,#9743));
#9740 = ORIENTED_EDGE('',*,*,#9430,.T.);
#9741 = ORIENTED_EDGE('',*,*,#9511,.T.);
#9742 = ORIENTED_EDGE('',*,*,#9599,.T.);
#9743 = ORIENTED_EDGE('',*,*,#9670,.T.);
#9744 = MANIFOLD_SOLID_BREP('',#9745);
#9745 = CLOSED_SHELL('',(#9746,#9866,#9942,#10018,#10094,#10175,#10263,
    #10344,#10432,#10508,#10584,#10666,#10758,#10834,#10910,#10992,
    #11079,#11126,#11146));
#9746 = ADVANCED_FACE('',(#9747),#9761,.T.);
#9747 = FACE_BOUND('',#9748,.T.);
#9748 = EDGE_LOOP('',(#9749,#9784,#9812,#9840));
#9749 = ORIENTED_EDGE('',*,*,#9750,.T.);
#9750 = EDGE_CURVE('',#9751,#9753,#9755,.T.);
#9751 = VERTEX_POINT('',#9752);
#9752 = CARTESIAN_POINT('',(9.690549891621,-12.95803037679,0.));
#9753 = VERTEX_POINT('',#9754);
#9754 = CARTESIAN_POINT('',(9.690549891621,-12.95803037679,0.6));
#9755 = SURFACE_CURVE('',#9756,(#9760,#9772),.PCURVE_S1.);
#9756 = LINE('',#9757,#9758);
#9757 = CARTESIAN_POINT('',(9.690549891621,-12.95803037679,0.));
#9758 = VECTOR('',#9759,1.);
#9759 = DIRECTION('',(0.,-0.,1.));
#9760 = PCURVE('',#9761,#9766);
#9761 = PLANE('',#9762);
#9762 = AXIS2_PLACEMENT_3D('',#9763,#9764,#9765);
#9763 = CARTESIAN_POINT('',(9.690549891621,-12.95803037679,0.));
#9764 = DIRECTION('',(0.,-1.,-0.));
#9765 = DIRECTION('',(-1.,-0.,0.));
#9766 = DEFINITIONAL_REPRESENTATION('',(#9767),#9771);
#9767 = LINE('',#9768,#9769);
#9768 = CARTESIAN_POINT('',(0.,0.));
#9769 = VECTOR('',#9770,1.);
#9770 = DIRECTION('',(0.,-1.));
#9771 = ( GEOMETRIC_REPRESENTATION_CONTEXT(2) 
PARAMETRIC_REPRESENTATION_CONTEXT() REPRESENTATION_CONTEXT('2D SPACE',''
  ) );
#9772 = PCURVE('',#9773,#9778);
#9773 = PLANE('',#9774);
#9774 = AXIS2_PLACEMENT_3D('',#9775,#9776,#9777);
#9775 = CARTESIAN_POINT('',(9.690549891621,-9.502555609647,0.));
#9776 = DIRECTION('',(1.,0.,-0.));
#9777 = DIRECTION('',(0.,-1.,-0.));
#9778 = DEFINITIONAL_REPRESENTATION('',(#9779),#9783);
#9779 = LINE('',#9780,#9781);
#9780 = CARTESIAN_POINT('',(3.455474767144,-0.));
#9781 = VECTOR('',#9782,1.);
#9782 = DIRECTION('',(0.,-1.));
#9783 = ( GEOMETRIC_REPRESENTATION_CONTEXT(2) 
PARAMETRIC_REPRESENTATION_CONTEXT() REPRESENTATION_CONTEXT('2D SPACE',''
  ) );
#9784 = ORIENTED_EDGE('',*,*,#9785,.T.);
#9785 = EDGE_CURVE('',#9753,#9786,#9788,.T.);
#9786 = VERTEX_POINT('',#9787);
#9787 = CARTESIAN_POINT('',(9.14343305349,-12.95803037679,0.6));
#9788 = SURFACE_CURVE('',#9789,(#9793,#9800),.PCURVE_S1.);
#9789 = LINE('',#9790,#9791);
#9790 = CARTESIAN_POINT('',(9.690549891621,-12.95803037679,0.6));
#9791 = VECTOR('',#9792,1.);
#9792 = DIRECTION('',(-1.,-0.,0.));
#9793 = PCURVE('',#9761,#9794);
#9794 = DEFINITIONAL_REPRESENTATION('',(#9795),#9799);
#9795 = LINE('',#9796,#9797);
#9796 = CARTESIAN_POINT('',(0.,-0.6));
#9797 = VECTOR('',#9798,1.);
#9798 = DIRECTION('',(1.,0.));
#9799 = ( GEOMETRIC_REPRESENTATION_CONTEXT(2) 
PARAMETRIC_REPRESENTATION_CONTEXT() REPRESENTATION_CONTEXT('2D SPACE',''
  ) );
#9800 = PCURVE('',#9801,#9806);
#9801 = PLANE('',#9802);
#9802 = AXIS2_PLACEMENT_3D('',#9803,#9804,#9805);
#9803 = CARTESIAN_POINT('',(12.355376551922,-10.08912761508,0.6));
#9804 = DIRECTION('',(-0.,-0.,1.));
#9805 = DIRECTION('',(-1.,0.,0.));
#9806 = DEFINITIONAL_REPRESENTATION('',(#9807),#9811);
#9807 = LINE('',#9808,#9809);
#9808 = CARTESIAN_POINT('',(2.664826660301,2.868902761704));
#9809 = VECTOR('',#9810,1.);
#9810 = DIRECTION('',(1.,-0.));
#9811 = ( GEOMETRIC_REPRESENTATION_CONTEXT(2) 
PARAMETRIC_REPRESENTATION_CONTEXT() REPRESENTATION_CONTEXT('2D SPACE',''
  ) );
#9812 = ORIENTED_EDGE('',*,*,#9813,.F.);
#9813 = EDGE_CURVE('',#9814,#9786,#9816,.T.);
#9814 = VERTEX_POINT('',#9815);
#9815 = CARTESIAN_POINT('',(9.14343305349,-12.95803037679,0.));
#9816 = SURFACE_CURVE('',#9817,(#9821,#9828),.PCURVE_S1.);
#9817 = LINE('',#9818,#9819);
#9818 = CARTESIAN_POINT('',(9.14343305349,-12.95803037679,0.));
#9819 = VECTOR('',#9820,1.);
#9820 = DIRECTION('',(0.,-0.,1.));
#9821 = PCURVE('',#9761,#9822);
#9822 = DEFINITIONAL_REPRESENTATION('',(#9823),#9827);
#9823 = LINE('',#9824,#9825);
#9824 = CARTESIAN_POINT('',(0.547116838131,0.));
#9825 = VECTOR('',#9826,1.);
#9826 = DIRECTION('',(0.,-1.));
#9827 = ( GEOMETRIC_REPRESENTATION_CONTEXT(2) 
PARAMETRIC_REPRESENTATION_CONTEXT() REPRESENTATION_CONTEXT('2D SPACE',''
  ) );
#9828 = PCURVE('',#9829,#9834);
#9829 = PLANE('',#9830);
#9830 = AXIS2_PLACEMENT_3D('',#9831,#9832,#9833);
#9831 = CARTESIAN_POINT('',(9.14343305349,-12.95803037679,0.));
#9832 = DIRECTION('',(-1.,0.,0.));
#9833 = DIRECTION('',(0.,1.,-0.));
#9834 = DEFINITIONAL_REPRESENTATION('',(#9835),#9839);
#9835 = LINE('',#9836,#9837);
#9836 = CARTESIAN_POINT('',(0.,0.));
#9837 = VECTOR('',#9838,1.);
#9838 = DIRECTION('',(0.,-1.));
#9839 = ( GEOMETRIC_REPRESENTATION_CONTEXT(2) 
PARAMETRIC_REPRESENTATION_CONTEXT() REPRESENTATION_CONTEXT('2D SPACE',''
  ) );
#9840 = ORIENTED_EDGE('',*,*,#9841,.F.);
#9841 = EDGE_CURVE('',#9751,#9814,#9842,.T.);
#9842 = SURFACE_CURVE('',#9843,(#9847,#9854),.PCURVE_S1.);
#9843 = LINE('',#9844,#9845);
#9844 = CARTESIAN_POINT('',(9.690549891621,-12.95803037679,0.));
#9845 = VECTOR('',#9846,1.);
#9846 = DIRECTION('',(-1.,-0.,0.));
#9847 = PCURVE('',#9761,#9848);
#9848 = DEFINITIONAL_REPRESENTATION('',(#9849),#9853);
#9849 = LINE('',#9850,#9851);
#9850 = CARTESIAN_POINT('',(0.,0.));
#9851 = VECTOR('',#9852,1.);
#9852 = DIRECTION('',(1.,0.));
#9853 = ( GEOMETRIC_REPRESENTATION_CONTEXT(2) 
PARAMETRIC_REPRESENTATION_CONTEXT() REPRESENTATION_CONTEXT('2D SPACE',''
  ) );
#9854 = PCURVE('',#9855,#9860);
#9855 = PLANE('',#9856);
#9856 = AXIS2_PLACEMENT_3D('',#9857,#9858,#9859);
#9857 = CARTESIAN_POINT('',(12.355376551922,-10.08912761508,0.));
#9858 = DIRECTION('',(-0.,-0.,1.));
#9859 = DIRECTION('',(-1.,0.,0.));
#9860 = DEFINITIONAL_REPRESENTATION('',(#9861),#9865);
#9861 = LINE('',#9862,#9863);
#9862 = CARTESIAN_POINT('',(2.664826660301,2.868902761704));
#9863 = VECTOR('',#9864,1.);
#9864 = DIRECTION('',(1.,-0.));
#9865 = ( GEOMETRIC_REPRESENTATION_CONTEXT(2) 
PARAMETRIC_REPRESENTATION_CONTEXT() REPRESENTATION_CONTEXT('2D SPACE',''
  ) );
#9866 = ADVANCED_FACE('',(#9867),#9829,.T.);
#9867 = FACE_BOUND('',#9868,.T.);
#9868 = EDGE_LOOP('',(#9869,#9870,#9893,#9921));
#9869 = ORIENTED_EDGE('',*,*,#9813,.T.);
#9870 = ORIENTED_EDGE('',*,*,#9871,.T.);
#9871 = EDGE_CURVE('',#9786,#9872,#9874,.T.);
#9872 = VERTEX_POINT('',#9873);
#9873 = CARTESIAN_POINT('',(9.14343305349,-8.04357737463,0.6));
#9874 = SURFACE_CURVE('',#9875,(#9879,#9886),.PCURVE_S1.);
#9875 = LINE('',#9876,#9877);
#9876 = CARTESIAN_POINT('',(9.14343305349,-12.95803037679,0.6));
#9877 = VECTOR('',#9878,1.);
#9878 = DIRECTION('',(-0.,1.,-0.));
#9879 = PCURVE('',#9829,#9880);
#9880 = DEFINITIONAL_REPRESENTATION('',(#9881),#9885);
#9881 = LINE('',#9882,#9883);
#9882 = CARTESIAN_POINT('',(0.,-0.6));
#9883 = VECTOR('',#9884,1.);
#9884 = DIRECTION('',(1.,0.));
#9885 = ( GEOMETRIC_REPRESENTATION_CONTEXT(2) 
PARAMETRIC_REPRESENTATION_CONTEXT() REPRESENTATION_CONTEXT('2D SPACE',''
  ) );
#9886 = PCURVE('',#9801,#9887);
#9887 = DEFINITIONAL_REPRESENTATION('',(#9888),#9892);
#9888 = LINE('',#9889,#9890);
#9889 = CARTESIAN_POINT('',(3.211943498432,2.868902761704));
#9890 = VECTOR('',#9891,1.);
#9891 = DIRECTION('',(-0.,-1.));
#9892 = ( GEOMETRIC_REPRESENTATION_CONTEXT(2) 
PARAMETRIC_REPRESENTATION_CONTEXT() REPRESENTATION_CONTEXT('2D SPACE',''
  ) );
#9893 = ORIENTED_EDGE('',*,*,#9894,.F.);
#9894 = EDGE_CURVE('',#9895,#9872,#9897,.T.);
#9895 = VERTEX_POINT('',#9896);
#9896 = CARTESIAN_POINT('',(9.14343305349,-8.04357737463,0.));
#9897 = SURFACE_CURVE('',#9898,(#9902,#9909),.PCURVE_S1.);
#9898 = LINE('',#9899,#9900);
#9899 = CARTESIAN_POINT('',(9.14343305349,-8.04357737463,0.));
#9900 = VECTOR('',#9901,1.);
#9901 = DIRECTION('',(0.,-0.,1.));
#9902 = PCURVE('',#9829,#9903);
#9903 = DEFINITIONAL_REPRESENTATION('',(#9904),#9908);
#9904 = LINE('',#9905,#9906);
#9905 = CARTESIAN_POINT('',(4.914453002161,0.));
#9906 = VECTOR('',#9907,1.);
#9907 = DIRECTION('',(0.,-1.));
#9908 = ( GEOMETRIC_REPRESENTATION_CONTEXT(2) 
PARAMETRIC_REPRESENTATION_CONTEXT() REPRESENTATION_CONTEXT('2D SPACE',''
  ) );
#9909 = PCURVE('',#9910,#9915);
#9910 = PLANE('',#9911);
#9911 = AXIS2_PLACEMENT_3D('',#9912,#9913,#9914);
#9912 = CARTESIAN_POINT('',(9.14343305349,-8.04357737463,0.));
#9913 = DIRECTION('',(0.,1.,0.));
#9914 = DIRECTION('',(1.,0.,-0.));
#9915 = DEFINITIONAL_REPRESENTATION('',(#9916),#9920);
#9916 = LINE('',#9917,#9918);
#9917 = CARTESIAN_POINT('',(0.,0.));
#9918 = VECTOR('',#9919,1.);
#9919 = DIRECTION('',(0.,-1.));
#9920 = ( GEOMETRIC_REPRESENTATION_CONTEXT(2) 
PARAMETRIC_REPRESENTATION_CONTEXT() REPRESENTATION_CONTEXT('2D SPACE',''
  ) );
#9921 = ORIENTED_EDGE('',*,*,#9922,.F.);
#9922 = EDGE_CURVE('',#9814,#9895,#9923,.T.);
#9923 = SURFACE_CURVE('',#9924,(#9928,#9935),.PCURVE_S1.);
#9924 = LINE('',#9925,#9926);
#9925 = CARTESIAN_POINT('',(9.14343305349,-12.95803037679,0.));
#9926 = VECTOR('',#9927,1.);
#9927 = DIRECTION('',(-0.,1.,-0.));
#9928 = PCURVE('',#9829,#9929);
#9929 = DEFINITIONAL_REPRESENTATION('',(#9930),#9934);
#9930 = LINE('',#9931,#9932);
#9931 = CARTESIAN_POINT('',(0.,0.));
#9932 = VECTOR('',#9933,1.);
#9933 = DIRECTION('',(1.,0.));
#9934 = ( GEOMETRIC_REPRESENTATION_CONTEXT(2) 
PARAMETRIC_REPRESENTATION_CONTEXT() REPRESENTATION_CONTEXT('2D SPACE',''
  ) );
#9935 = PCURVE('',#9855,#9936);
#9936 = DEFINITIONAL_REPRESENTATION('',(#9937),#9941);
#9937 = LINE('',#9938,#9939);
#9938 = CARTESIAN_POINT('',(3.211943498432,2.868902761704));
#9939 = VECTOR('',#9940,1.);
#9940 = DIRECTION('',(-0.,-1.));
#9941 = ( GEOMETRIC_REPRESENTATION_CONTEXT(2) 
PARAMETRIC_REPRESENTATION_CONTEXT() REPRESENTATION_CONTEXT('2D SPACE',''
  ) );
#9942 = ADVANCED_FACE('',(#9943),#9910,.T.);
#9943 = FACE_BOUND('',#9944,.T.);
#9944 = EDGE_LOOP('',(#9945,#9946,#9969,#9997));
#9945 = ORIENTED_EDGE('',*,*,#9894,.T.);
#9946 = ORIENTED_EDGE('',*,*,#9947,.T.);
#9947 = EDGE_CURVE('',#9872,#9948,#9950,.T.);
#9948 = VERTEX_POINT('',#9949);
#9949 = CARTESIAN_POINT('',(9.690549891621,-8.04357737463,0.6));
#9950 = SURFACE_CURVE('',#9951,(#9955,#9962),.PCURVE_S1.);
#9951 = LINE('',#9952,#9953);
#9952 = CARTESIAN_POINT('',(9.14343305349,-8.04357737463,0.6));
#9953 = VECTOR('',#9954,1.);
#9954 = DIRECTION('',(1.,-0.,-0.));
#9955 = PCURVE('',#9910,#9956);
#9956 = DEFINITIONAL_REPRESENTATION('',(#9957),#9961);
#9957 = LINE('',#9958,#9959);
#9958 = CARTESIAN_POINT('',(0.,-0.6));
#9959 = VECTOR('',#9960,1.);
#9960 = DIRECTION('',(1.,0.));
#9961 = ( GEOMETRIC_REPRESENTATION_CONTEXT(2) 
PARAMETRIC_REPRESENTATION_CONTEXT() REPRESENTATION_CONTEXT('2D SPACE',''
  ) );
#9962 = PCURVE('',#9801,#9963);
#9963 = DEFINITIONAL_REPRESENTATION('',(#9964),#9968);
#9964 = LINE('',#9965,#9966);
#9965 = CARTESIAN_POINT('',(3.211943498432,-2.045550240456));
#9966 = VECTOR('',#9967,1.);
#9967 = DIRECTION('',(-1.,-0.));
#9968 = ( GEOMETRIC_REPRESENTATION_CONTEXT(2) 
PARAMETRIC_REPRESENTATION_CONTEXT() REPRESENTATION_CONTEXT('2D SPACE',''
  ) );
#9969 = ORIENTED_EDGE('',*,*,#9970,.F.);
#9970 = EDGE_CURVE('',#9971,#9948,#9973,.T.);
#9971 = VERTEX_POINT('',#9972);
#9972 = CARTESIAN_POINT('',(9.690549891621,-8.04357737463,0.));
#9973 = SURFACE_CURVE('',#9974,(#9978,#9985),.PCURVE_S1.);
#9974 = LINE('',#9975,#9976);
#9975 = CARTESIAN_POINT('',(9.690549891621,-8.04357737463,0.));
#9976 = VECTOR('',#9977,1.);
#9977 = DIRECTION('',(0.,-0.,1.));
#9978 = PCURVE('',#9910,#9979);
#9979 = DEFINITIONAL_REPRESENTATION('',(#9980),#9984);
#9980 = LINE('',#9981,#9982);
#9981 = CARTESIAN_POINT('',(0.547116838131,0.));
#9982 = VECTOR('',#9983,1.);
#9983 = DIRECTION('',(0.,-1.));
#9984 = ( GEOMETRIC_REPRESENTATION_CONTEXT(2) 
PARAMETRIC_REPRESENTATION_CONTEXT() REPRESENTATION_CONTEXT('2D SPACE',''
  ) );
#9985 = PCURVE('',#9986,#9991);
#9986 = PLANE('',#9987);
#9987 = AXIS2_PLACEMENT_3D('',#9988,#9989,#9990);
#9988 = CARTESIAN_POINT('',(9.690549891621,-8.04357737463,0.));
#9989 = DIRECTION('',(1.,0.,-0.));
#9990 = DIRECTION('',(0.,-1.,-0.));
#9991 = DEFINITIONAL_REPRESENTATION('',(#9992),#9996);
#9992 = LINE('',#9993,#9994);
#9993 = CARTESIAN_POINT('',(0.,0.));
#9994 = VECTOR('',#9995,1.);
#9995 = DIRECTION('',(0.,-1.));
#9996 = ( GEOMETRIC_REPRESENTATION_CONTEXT(2) 
PARAMETRIC_REPRESENTATION_CONTEXT() REPRESENTATION_CONTEXT('2D SPACE',''
  ) );
#9997 = ORIENTED_EDGE('',*,*,#9998,.F.);
#9998 = EDGE_CURVE('',#9895,#9971,#9999,.T.);
#9999 = SURFACE_CURVE('',#10000,(#10004,#10011),.PCURVE_S1.);
#10000 = LINE('',#10001,#10002);
#10001 = CARTESIAN_POINT('',(9.14343305349,-8.04357737463,0.));
#10002 = VECTOR('',#10003,1.);
#10003 = DIRECTION('',(1.,-0.,-0.));
#10004 = PCURVE('',#9910,#10005);
#10005 = DEFINITIONAL_REPRESENTATION('',(#10006),#10010);
#10006 = LINE('',#10007,#10008);
#10007 = CARTESIAN_POINT('',(0.,0.));
#10008 = VECTOR('',#10009,1.);
#10009 = DIRECTION('',(1.,0.));
#10010 = ( GEOMETRIC_REPRESENTATION_CONTEXT(2) 
PARAMETRIC_REPRESENTATION_CONTEXT() REPRESENTATION_CONTEXT('2D SPACE',''
  ) );
#10011 = PCURVE('',#9855,#10012);
#10012 = DEFINITIONAL_REPRESENTATION('',(#10013),#10017);
#10013 = LINE('',#10014,#10015);
#10014 = CARTESIAN_POINT('',(3.211943498432,-2.045550240456));
#10015 = VECTOR('',#10016,1.);
#10016 = DIRECTION('',(-1.,-0.));
#10017 = ( GEOMETRIC_REPRESENTATION_CONTEXT(2) 
PARAMETRIC_REPRESENTATION_CONTEXT() REPRESENTATION_CONTEXT('2D SPACE',''
  ) );
#10018 = ADVANCED_FACE('',(#10019),#9986,.T.);
#10019 = FACE_BOUND('',#10020,.T.);
#10020 = EDGE_LOOP('',(#10021,#10022,#10045,#10073));
#10021 = ORIENTED_EDGE('',*,*,#9970,.T.);
#10022 = ORIENTED_EDGE('',*,*,#10023,.T.);
#10023 = EDGE_CURVE('',#9948,#10024,#10026,.T.);
#10024 = VERTEX_POINT('',#10025);
#10025 = CARTESIAN_POINT('',(9.690549891621,-8.821059197238,0.6));
#10026 = SURFACE_CURVE('',#10027,(#10031,#10038),.PCURVE_S1.);
#10027 = LINE('',#10028,#10029);
#10028 = CARTESIAN_POINT('',(9.690549891621,-8.04357737463,0.6));
#10029 = VECTOR('',#10030,1.);
#10030 = DIRECTION('',(-0.,-1.,-0.));
#10031 = PCURVE('',#9986,#10032);
#10032 = DEFINITIONAL_REPRESENTATION('',(#10033),#10037);
#10033 = LINE('',#10034,#10035);
#10034 = CARTESIAN_POINT('',(0.,-0.6));
#10035 = VECTOR('',#10036,1.);
#10036 = DIRECTION('',(1.,0.));
#10037 = ( GEOMETRIC_REPRESENTATION_CONTEXT(2) 
PARAMETRIC_REPRESENTATION_CONTEXT() REPRESENTATION_CONTEXT('2D SPACE',''
  ) );
#10038 = PCURVE('',#9801,#10039);
#10039 = DEFINITIONAL_REPRESENTATION('',(#10040),#10044);
#10040 = LINE('',#10041,#10042);
#10041 = CARTESIAN_POINT('',(2.664826660301,-2.045550240456));
#10042 = VECTOR('',#10043,1.);
#10043 = DIRECTION('',(-0.,1.));
#10044 = ( GEOMETRIC_REPRESENTATION_CONTEXT(2) 
PARAMETRIC_REPRESENTATION_CONTEXT() REPRESENTATION_CONTEXT('2D SPACE',''
  ) );
#10045 = ORIENTED_EDGE('',*,*,#10046,.F.);
#10046 = EDGE_CURVE('',#10047,#10024,#10049,.T.);
#10047 = VERTEX_POINT('',#10048);
#10048 = CARTESIAN_POINT('',(9.690549891621,-8.821059197238,0.));
#10049 = SURFACE_CURVE('',#10050,(#10054,#10061),.PCURVE_S1.);
#10050 = LINE('',#10051,#10052);
#10051 = CARTESIAN_POINT('',(9.690549891621,-8.821059197238,0.));
#10052 = VECTOR('',#10053,1.);
#10053 = DIRECTION('',(0.,-0.,1.));
#10054 = PCURVE('',#9986,#10055);
#10055 = DEFINITIONAL_REPRESENTATION('',(#10056),#10060);
#10056 = LINE('',#10057,#10058);
#10057 = CARTESIAN_POINT('',(0.777481822607,-0.));
#10058 = VECTOR('',#10059,1.);
#10059 = DIRECTION('',(0.,-1.));
#10060 = ( GEOMETRIC_REPRESENTATION_CONTEXT(2) 
PARAMETRIC_REPRESENTATION_CONTEXT() REPRESENTATION_CONTEXT('2D SPACE',''
  ) );
#10061 = PCURVE('',#10062,#10067);
#10062 = PLANE('',#10063);
#10063 = AXIS2_PLACEMENT_3D('',#10064,#10065,#10066);
#10064 = CARTESIAN_POINT('',(9.690549891621,-8.821059197238,0.));
#10065 = DIRECTION('',(0.,1.,0.));
#10066 = DIRECTION('',(1.,0.,-0.));
#10067 = DEFINITIONAL_REPRESENTATION('',(#10068),#10072);
#10068 = LINE('',#10069,#10070);
#10069 = CARTESIAN_POINT('',(0.,0.));
#10070 = VECTOR('',#10071,1.);
#10071 = DIRECTION('',(0.,-1.));
#10072 = ( GEOMETRIC_REPRESENTATION_CONTEXT(2) 
PARAMETRIC_REPRESENTATION_CONTEXT() REPRESENTATION_CONTEXT('2D SPACE',''
  ) );
#10073 = ORIENTED_EDGE('',*,*,#10074,.F.);
#10074 = EDGE_CURVE('',#9971,#10047,#10075,.T.);
#10075 = SURFACE_CURVE('',#10076,(#10080,#10087),.PCURVE_S1.);
#10076 = LINE('',#10077,#10078);
#10077 = CARTESIAN_POINT('',(9.690549891621,-8.04357737463,0.));
#10078 = VECTOR('',#10079,1.);
#10079 = DIRECTION('',(-0.,-1.,-0.));
#10080 = PCURVE('',#9986,#10081);
#10081 = DEFINITIONAL_REPRESENTATION('',(#10082),#10086);
#10082 = LINE('',#10083,#10084);
#10083 = CARTESIAN_POINT('',(0.,0.));
#10084 = VECTOR('',#10085,1.);
#10085 = DIRECTION('',(1.,0.));
#10086 = ( GEOMETRIC_REPRESENTATION_CONTEXT(2) 
PARAMETRIC_REPRESENTATION_CONTEXT() REPRESENTATION_CONTEXT('2D SPACE',''
  ) );
#10087 = PCURVE('',#9855,#10088);
#10088 = DEFINITIONAL_REPRESENTATION('',(#10089),#10093);
#10089 = LINE('',#10090,#10091);
#10090 = CARTESIAN_POINT('',(2.664826660301,-2.045550240456));
#10091 = VECTOR('',#10092,1.);
#10092 = DIRECTION('',(-0.,1.));
#10093 = ( GEOMETRIC_REPRESENTATION_CONTEXT(2) 
PARAMETRIC_REPRESENTATION_CONTEXT() REPRESENTATION_CONTEXT('2D SPACE',''
  ) );
#10094 = ADVANCED_FACE('',(#10095),#10062,.T.);
#10095 = FACE_BOUND('',#10096,.T.);
#10096 = EDGE_LOOP('',(#10097,#10098,#10121,#10154));
#10097 = ORIENTED_EDGE('',*,*,#10046,.T.);
#10098 = ORIENTED_EDGE('',*,*,#10099,.T.);
#10099 = EDGE_CURVE('',#10024,#10100,#10102,.T.);
#10100 = VERTEX_POINT('',#10101);
#10101 = CARTESIAN_POINT('',(9.719345514681,-8.821059197238,0.6));
#10102 = SURFACE_CURVE('',#10103,(#10107,#10114),.PCURVE_S1.);
#10103 = LINE('',#10104,#10105);
#10104 = CARTESIAN_POINT('',(9.690549891621,-8.821059197238,0.6));
#10105 = VECTOR('',#10106,1.);
#10106 = DIRECTION('',(1.,-0.,-0.));
#10107 = PCURVE('',#10062,#10108);
#10108 = DEFINITIONAL_REPRESENTATION('',(#10109),#10113);
#10109 = LINE('',#10110,#10111);
#10110 = CARTESIAN_POINT('',(0.,-0.6));
#10111 = VECTOR('',#10112,1.);
#10112 = DIRECTION('',(1.,0.));
#10113 = ( GEOMETRIC_REPRESENTATION_CONTEXT(2) 
PARAMETRIC_REPRESENTATION_CONTEXT() REPRESENTATION_CONTEXT('2D SPACE',''
  ) );
#10114 = PCURVE('',#9801,#10115);
#10115 = DEFINITIONAL_REPRESENTATION('',(#10116),#10120);
#10116 = LINE('',#10117,#10118);
#10117 = CARTESIAN_POINT('',(2.664826660301,-1.268068417849));
#10118 = VECTOR('',#10119,1.);
#10119 = DIRECTION('',(-1.,-0.));
#10120 = ( GEOMETRIC_REPRESENTATION_CONTEXT(2) 
PARAMETRIC_REPRESENTATION_CONTEXT() REPRESENTATION_CONTEXT('2D SPACE',''
  ) );
#10121 = ORIENTED_EDGE('',*,*,#10122,.F.);
#10122 = EDGE_CURVE('',#10123,#10100,#10125,.T.);
#10123 = VERTEX_POINT('',#10124);
#10124 = CARTESIAN_POINT('',(9.719345514681,-8.821059197238,0.));
#10125 = SURFACE_CURVE('',#10126,(#10130,#10137),.PCURVE_S1.);
#10126 = LINE('',#10127,#10128);
#10127 = CARTESIAN_POINT('',(9.719345514681,-8.821059197238,0.));
#10128 = VECTOR('',#10129,1.);
#10129 = DIRECTION('',(0.,-0.,1.));
#10130 = PCURVE('',#10062,#10131);
#10131 = DEFINITIONAL_REPRESENTATION('',(#10132),#10136);
#10132 = LINE('',#10133,#10134);
#10133 = CARTESIAN_POINT('',(2.879562305954E-02,0.));
#10134 = VECTOR('',#10135,1.);
#10135 = DIRECTION('',(0.,-1.));
#10136 = ( GEOMETRIC_REPRESENTATION_CONTEXT(2) 
PARAMETRIC_REPRESENTATION_CONTEXT() REPRESENTATION_CONTEXT('2D SPACE',''
  ) );
#10137 = PCURVE('',#10138,#10148);
#10138 = SURFACE_OF_LINEAR_EXTRUSION('',#10139,#10146);
#10139 = B_SPLINE_CURVE_WITH_KNOTS('',2,(#10140,#10141,#10142,#10143,
    #10144,#10145),.UNSPECIFIED.,.F.,.F.,(3,1,1,1,3),(0.,1.,2.,
    2.873015873016,3.746031746032),.UNSPECIFIED.);
#10140 = CARTESIAN_POINT('',(9.719345514681,-8.821059197238,0.));
#10141 = CARTESIAN_POINT('',(9.872922170998,-8.456314638484,0.));
#10142 = CARTESIAN_POINT('',(10.506425878308,-7.928394882392,0.));
#10143 = CARTESIAN_POINT('',(11.63905371865,-7.928394882392,0.));
#10144 = CARTESIAN_POINT('',(12.454929705337,-8.427519015424,0.));
#10145 = CARTESIAN_POINT('',(12.627703443694,-8.965037312535,0.));
#10146 = VECTOR('',#10147,1.);
#10147 = DIRECTION('',(-0.,0.,-1.));
#10148 = DEFINITIONAL_REPRESENTATION('',(#10149),#10153);
#10149 = LINE('',#10150,#10151);
#10150 = CARTESIAN_POINT('',(0.,0.));
#10151 = VECTOR('',#10152,1.);
#10152 = DIRECTION('',(0.,-1.));
#10153 = ( GEOMETRIC_REPRESENTATION_CONTEXT(2) 
PARAMETRIC_REPRESENTATION_CONTEXT() REPRESENTATION_CONTEXT('2D SPACE',''
  ) );
#10154 = ORIENTED_EDGE('',*,*,#10155,.F.);
#10155 = EDGE_CURVE('',#10047,#10123,#10156,.T.);
#10156 = SURFACE_CURVE('',#10157,(#10161,#10168),.PCURVE_S1.);
#10157 = LINE('',#10158,#10159);
#10158 = CARTESIAN_POINT('',(9.690549891621,-8.821059197238,0.));
#10159 = VECTOR('',#10160,1.);
#10160 = DIRECTION('',(1.,-0.,-0.));
#10161 = PCURVE('',#10062,#10162);
#10162 = DEFINITIONAL_REPRESENTATION('',(#10163),#10167);
#10163 = LINE('',#10164,#10165);
#10164 = CARTESIAN_POINT('',(0.,0.));
#10165 = VECTOR('',#10166,1.);
#10166 = DIRECTION('',(1.,0.));
#10167 = ( GEOMETRIC_REPRESENTATION_CONTEXT(2) 
PARAMETRIC_REPRESENTATION_CONTEXT() REPRESENTATION_CONTEXT('2D SPACE',''
  ) );
#10168 = PCURVE('',#9855,#10169);
#10169 = DEFINITIONAL_REPRESENTATION('',(#10170),#10174);
#10170 = LINE('',#10171,#10172);
#10171 = CARTESIAN_POINT('',(2.664826660301,-1.268068417849));
#10172 = VECTOR('',#10173,1.);
#10173 = DIRECTION('',(-1.,-0.));
#10174 = ( GEOMETRIC_REPRESENTATION_CONTEXT(2) 
PARAMETRIC_REPRESENTATION_CONTEXT() REPRESENTATION_CONTEXT('2D SPACE',''
  ) );
#10175 = ADVANCED_FACE('',(#10176),#10138,.T.);
#10176 = FACE_BOUND('',#10177,.T.);
#10177 = EDGE_LOOP('',(#10178,#10179,#10208,#10236));
#10178 = ORIENTED_EDGE('',*,*,#10122,.T.);
#10179 = ORIENTED_EDGE('',*,*,#10180,.T.);
#10180 = EDGE_CURVE('',#10100,#10181,#10183,.T.);
#10181 = VERTEX_POINT('',#10182);
#10182 = CARTESIAN_POINT('',(12.627703443694,-8.965037312535,0.6));
#10183 = SURFACE_CURVE('',#10184,(#10191,#10198),.PCURVE_S1.);
#10184 = B_SPLINE_CURVE_WITH_KNOTS('',2,(#10185,#10186,#10187,#10188,
    #10189,#10190),.UNSPECIFIED.,.F.,.F.,(3,1,1,1,3),(0.,1.,2.,
    2.873015873016,3.746031746032),.UNSPECIFIED.);
#10185 = CARTESIAN_POINT('',(9.719345514681,-8.821059197238,0.6));
#10186 = CARTESIAN_POINT('',(9.872922170998,-8.456314638484,0.6));
#10187 = CARTESIAN_POINT('',(10.506425878308,-7.928394882392,0.6));
#10188 = CARTESIAN_POINT('',(11.63905371865,-7.928394882392,0.6));
#10189 = CARTESIAN_POINT('',(12.454929705337,-8.427519015424,0.6));
#10190 = CARTESIAN_POINT('',(12.627703443694,-8.965037312535,0.6));
#10191 = PCURVE('',#10138,#10192);
#10192 = DEFINITIONAL_REPRESENTATION('',(#10193),#10197);
#10193 = LINE('',#10194,#10195);
#10194 = CARTESIAN_POINT('',(0.,-0.6));
#10195 = VECTOR('',#10196,1.);
#10196 = DIRECTION('',(1.,0.));
#10197 = ( GEOMETRIC_REPRESENTATION_CONTEXT(2) 
PARAMETRIC_REPRESENTATION_CONTEXT() REPRESENTATION_CONTEXT('2D SPACE',''
  ) );
#10198 = PCURVE('',#9801,#10199);
#10199 = DEFINITIONAL_REPRESENTATION('',(#10200),#10207);
#10200 = B_SPLINE_CURVE_WITH_KNOTS('',2,(#10201,#10202,#10203,#10204,
    #10205,#10206),.UNSPECIFIED.,.F.,.F.,(3,1,1,1,3),(0.,1.,2.,
    2.873015873016,3.746031746032),.UNSPECIFIED.);
#10201 = CARTESIAN_POINT('',(2.636031037242,-1.268068417849));
#10202 = CARTESIAN_POINT('',(2.482454380924,-1.632812976603));
#10203 = CARTESIAN_POINT('',(1.848950673614,-2.160732732695));
#10204 = CARTESIAN_POINT('',(0.716322833273,-2.160732732695));
#10205 = CARTESIAN_POINT('',(-9.955315341431E-02,-1.661608599663));
#10206 = CARTESIAN_POINT('',(-0.272326891772,-1.124090302551));
#10207 = ( GEOMETRIC_REPRESENTATION_CONTEXT(2) 
PARAMETRIC_REPRESENTATION_CONTEXT() REPRESENTATION_CONTEXT('2D SPACE',''
  ) );
#10208 = ORIENTED_EDGE('',*,*,#10209,.F.);
#10209 = EDGE_CURVE('',#10210,#10181,#10212,.T.);
#10210 = VERTEX_POINT('',#10211);
#10211 = CARTESIAN_POINT('',(12.627703443694,-8.965037312535,0.));
#10212 = SURFACE_CURVE('',#10213,(#10217,#10224),.PCURVE_S1.);
#10213 = LINE('',#10214,#10215);
#10214 = CARTESIAN_POINT('',(12.627703443694,-8.965037312535,0.));
#10215 = VECTOR('',#10216,1.);
#10216 = DIRECTION('',(0.,-0.,1.));
#10217 = PCURVE('',#10138,#10218);
#10218 = DEFINITIONAL_REPRESENTATION('',(#10219),#10223);
#10219 = LINE('',#10220,#10221);
#10220 = CARTESIAN_POINT('',(3.746031746032,0.));
#10221 = VECTOR('',#10222,1.);
#10222 = DIRECTION('',(0.,-1.));
#10223 = ( GEOMETRIC_REPRESENTATION_CONTEXT(2) 
PARAMETRIC_REPRESENTATION_CONTEXT() REPRESENTATION_CONTEXT('2D SPACE',''
  ) );
#10224 = PCURVE('',#10225,#10230);
#10225 = PLANE('',#10226);
#10226 = AXIS2_PLACEMENT_3D('',#10227,#10228,#10229);
#10227 = CARTESIAN_POINT('',(12.627703443694,-8.965037312535,0.));
#10228 = DIRECTION('',(0.,1.,0.));
#10229 = DIRECTION('',(1.,0.,-0.));
#10230 = DEFINITIONAL_REPRESENTATION('',(#10231),#10235);
#10231 = LINE('',#10232,#10233);
#10232 = CARTESIAN_POINT('',(0.,0.));
#10233 = VECTOR('',#10234,1.);
#10234 = DIRECTION('',(0.,-1.));
#10235 = ( GEOMETRIC_REPRESENTATION_CONTEXT(2) 
PARAMETRIC_REPRESENTATION_CONTEXT() REPRESENTATION_CONTEXT('2D SPACE',''
  ) );
#10236 = ORIENTED_EDGE('',*,*,#10237,.F.);
#10237 = EDGE_CURVE('',#10123,#10210,#10238,.T.);
#10238 = SURFACE_CURVE('',#10239,(#10246,#10253),.PCURVE_S1.);
#10239 = B_SPLINE_CURVE_WITH_KNOTS('',2,(#10240,#10241,#10242,#10243,
    #10244,#10245),.UNSPECIFIED.,.F.,.F.,(3,1,1,1,3),(0.,1.,2.,
    2.873015873016,3.746031746032),.UNSPECIFIED.);
#10240 = CARTESIAN_POINT('',(9.719345514681,-8.821059197238,0.));
#10241 = CARTESIAN_POINT('',(9.872922170998,-8.456314638484,0.));
#10242 = CARTESIAN_POINT('',(10.506425878308,-7.928394882392,0.));
#10243 = CARTESIAN_POINT('',(11.63905371865,-7.928394882392,0.));
#10244 = CARTESIAN_POINT('',(12.454929705337,-8.427519015424,0.));
#10245 = CARTESIAN_POINT('',(12.627703443694,-8.965037312535,0.));
#10246 = PCURVE('',#10138,#10247);
#10247 = DEFINITIONAL_REPRESENTATION('',(#10248),#10252);
#10248 = LINE('',#10249,#10250);
#10249 = CARTESIAN_POINT('',(0.,0.));
#10250 = VECTOR('',#10251,1.);
#10251 = DIRECTION('',(1.,0.));
#10252 = ( GEOMETRIC_REPRESENTATION_CONTEXT(2) 
PARAMETRIC_REPRESENTATION_CONTEXT() REPRESENTATION_CONTEXT('2D SPACE',''
  ) );
#10253 = PCURVE('',#9855,#10254);
#10254 = DEFINITIONAL_REPRESENTATION('',(#10255),#10262);
#10255 = B_SPLINE_CURVE_WITH_KNOTS('',2,(#10256,#10257,#10258,#10259,
    #10260,#10261),.UNSPECIFIED.,.F.,.F.,(3,1,1,1,3),(0.,1.,2.,
    2.873015873016,3.746031746032),.UNSPECIFIED.);
#10256 = CARTESIAN_POINT('',(2.636031037242,-1.268068417849));
#10257 = CARTESIAN_POINT('',(2.482454380924,-1.632812976603));
#10258 = CARTESIAN_POINT('',(1.848950673614,-2.160732732695));
#10259 = CARTESIAN_POINT('',(0.716322833273,-2.160732732695));
#10260 = CARTESIAN_POINT('',(-9.955315341431E-02,-1.661608599663));
#10261 = CARTESIAN_POINT('',(-0.272326891772,-1.124090302551));
#10262 = ( GEOMETRIC_REPRESENTATION_CONTEXT(2) 
PARAMETRIC_REPRESENTATION_CONTEXT() REPRESENTATION_CONTEXT('2D SPACE',''
  ) );
#10263 = ADVANCED_FACE('',(#10264),#10225,.T.);
#10264 = FACE_BOUND('',#10265,.T.);
#10265 = EDGE_LOOP('',(#10266,#10267,#10290,#10323));
#10266 = ORIENTED_EDGE('',*,*,#10209,.T.);
#10267 = ORIENTED_EDGE('',*,*,#10268,.T.);
#10268 = EDGE_CURVE('',#10181,#10269,#10271,.T.);
#10269 = VERTEX_POINT('',#10270);
#10270 = CARTESIAN_POINT('',(12.656499066753,-8.965037312535,0.6));
#10271 = SURFACE_CURVE('',#10272,(#10276,#10283),.PCURVE_S1.);
#10272 = LINE('',#10273,#10274);
#10273 = CARTESIAN_POINT('',(12.627703443694,-8.965037312535,0.6));
#10274 = VECTOR('',#10275,1.);
#10275 = DIRECTION('',(1.,-0.,-0.));
#10276 = PCURVE('',#10225,#10277);
#10277 = DEFINITIONAL_REPRESENTATION('',(#10278),#10282);
#10278 = LINE('',#10279,#10280);
#10279 = CARTESIAN_POINT('',(0.,-0.6));
#10280 = VECTOR('',#10281,1.);
#10281 = DIRECTION('',(1.,0.));
#10282 = ( GEOMETRIC_REPRESENTATION_CONTEXT(2) 
PARAMETRIC_REPRESENTATION_CONTEXT() REPRESENTATION_CONTEXT('2D SPACE',''
  ) );
#10283 = PCURVE('',#9801,#10284);
#10284 = DEFINITIONAL_REPRESENTATION('',(#10285),#10289);
#10285 = LINE('',#10286,#10287);
#10286 = CARTESIAN_POINT('',(-0.272326891772,-1.124090302551));
#10287 = VECTOR('',#10288,1.);
#10288 = DIRECTION('',(-1.,-0.));
#10289 = ( GEOMETRIC_REPRESENTATION_CONTEXT(2) 
PARAMETRIC_REPRESENTATION_CONTEXT() REPRESENTATION_CONTEXT('2D SPACE',''
  ) );
#10290 = ORIENTED_EDGE('',*,*,#10291,.F.);
#10291 = EDGE_CURVE('',#10292,#10269,#10294,.T.);
#10292 = VERTEX_POINT('',#10293);
#10293 = CARTESIAN_POINT('',(12.656499066753,-8.965037312535,0.));
#10294 = SURFACE_CURVE('',#10295,(#10299,#10306),.PCURVE_S1.);
#10295 = LINE('',#10296,#10297);
#10296 = CARTESIAN_POINT('',(12.656499066753,-8.965037312535,0.));
#10297 = VECTOR('',#10298,1.);
#10298 = DIRECTION('',(0.,-0.,1.));
#10299 = PCURVE('',#10225,#10300);
#10300 = DEFINITIONAL_REPRESENTATION('',(#10301),#10305);
#10301 = LINE('',#10302,#10303);
#10302 = CARTESIAN_POINT('',(2.879562305954E-02,0.));
#10303 = VECTOR('',#10304,1.);
#10304 = DIRECTION('',(0.,-1.));
#10305 = ( GEOMETRIC_REPRESENTATION_CONTEXT(2) 
PARAMETRIC_REPRESENTATION_CONTEXT() REPRESENTATION_CONTEXT('2D SPACE',''
  ) );
#10306 = PCURVE('',#10307,#10317);
#10307 = SURFACE_OF_LINEAR_EXTRUSION('',#10308,#10315);
#10308 = B_SPLINE_CURVE_WITH_KNOTS('',2,(#10309,#10310,#10311,#10312,
    #10313,#10314),.UNSPECIFIED.,.F.,.F.,(3,1,1,1,3),(0.,1.,2.,
    3.191176470588,4.382352941176),.UNSPECIFIED.);
#10309 = CARTESIAN_POINT('',(12.656499066753,-8.965037312535,0.));
#10310 = CARTESIAN_POINT('',(12.790878641031,-8.533102966642,0.));
#10311 = CARTESIAN_POINT('',(13.549163381599,-7.928394882392,0.));
#10312 = CARTESIAN_POINT('',(14.979345993556,-7.928394882392,0.));
#10313 = CARTESIAN_POINT('',(15.824017603302,-8.897847525397,0.));
#10314 = CARTESIAN_POINT('',(15.824017603302,-9.800110381262,0.));
#10315 = VECTOR('',#10316,1.);
#10316 = DIRECTION('',(-0.,0.,-1.));
#10317 = DEFINITIONAL_REPRESENTATION('',(#10318),#10322);
#10318 = LINE('',#10319,#10320);
#10319 = CARTESIAN_POINT('',(0.,0.));
#10320 = VECTOR('',#10321,1.);
#10321 = DIRECTION('',(0.,-1.));
#10322 = ( GEOMETRIC_REPRESENTATION_CONTEXT(2) 
PARAMETRIC_REPRESENTATION_CONTEXT() REPRESENTATION_CONTEXT('2D SPACE',''
  ) );
#10323 = ORIENTED_EDGE('',*,*,#10324,.F.);
#10324 = EDGE_CURVE('',#10210,#10292,#10325,.T.);
#10325 = SURFACE_CURVE('',#10326,(#10330,#10337),.PCURVE_S1.);
#10326 = LINE('',#10327,#10328);
#10327 = CARTESIAN_POINT('',(12.627703443694,-8.965037312535,0.));
#10328 = VECTOR('',#10329,1.);
#10329 = DIRECTION('',(1.,-0.,-0.));
#10330 = PCURVE('',#10225,#10331);
#10331 = DEFINITIONAL_REPRESENTATION('',(#10332),#10336);
#10332 = LINE('',#10333,#10334);
#10333 = CARTESIAN_POINT('',(0.,0.));
#10334 = VECTOR('',#10335,1.);
#10335 = DIRECTION('',(1.,0.));
#10336 = ( GEOMETRIC_REPRESENTATION_CONTEXT(2) 
PARAMETRIC_REPRESENTATION_CONTEXT() REPRESENTATION_CONTEXT('2D SPACE',''
  ) );
#10337 = PCURVE('',#9855,#10338);
#10338 = DEFINITIONAL_REPRESENTATION('',(#10339),#10343);
#10339 = LINE('',#10340,#10341);
#10340 = CARTESIAN_POINT('',(-0.272326891772,-1.124090302551));
#10341 = VECTOR('',#10342,1.);
#10342 = DIRECTION('',(-1.,-0.));
#10343 = ( GEOMETRIC_REPRESENTATION_CONTEXT(2) 
PARAMETRIC_REPRESENTATION_CONTEXT() REPRESENTATION_CONTEXT('2D SPACE',''
  ) );
#10344 = ADVANCED_FACE('',(#10345),#10307,.T.);
#10345 = FACE_BOUND('',#10346,.T.);
#10346 = EDGE_LOOP('',(#10347,#10348,#10377,#10405));
#10347 = ORIENTED_EDGE('',*,*,#10291,.T.);
#10348 = ORIENTED_EDGE('',*,*,#10349,.T.);
#10349 = EDGE_CURVE('',#10269,#10350,#10352,.T.);
#10350 = VERTEX_POINT('',#10351);
#10351 = CARTESIAN_POINT('',(15.824017603302,-9.800110381262,0.6));
#10352 = SURFACE_CURVE('',#10353,(#10360,#10367),.PCURVE_S1.);
#10353 = B_SPLINE_CURVE_WITH_KNOTS('',2,(#10354,#10355,#10356,#10357,
    #10358,#10359),.UNSPECIFIED.,.F.,.F.,(3,1,1,1,3),(0.,1.,2.,
    3.191176470588,4.382352941176),.UNSPECIFIED.);
#10354 = CARTESIAN_POINT('',(12.656499066753,-8.965037312535,0.6));
#10355 = CARTESIAN_POINT('',(12.790878641031,-8.533102966642,0.6));
#10356 = CARTESIAN_POINT('',(13.549163381599,-7.928394882392,0.6));
#10357 = CARTESIAN_POINT('',(14.979345993556,-7.928394882392,0.6));
#10358 = CARTESIAN_POINT('',(15.824017603302,-8.897847525397,0.6));
#10359 = CARTESIAN_POINT('',(15.824017603302,-9.800110381262,0.6));
#10360 = PCURVE('',#10307,#10361);
#10361 = DEFINITIONAL_REPRESENTATION('',(#10362),#10366);
#10362 = LINE('',#10363,#10364);
#10363 = CARTESIAN_POINT('',(0.,-0.6));
#10364 = VECTOR('',#10365,1.);
#10365 = DIRECTION('',(1.,0.));
#10366 = ( GEOMETRIC_REPRESENTATION_CONTEXT(2) 
PARAMETRIC_REPRESENTATION_CONTEXT() REPRESENTATION_CONTEXT('2D SPACE',''
  ) );
#10367 = PCURVE('',#9801,#10368);
#10368 = DEFINITIONAL_REPRESENTATION('',(#10369),#10376);
#10369 = B_SPLINE_CURVE_WITH_KNOTS('',2,(#10370,#10371,#10372,#10373,
    #10374,#10375),.UNSPECIFIED.,.F.,.F.,(3,1,1,1,3),(0.,1.,2.,
    3.191176470588,4.382352941176),.UNSPECIFIED.);
#10370 = CARTESIAN_POINT('',(-0.301122514831,-1.124090302551));
#10371 = CARTESIAN_POINT('',(-0.435502089109,-1.556024648444));
#10372 = CARTESIAN_POINT('',(-1.193786829677,-2.160732732695));
#10373 = CARTESIAN_POINT('',(-2.623969441634,-2.160732732695));
#10374 = CARTESIAN_POINT('',(-3.46864105138,-1.19128008969));
#10375 = CARTESIAN_POINT('',(-3.46864105138,-0.289017233825));
#10376 = ( GEOMETRIC_REPRESENTATION_CONTEXT(2) 
PARAMETRIC_REPRESENTATION_CONTEXT() REPRESENTATION_CONTEXT('2D SPACE',''
  ) );
#10377 = ORIENTED_EDGE('',*,*,#10378,.F.);
#10378 = EDGE_CURVE('',#10379,#10350,#10381,.T.);
#10379 = VERTEX_POINT('',#10380);
#10380 = CARTESIAN_POINT('',(15.824017603302,-9.800110381262,0.));
#10381 = SURFACE_CURVE('',#10382,(#10386,#10393),.PCURVE_S1.);
#10382 = LINE('',#10383,#10384);
#10383 = CARTESIAN_POINT('',(15.824017603302,-9.800110381262,0.));
#10384 = VECTOR('',#10385,1.);
#10385 = DIRECTION('',(0.,-0.,1.));
#10386 = PCURVE('',#10307,#10387);
#10387 = DEFINITIONAL_REPRESENTATION('',(#10388),#10392);
#10388 = LINE('',#10389,#10390);
#10389 = CARTESIAN_POINT('',(4.382352941176,0.));
#10390 = VECTOR('',#10391,1.);
#10391 = DIRECTION('',(0.,-1.));
#10392 = ( GEOMETRIC_REPRESENTATION_CONTEXT(2) 
PARAMETRIC_REPRESENTATION_CONTEXT() REPRESENTATION_CONTEXT('2D SPACE',''
  ) );
#10393 = PCURVE('',#10394,#10399);
#10394 = PLANE('',#10395);
#10395 = AXIS2_PLACEMENT_3D('',#10396,#10397,#10398);
#10396 = CARTESIAN_POINT('',(15.824017603302,-9.800110381262,0.));
#10397 = DIRECTION('',(1.,0.,-0.));
#10398 = DIRECTION('',(0.,-1.,-0.));
#10399 = DEFINITIONAL_REPRESENTATION('',(#10400),#10404);
#10400 = LINE('',#10401,#10402);
#10401 = CARTESIAN_POINT('',(0.,0.));
#10402 = VECTOR('',#10403,1.);
#10403 = DIRECTION('',(0.,-1.));
#10404 = ( GEOMETRIC_REPRESENTATION_CONTEXT(2) 
PARAMETRIC_REPRESENTATION_CONTEXT() REPRESENTATION_CONTEXT('2D SPACE',''
  ) );
#10405 = ORIENTED_EDGE('',*,*,#10406,.F.);
#10406 = EDGE_CURVE('',#10292,#10379,#10407,.T.);
#10407 = SURFACE_CURVE('',#10408,(#10415,#10422),.PCURVE_S1.);
#10408 = B_SPLINE_CURVE_WITH_KNOTS('',2,(#10409,#10410,#10411,#10412,
    #10413,#10414),.UNSPECIFIED.,.F.,.F.,(3,1,1,1,3),(0.,1.,2.,
    3.191176470588,4.382352941176),.UNSPECIFIED.);
#10409 = CARTESIAN_POINT('',(12.656499066753,-8.965037312535,0.));
#10410 = CARTESIAN_POINT('',(12.790878641031,-8.533102966642,0.));
#10411 = CARTESIAN_POINT('',(13.549163381599,-7.928394882392,0.));
#10412 = CARTESIAN_POINT('',(14.979345993556,-7.928394882392,0.));
#10413 = CARTESIAN_POINT('',(15.824017603302,-8.897847525397,0.));
#10414 = CARTESIAN_POINT('',(15.824017603302,-9.800110381262,0.));
#10415 = PCURVE('',#10307,#10416);
#10416 = DEFINITIONAL_REPRESENTATION('',(#10417),#10421);
#10417 = LINE('',#10418,#10419);
#10418 = CARTESIAN_POINT('',(0.,0.));
#10419 = VECTOR('',#10420,1.);
#10420 = DIRECTION('',(1.,0.));
#10421 = ( GEOMETRIC_REPRESENTATION_CONTEXT(2) 
PARAMETRIC_REPRESENTATION_CONTEXT() REPRESENTATION_CONTEXT('2D SPACE',''
  ) );
#10422 = PCURVE('',#9855,#10423);
#10423 = DEFINITIONAL_REPRESENTATION('',(#10424),#10431);
#10424 = B_SPLINE_CURVE_WITH_KNOTS('',2,(#10425,#10426,#10427,#10428,
    #10429,#10430),.UNSPECIFIED.,.F.,.F.,(3,1,1,1,3),(0.,1.,2.,
    3.191176470588,4.382352941176),.UNSPECIFIED.);
#10425 = CARTESIAN_POINT('',(-0.301122514831,-1.124090302551));
#10426 = CARTESIAN_POINT('',(-0.435502089109,-1.556024648444));
#10427 = CARTESIAN_POINT('',(-1.193786829677,-2.160732732695));
#10428 = CARTESIAN_POINT('',(-2.623969441634,-2.160732732695));
#10429 = CARTESIAN_POINT('',(-3.46864105138,-1.19128008969));
#10430 = CARTESIAN_POINT('',(-3.46864105138,-0.289017233825));
#10431 = ( GEOMETRIC_REPRESENTATION_CONTEXT(2) 
PARAMETRIC_REPRESENTATION_CONTEXT() REPRESENTATION_CONTEXT('2D SPACE',''
  ) );
#10432 = ADVANCED_FACE('',(#10433),#10394,.T.);
#10433 = FACE_BOUND('',#10434,.T.);
#10434 = EDGE_LOOP('',(#10435,#10436,#10459,#10487));
#10435 = ORIENTED_EDGE('',*,*,#10378,.T.);
#10436 = ORIENTED_EDGE('',*,*,#10437,.T.);
#10437 = EDGE_CURVE('',#10350,#10438,#10440,.T.);
#10438 = VERTEX_POINT('',#10439);
#10439 = CARTESIAN_POINT('',(15.824017603302,-12.95803037679,0.6));
#10440 = SURFACE_CURVE('',#10441,(#10445,#10452),.PCURVE_S1.);
#10441 = LINE('',#10442,#10443);
#10442 = CARTESIAN_POINT('',(15.824017603302,-9.800110381262,0.6));
#10443 = VECTOR('',#10444,1.);
#10444 = DIRECTION('',(-0.,-1.,-0.));
#10445 = PCURVE('',#10394,#10446);
#10446 = DEFINITIONAL_REPRESENTATION('',(#10447),#10451);
#10447 = LINE('',#10448,#10449);
#10448 = CARTESIAN_POINT('',(0.,-0.6));
#10449 = VECTOR('',#10450,1.);
#10450 = DIRECTION('',(1.,0.));
#10451 = ( GEOMETRIC_REPRESENTATION_CONTEXT(2) 
PARAMETRIC_REPRESENTATION_CONTEXT() REPRESENTATION_CONTEXT('2D SPACE',''
  ) );
#10452 = PCURVE('',#9801,#10453);
#10453 = DEFINITIONAL_REPRESENTATION('',(#10454),#10458);
#10454 = LINE('',#10455,#10456);
#10455 = CARTESIAN_POINT('',(-3.46864105138,-0.289017233825));
#10456 = VECTOR('',#10457,1.);
#10457 = DIRECTION('',(-0.,1.));
#10458 = ( GEOMETRIC_REPRESENTATION_CONTEXT(2) 
PARAMETRIC_REPRESENTATION_CONTEXT() REPRESENTATION_CONTEXT('2D SPACE',''
  ) );
#10459 = ORIENTED_EDGE('',*,*,#10460,.F.);
#10460 = EDGE_CURVE('',#10461,#10438,#10463,.T.);
#10461 = VERTEX_POINT('',#10462);
#10462 = CARTESIAN_POINT('',(15.824017603302,-12.95803037679,0.));
#10463 = SURFACE_CURVE('',#10464,(#10468,#10475),.PCURVE_S1.);
#10464 = LINE('',#10465,#10466);
#10465 = CARTESIAN_POINT('',(15.824017603302,-12.95803037679,0.));
#10466 = VECTOR('',#10467,1.);
#10467 = DIRECTION('',(0.,-0.,1.));
#10468 = PCURVE('',#10394,#10469);
#10469 = DEFINITIONAL_REPRESENTATION('',(#10470),#10474);
#10470 = LINE('',#10471,#10472);
#10471 = CARTESIAN_POINT('',(3.157919995529,-0.));
#10472 = VECTOR('',#10473,1.);
#10473 = DIRECTION('',(0.,-1.));
#10474 = ( GEOMETRIC_REPRESENTATION_CONTEXT(2) 
PARAMETRIC_REPRESENTATION_CONTEXT() REPRESENTATION_CONTEXT('2D SPACE',''
  ) );
#10475 = PCURVE('',#10476,#10481);
#10476 = PLANE('',#10477);
#10477 = AXIS2_PLACEMENT_3D('',#10478,#10479,#10480);
#10478 = CARTESIAN_POINT('',(15.824017603302,-12.95803037679,0.));
#10479 = DIRECTION('',(0.,-1.,-0.));
#10480 = DIRECTION('',(-1.,-0.,0.));
#10481 = DEFINITIONAL_REPRESENTATION('',(#10482),#10486);
#10482 = LINE('',#10483,#10484);
#10483 = CARTESIAN_POINT('',(0.,0.));
#10484 = VECTOR('',#10485,1.);
#10485 = DIRECTION('',(0.,-1.));
#10486 = ( GEOMETRIC_REPRESENTATION_CONTEXT(2) 
PARAMETRIC_REPRESENTATION_CONTEXT() REPRESENTATION_CONTEXT('2D SPACE',''
  ) );
#10487 = ORIENTED_EDGE('',*,*,#10488,.F.);
#10488 = EDGE_CURVE('',#10379,#10461,#10489,.T.);
#10489 = SURFACE_CURVE('',#10490,(#10494,#10501),.PCURVE_S1.);
#10490 = LINE('',#10491,#10492);
#10491 = CARTESIAN_POINT('',(15.824017603302,-9.800110381262,0.));
#10492 = VECTOR('',#10493,1.);
#10493 = DIRECTION('',(-0.,-1.,-0.));
#10494 = PCURVE('',#10394,#10495);
#10495 = DEFINITIONAL_REPRESENTATION('',(#10496),#10500);
#10496 = LINE('',#10497,#10498);
#10497 = CARTESIAN_POINT('',(0.,0.));
#10498 = VECTOR('',#10499,1.);
#10499 = DIRECTION('',(1.,0.));
#10500 = ( GEOMETRIC_REPRESENTATION_CONTEXT(2) 
PARAMETRIC_REPRESENTATION_CONTEXT() REPRESENTATION_CONTEXT('2D SPACE',''
  ) );
#10501 = PCURVE('',#9855,#10502);
#10502 = DEFINITIONAL_REPRESENTATION('',(#10503),#10507);
#10503 = LINE('',#10504,#10505);
#10504 = CARTESIAN_POINT('',(-3.46864105138,-0.289017233825));
#10505 = VECTOR('',#10506,1.);
#10506 = DIRECTION('',(-0.,1.));
#10507 = ( GEOMETRIC_REPRESENTATION_CONTEXT(2) 
PARAMETRIC_REPRESENTATION_CONTEXT() REPRESENTATION_CONTEXT('2D SPACE',''
  ) );
#10508 = ADVANCED_FACE('',(#10509),#10476,.T.);
#10509 = FACE_BOUND('',#10510,.T.);
#10510 = EDGE_LOOP('',(#10511,#10512,#10535,#10563));
#10511 = ORIENTED_EDGE('',*,*,#10460,.T.);
#10512 = ORIENTED_EDGE('',*,*,#10513,.T.);
#10513 = EDGE_CURVE('',#10438,#10514,#10516,.T.);
#10514 = VERTEX_POINT('',#10515);
#10515 = CARTESIAN_POINT('',(15.276900765171,-12.95803037679,0.6));
#10516 = SURFACE_CURVE('',#10517,(#10521,#10528),.PCURVE_S1.);
#10517 = LINE('',#10518,#10519);
#10518 = CARTESIAN_POINT('',(15.824017603302,-12.95803037679,0.6));
#10519 = VECTOR('',#10520,1.);
#10520 = DIRECTION('',(-1.,-0.,0.));
#10521 = PCURVE('',#10476,#10522);
#10522 = DEFINITIONAL_REPRESENTATION('',(#10523),#10527);
#10523 = LINE('',#10524,#10525);
#10524 = CARTESIAN_POINT('',(0.,-0.6));
#10525 = VECTOR('',#10526,1.);
#10526 = DIRECTION('',(1.,0.));
#10527 = ( GEOMETRIC_REPRESENTATION_CONTEXT(2) 
PARAMETRIC_REPRESENTATION_CONTEXT() REPRESENTATION_CONTEXT('2D SPACE',''
  ) );
#10528 = PCURVE('',#9801,#10529);
#10529 = DEFINITIONAL_REPRESENTATION('',(#10530),#10534);
#10530 = LINE('',#10531,#10532);
#10531 = CARTESIAN_POINT('',(-3.46864105138,2.868902761704));
#10532 = VECTOR('',#10533,1.);
#10533 = DIRECTION('',(1.,-0.));
#10534 = ( GEOMETRIC_REPRESENTATION_CONTEXT(2) 
PARAMETRIC_REPRESENTATION_CONTEXT() REPRESENTATION_CONTEXT('2D SPACE',''
  ) );
#10535 = ORIENTED_EDGE('',*,*,#10536,.F.);
#10536 = EDGE_CURVE('',#10537,#10514,#10539,.T.);
#10537 = VERTEX_POINT('',#10538);
#10538 = CARTESIAN_POINT('',(15.276900765171,-12.95803037679,0.));
#10539 = SURFACE_CURVE('',#10540,(#10544,#10551),.PCURVE_S1.);
#10540 = LINE('',#10541,#10542);
#10541 = CARTESIAN_POINT('',(15.276900765171,-12.95803037679,0.));
#10542 = VECTOR('',#10543,1.);
#10543 = DIRECTION('',(0.,-0.,1.));
#10544 = PCURVE('',#10476,#10545);
#10545 = DEFINITIONAL_REPRESENTATION('',(#10546),#10550);
#10546 = LINE('',#10547,#10548);
#10547 = CARTESIAN_POINT('',(0.547116838131,0.));
#10548 = VECTOR('',#10549,1.);
#10549 = DIRECTION('',(0.,-1.));
#10550 = ( GEOMETRIC_REPRESENTATION_CONTEXT(2) 
PARAMETRIC_REPRESENTATION_CONTEXT() REPRESENTATION_CONTEXT('2D SPACE',''
  ) );
#10551 = PCURVE('',#10552,#10557);
#10552 = PLANE('',#10553);
#10553 = AXIS2_PLACEMENT_3D('',#10554,#10555,#10556);
#10554 = CARTESIAN_POINT('',(15.276900765171,-12.95803037679,0.));
#10555 = DIRECTION('',(-1.,0.,0.));
#10556 = DIRECTION('',(0.,1.,-0.));
#10557 = DEFINITIONAL_REPRESENTATION('',(#10558),#10562);
#10558 = LINE('',#10559,#10560);
#10559 = CARTESIAN_POINT('',(0.,0.));
#10560 = VECTOR('',#10561,1.);
#10561 = DIRECTION('',(0.,-1.));
#10562 = ( GEOMETRIC_REPRESENTATION_CONTEXT(2) 
PARAMETRIC_REPRESENTATION_CONTEXT() REPRESENTATION_CONTEXT('2D SPACE',''
  ) );
#10563 = ORIENTED_EDGE('',*,*,#10564,.F.);
#10564 = EDGE_CURVE('',#10461,#10537,#10565,.T.);
#10565 = SURFACE_CURVE('',#10566,(#10570,#10577),.PCURVE_S1.);
#10566 = LINE('',#10567,#10568);
#10567 = CARTESIAN_POINT('',(15.824017603302,-12.95803037679,0.));
#10568 = VECTOR('',#10569,1.);
#10569 = DIRECTION('',(-1.,-0.,0.));
#10570 = PCURVE('',#10476,#10571);
#10571 = DEFINITIONAL_REPRESENTATION('',(#10572),#10576);
#10572 = LINE('',#10573,#10574);
#10573 = CARTESIAN_POINT('',(0.,0.));
#10574 = VECTOR('',#10575,1.);
#10575 = DIRECTION('',(1.,0.));
#10576 = ( GEOMETRIC_REPRESENTATION_CONTEXT(2) 
PARAMETRIC_REPRESENTATION_CONTEXT() REPRESENTATION_CONTEXT('2D SPACE',''
  ) );
#10577 = PCURVE('',#9855,#10578);
#10578 = DEFINITIONAL_REPRESENTATION('',(#10579),#10583);
#10579 = LINE('',#10580,#10581);
#10580 = CARTESIAN_POINT('',(-3.46864105138,2.868902761704));
#10581 = VECTOR('',#10582,1.);
#10582 = DIRECTION('',(1.,-0.));
#10583 = ( GEOMETRIC_REPRESENTATION_CONTEXT(2) 
PARAMETRIC_REPRESENTATION_CONTEXT() REPRESENTATION_CONTEXT('2D SPACE',''
  ) );
#10584 = ADVANCED_FACE('',(#10585),#10552,.T.);
#10585 = FACE_BOUND('',#10586,.T.);
#10586 = EDGE_LOOP('',(#10587,#10588,#10611,#10645));
#10587 = ORIENTED_EDGE('',*,*,#10536,.T.);
#10588 = ORIENTED_EDGE('',*,*,#10589,.T.);
#10589 = EDGE_CURVE('',#10514,#10590,#10592,.T.);
#10590 = VERTEX_POINT('',#10591);
#10591 = CARTESIAN_POINT('',(15.276900765171,-9.89609579146,0.6));
#10592 = SURFACE_CURVE('',#10593,(#10597,#10604),.PCURVE_S1.);
#10593 = LINE('',#10594,#10595);
#10594 = CARTESIAN_POINT('',(15.276900765171,-12.95803037679,0.6));
#10595 = VECTOR('',#10596,1.);
#10596 = DIRECTION('',(-0.,1.,-0.));
#10597 = PCURVE('',#10552,#10598);
#10598 = DEFINITIONAL_REPRESENTATION('',(#10599),#10603);
#10599 = LINE('',#10600,#10601);
#10600 = CARTESIAN_POINT('',(0.,-0.6));
#10601 = VECTOR('',#10602,1.);
#10602 = DIRECTION('',(1.,0.));
#10603 = ( GEOMETRIC_REPRESENTATION_CONTEXT(2) 
PARAMETRIC_REPRESENTATION_CONTEXT() REPRESENTATION_CONTEXT('2D SPACE',''
  ) );
#10604 = PCURVE('',#9801,#10605);
#10605 = DEFINITIONAL_REPRESENTATION('',(#10606),#10610);
#10606 = LINE('',#10607,#10608);
#10607 = CARTESIAN_POINT('',(-2.921524213249,2.868902761704));
#10608 = VECTOR('',#10609,1.);
#10609 = DIRECTION('',(-0.,-1.));
#10610 = ( GEOMETRIC_REPRESENTATION_CONTEXT(2) 
PARAMETRIC_REPRESENTATION_CONTEXT() REPRESENTATION_CONTEXT('2D SPACE',''
  ) );
#10611 = ORIENTED_EDGE('',*,*,#10612,.F.);
#10612 = EDGE_CURVE('',#10613,#10590,#10615,.T.);
#10613 = VERTEX_POINT('',#10614);
#10614 = CARTESIAN_POINT('',(15.276900765171,-9.89609579146,0.));
#10615 = SURFACE_CURVE('',#10616,(#10620,#10627),.PCURVE_S1.);
#10616 = LINE('',#10617,#10618);
#10617 = CARTESIAN_POINT('',(15.276900765171,-9.89609579146,0.));
#10618 = VECTOR('',#10619,1.);
#10619 = DIRECTION('',(0.,-0.,1.));
#10620 = PCURVE('',#10552,#10621);
#10621 = DEFINITIONAL_REPRESENTATION('',(#10622),#10626);
#10622 = LINE('',#10623,#10624);
#10623 = CARTESIAN_POINT('',(3.061934585331,0.));
#10624 = VECTOR('',#10625,1.);
#10625 = DIRECTION('',(0.,-1.));
#10626 = ( GEOMETRIC_REPRESENTATION_CONTEXT(2) 
PARAMETRIC_REPRESENTATION_CONTEXT() REPRESENTATION_CONTEXT('2D SPACE',''
  ) );
#10627 = PCURVE('',#10628,#10639);
#10628 = SURFACE_OF_LINEAR_EXTRUSION('',#10629,#10637);
#10629 = B_SPLINE_CURVE_WITH_KNOTS('',2,(#10630,#10631,#10632,#10633,
    #10634,#10635,#10636),.UNSPECIFIED.,.F.,.F.,(3,1,1,1,1,3),(0.,1.,2.,
    2.538461538462,3.076923076923,3.615384615385),.UNSPECIFIED.);
#10630 = CARTESIAN_POINT('',(15.276900765171,-9.89609579146,0.));
#10631 = CARTESIAN_POINT('',(15.276900765171,-9.157008132932,0.));
#10632 = CARTESIAN_POINT('',(14.672192680921,-8.417920474404,0.));
#10633 = CARTESIAN_POINT('',(13.712338578936,-8.417920474404,0.));
#10634 = CARTESIAN_POINT('',(13.117229035706,-8.6578839999,0.));
#10635 = CARTESIAN_POINT('',(12.762083017972,-9.147409591913,0.));
#10636 = CARTESIAN_POINT('',(12.762083017972,-9.512154150667,0.));
#10637 = VECTOR('',#10638,1.);
#10638 = DIRECTION('',(-0.,0.,-1.));
#10639 = DEFINITIONAL_REPRESENTATION('',(#10640),#10644);
#10640 = LINE('',#10641,#10642);
#10641 = CARTESIAN_POINT('',(0.,0.));
#10642 = VECTOR('',#10643,1.);
#10643 = DIRECTION('',(0.,-1.));
#10644 = ( GEOMETRIC_REPRESENTATION_CONTEXT(2) 
PARAMETRIC_REPRESENTATION_CONTEXT() REPRESENTATION_CONTEXT('2D SPACE',''
  ) );
#10645 = ORIENTED_EDGE('',*,*,#10646,.F.);
#10646 = EDGE_CURVE('',#10537,#10613,#10647,.T.);
#10647 = SURFACE_CURVE('',#10648,(#10652,#10659),.PCURVE_S1.);
#10648 = LINE('',#10649,#10650);
#10649 = CARTESIAN_POINT('',(15.276900765171,-12.95803037679,0.));
#10650 = VECTOR('',#10651,1.);
#10651 = DIRECTION('',(-0.,1.,-0.));
#10652 = PCURVE('',#10552,#10653);
#10653 = DEFINITIONAL_REPRESENTATION('',(#10654),#10658);
#10654 = LINE('',#10655,#10656);
#10655 = CARTESIAN_POINT('',(0.,0.));
#10656 = VECTOR('',#10657,1.);
#10657 = DIRECTION('',(1.,0.));
#10658 = ( GEOMETRIC_REPRESENTATION_CONTEXT(2) 
PARAMETRIC_REPRESENTATION_CONTEXT() REPRESENTATION_CONTEXT('2D SPACE',''
  ) );
#10659 = PCURVE('',#9855,#10660);
#10660 = DEFINITIONAL_REPRESENTATION('',(#10661),#10665);
#10661 = LINE('',#10662,#10663);
#10662 = CARTESIAN_POINT('',(-2.921524213249,2.868902761704));
#10663 = VECTOR('',#10664,1.);
#10664 = DIRECTION('',(-0.,-1.));
#10665 = ( GEOMETRIC_REPRESENTATION_CONTEXT(2) 
PARAMETRIC_REPRESENTATION_CONTEXT() REPRESENTATION_CONTEXT('2D SPACE',''
  ) );
#10666 = ADVANCED_FACE('',(#10667),#10628,.T.);
#10667 = FACE_BOUND('',#10668,.T.);
#10668 = EDGE_LOOP('',(#10669,#10670,#10701,#10729));
#10669 = ORIENTED_EDGE('',*,*,#10612,.T.);
#10670 = ORIENTED_EDGE('',*,*,#10671,.T.);
#10671 = EDGE_CURVE('',#10590,#10672,#10674,.T.);
#10672 = VERTEX_POINT('',#10673);
#10673 = CARTESIAN_POINT('',(12.762083017972,-9.512154150667,0.6));
#10674 = SURFACE_CURVE('',#10675,(#10683,#10690),.PCURVE_S1.);
#10675 = B_SPLINE_CURVE_WITH_KNOTS('',2,(#10676,#10677,#10678,#10679,
    #10680,#10681,#10682),.UNSPECIFIED.,.F.,.F.,(3,1,1,1,1,3),(0.,1.,2.,
    2.538461538462,3.076923076923,3.615384615385),.UNSPECIFIED.);
#10676 = CARTESIAN_POINT('',(15.276900765171,-9.89609579146,0.6));
#10677 = CARTESIAN_POINT('',(15.276900765171,-9.157008132932,0.6));
#10678 = CARTESIAN_POINT('',(14.672192680921,-8.417920474404,0.6));
#10679 = CARTESIAN_POINT('',(13.712338578936,-8.417920474404,0.6));
#10680 = CARTESIAN_POINT('',(13.117229035706,-8.6578839999,0.6));
#10681 = CARTESIAN_POINT('',(12.762083017972,-9.147409591913,0.6));
#10682 = CARTESIAN_POINT('',(12.762083017972,-9.512154150667,0.6));
#10683 = PCURVE('',#10628,#10684);
#10684 = DEFINITIONAL_REPRESENTATION('',(#10685),#10689);
#10685 = LINE('',#10686,#10687);
#10686 = CARTESIAN_POINT('',(0.,-0.6));
#10687 = VECTOR('',#10688,1.);
#10688 = DIRECTION('',(1.,0.));
#10689 = ( GEOMETRIC_REPRESENTATION_CONTEXT(2) 
PARAMETRIC_REPRESENTATION_CONTEXT() REPRESENTATION_CONTEXT('2D SPACE',''
  ) );
#10690 = PCURVE('',#9801,#10691);
#10691 = DEFINITIONAL_REPRESENTATION('',(#10692),#10700);
#10692 = B_SPLINE_CURVE_WITH_KNOTS('',2,(#10693,#10694,#10695,#10696,
    #10697,#10698,#10699),.UNSPECIFIED.,.F.,.F.,(3,1,1,1,1,3),(0.,1.,2.,
    2.538461538462,3.076923076923,3.615384615385),.UNSPECIFIED.);
#10693 = CARTESIAN_POINT('',(-2.921524213249,-0.193031823626));
#10694 = CARTESIAN_POINT('',(-2.921524213249,-0.932119482154));
#10695 = CARTESIAN_POINT('',(-2.316816128999,-1.671207140682));
#10696 = CARTESIAN_POINT('',(-1.356962027014,-1.671207140682));
#10697 = CARTESIAN_POINT('',(-0.761852483784,-1.431243615186));
#10698 = CARTESIAN_POINT('',(-0.406706466049,-0.941718023174));
#10699 = CARTESIAN_POINT('',(-0.406706466049,-0.57697346442));
#10700 = ( GEOMETRIC_REPRESENTATION_CONTEXT(2) 
PARAMETRIC_REPRESENTATION_CONTEXT() REPRESENTATION_CONTEXT('2D SPACE',''
  ) );
#10701 = ORIENTED_EDGE('',*,*,#10702,.F.);
#10702 = EDGE_CURVE('',#10703,#10672,#10705,.T.);
#10703 = VERTEX_POINT('',#10704);
#10704 = CARTESIAN_POINT('',(12.762083017972,-9.512154150667,0.));
#10705 = SURFACE_CURVE('',#10706,(#10710,#10717),.PCURVE_S1.);
#10706 = LINE('',#10707,#10708);
#10707 = CARTESIAN_POINT('',(12.762083017972,-9.512154150667,0.));
#10708 = VECTOR('',#10709,1.);
#10709 = DIRECTION('',(0.,-0.,1.));
#10710 = PCURVE('',#10628,#10711);
#10711 = DEFINITIONAL_REPRESENTATION('',(#10712),#10716);
#10712 = LINE('',#10713,#10714);
#10713 = CARTESIAN_POINT('',(3.615384615385,0.));
#10714 = VECTOR('',#10715,1.);
#10715 = DIRECTION('',(0.,-1.));
#10716 = ( GEOMETRIC_REPRESENTATION_CONTEXT(2) 
PARAMETRIC_REPRESENTATION_CONTEXT() REPRESENTATION_CONTEXT('2D SPACE',''
  ) );
#10717 = PCURVE('',#10718,#10723);
#10718 = PLANE('',#10719);
#10719 = AXIS2_PLACEMENT_3D('',#10720,#10721,#10722);
#10720 = CARTESIAN_POINT('',(12.762083017972,-9.512154150667,0.));
#10721 = DIRECTION('',(1.,0.,-0.));
#10722 = DIRECTION('',(0.,-1.,-0.));
#10723 = DEFINITIONAL_REPRESENTATION('',(#10724),#10728);
#10724 = LINE('',#10725,#10726);
#10725 = CARTESIAN_POINT('',(0.,0.));
#10726 = VECTOR('',#10727,1.);
#10727 = DIRECTION('',(0.,-1.));
#10728 = ( GEOMETRIC_REPRESENTATION_CONTEXT(2) 
PARAMETRIC_REPRESENTATION_CONTEXT() REPRESENTATION_CONTEXT('2D SPACE',''
  ) );
#10729 = ORIENTED_EDGE('',*,*,#10730,.F.);
#10730 = EDGE_CURVE('',#10613,#10703,#10731,.T.);
#10731 = SURFACE_CURVE('',#10732,(#10740,#10747),.PCURVE_S1.);
#10732 = B_SPLINE_CURVE_WITH_KNOTS('',2,(#10733,#10734,#10735,#10736,
    #10737,#10738,#10739),.UNSPECIFIED.,.F.,.F.,(3,1,1,1,1,3),(0.,1.,2.,
    2.538461538462,3.076923076923,3.615384615385),.UNSPECIFIED.);
#10733 = CARTESIAN_POINT('',(15.276900765171,-9.89609579146,0.));
#10734 = CARTESIAN_POINT('',(15.276900765171,-9.157008132932,0.));
#10735 = CARTESIAN_POINT('',(14.672192680921,-8.417920474404,0.));
#10736 = CARTESIAN_POINT('',(13.712338578936,-8.417920474404,0.));
#10737 = CARTESIAN_POINT('',(13.117229035706,-8.6578839999,0.));
#10738 = CARTESIAN_POINT('',(12.762083017972,-9.147409591913,0.));
#10739 = CARTESIAN_POINT('',(12.762083017972,-9.512154150667,0.));
#10740 = PCURVE('',#10628,#10741);
#10741 = DEFINITIONAL_REPRESENTATION('',(#10742),#10746);
#10742 = LINE('',#10743,#10744);
#10743 = CARTESIAN_POINT('',(0.,0.));
#10744 = VECTOR('',#10745,1.);
#10745 = DIRECTION('',(1.,0.));
#10746 = ( GEOMETRIC_REPRESENTATION_CONTEXT(2) 
PARAMETRIC_REPRESENTATION_CONTEXT() REPRESENTATION_CONTEXT('2D SPACE',''
  ) );
#10747 = PCURVE('',#9855,#10748);
#10748 = DEFINITIONAL_REPRESENTATION('',(#10749),#10757);
#10749 = B_SPLINE_CURVE_WITH_KNOTS('',2,(#10750,#10751,#10752,#10753,
    #10754,#10755,#10756),.UNSPECIFIED.,.F.,.F.,(3,1,1,1,1,3),(0.,1.,2.,
    2.538461538462,3.076923076923,3.615384615385),.UNSPECIFIED.);
#10750 = CARTESIAN_POINT('',(-2.921524213249,-0.193031823626));
#10751 = CARTESIAN_POINT('',(-2.921524213249,-0.932119482154));
#10752 = CARTESIAN_POINT('',(-2.316816128999,-1.671207140682));
#10753 = CARTESIAN_POINT('',(-1.356962027014,-1.671207140682));
#10754 = CARTESIAN_POINT('',(-0.761852483784,-1.431243615186));
#10755 = CARTESIAN_POINT('',(-0.406706466049,-0.941718023174));
#10756 = CARTESIAN_POINT('',(-0.406706466049,-0.57697346442));
#10757 = ( GEOMETRIC_REPRESENTATION_CONTEXT(2) 
PARAMETRIC_REPRESENTATION_CONTEXT() REPRESENTATION_CONTEXT('2D SPACE',''
  ) );
#10758 = ADVANCED_FACE('',(#10759),#10718,.T.);
#10759 = FACE_BOUND('',#10760,.T.);
#10760 = EDGE_LOOP('',(#10761,#10762,#10785,#10813));
#10761 = ORIENTED_EDGE('',*,*,#10702,.T.);
#10762 = ORIENTED_EDGE('',*,*,#10763,.T.);
#10763 = EDGE_CURVE('',#10672,#10764,#10766,.T.);
#10764 = VERTEX_POINT('',#10765);
#10765 = CARTESIAN_POINT('',(12.762083017972,-12.95803037679,0.6));
#10766 = SURFACE_CURVE('',#10767,(#10771,#10778),.PCURVE_S1.);
#10767 = LINE('',#10768,#10769);
#10768 = CARTESIAN_POINT('',(12.762083017972,-9.512154150667,0.6));
#10769 = VECTOR('',#10770,1.);
#10770 = DIRECTION('',(-0.,-1.,-0.));
#10771 = PCURVE('',#10718,#10772);
#10772 = DEFINITIONAL_REPRESENTATION('',(#10773),#10777);
#10773 = LINE('',#10774,#10775);
#10774 = CARTESIAN_POINT('',(0.,-0.6));
#10775 = VECTOR('',#10776,1.);
#10776 = DIRECTION('',(1.,0.));
#10777 = ( GEOMETRIC_REPRESENTATION_CONTEXT(2) 
PARAMETRIC_REPRESENTATION_CONTEXT() REPRESENTATION_CONTEXT('2D SPACE',''
  ) );
#10778 = PCURVE('',#9801,#10779);
#10779 = DEFINITIONAL_REPRESENTATION('',(#10780),#10784);
#10780 = LINE('',#10781,#10782);
#10781 = CARTESIAN_POINT('',(-0.406706466049,-0.57697346442));
#10782 = VECTOR('',#10783,1.);
#10783 = DIRECTION('',(-0.,1.));
#10784 = ( GEOMETRIC_REPRESENTATION_CONTEXT(2) 
PARAMETRIC_REPRESENTATION_CONTEXT() REPRESENTATION_CONTEXT('2D SPACE',''
  ) );
#10785 = ORIENTED_EDGE('',*,*,#10786,.F.);
#10786 = EDGE_CURVE('',#10787,#10764,#10789,.T.);
#10787 = VERTEX_POINT('',#10788);
#10788 = CARTESIAN_POINT('',(12.762083017972,-12.95803037679,0.));
#10789 = SURFACE_CURVE('',#10790,(#10794,#10801),.PCURVE_S1.);
#10790 = LINE('',#10791,#10792);
#10791 = CARTESIAN_POINT('',(12.762083017972,-12.95803037679,0.));
#10792 = VECTOR('',#10793,1.);
#10793 = DIRECTION('',(0.,-0.,1.));
#10794 = PCURVE('',#10718,#10795);
#10795 = DEFINITIONAL_REPRESENTATION('',(#10796),#10800);
#10796 = LINE('',#10797,#10798);
#10797 = CARTESIAN_POINT('',(3.445876226124,-0.));
#10798 = VECTOR('',#10799,1.);
#10799 = DIRECTION('',(0.,-1.));
#10800 = ( GEOMETRIC_REPRESENTATION_CONTEXT(2) 
PARAMETRIC_REPRESENTATION_CONTEXT() REPRESENTATION_CONTEXT('2D SPACE',''
  ) );
#10801 = PCURVE('',#10802,#10807);
#10802 = PLANE('',#10803);
#10803 = AXIS2_PLACEMENT_3D('',#10804,#10805,#10806);
#10804 = CARTESIAN_POINT('',(12.762083017972,-12.95803037679,0.));
#10805 = DIRECTION('',(0.,-1.,-0.));
#10806 = DIRECTION('',(-1.,-0.,0.));
#10807 = DEFINITIONAL_REPRESENTATION('',(#10808),#10812);
#10808 = LINE('',#10809,#10810);
#10809 = CARTESIAN_POINT('',(0.,0.));
#10810 = VECTOR('',#10811,1.);
#10811 = DIRECTION('',(0.,-1.));
#10812 = ( GEOMETRIC_REPRESENTATION_CONTEXT(2) 
PARAMETRIC_REPRESENTATION_CONTEXT() REPRESENTATION_CONTEXT('2D SPACE',''
  ) );
#10813 = ORIENTED_EDGE('',*,*,#10814,.F.);
#10814 = EDGE_CURVE('',#10703,#10787,#10815,.T.);
#10815 = SURFACE_CURVE('',#10816,(#10820,#10827),.PCURVE_S1.);
#10816 = LINE('',#10817,#10818);
#10817 = CARTESIAN_POINT('',(12.762083017972,-9.512154150667,0.));
#10818 = VECTOR('',#10819,1.);
#10819 = DIRECTION('',(-0.,-1.,-0.));
#10820 = PCURVE('',#10718,#10821);
#10821 = DEFINITIONAL_REPRESENTATION('',(#10822),#10826);
#10822 = LINE('',#10823,#10824);
#10823 = CARTESIAN_POINT('',(0.,0.));
#10824 = VECTOR('',#10825,1.);
#10825 = DIRECTION('',(1.,0.));
#10826 = ( GEOMETRIC_REPRESENTATION_CONTEXT(2) 
PARAMETRIC_REPRESENTATION_CONTEXT() REPRESENTATION_CONTEXT('2D SPACE',''
  ) );
#10827 = PCURVE('',#9855,#10828);
#10828 = DEFINITIONAL_REPRESENTATION('',(#10829),#10833);
#10829 = LINE('',#10830,#10831);
#10830 = CARTESIAN_POINT('',(-0.406706466049,-0.57697346442));
#10831 = VECTOR('',#10832,1.);
#10832 = DIRECTION('',(-0.,1.));
#10833 = ( GEOMETRIC_REPRESENTATION_CONTEXT(2) 
PARAMETRIC_REPRESENTATION_CONTEXT() REPRESENTATION_CONTEXT('2D SPACE',''
  ) );
#10834 = ADVANCED_FACE('',(#10835),#10802,.T.);
#10835 = FACE_BOUND('',#10836,.T.);
#10836 = EDGE_LOOP('',(#10837,#10838,#10861,#10889));
#10837 = ORIENTED_EDGE('',*,*,#10786,.T.);
#10838 = ORIENTED_EDGE('',*,*,#10839,.T.);
#10839 = EDGE_CURVE('',#10764,#10840,#10842,.T.);
#10840 = VERTEX_POINT('',#10841);
#10841 = CARTESIAN_POINT('',(12.214966179841,-12.95803037679,0.6));
#10842 = SURFACE_CURVE('',#10843,(#10847,#10854),.PCURVE_S1.);
#10843 = LINE('',#10844,#10845);
#10844 = CARTESIAN_POINT('',(12.762083017972,-12.95803037679,0.6));
#10845 = VECTOR('',#10846,1.);
#10846 = DIRECTION('',(-1.,-0.,0.));
#10847 = PCURVE('',#10802,#10848);
#10848 = DEFINITIONAL_REPRESENTATION('',(#10849),#10853);
#10849 = LINE('',#10850,#10851);
#10850 = CARTESIAN_POINT('',(0.,-0.6));
#10851 = VECTOR('',#10852,1.);
#10852 = DIRECTION('',(1.,0.));
#10853 = ( GEOMETRIC_REPRESENTATION_CONTEXT(2) 
PARAMETRIC_REPRESENTATION_CONTEXT() REPRESENTATION_CONTEXT('2D SPACE',''
  ) );
#10854 = PCURVE('',#9801,#10855);
#10855 = DEFINITIONAL_REPRESENTATION('',(#10856),#10860);
#10856 = LINE('',#10857,#10858);
#10857 = CARTESIAN_POINT('',(-0.406706466049,2.868902761704));
#10858 = VECTOR('',#10859,1.);
#10859 = DIRECTION('',(1.,-0.));
#10860 = ( GEOMETRIC_REPRESENTATION_CONTEXT(2) 
PARAMETRIC_REPRESENTATION_CONTEXT() REPRESENTATION_CONTEXT('2D SPACE',''
  ) );
#10861 = ORIENTED_EDGE('',*,*,#10862,.F.);
#10862 = EDGE_CURVE('',#10863,#10840,#10865,.T.);
#10863 = VERTEX_POINT('',#10864);
#10864 = CARTESIAN_POINT('',(12.214966179841,-12.95803037679,0.));
#10865 = SURFACE_CURVE('',#10866,(#10870,#10877),.PCURVE_S1.);
#10866 = LINE('',#10867,#10868);
#10867 = CARTESIAN_POINT('',(12.214966179841,-12.95803037679,0.));
#10868 = VECTOR('',#10869,1.);
#10869 = DIRECTION('',(0.,-0.,1.));
#10870 = PCURVE('',#10802,#10871);
#10871 = DEFINITIONAL_REPRESENTATION('',(#10872),#10876);
#10872 = LINE('',#10873,#10874);
#10873 = CARTESIAN_POINT('',(0.547116838131,0.));
#10874 = VECTOR('',#10875,1.);
#10875 = DIRECTION('',(0.,-1.));
#10876 = ( GEOMETRIC_REPRESENTATION_CONTEXT(2) 
PARAMETRIC_REPRESENTATION_CONTEXT() REPRESENTATION_CONTEXT('2D SPACE',''
  ) );
#10877 = PCURVE('',#10878,#10883);
#10878 = PLANE('',#10879);
#10879 = AXIS2_PLACEMENT_3D('',#10880,#10881,#10882);
#10880 = CARTESIAN_POINT('',(12.214966179841,-12.95803037679,0.));
#10881 = DIRECTION('',(-1.,0.,0.));
#10882 = DIRECTION('',(0.,1.,-0.));
#10883 = DEFINITIONAL_REPRESENTATION('',(#10884),#10888);
#10884 = LINE('',#10885,#10886);
#10885 = CARTESIAN_POINT('',(0.,0.));
#10886 = VECTOR('',#10887,1.);
#10887 = DIRECTION('',(0.,-1.));
#10888 = ( GEOMETRIC_REPRESENTATION_CONTEXT(2) 
PARAMETRIC_REPRESENTATION_CONTEXT() REPRESENTATION_CONTEXT('2D SPACE',''
  ) );
#10889 = ORIENTED_EDGE('',*,*,#10890,.F.);
#10890 = EDGE_CURVE('',#10787,#10863,#10891,.T.);
#10891 = SURFACE_CURVE('',#10892,(#10896,#10903),.PCURVE_S1.);
#10892 = LINE('',#10893,#10894);
#10893 = CARTESIAN_POINT('',(12.762083017972,-12.95803037679,0.));
#10894 = VECTOR('',#10895,1.);
#10895 = DIRECTION('',(-1.,-0.,0.));
#10896 = PCURVE('',#10802,#10897);
#10897 = DEFINITIONAL_REPRESENTATION('',(#10898),#10902);
#10898 = LINE('',#10899,#10900);
#10899 = CARTESIAN_POINT('',(0.,0.));
#10900 = VECTOR('',#10901,1.);
#10901 = DIRECTION('',(1.,0.));
#10902 = ( GEOMETRIC_REPRESENTATION_CONTEXT(2) 
PARAMETRIC_REPRESENTATION_CONTEXT() REPRESENTATION_CONTEXT('2D SPACE',''
  ) );
#10903 = PCURVE('',#9855,#10904);
#10904 = DEFINITIONAL_REPRESENTATION('',(#10905),#10909);
#10905 = LINE('',#10906,#10907);
#10906 = CARTESIAN_POINT('',(-0.406706466049,2.868902761704));
#10907 = VECTOR('',#10908,1.);
#10908 = DIRECTION('',(1.,-0.));
#10909 = ( GEOMETRIC_REPRESENTATION_CONTEXT(2) 
PARAMETRIC_REPRESENTATION_CONTEXT() REPRESENTATION_CONTEXT('2D SPACE',''
  ) );
#10910 = ADVANCED_FACE('',(#10911),#10878,.T.);
#10911 = FACE_BOUND('',#10912,.T.);
#10912 = EDGE_LOOP('',(#10913,#10914,#10937,#10971));
#10913 = ORIENTED_EDGE('',*,*,#10862,.T.);
#10914 = ORIENTED_EDGE('',*,*,#10915,.T.);
#10915 = EDGE_CURVE('',#10840,#10916,#10918,.T.);
#10916 = VERTEX_POINT('',#10917);
#10917 = CARTESIAN_POINT('',(12.214966179841,-9.89609579146,0.6));
#10918 = SURFACE_CURVE('',#10919,(#10923,#10930),.PCURVE_S1.);
#10919 = LINE('',#10920,#10921);
#10920 = CARTESIAN_POINT('',(12.214966179841,-12.95803037679,0.6));
#10921 = VECTOR('',#10922,1.);
#10922 = DIRECTION('',(-0.,1.,-0.));
#10923 = PCURVE('',#10878,#10924);
#10924 = DEFINITIONAL_REPRESENTATION('',(#10925),#10929);
#10925 = LINE('',#10926,#10927);
#10926 = CARTESIAN_POINT('',(0.,-0.6));
#10927 = VECTOR('',#10928,1.);
#10928 = DIRECTION('',(1.,0.));
#10929 = ( GEOMETRIC_REPRESENTATION_CONTEXT(2) 
PARAMETRIC_REPRESENTATION_CONTEXT() REPRESENTATION_CONTEXT('2D SPACE',''
  ) );
#10930 = PCURVE('',#9801,#10931);
#10931 = DEFINITIONAL_REPRESENTATION('',(#10932),#10936);
#10932 = LINE('',#10933,#10934);
#10933 = CARTESIAN_POINT('',(0.140410372082,2.868902761704));
#10934 = VECTOR('',#10935,1.);
#10935 = DIRECTION('',(-0.,-1.));
#10936 = ( GEOMETRIC_REPRESENTATION_CONTEXT(2) 
PARAMETRIC_REPRESENTATION_CONTEXT() REPRESENTATION_CONTEXT('2D SPACE',''
  ) );
#10937 = ORIENTED_EDGE('',*,*,#10938,.F.);
#10938 = EDGE_CURVE('',#10939,#10916,#10941,.T.);
#10939 = VERTEX_POINT('',#10940);
#10940 = CARTESIAN_POINT('',(12.214966179841,-9.89609579146,0.));
#10941 = SURFACE_CURVE('',#10942,(#10946,#10953),.PCURVE_S1.);
#10942 = LINE('',#10943,#10944);
#10943 = CARTESIAN_POINT('',(12.214966179841,-9.89609579146,0.));
#10944 = VECTOR('',#10945,1.);
#10945 = DIRECTION('',(0.,-0.,1.));
#10946 = PCURVE('',#10878,#10947);
#10947 = DEFINITIONAL_REPRESENTATION('',(#10948),#10952);
#10948 = LINE('',#10949,#10950);
#10949 = CARTESIAN_POINT('',(3.061934585331,0.));
#10950 = VECTOR('',#10951,1.);
#10951 = DIRECTION('',(0.,-1.));
#10952 = ( GEOMETRIC_REPRESENTATION_CONTEXT(2) 
PARAMETRIC_REPRESENTATION_CONTEXT() REPRESENTATION_CONTEXT('2D SPACE',''
  ) );
#10953 = PCURVE('',#10954,#10965);
#10954 = SURFACE_OF_LINEAR_EXTRUSION('',#10955,#10963);
#10955 = B_SPLINE_CURVE_WITH_KNOTS('',2,(#10956,#10957,#10958,#10959,
    #10960,#10961,#10962),.UNSPECIFIED.,.F.,.F.,(3,1,1,1,1,3),(0.,1.,2.,
    2.546875,3.09375,3.640625),.UNSPECIFIED.);
#10956 = CARTESIAN_POINT('',(12.214966179841,-9.89609579146,0.));
#10957 = CARTESIAN_POINT('',(12.214966179841,-9.147409591913,0.));
#10958 = CARTESIAN_POINT('',(11.60065955457,-8.417920474404,0.));
#10959 = CARTESIAN_POINT('',(10.650403993606,-8.417920474404,0.));
#10960 = CARTESIAN_POINT('',(10.055294450375,-8.6578839999,0.));
#10961 = CARTESIAN_POINT('',(9.690549891621,-9.137811050893,0.));
#10962 = CARTESIAN_POINT('',(9.690549891621,-9.502555609647,0.));
#10963 = VECTOR('',#10964,1.);
#10964 = DIRECTION('',(-0.,0.,-1.));
#10965 = DEFINITIONAL_REPRESENTATION('',(#10966),#10970);
#10966 = LINE('',#10967,#10968);
#10967 = CARTESIAN_POINT('',(0.,0.));
#10968 = VECTOR('',#10969,1.);
#10969 = DIRECTION('',(0.,-1.));
#10970 = ( GEOMETRIC_REPRESENTATION_CONTEXT(2) 
PARAMETRIC_REPRESENTATION_CONTEXT() REPRESENTATION_CONTEXT('2D SPACE',''
  ) );
#10971 = ORIENTED_EDGE('',*,*,#10972,.F.);
#10972 = EDGE_CURVE('',#10863,#10939,#10973,.T.);
#10973 = SURFACE_CURVE('',#10974,(#10978,#10985),.PCURVE_S1.);
#10974 = LINE('',#10975,#10976);
#10975 = CARTESIAN_POINT('',(12.214966179841,-12.95803037679,0.));
#10976 = VECTOR('',#10977,1.);
#10977 = DIRECTION('',(-0.,1.,-0.));
#10978 = PCURVE('',#10878,#10979);
#10979 = DEFINITIONAL_REPRESENTATION('',(#10980),#10984);
#10980 = LINE('',#10981,#10982);
#10981 = CARTESIAN_POINT('',(0.,0.));
#10982 = VECTOR('',#10983,1.);
#10983 = DIRECTION('',(1.,0.));
#10984 = ( GEOMETRIC_REPRESENTATION_CONTEXT(2) 
PARAMETRIC_REPRESENTATION_CONTEXT() REPRESENTATION_CONTEXT('2D SPACE',''
  ) );
#10985 = PCURVE('',#9855,#10986);
#10986 = DEFINITIONAL_REPRESENTATION('',(#10987),#10991);
#10987 = LINE('',#10988,#10989);
#10988 = CARTESIAN_POINT('',(0.140410372082,2.868902761704));
#10989 = VECTOR('',#10990,1.);
#10990 = DIRECTION('',(-0.,-1.));
#10991 = ( GEOMETRIC_REPRESENTATION_CONTEXT(2) 
PARAMETRIC_REPRESENTATION_CONTEXT() REPRESENTATION_CONTEXT('2D SPACE',''
  ) );
#10992 = ADVANCED_FACE('',(#10993),#10954,.T.);
#10993 = FACE_BOUND('',#10994,.T.);
#10994 = EDGE_LOOP('',(#10995,#10996,#11027,#11050));
#10995 = ORIENTED_EDGE('',*,*,#10938,.T.);
#10996 = ORIENTED_EDGE('',*,*,#10997,.T.);
#10997 = EDGE_CURVE('',#10916,#10998,#11000,.T.);
#10998 = VERTEX_POINT('',#10999);
#10999 = CARTESIAN_POINT('',(9.690549891621,-9.502555609647,0.6));
#11000 = SURFACE_CURVE('',#11001,(#11009,#11016),.PCURVE_S1.);
#11001 = B_SPLINE_CURVE_WITH_KNOTS('',2,(#11002,#11003,#11004,#11005,
    #11006,#11007,#11008),.UNSPECIFIED.,.F.,.F.,(3,1,1,1,1,3),(0.,1.,2.,
    2.546875,3.09375,3.640625),.UNSPECIFIED.);
#11002 = CARTESIAN_POINT('',(12.214966179841,-9.89609579146,0.6));
#11003 = CARTESIAN_POINT('',(12.214966179841,-9.147409591913,0.6));
#11004 = CARTESIAN_POINT('',(11.60065955457,-8.417920474404,0.6));
#11005 = CARTESIAN_POINT('',(10.650403993606,-8.417920474404,0.6));
#11006 = CARTESIAN_POINT('',(10.055294450375,-8.6578839999,0.6));
#11007 = CARTESIAN_POINT('',(9.690549891621,-9.137811050893,0.6));
#11008 = CARTESIAN_POINT('',(9.690549891621,-9.502555609647,0.6));
#11009 = PCURVE('',#10954,#11010);
#11010 = DEFINITIONAL_REPRESENTATION('',(#11011),#11015);
#11011 = LINE('',#11012,#11013);
#11012 = CARTESIAN_POINT('',(0.,-0.6));
#11013 = VECTOR('',#11014,1.);
#11014 = DIRECTION('',(1.,0.));
#11015 = ( GEOMETRIC_REPRESENTATION_CONTEXT(2) 
PARAMETRIC_REPRESENTATION_CONTEXT() REPRESENTATION_CONTEXT('2D SPACE',''
  ) );
#11016 = PCURVE('',#9801,#11017);
#11017 = DEFINITIONAL_REPRESENTATION('',(#11018),#11026);
#11018 = B_SPLINE_CURVE_WITH_KNOTS('',2,(#11019,#11020,#11021,#11022,
    #11023,#11024,#11025),.UNSPECIFIED.,.F.,.F.,(3,1,1,1,1,3),(0.,1.,2.,
    2.546875,3.09375,3.640625),.UNSPECIFIED.);
#11019 = CARTESIAN_POINT('',(0.140410372082,-0.193031823626));
#11020 = CARTESIAN_POINT('',(0.140410372082,-0.941718023174));
#11021 = CARTESIAN_POINT('',(0.754716997352,-1.671207140682));
#11022 = CARTESIAN_POINT('',(1.704972558317,-1.671207140682));
#11023 = CARTESIAN_POINT('',(2.300082101547,-1.431243615186));
#11024 = CARTESIAN_POINT('',(2.664826660301,-0.951316564194));
#11025 = CARTESIAN_POINT('',(2.664826660301,-0.58657200544));
#11026 = ( GEOMETRIC_REPRESENTATION_CONTEXT(2) 
PARAMETRIC_REPRESENTATION_CONTEXT() REPRESENTATION_CONTEXT('2D SPACE',''
  ) );
#11027 = ORIENTED_EDGE('',*,*,#11028,.F.);
#11028 = EDGE_CURVE('',#11029,#10998,#11031,.T.);
#11029 = VERTEX_POINT('',#11030);
#11030 = CARTESIAN_POINT('',(9.690549891621,-9.502555609647,0.));
#11031 = SURFACE_CURVE('',#11032,(#11036,#11043),.PCURVE_S1.);
#11032 = LINE('',#11033,#11034);
#11033 = CARTESIAN_POINT('',(9.690549891621,-9.502555609647,0.));
#11034 = VECTOR('',#11035,1.);
#11035 = DIRECTION('',(0.,-0.,1.));
#11036 = PCURVE('',#10954,#11037);
#11037 = DEFINITIONAL_REPRESENTATION('',(#11038),#11042);
#11038 = LINE('',#11039,#11040);
#11039 = CARTESIAN_POINT('',(3.640625,0.));
#11040 = VECTOR('',#11041,1.);
#11041 = DIRECTION('',(0.,-1.));
#11042 = ( GEOMETRIC_REPRESENTATION_CONTEXT(2) 
PARAMETRIC_REPRESENTATION_CONTEXT() REPRESENTATION_CONTEXT('2D SPACE',''
  ) );
#11043 = PCURVE('',#9773,#11044);
#11044 = DEFINITIONAL_REPRESENTATION('',(#11045),#11049);
#11045 = LINE('',#11046,#11047);
#11046 = CARTESIAN_POINT('',(0.,0.));
#11047 = VECTOR('',#11048,1.);
#11048 = DIRECTION('',(0.,-1.));
#11049 = ( GEOMETRIC_REPRESENTATION_CONTEXT(2) 
PARAMETRIC_REPRESENTATION_CONTEXT() REPRESENTATION_CONTEXT('2D SPACE',''
  ) );
#11050 = ORIENTED_EDGE('',*,*,#11051,.F.);
#11051 = EDGE_CURVE('',#10939,#11029,#11052,.T.);
#11052 = SURFACE_CURVE('',#11053,(#11061,#11068),.PCURVE_S1.);
#11053 = B_SPLINE_CURVE_WITH_KNOTS('',2,(#11054,#11055,#11056,#11057,
    #11058,#11059,#11060),.UNSPECIFIED.,.F.,.F.,(3,1,1,1,1,3),(0.,1.,2.,
    2.546875,3.09375,3.640625),.UNSPECIFIED.);
#11054 = CARTESIAN_POINT('',(12.214966179841,-9.89609579146,0.));
#11055 = CARTESIAN_POINT('',(12.214966179841,-9.147409591913,0.));
#11056 = CARTESIAN_POINT('',(11.60065955457,-8.417920474404,0.));
#11057 = CARTESIAN_POINT('',(10.650403993606,-8.417920474404,0.));
#11058 = CARTESIAN_POINT('',(10.055294450375,-8.6578839999,0.));
#11059 = CARTESIAN_POINT('',(9.690549891621,-9.137811050893,0.));
#11060 = CARTESIAN_POINT('',(9.690549891621,-9.502555609647,0.));
#11061 = PCURVE('',#10954,#11062);
#11062 = DEFINITIONAL_REPRESENTATION('',(#11063),#11067);
#11063 = LINE('',#11064,#11065);
#11064 = CARTESIAN_POINT('',(0.,0.));
#11065 = VECTOR('',#11066,1.);
#11066 = DIRECTION('',(1.,0.));
#11067 = ( GEOMETRIC_REPRESENTATION_CONTEXT(2) 
PARAMETRIC_REPRESENTATION_CONTEXT() REPRESENTATION_CONTEXT('2D SPACE',''
  ) );
#11068 = PCURVE('',#9855,#11069);
#11069 = DEFINITIONAL_REPRESENTATION('',(#11070),#11078);
#11070 = B_SPLINE_CURVE_WITH_KNOTS('',2,(#11071,#11072,#11073,#11074,
    #11075,#11076,#11077),.UNSPECIFIED.,.F.,.F.,(3,1,1,1,1,3),(0.,1.,2.,
    2.546875,3.09375,3.640625),.UNSPECIFIED.);
#11071 = CARTESIAN_POINT('',(0.140410372082,-0.193031823626));
#11072 = CARTESIAN_POINT('',(0.140410372082,-0.941718023174));
#11073 = CARTESIAN_POINT('',(0.754716997352,-1.671207140682));
#11074 = CARTESIAN_POINT('',(1.704972558317,-1.671207140682));
#11075 = CARTESIAN_POINT('',(2.300082101547,-1.431243615186));
#11076 = CARTESIAN_POINT('',(2.664826660301,-0.951316564194));
#11077 = CARTESIAN_POINT('',(2.664826660301,-0.58657200544));
#11078 = ( GEOMETRIC_REPRESENTATION_CONTEXT(2) 
PARAMETRIC_REPRESENTATION_CONTEXT() REPRESENTATION_CONTEXT('2D SPACE',''
  ) );
#11079 = ADVANCED_FACE('',(#11080),#9773,.T.);
#11080 = FACE_BOUND('',#11081,.T.);
#11081 = EDGE_LOOP('',(#11082,#11083,#11104,#11105));
#11082 = ORIENTED_EDGE('',*,*,#11028,.T.);
#11083 = ORIENTED_EDGE('',*,*,#11084,.T.);
#11084 = EDGE_CURVE('',#10998,#9753,#11085,.T.);
#11085 = SURFACE_CURVE('',#11086,(#11090,#11097),.PCURVE_S1.);
#11086 = LINE('',#11087,#11088);
#11087 = CARTESIAN_POINT('',(9.690549891621,-9.502555609647,0.6));
#11088 = VECTOR('',#11089,1.);
#11089 = DIRECTION('',(-0.,-1.,-0.));
#11090 = PCURVE('',#9773,#11091);
#11091 = DEFINITIONAL_REPRESENTATION('',(#11092),#11096);
#11092 = LINE('',#11093,#11094);
#11093 = CARTESIAN_POINT('',(0.,-0.6));
#11094 = VECTOR('',#11095,1.);
#11095 = DIRECTION('',(1.,0.));
#11096 = ( GEOMETRIC_REPRESENTATION_CONTEXT(2) 
PARAMETRIC_REPRESENTATION_CONTEXT() REPRESENTATION_CONTEXT('2D SPACE',''
  ) );
#11097 = PCURVE('',#9801,#11098);
#11098 = DEFINITIONAL_REPRESENTATION('',(#11099),#11103);
#11099 = LINE('',#11100,#11101);
#11100 = CARTESIAN_POINT('',(2.664826660301,-0.58657200544));
#11101 = VECTOR('',#11102,1.);
#11102 = DIRECTION('',(-0.,1.));
#11103 = ( GEOMETRIC_REPRESENTATION_CONTEXT(2) 
PARAMETRIC_REPRESENTATION_CONTEXT() REPRESENTATION_CONTEXT('2D SPACE',''
  ) );
#11104 = ORIENTED_EDGE('',*,*,#9750,.F.);
#11105 = ORIENTED_EDGE('',*,*,#11106,.F.);
#11106 = EDGE_CURVE('',#11029,#9751,#11107,.T.);
#11107 = SURFACE_CURVE('',#11108,(#11112,#11119),.PCURVE_S1.);
#11108 = LINE('',#11109,#11110);
#11109 = CARTESIAN_POINT('',(9.690549891621,-9.502555609647,0.));
#11110 = VECTOR('',#11111,1.);
#11111 = DIRECTION('',(-0.,-1.,-0.));
#11112 = PCURVE('',#9773,#11113);
#11113 = DEFINITIONAL_REPRESENTATION('',(#11114),#11118);
#11114 = LINE('',#11115,#11116);
#11115 = CARTESIAN_POINT('',(0.,0.));
#11116 = VECTOR('',#11117,1.);
#11117 = DIRECTION('',(1.,0.));
#11118 = ( GEOMETRIC_REPRESENTATION_CONTEXT(2) 
PARAMETRIC_REPRESENTATION_CONTEXT() REPRESENTATION_CONTEXT('2D SPACE',''
  ) );
#11119 = PCURVE('',#9855,#11120);
#11120 = DEFINITIONAL_REPRESENTATION('',(#11121),#11125);
#11121 = LINE('',#11122,#11123);
#11122 = CARTESIAN_POINT('',(2.664826660301,-0.58657200544));
#11123 = VECTOR('',#11124,1.);
#11124 = DIRECTION('',(-0.,1.));
#11125 = ( GEOMETRIC_REPRESENTATION_CONTEXT(2) 
PARAMETRIC_REPRESENTATION_CONTEXT() REPRESENTATION_CONTEXT('2D SPACE',''
  ) );
#11126 = ADVANCED_FACE('',(#11127),#9855,.F.);
#11127 = FACE_BOUND('',#11128,.T.);
#11128 = EDGE_LOOP('',(#11129,#11130,#11131,#11132,#11133,#11134,#11135,
    #11136,#11137,#11138,#11139,#11140,#11141,#11142,#11143,#11144,
    #11145));
#11129 = ORIENTED_EDGE('',*,*,#9841,.T.);
#11130 = ORIENTED_EDGE('',*,*,#9922,.T.);
#11131 = ORIENTED_EDGE('',*,*,#9998,.T.);
#11132 = ORIENTED_EDGE('',*,*,#10074,.T.);
#11133 = ORIENTED_EDGE('',*,*,#10155,.T.);
#11134 = ORIENTED_EDGE('',*,*,#10237,.T.);
#11135 = ORIENTED_EDGE('',*,*,#10324,.T.);
#11136 = ORIENTED_EDGE('',*,*,#10406,.T.);
#11137 = ORIENTED_EDGE('',*,*,#10488,.T.);
#11138 = ORIENTED_EDGE('',*,*,#10564,.T.);
#11139 = ORIENTED_EDGE('',*,*,#10646,.T.);
#11140 = ORIENTED_EDGE('',*,*,#10730,.T.);
#11141 = ORIENTED_EDGE('',*,*,#10814,.T.);
#11142 = ORIENTED_EDGE('',*,*,#10890,.T.);
#11143 = ORIENTED_EDGE('',*,*,#10972,.T.);
#11144 = ORIENTED_EDGE('',*,*,#11051,.T.);
#11145 = ORIENTED_EDGE('',*,*,#11106,.T.);
#11146 = ADVANCED_FACE('',(#11147),#9801,.T.);
#11147 = FACE_BOUND('',#11148,.F.);
#11148 = EDGE_LOOP('',(#11149,#11150,#11151,#11152,#11153,#11154,#11155,
    #11156,#11157,#11158,#11159,#11160,#11161,#11162,#11163,#11164,
    #11165));
#11149 = ORIENTED_EDGE('',*,*,#9785,.T.);
#11150 = ORIENTED_EDGE('',*,*,#9871,.T.);
#11151 = ORIENTED_EDGE('',*,*,#9947,.T.);
#11152 = ORIENTED_EDGE('',*,*,#10023,.T.);
#11153 = ORIENTED_EDGE('',*,*,#10099,.T.);
#11154 = ORIENTED_EDGE('',*,*,#10180,.T.);
#11155 = ORIENTED_EDGE('',*,*,#10268,.T.);
#11156 = ORIENTED_EDGE('',*,*,#10349,.T.);
#11157 = ORIENTED_EDGE('',*,*,#10437,.T.);
#11158 = ORIENTED_EDGE('',*,*,#10513,.T.);
#11159 = ORIENTED_EDGE('',*,*,#10589,.T.);
#11160 = ORIENTED_EDGE('',*,*,#10671,.T.);
#11161 = ORIENTED_EDGE('',*,*,#10763,.T.);
#11162 = ORIENTED_EDGE('',*,*,#10839,.T.);
#11163 = ORIENTED_EDGE('',*,*,#10915,.T.);
#11164 = ORIENTED_EDGE('',*,*,#10997,.T.);
#11165 = ORIENTED_EDGE('',*,*,#11084,.T.);
#11166 = MANIFOLD_SOLID_BREP('',#11167);
#11167 = CLOSED_SHELL('',(#11168,#11288,#11364,#11440,#11527,#11639,
    #11715,#11786,#11833,#11955,#12047,#12118,#12181,#12198));
#11168 = ADVANCED_FACE('',(#11169),#11183,.T.);
#11169 = FACE_BOUND('',#11170,.T.);
#11170 = EDGE_LOOP('',(#11171,#11206,#11234,#11262));
#11171 = ORIENTED_EDGE('',*,*,#11172,.T.);
#11172 = EDGE_CURVE('',#11173,#11175,#11177,.T.);
#11173 = VERTEX_POINT('',#11174);
#11174 = CARTESIAN_POINT('',(17.697104322318,-14.87773858076,0.));
#11175 = VERTEX_POINT('',#11176);
#11176 = CARTESIAN_POINT('',(17.697104322318,-14.87773858076,0.6));
#11177 = SURFACE_CURVE('',#11178,(#11182,#11194),.PCURVE_S1.);
#11178 = LINE('',#11179,#11180);
#11179 = CARTESIAN_POINT('',(17.697104322318,-14.87773858076,0.));
#11180 = VECTOR('',#11181,1.);
#11181 = DIRECTION('',(0.,-0.,1.));
#11182 = PCURVE('',#11183,#11188);
#11183 = PLANE('',#11184);
#11184 = AXIS2_PLACEMENT_3D('',#11185,#11186,#11187);
#11185 = CARTESIAN_POINT('',(17.697104322318,-14.87773858076,0.));
#11186 = DIRECTION('',(-1.,0.,0.));
#11187 = DIRECTION('',(0.,1.,-0.));
#11188 = DEFINITIONAL_REPRESENTATION('',(#11189),#11193);
#11189 = LINE('',#11190,#11191);
#11190 = CARTESIAN_POINT('',(0.,0.));
#11191 = VECTOR('',#11192,1.);
#11192 = DIRECTION('',(0.,-1.));
#11193 = ( GEOMETRIC_REPRESENTATION_CONTEXT(2) 
PARAMETRIC_REPRESENTATION_CONTEXT() REPRESENTATION_CONTEXT('2D SPACE',''
  ) );
#11194 = PCURVE('',#11195,#11200);
#11195 = PLANE('',#11196);
#11196 = AXIS2_PLACEMENT_3D('',#11197,#11198,#11199);
#11197 = CARTESIAN_POINT('',(18.244221160449,-14.87773858076,0.));
#11198 = DIRECTION('',(0.,-1.,-0.));
#11199 = DIRECTION('',(-1.,-0.,0.));
#11200 = DEFINITIONAL_REPRESENTATION('',(#11201),#11205);
#11201 = LINE('',#11202,#11203);
#11202 = CARTESIAN_POINT('',(0.547116838131,0.));
#11203 = VECTOR('',#11204,1.);
#11204 = DIRECTION('',(0.,-1.));
#11205 = ( GEOMETRIC_REPRESENTATION_CONTEXT(2) 
PARAMETRIC_REPRESENTATION_CONTEXT() REPRESENTATION_CONTEXT('2D SPACE',''
  ) );
#11206 = ORIENTED_EDGE('',*,*,#11207,.T.);
#11207 = EDGE_CURVE('',#11175,#11208,#11210,.T.);
#11208 = VERTEX_POINT('',#11209);
#11209 = CARTESIAN_POINT('',(17.697104322318,-8.04357737463,0.6));
#11210 = SURFACE_CURVE('',#11211,(#11215,#11222),.PCURVE_S1.);
#11211 = LINE('',#11212,#11213);
#11212 = CARTESIAN_POINT('',(17.697104322318,-14.87773858076,0.6));
#11213 = VECTOR('',#11214,1.);
#11214 = DIRECTION('',(-0.,1.,-0.));
#11215 = PCURVE('',#11183,#11216);
#11216 = DEFINITIONAL_REPRESENTATION('',(#11217),#11221);
#11217 = LINE('',#11218,#11219);
#11218 = CARTESIAN_POINT('',(0.,-0.6));
#11219 = VECTOR('',#11220,1.);
#11220 = DIRECTION('',(1.,0.));
#11221 = ( GEOMETRIC_REPRESENTATION_CONTEXT(2) 
PARAMETRIC_REPRESENTATION_CONTEXT() REPRESENTATION_CONTEXT('2D SPACE',''
  ) );
#11222 = PCURVE('',#11223,#11228);
#11223 = PLANE('',#11224);
#11224 = AXIS2_PLACEMENT_3D('',#11225,#11226,#11227);
#11225 = CARTESIAN_POINT('',(19.124711534203,-11.12781074143,0.6));
#11226 = DIRECTION('',(-0.,-0.,1.));
#11227 = DIRECTION('',(-1.,0.,0.));
#11228 = DEFINITIONAL_REPRESENTATION('',(#11229),#11233);
#11229 = LINE('',#11230,#11231);
#11230 = CARTESIAN_POINT('',(1.427607211885,3.749927839327));
#11231 = VECTOR('',#11232,1.);
#11232 = DIRECTION('',(-0.,-1.));
#11233 = ( GEOMETRIC_REPRESENTATION_CONTEXT(2) 
PARAMETRIC_REPRESENTATION_CONTEXT() REPRESENTATION_CONTEXT('2D SPACE',''
  ) );
#11234 = ORIENTED_EDGE('',*,*,#11235,.F.);
#11235 = EDGE_CURVE('',#11236,#11208,#11238,.T.);
#11236 = VERTEX_POINT('',#11237);
#11237 = CARTESIAN_POINT('',(17.697104322318,-8.04357737463,0.));
#11238 = SURFACE_CURVE('',#11239,(#11243,#11250),.PCURVE_S1.);
#11239 = LINE('',#11240,#11241);
#11240 = CARTESIAN_POINT('',(17.697104322318,-8.04357737463,0.));
#11241 = VECTOR('',#11242,1.);
#11242 = DIRECTION('',(0.,-0.,1.));
#11243 = PCURVE('',#11183,#11244);
#11244 = DEFINITIONAL_REPRESENTATION('',(#11245),#11249);
#11245 = LINE('',#11246,#11247);
#11246 = CARTESIAN_POINT('',(6.83416120613,0.));
#11247 = VECTOR('',#11248,1.);
#11248 = DIRECTION('',(0.,-1.));
#11249 = ( GEOMETRIC_REPRESENTATION_CONTEXT(2) 
PARAMETRIC_REPRESENTATION_CONTEXT() REPRESENTATION_CONTEXT('2D SPACE',''
  ) );
#11250 = PCURVE('',#11251,#11256);
#11251 = PLANE('',#11252);
#11252 = AXIS2_PLACEMENT_3D('',#11253,#11254,#11255);
#11253 = CARTESIAN_POINT('',(17.697104322318,-8.04357737463,0.));
#11254 = DIRECTION('',(0.,1.,0.));
#11255 = DIRECTION('',(1.,0.,-0.));
#11256 = DEFINITIONAL_REPRESENTATION('',(#11257),#11261);
#11257 = LINE('',#11258,#11259);
#11258 = CARTESIAN_POINT('',(0.,0.));
#11259 = VECTOR('',#11260,1.);
#11260 = DIRECTION('',(0.,-1.));
#11261 = ( GEOMETRIC_REPRESENTATION_CONTEXT(2) 
PARAMETRIC_REPRESENTATION_CONTEXT() REPRESENTATION_CONTEXT('2D SPACE',''
  ) );
#11262 = ORIENTED_EDGE('',*,*,#11263,.F.);
#11263 = EDGE_CURVE('',#11173,#11236,#11264,.T.);
#11264 = SURFACE_CURVE('',#11265,(#11269,#11276),.PCURVE_S1.);
#11265 = LINE('',#11266,#11267);
#11266 = CARTESIAN_POINT('',(17.697104322318,-14.87773858076,0.));
#11267 = VECTOR('',#11268,1.);
#11268 = DIRECTION('',(-0.,1.,-0.));
#11269 = PCURVE('',#11183,#11270);
#11270 = DEFINITIONAL_REPRESENTATION('',(#11271),#11275);
#11271 = LINE('',#11272,#11273);
#11272 = CARTESIAN_POINT('',(0.,0.));
#11273 = VECTOR('',#11274,1.);
#11274 = DIRECTION('',(1.,0.));
#11275 = ( GEOMETRIC_REPRESENTATION_CONTEXT(2) 
PARAMETRIC_REPRESENTATION_CONTEXT() REPRESENTATION_CONTEXT('2D SPACE',''
  ) );
#11276 = PCURVE('',#11277,#11282);
#11277 = PLANE('',#11278);
#11278 = AXIS2_PLACEMENT_3D('',#11279,#11280,#11281);
#11279 = CARTESIAN_POINT('',(19.124711534203,-11.12781074143,0.));
#11280 = DIRECTION('',(-0.,-0.,1.));
#11281 = DIRECTION('',(-1.,0.,0.));
#11282 = DEFINITIONAL_REPRESENTATION('',(#11283),#11287);
#11283 = LINE('',#11284,#11285);
#11284 = CARTESIAN_POINT('',(1.427607211885,3.749927839327));
#11285 = VECTOR('',#11286,1.);
#11286 = DIRECTION('',(-0.,-1.));
#11287 = ( GEOMETRIC_REPRESENTATION_CONTEXT(2) 
PARAMETRIC_REPRESENTATION_CONTEXT() REPRESENTATION_CONTEXT('2D SPACE',''
  ) );
#11288 = ADVANCED_FACE('',(#11289),#11251,.T.);
#11289 = FACE_BOUND('',#11290,.T.);
#11290 = EDGE_LOOP('',(#11291,#11292,#11315,#11343));
#11291 = ORIENTED_EDGE('',*,*,#11235,.T.);
#11292 = ORIENTED_EDGE('',*,*,#11293,.T.);
#11293 = EDGE_CURVE('',#11208,#11294,#11296,.T.);
#11294 = VERTEX_POINT('',#11295);
#11295 = CARTESIAN_POINT('',(18.244221160449,-8.04357737463,0.6));
#11296 = SURFACE_CURVE('',#11297,(#11301,#11308),.PCURVE_S1.);
#11297 = LINE('',#11298,#11299);
#11298 = CARTESIAN_POINT('',(17.697104322318,-8.04357737463,0.6));
#11299 = VECTOR('',#11300,1.);
#11300 = DIRECTION('',(1.,-0.,-0.));
#11301 = PCURVE('',#11251,#11302);
#11302 = DEFINITIONAL_REPRESENTATION('',(#11303),#11307);
#11303 = LINE('',#11304,#11305);
#11304 = CARTESIAN_POINT('',(0.,-0.6));
#11305 = VECTOR('',#11306,1.);
#11306 = DIRECTION('',(1.,0.));
#11307 = ( GEOMETRIC_REPRESENTATION_CONTEXT(2) 
PARAMETRIC_REPRESENTATION_CONTEXT() REPRESENTATION_CONTEXT('2D SPACE',''
  ) );
#11308 = PCURVE('',#11223,#11309);
#11309 = DEFINITIONAL_REPRESENTATION('',(#11310),#11314);
#11310 = LINE('',#11311,#11312);
#11311 = CARTESIAN_POINT('',(1.427607211885,-3.084233366803));
#11312 = VECTOR('',#11313,1.);
#11313 = DIRECTION('',(-1.,-0.));
#11314 = ( GEOMETRIC_REPRESENTATION_CONTEXT(2) 
PARAMETRIC_REPRESENTATION_CONTEXT() REPRESENTATION_CONTEXT('2D SPACE',''
  ) );
#11315 = ORIENTED_EDGE('',*,*,#11316,.F.);
#11316 = EDGE_CURVE('',#11317,#11294,#11319,.T.);
#11317 = VERTEX_POINT('',#11318);
#11318 = CARTESIAN_POINT('',(18.244221160449,-8.04357737463,0.));
#11319 = SURFACE_CURVE('',#11320,(#11324,#11331),.PCURVE_S1.);
#11320 = LINE('',#11321,#11322);
#11321 = CARTESIAN_POINT('',(18.244221160449,-8.04357737463,0.));
#11322 = VECTOR('',#11323,1.);
#11323 = DIRECTION('',(0.,-0.,1.));
#11324 = PCURVE('',#11251,#11325);
#11325 = DEFINITIONAL_REPRESENTATION('',(#11326),#11330);
#11326 = LINE('',#11327,#11328);
#11327 = CARTESIAN_POINT('',(0.547116838131,0.));
#11328 = VECTOR('',#11329,1.);
#11329 = DIRECTION('',(0.,-1.));
#11330 = ( GEOMETRIC_REPRESENTATION_CONTEXT(2) 
PARAMETRIC_REPRESENTATION_CONTEXT() REPRESENTATION_CONTEXT('2D SPACE',''
  ) );
#11331 = PCURVE('',#11332,#11337);
#11332 = PLANE('',#11333);
#11333 = AXIS2_PLACEMENT_3D('',#11334,#11335,#11336);
#11334 = CARTESIAN_POINT('',(18.244221160449,-8.04357737463,0.));
#11335 = DIRECTION('',(1.,0.,-0.));
#11336 = DIRECTION('',(0.,-1.,-0.));
#11337 = DEFINITIONAL_REPRESENTATION('',(#11338),#11342);
#11338 = LINE('',#11339,#11340);
#11339 = CARTESIAN_POINT('',(0.,0.));
#11340 = VECTOR('',#11341,1.);
#11341 = DIRECTION('',(0.,-1.));
#11342 = ( GEOMETRIC_REPRESENTATION_CONTEXT(2) 
PARAMETRIC_REPRESENTATION_CONTEXT() REPRESENTATION_CONTEXT('2D SPACE',''
  ) );
#11343 = ORIENTED_EDGE('',*,*,#11344,.F.);
#11344 = EDGE_CURVE('',#11236,#11317,#11345,.T.);
#11345 = SURFACE_CURVE('',#11346,(#11350,#11357),.PCURVE_S1.);
#11346 = LINE('',#11347,#11348);
#11347 = CARTESIAN_POINT('',(17.697104322318,-8.04357737463,0.));
#11348 = VECTOR('',#11349,1.);
#11349 = DIRECTION('',(1.,-0.,-0.));
#11350 = PCURVE('',#11251,#11351);
#11351 = DEFINITIONAL_REPRESENTATION('',(#11352),#11356);
#11352 = LINE('',#11353,#11354);
#11353 = CARTESIAN_POINT('',(0.,0.));
#11354 = VECTOR('',#11355,1.);
#11355 = DIRECTION('',(1.,0.));
#11356 = ( GEOMETRIC_REPRESENTATION_CONTEXT(2) 
PARAMETRIC_REPRESENTATION_CONTEXT() REPRESENTATION_CONTEXT('2D SPACE',''
  ) );
#11357 = PCURVE('',#11277,#11358);
#11358 = DEFINITIONAL_REPRESENTATION('',(#11359),#11363);
#11359 = LINE('',#11360,#11361);
#11360 = CARTESIAN_POINT('',(1.427607211885,-3.084233366803));
#11361 = VECTOR('',#11362,1.);
#11362 = DIRECTION('',(-1.,-0.));
#11363 = ( GEOMETRIC_REPRESENTATION_CONTEXT(2) 
PARAMETRIC_REPRESENTATION_CONTEXT() REPRESENTATION_CONTEXT('2D SPACE',''
  ) );
#11364 = ADVANCED_FACE('',(#11365),#11332,.T.);
#11365 = FACE_BOUND('',#11366,.T.);
#11366 = EDGE_LOOP('',(#11367,#11368,#11391,#11419));
#11367 = ORIENTED_EDGE('',*,*,#11316,.T.);
#11368 = ORIENTED_EDGE('',*,*,#11369,.T.);
#11369 = EDGE_CURVE('',#11294,#11370,#11372,.T.);
#11370 = VERTEX_POINT('',#11371);
#11371 = CARTESIAN_POINT('',(18.244221160449,-8.830657738258,0.6));
#11372 = SURFACE_CURVE('',#11373,(#11377,#11384),.PCURVE_S1.);
#11373 = LINE('',#11374,#11375);
#11374 = CARTESIAN_POINT('',(18.244221160449,-8.04357737463,0.6));
#11375 = VECTOR('',#11376,1.);
#11376 = DIRECTION('',(-0.,-1.,-0.));
#11377 = PCURVE('',#11332,#11378);
#11378 = DEFINITIONAL_REPRESENTATION('',(#11379),#11383);
#11379 = LINE('',#11380,#11381);
#11380 = CARTESIAN_POINT('',(0.,-0.6));
#11381 = VECTOR('',#11382,1.);
#11382 = DIRECTION('',(1.,0.));
#11383 = ( GEOMETRIC_REPRESENTATION_CONTEXT(2) 
PARAMETRIC_REPRESENTATION_CONTEXT() REPRESENTATION_CONTEXT('2D SPACE',''
  ) );
#11384 = PCURVE('',#11223,#11385);
#11385 = DEFINITIONAL_REPRESENTATION('',(#11386),#11390);
#11386 = LINE('',#11387,#11388);
#11387 = CARTESIAN_POINT('',(0.880490373754,-3.084233366803));
#11388 = VECTOR('',#11389,1.);
#11389 = DIRECTION('',(-0.,1.));
#11390 = ( GEOMETRIC_REPRESENTATION_CONTEXT(2) 
PARAMETRIC_REPRESENTATION_CONTEXT() REPRESENTATION_CONTEXT('2D SPACE',''
  ) );
#11391 = ORIENTED_EDGE('',*,*,#11392,.F.);
#11392 = EDGE_CURVE('',#11393,#11370,#11395,.T.);
#11393 = VERTEX_POINT('',#11394);
#11394 = CARTESIAN_POINT('',(18.244221160449,-8.830657738258,0.));
#11395 = SURFACE_CURVE('',#11396,(#11400,#11407),.PCURVE_S1.);
#11396 = LINE('',#11397,#11398);
#11397 = CARTESIAN_POINT('',(18.244221160449,-8.830657738258,0.));
#11398 = VECTOR('',#11399,1.);
#11399 = DIRECTION('',(0.,-0.,1.));
#11400 = PCURVE('',#11332,#11401);
#11401 = DEFINITIONAL_REPRESENTATION('',(#11402),#11406);
#11402 = LINE('',#11403,#11404);
#11403 = CARTESIAN_POINT('',(0.787080363627,-0.));
#11404 = VECTOR('',#11405,1.);
#11405 = DIRECTION('',(0.,-1.));
#11406 = ( GEOMETRIC_REPRESENTATION_CONTEXT(2) 
PARAMETRIC_REPRESENTATION_CONTEXT() REPRESENTATION_CONTEXT('2D SPACE',''
  ) );
#11407 = PCURVE('',#11408,#11413);
#11408 = PLANE('',#11409);
#11409 = AXIS2_PLACEMENT_3D('',#11410,#11411,#11412);
#11410 = CARTESIAN_POINT('',(18.244221160449,-8.830657738258,0.));
#11411 = DIRECTION('',(0.,1.,0.));
#11412 = DIRECTION('',(1.,0.,-0.));
#11413 = DEFINITIONAL_REPRESENTATION('',(#11414),#11418);
#11414 = LINE('',#11415,#11416);
#11415 = CARTESIAN_POINT('',(0.,0.));
#11416 = VECTOR('',#11417,1.);
#11417 = DIRECTION('',(0.,-1.));
#11418 = ( GEOMETRIC_REPRESENTATION_CONTEXT(2) 
PARAMETRIC_REPRESENTATION_CONTEXT() REPRESENTATION_CONTEXT('2D SPACE',''
  ) );
#11419 = ORIENTED_EDGE('',*,*,#11420,.F.);
#11420 = EDGE_CURVE('',#11317,#11393,#11421,.T.);
#11421 = SURFACE_CURVE('',#11422,(#11426,#11433),.PCURVE_S1.);
#11422 = LINE('',#11423,#11424);
#11423 = CARTESIAN_POINT('',(18.244221160449,-8.04357737463,0.));
#11424 = VECTOR('',#11425,1.);
#11425 = DIRECTION('',(-0.,-1.,-0.));
#11426 = PCURVE('',#11332,#11427);
#11427 = DEFINITIONAL_REPRESENTATION('',(#11428),#11432);
#11428 = LINE('',#11429,#11430);
#11429 = CARTESIAN_POINT('',(0.,0.));
#11430 = VECTOR('',#11431,1.);
#11431 = DIRECTION('',(1.,0.));
#11432 = ( GEOMETRIC_REPRESENTATION_CONTEXT(2) 
PARAMETRIC_REPRESENTATION_CONTEXT() REPRESENTATION_CONTEXT('2D SPACE',''
  ) );
#11433 = PCURVE('',#11277,#11434);
#11434 = DEFINITIONAL_REPRESENTATION('',(#11435),#11439);
#11435 = LINE('',#11436,#11437);
#11436 = CARTESIAN_POINT('',(0.880490373754,-3.084233366803));
#11437 = VECTOR('',#11438,1.);
#11438 = DIRECTION('',(-0.,1.));
#11439 = ( GEOMETRIC_REPRESENTATION_CONTEXT(2) 
PARAMETRIC_REPRESENTATION_CONTEXT() REPRESENTATION_CONTEXT('2D SPACE',''
  ) );
#11440 = ADVANCED_FACE('',(#11441),#11408,.T.);
#11441 = FACE_BOUND('',#11442,.T.);
#11442 = EDGE_LOOP('',(#11443,#11444,#11467,#11506));
#11443 = ORIENTED_EDGE('',*,*,#11392,.T.);
#11444 = ORIENTED_EDGE('',*,*,#11445,.T.);
#11445 = EDGE_CURVE('',#11370,#11446,#11448,.T.);
#11446 = VERTEX_POINT('',#11447);
#11447 = CARTESIAN_POINT('',(18.273016783509,-8.830657738258,0.6));
#11448 = SURFACE_CURVE('',#11449,(#11453,#11460),.PCURVE_S1.);
#11449 = LINE('',#11450,#11451);
#11450 = CARTESIAN_POINT('',(18.244221160449,-8.830657738258,0.6));
#11451 = VECTOR('',#11452,1.);
#11452 = DIRECTION('',(1.,-0.,-0.));
#11453 = PCURVE('',#11408,#11454);
#11454 = DEFINITIONAL_REPRESENTATION('',(#11455),#11459);
#11455 = LINE('',#11456,#11457);
#11456 = CARTESIAN_POINT('',(0.,-0.6));
#11457 = VECTOR('',#11458,1.);
#11458 = DIRECTION('',(1.,0.));
#11459 = ( GEOMETRIC_REPRESENTATION_CONTEXT(2) 
PARAMETRIC_REPRESENTATION_CONTEXT() REPRESENTATION_CONTEXT('2D SPACE',''
  ) );
#11460 = PCURVE('',#11223,#11461);
#11461 = DEFINITIONAL_REPRESENTATION('',(#11462),#11466);
#11462 = LINE('',#11463,#11464);
#11463 = CARTESIAN_POINT('',(0.880490373754,-2.297153003175));
#11464 = VECTOR('',#11465,1.);
#11465 = DIRECTION('',(-1.,-0.));
#11466 = ( GEOMETRIC_REPRESENTATION_CONTEXT(2) 
PARAMETRIC_REPRESENTATION_CONTEXT() REPRESENTATION_CONTEXT('2D SPACE',''
  ) );
#11467 = ORIENTED_EDGE('',*,*,#11468,.F.);
#11468 = EDGE_CURVE('',#11469,#11446,#11471,.T.);
#11469 = VERTEX_POINT('',#11470);
#11470 = CARTESIAN_POINT('',(18.273016783509,-8.830657738258,0.));
#11471 = SURFACE_CURVE('',#11472,(#11476,#11483),.PCURVE_S1.);
#11472 = LINE('',#11473,#11474);
#11473 = CARTESIAN_POINT('',(18.273016783509,-8.830657738258,0.));
#11474 = VECTOR('',#11475,1.);
#11475 = DIRECTION('',(0.,-0.,1.));
#11476 = PCURVE('',#11408,#11477);
#11477 = DEFINITIONAL_REPRESENTATION('',(#11478),#11482);
#11478 = LINE('',#11479,#11480);
#11479 = CARTESIAN_POINT('',(2.879562305954E-02,0.));
#11480 = VECTOR('',#11481,1.);
#11481 = DIRECTION('',(0.,-1.));
#11482 = ( GEOMETRIC_REPRESENTATION_CONTEXT(2) 
PARAMETRIC_REPRESENTATION_CONTEXT() REPRESENTATION_CONTEXT('2D SPACE',''
  ) );
#11483 = PCURVE('',#11484,#11500);
#11484 = SURFACE_OF_LINEAR_EXTRUSION('',#11485,#11498);
#11485 = B_SPLINE_CURVE_WITH_KNOTS('',2,(#11486,#11487,#11488,#11489,
    #11490,#11491,#11492,#11493,#11494,#11495,#11496,#11497),
  .UNSPECIFIED.,.F.,.F.,(3,1,1,1,1,1,1,1,1,1,3),(0.,1.,2.,3.137931034483
    ,4.275862068966,5.413793103448,6.538336713996,7.662880324544,
    8.787423935091,9.775659229209,10.763894523327),.UNSPECIFIED.);
#11486 = CARTESIAN_POINT('',(18.273016783509,-8.830657738258,0.));
#11487 = CARTESIAN_POINT('',(18.455389062886,-8.417920474404,0.));
#11488 = CARTESIAN_POINT('',(19.213673803453,-7.928394882392,0.));
#11489 = CARTESIAN_POINT('',(20.403892889914,-7.928394882392,0.));
#11490 = CARTESIAN_POINT('',(21.30615574578,-8.533102966642,0.));
#11491 = CARTESIAN_POINT('',(21.795681337792,-9.684927889024,0.));
#11492 = CARTESIAN_POINT('',(21.795681337792,-11.30708132137,0.));
#11493 = CARTESIAN_POINT('',(21.30615574578,-12.46850478477,0.));
#11494 = CARTESIAN_POINT('',(20.403892889914,-13.07321286902,0.));
#11495 = CARTESIAN_POINT('',(19.213673803453,-13.07321286902,0.));
#11496 = CARTESIAN_POINT('',(18.474586144925,-12.57408873599,0.));
#11497 = CARTESIAN_POINT('',(18.273016783509,-12.17095001316,0.));
#11498 = VECTOR('',#11499,1.);
#11499 = DIRECTION('',(-0.,0.,-1.));
#11500 = DEFINITIONAL_REPRESENTATION('',(#11501),#11505);
#11501 = LINE('',#11502,#11503);
#11502 = CARTESIAN_POINT('',(0.,0.));
#11503 = VECTOR('',#11504,1.);
#11504 = DIRECTION('',(0.,-1.));
#11505 = ( GEOMETRIC_REPRESENTATION_CONTEXT(2) 
PARAMETRIC_REPRESENTATION_CONTEXT() REPRESENTATION_CONTEXT('2D SPACE',''
  ) );
#11506 = ORIENTED_EDGE('',*,*,#11507,.F.);
#11507 = EDGE_CURVE('',#11393,#11469,#11508,.T.);
#11508 = SURFACE_CURVE('',#11509,(#11513,#11520),.PCURVE_S1.);
#11509 = LINE('',#11510,#11511);
#11510 = CARTESIAN_POINT('',(18.244221160449,-8.830657738258,0.));
#11511 = VECTOR('',#11512,1.);
#11512 = DIRECTION('',(1.,-0.,-0.));
#11513 = PCURVE('',#11408,#11514);
#11514 = DEFINITIONAL_REPRESENTATION('',(#11515),#11519);
#11515 = LINE('',#11516,#11517);
#11516 = CARTESIAN_POINT('',(0.,0.));
#11517 = VECTOR('',#11518,1.);
#11518 = DIRECTION('',(1.,0.));
#11519 = ( GEOMETRIC_REPRESENTATION_CONTEXT(2) 
PARAMETRIC_REPRESENTATION_CONTEXT() REPRESENTATION_CONTEXT('2D SPACE',''
  ) );
#11520 = PCURVE('',#11277,#11521);
#11521 = DEFINITIONAL_REPRESENTATION('',(#11522),#11526);
#11522 = LINE('',#11523,#11524);
#11523 = CARTESIAN_POINT('',(0.880490373754,-2.297153003175));
#11524 = VECTOR('',#11525,1.);
#11525 = DIRECTION('',(-1.,-0.));
#11526 = ( GEOMETRIC_REPRESENTATION_CONTEXT(2) 
PARAMETRIC_REPRESENTATION_CONTEXT() REPRESENTATION_CONTEXT('2D SPACE',''
  ) );
#11527 = ADVANCED_FACE('',(#11528),#11484,.T.);
#11528 = FACE_BOUND('',#11529,.T.);
#11529 = EDGE_LOOP('',(#11530,#11531,#11572,#11600));
#11530 = ORIENTED_EDGE('',*,*,#11468,.T.);
#11531 = ORIENTED_EDGE('',*,*,#11532,.T.);
#11532 = EDGE_CURVE('',#11446,#11533,#11535,.T.);
#11533 = VERTEX_POINT('',#11534);
#11534 = CARTESIAN_POINT('',(18.273016783509,-12.17095001316,0.6));
#11535 = SURFACE_CURVE('',#11536,(#11549,#11556),.PCURVE_S1.);
#11536 = B_SPLINE_CURVE_WITH_KNOTS('',2,(#11537,#11538,#11539,#11540,
    #11541,#11542,#11543,#11544,#11545,#11546,#11547,#11548),
  .UNSPECIFIED.,.F.,.F.,(3,1,1,1,1,1,1,1,1,1,3),(0.,1.,2.,3.137931034483
    ,4.275862068966,5.413793103448,6.538336713996,7.662880324544,
    8.787423935091,9.775659229209,10.763894523327),.UNSPECIFIED.);
#11537 = CARTESIAN_POINT('',(18.273016783509,-8.830657738258,0.6));
#11538 = CARTESIAN_POINT('',(18.455389062886,-8.417920474404,0.6));
#11539 = CARTESIAN_POINT('',(19.213673803453,-7.928394882392,0.6));
#11540 = CARTESIAN_POINT('',(20.403892889914,-7.928394882392,0.6));
#11541 = CARTESIAN_POINT('',(21.30615574578,-8.533102966642,0.6));
#11542 = CARTESIAN_POINT('',(21.795681337792,-9.684927889024,0.6));
#11543 = CARTESIAN_POINT('',(21.795681337792,-11.30708132137,0.6));
#11544 = CARTESIAN_POINT('',(21.30615574578,-12.46850478477,0.6));
#11545 = CARTESIAN_POINT('',(20.403892889914,-13.07321286902,0.6));
#11546 = CARTESIAN_POINT('',(19.213673803453,-13.07321286902,0.6));
#11547 = CARTESIAN_POINT('',(18.474586144925,-12.57408873599,0.6));
#11548 = CARTESIAN_POINT('',(18.273016783509,-12.17095001316,0.6));
#11549 = PCURVE('',#11484,#11550);
#11550 = DEFINITIONAL_REPRESENTATION('',(#11551),#11555);
#11551 = LINE('',#11552,#11553);
#11552 = CARTESIAN_POINT('',(0.,-0.6));
#11553 = VECTOR('',#11554,1.);
#11554 = DIRECTION('',(1.,0.));
#11555 = ( GEOMETRIC_REPRESENTATION_CONTEXT(2) 
PARAMETRIC_REPRESENTATION_CONTEXT() REPRESENTATION_CONTEXT('2D SPACE',''
  ) );
#11556 = PCURVE('',#11223,#11557);
#11557 = DEFINITIONAL_REPRESENTATION('',(#11558),#11571);
#11558 = B_SPLINE_CURVE_WITH_KNOTS('',2,(#11559,#11560,#11561,#11562,
    #11563,#11564,#11565,#11566,#11567,#11568,#11569,#11570),
  .UNSPECIFIED.,.F.,.F.,(3,1,1,1,1,1,1,1,1,1,3),(0.,1.,2.,3.137931034483
    ,4.275862068966,5.413793103448,6.538336713996,7.662880324544,
    8.787423935091,9.775659229209,10.763894523327),.UNSPECIFIED.);
#11559 = CARTESIAN_POINT('',(0.851694750695,-2.297153003175));
#11560 = CARTESIAN_POINT('',(0.669322471317,-2.709890267029));
#11561 = CARTESIAN_POINT('',(-8.89622692503E-02,-3.199415859041));
#11562 = CARTESIAN_POINT('',(-1.279181355711,-3.199415859041));
#11563 = CARTESIAN_POINT('',(-2.181444211577,-2.59470777479));
#11564 = CARTESIAN_POINT('',(-2.670969803589,-1.442882852409));
#11565 = CARTESIAN_POINT('',(-2.670969803589,0.179270579945));
#11566 = CARTESIAN_POINT('',(-2.181444211577,1.340694043346));
#11567 = CARTESIAN_POINT('',(-1.279181355711,1.945402127596));
#11568 = CARTESIAN_POINT('',(-8.89622692503E-02,1.945402127596));
#11569 = CARTESIAN_POINT('',(0.650125389278,1.446277994564));
#11570 = CARTESIAN_POINT('',(0.851694750695,1.043139271731));
#11571 = ( GEOMETRIC_REPRESENTATION_CONTEXT(2) 
PARAMETRIC_REPRESENTATION_CONTEXT() REPRESENTATION_CONTEXT('2D SPACE',''
  ) );
#11572 = ORIENTED_EDGE('',*,*,#11573,.F.);
#11573 = EDGE_CURVE('',#11574,#11533,#11576,.T.);
#11574 = VERTEX_POINT('',#11575);
#11575 = CARTESIAN_POINT('',(18.273016783509,-12.17095001316,0.));
#11576 = SURFACE_CURVE('',#11577,(#11581,#11588),.PCURVE_S1.);
#11577 = LINE('',#11578,#11579);
#11578 = CARTESIAN_POINT('',(18.273016783509,-12.17095001316,0.));
#11579 = VECTOR('',#11580,1.);
#11580 = DIRECTION('',(0.,-0.,1.));
#11581 = PCURVE('',#11484,#11582);
#11582 = DEFINITIONAL_REPRESENTATION('',(#11583),#11587);
#11583 = LINE('',#11584,#11585);
#11584 = CARTESIAN_POINT('',(10.763894523327,0.));
#11585 = VECTOR('',#11586,1.);
#11586 = DIRECTION('',(0.,-1.));
#11587 = ( GEOMETRIC_REPRESENTATION_CONTEXT(2) 
PARAMETRIC_REPRESENTATION_CONTEXT() REPRESENTATION_CONTEXT('2D SPACE',''
  ) );
#11588 = PCURVE('',#11589,#11594);
#11589 = PLANE('',#11590);
#11590 = AXIS2_PLACEMENT_3D('',#11591,#11592,#11593);
#11591 = CARTESIAN_POINT('',(18.273016783509,-12.17095001316,0.));
#11592 = DIRECTION('',(0.,-1.,-0.));
#11593 = DIRECTION('',(-1.,-0.,0.));
#11594 = DEFINITIONAL_REPRESENTATION('',(#11595),#11599);
#11595 = LINE('',#11596,#11597);
#11596 = CARTESIAN_POINT('',(0.,0.));
#11597 = VECTOR('',#11598,1.);
#11598 = DIRECTION('',(0.,-1.));
#11599 = ( GEOMETRIC_REPRESENTATION_CONTEXT(2) 
PARAMETRIC_REPRESENTATION_CONTEXT() REPRESENTATION_CONTEXT('2D SPACE',''
  ) );
#11600 = ORIENTED_EDGE('',*,*,#11601,.F.);
#11601 = EDGE_CURVE('',#11469,#11574,#11602,.T.);
#11602 = SURFACE_CURVE('',#11603,(#11616,#11623),.PCURVE_S1.);
#11603 = B_SPLINE_CURVE_WITH_KNOTS('',2,(#11604,#11605,#11606,#11607,
    #11608,#11609,#11610,#11611,#11612,#11613,#11614,#11615),
  .UNSPECIFIED.,.F.,.F.,(3,1,1,1,1,1,1,1,1,1,3),(0.,1.,2.,3.137931034483
    ,4.275862068966,5.413793103448,6.538336713996,7.662880324544,
    8.787423935091,9.775659229209,10.763894523327),.UNSPECIFIED.);
#11604 = CARTESIAN_POINT('',(18.273016783509,-8.830657738258,0.));
#11605 = CARTESIAN_POINT('',(18.455389062886,-8.417920474404,0.));
#11606 = CARTESIAN_POINT('',(19.213673803453,-7.928394882392,0.));
#11607 = CARTESIAN_POINT('',(20.403892889914,-7.928394882392,0.));
#11608 = CARTESIAN_POINT('',(21.30615574578,-8.533102966642,0.));
#11609 = CARTESIAN_POINT('',(21.795681337792,-9.684927889024,0.));
#11610 = CARTESIAN_POINT('',(21.795681337792,-11.30708132137,0.));
#11611 = CARTESIAN_POINT('',(21.30615574578,-12.46850478477,0.));
#11612 = CARTESIAN_POINT('',(20.403892889914,-13.07321286902,0.));
#11613 = CARTESIAN_POINT('',(19.213673803453,-13.07321286902,0.));
#11614 = CARTESIAN_POINT('',(18.474586144925,-12.57408873599,0.));
#11615 = CARTESIAN_POINT('',(18.273016783509,-12.17095001316,0.));
#11616 = PCURVE('',#11484,#11617);
#11617 = DEFINITIONAL_REPRESENTATION('',(#11618),#11622);
#11618 = LINE('',#11619,#11620);
#11619 = CARTESIAN_POINT('',(0.,0.));
#11620 = VECTOR('',#11621,1.);
#11621 = DIRECTION('',(1.,0.));
#11622 = ( GEOMETRIC_REPRESENTATION_CONTEXT(2) 
PARAMETRIC_REPRESENTATION_CONTEXT() REPRESENTATION_CONTEXT('2D SPACE',''
  ) );
#11623 = PCURVE('',#11277,#11624);
#11624 = DEFINITIONAL_REPRESENTATION('',(#11625),#11638);
#11625 = B_SPLINE_CURVE_WITH_KNOTS('',2,(#11626,#11627,#11628,#11629,
    #11630,#11631,#11632,#11633,#11634,#11635,#11636,#11637),
  .UNSPECIFIED.,.F.,.F.,(3,1,1,1,1,1,1,1,1,1,3),(0.,1.,2.,3.137931034483
    ,4.275862068966,5.413793103448,6.538336713996,7.662880324544,
    8.787423935091,9.775659229209,10.763894523327),.UNSPECIFIED.);
#11626 = CARTESIAN_POINT('',(0.851694750695,-2.297153003175));
#11627 = CARTESIAN_POINT('',(0.669322471317,-2.709890267029));
#11628 = CARTESIAN_POINT('',(-8.89622692503E-02,-3.199415859041));
#11629 = CARTESIAN_POINT('',(-1.279181355711,-3.199415859041));
#11630 = CARTESIAN_POINT('',(-2.181444211577,-2.59470777479));
#11631 = CARTESIAN_POINT('',(-2.670969803589,-1.442882852409));
#11632 = CARTESIAN_POINT('',(-2.670969803589,0.179270579945));
#11633 = CARTESIAN_POINT('',(-2.181444211577,1.340694043346));
#11634 = CARTESIAN_POINT('',(-1.279181355711,1.945402127596));
#11635 = CARTESIAN_POINT('',(-8.89622692503E-02,1.945402127596));
#11636 = CARTESIAN_POINT('',(0.650125389278,1.446277994564));
#11637 = CARTESIAN_POINT('',(0.851694750695,1.043139271731));
#11638 = ( GEOMETRIC_REPRESENTATION_CONTEXT(2) 
PARAMETRIC_REPRESENTATION_CONTEXT() REPRESENTATION_CONTEXT('2D SPACE',''
  ) );
#11639 = ADVANCED_FACE('',(#11640),#11589,.T.);
#11640 = FACE_BOUND('',#11641,.T.);
#11641 = EDGE_LOOP('',(#11642,#11643,#11666,#11694));
#11642 = ORIENTED_EDGE('',*,*,#11573,.T.);
#11643 = ORIENTED_EDGE('',*,*,#11644,.T.);
#11644 = EDGE_CURVE('',#11533,#11645,#11647,.T.);
#11645 = VERTEX_POINT('',#11646);
#11646 = CARTESIAN_POINT('',(18.244221160449,-12.17095001316,0.6));
#11647 = SURFACE_CURVE('',#11648,(#11652,#11659),.PCURVE_S1.);
#11648 = LINE('',#11649,#11650);
#11649 = CARTESIAN_POINT('',(18.273016783509,-12.17095001316,0.6));
#11650 = VECTOR('',#11651,1.);
#11651 = DIRECTION('',(-1.,-0.,0.));
#11652 = PCURVE('',#11589,#11653);
#11653 = DEFINITIONAL_REPRESENTATION('',(#11654),#11658);
#11654 = LINE('',#11655,#11656);
#11655 = CARTESIAN_POINT('',(0.,-0.6));
#11656 = VECTOR('',#11657,1.);
#11657 = DIRECTION('',(1.,0.));
#11658 = ( GEOMETRIC_REPRESENTATION_CONTEXT(2) 
PARAMETRIC_REPRESENTATION_CONTEXT() REPRESENTATION_CONTEXT('2D SPACE',''
  ) );
#11659 = PCURVE('',#11223,#11660);
#11660 = DEFINITIONAL_REPRESENTATION('',(#11661),#11665);
#11661 = LINE('',#11662,#11663);
#11662 = CARTESIAN_POINT('',(0.851694750695,1.043139271731));
#11663 = VECTOR('',#11664,1.);
#11664 = DIRECTION('',(1.,-0.));
#11665 = ( GEOMETRIC_REPRESENTATION_CONTEXT(2) 
PARAMETRIC_REPRESENTATION_CONTEXT() REPRESENTATION_CONTEXT('2D SPACE',''
  ) );
#11666 = ORIENTED_EDGE('',*,*,#11667,.F.);
#11667 = EDGE_CURVE('',#11668,#11645,#11670,.T.);
#11668 = VERTEX_POINT('',#11669);
#11669 = CARTESIAN_POINT('',(18.244221160449,-12.17095001316,0.));
#11670 = SURFACE_CURVE('',#11671,(#11675,#11682),.PCURVE_S1.);
#11671 = LINE('',#11672,#11673);
#11672 = CARTESIAN_POINT('',(18.244221160449,-12.17095001316,0.));
#11673 = VECTOR('',#11674,1.);
#11674 = DIRECTION('',(0.,-0.,1.));
#11675 = PCURVE('',#11589,#11676);
#11676 = DEFINITIONAL_REPRESENTATION('',(#11677),#11681);
#11677 = LINE('',#11678,#11679);
#11678 = CARTESIAN_POINT('',(2.879562305954E-02,0.));
#11679 = VECTOR('',#11680,1.);
#11680 = DIRECTION('',(0.,-1.));
#11681 = ( GEOMETRIC_REPRESENTATION_CONTEXT(2) 
PARAMETRIC_REPRESENTATION_CONTEXT() REPRESENTATION_CONTEXT('2D SPACE',''
  ) );
#11682 = PCURVE('',#11683,#11688);
#11683 = PLANE('',#11684);
#11684 = AXIS2_PLACEMENT_3D('',#11685,#11686,#11687);
#11685 = CARTESIAN_POINT('',(18.244221160449,-12.17095001316,0.));
#11686 = DIRECTION('',(1.,0.,-0.));
#11687 = DIRECTION('',(0.,-1.,-0.));
#11688 = DEFINITIONAL_REPRESENTATION('',(#11689),#11693);
#11689 = LINE('',#11690,#11691);
#11690 = CARTESIAN_POINT('',(0.,0.));
#11691 = VECTOR('',#11692,1.);
#11692 = DIRECTION('',(0.,-1.));
#11693 = ( GEOMETRIC_REPRESENTATION_CONTEXT(2) 
PARAMETRIC_REPRESENTATION_CONTEXT() REPRESENTATION_CONTEXT('2D SPACE',''
  ) );
#11694 = ORIENTED_EDGE('',*,*,#11695,.F.);
#11695 = EDGE_CURVE('',#11574,#11668,#11696,.T.);
#11696 = SURFACE_CURVE('',#11697,(#11701,#11708),.PCURVE_S1.);
#11697 = LINE('',#11698,#11699);
#11698 = CARTESIAN_POINT('',(18.273016783509,-12.17095001316,0.));
#11699 = VECTOR('',#11700,1.);
#11700 = DIRECTION('',(-1.,-0.,0.));
#11701 = PCURVE('',#11589,#11702);
#11702 = DEFINITIONAL_REPRESENTATION('',(#11703),#11707);
#11703 = LINE('',#11704,#11705);
#11704 = CARTESIAN_POINT('',(0.,0.));
#11705 = VECTOR('',#11706,1.);
#11706 = DIRECTION('',(1.,0.));
#11707 = ( GEOMETRIC_REPRESENTATION_CONTEXT(2) 
PARAMETRIC_REPRESENTATION_CONTEXT() REPRESENTATION_CONTEXT('2D SPACE',''
  ) );
#11708 = PCURVE('',#11277,#11709);
#11709 = DEFINITIONAL_REPRESENTATION('',(#11710),#11714);
#11710 = LINE('',#11711,#11712);
#11711 = CARTESIAN_POINT('',(0.851694750695,1.043139271731));
#11712 = VECTOR('',#11713,1.);
#11713 = DIRECTION('',(1.,-0.));
#11714 = ( GEOMETRIC_REPRESENTATION_CONTEXT(2) 
PARAMETRIC_REPRESENTATION_CONTEXT() REPRESENTATION_CONTEXT('2D SPACE',''
  ) );
#11715 = ADVANCED_FACE('',(#11716),#11683,.T.);
#11716 = FACE_BOUND('',#11717,.T.);
#11717 = EDGE_LOOP('',(#11718,#11719,#11742,#11765));
#11718 = ORIENTED_EDGE('',*,*,#11667,.T.);
#11719 = ORIENTED_EDGE('',*,*,#11720,.T.);
#11720 = EDGE_CURVE('',#11645,#11721,#11723,.T.);
#11721 = VERTEX_POINT('',#11722);
#11722 = CARTESIAN_POINT('',(18.244221160449,-14.87773858076,0.6));
#11723 = SURFACE_CURVE('',#11724,(#11728,#11735),.PCURVE_S1.);
#11724 = LINE('',#11725,#11726);
#11725 = CARTESIAN_POINT('',(18.244221160449,-12.17095001316,0.6));
#11726 = VECTOR('',#11727,1.);
#11727 = DIRECTION('',(-0.,-1.,-0.));
#11728 = PCURVE('',#11683,#11729);
#11729 = DEFINITIONAL_REPRESENTATION('',(#11730),#11734);
#11730 = LINE('',#11731,#11732);
#11731 = CARTESIAN_POINT('',(0.,-0.6));
#11732 = VECTOR('',#11733,1.);
#11733 = DIRECTION('',(1.,0.));
#11734 = ( GEOMETRIC_REPRESENTATION_CONTEXT(2) 
PARAMETRIC_REPRESENTATION_CONTEXT() REPRESENTATION_CONTEXT('2D SPACE',''
  ) );
#11735 = PCURVE('',#11223,#11736);
#11736 = DEFINITIONAL_REPRESENTATION('',(#11737),#11741);
#11737 = LINE('',#11738,#11739);
#11738 = CARTESIAN_POINT('',(0.880490373754,1.043139271731));
#11739 = VECTOR('',#11740,1.);
#11740 = DIRECTION('',(-0.,1.));
#11741 = ( GEOMETRIC_REPRESENTATION_CONTEXT(2) 
PARAMETRIC_REPRESENTATION_CONTEXT() REPRESENTATION_CONTEXT('2D SPACE',''
  ) );
#11742 = ORIENTED_EDGE('',*,*,#11743,.F.);
#11743 = EDGE_CURVE('',#11744,#11721,#11746,.T.);
#11744 = VERTEX_POINT('',#11745);
#11745 = CARTESIAN_POINT('',(18.244221160449,-14.87773858076,0.));
#11746 = SURFACE_CURVE('',#11747,(#11751,#11758),.PCURVE_S1.);
#11747 = LINE('',#11748,#11749);
#11748 = CARTESIAN_POINT('',(18.244221160449,-14.87773858076,0.));
#11749 = VECTOR('',#11750,1.);
#11750 = DIRECTION('',(0.,-0.,1.));
#11751 = PCURVE('',#11683,#11752);
#11752 = DEFINITIONAL_REPRESENTATION('',(#11753),#11757);
#11753 = LINE('',#11754,#11755);
#11754 = CARTESIAN_POINT('',(2.706788567596,-0.));
#11755 = VECTOR('',#11756,1.);
#11756 = DIRECTION('',(0.,-1.));
#11757 = ( GEOMETRIC_REPRESENTATION_CONTEXT(2) 
PARAMETRIC_REPRESENTATION_CONTEXT() REPRESENTATION_CONTEXT('2D SPACE',''
  ) );
#11758 = PCURVE('',#11195,#11759);
#11759 = DEFINITIONAL_REPRESENTATION('',(#11760),#11764);
#11760 = LINE('',#11761,#11762);
#11761 = CARTESIAN_POINT('',(0.,0.));
#11762 = VECTOR('',#11763,1.);
#11763 = DIRECTION('',(0.,-1.));
#11764 = ( GEOMETRIC_REPRESENTATION_CONTEXT(2) 
PARAMETRIC_REPRESENTATION_CONTEXT() REPRESENTATION_CONTEXT('2D SPACE',''
  ) );
#11765 = ORIENTED_EDGE('',*,*,#11766,.F.);
#11766 = EDGE_CURVE('',#11668,#11744,#11767,.T.);
#11767 = SURFACE_CURVE('',#11768,(#11772,#11779),.PCURVE_S1.);
#11768 = LINE('',#11769,#11770);
#11769 = CARTESIAN_POINT('',(18.244221160449,-12.17095001316,0.));
#11770 = VECTOR('',#11771,1.);
#11771 = DIRECTION('',(-0.,-1.,-0.));
#11772 = PCURVE('',#11683,#11773);
#11773 = DEFINITIONAL_REPRESENTATION('',(#11774),#11778);
#11774 = LINE('',#11775,#11776);
#11775 = CARTESIAN_POINT('',(0.,0.));
#11776 = VECTOR('',#11777,1.);
#11777 = DIRECTION('',(1.,0.));
#11778 = ( GEOMETRIC_REPRESENTATION_CONTEXT(2) 
PARAMETRIC_REPRESENTATION_CONTEXT() REPRESENTATION_CONTEXT('2D SPACE',''
  ) );
#11779 = PCURVE('',#11277,#11780);
#11780 = DEFINITIONAL_REPRESENTATION('',(#11781),#11785);
#11781 = LINE('',#11782,#11783);
#11782 = CARTESIAN_POINT('',(0.880490373754,1.043139271731));
#11783 = VECTOR('',#11784,1.);
#11784 = DIRECTION('',(-0.,1.));
#11785 = ( GEOMETRIC_REPRESENTATION_CONTEXT(2) 
PARAMETRIC_REPRESENTATION_CONTEXT() REPRESENTATION_CONTEXT('2D SPACE',''
  ) );
#11786 = ADVANCED_FACE('',(#11787),#11195,.T.);
#11787 = FACE_BOUND('',#11788,.T.);
#11788 = EDGE_LOOP('',(#11789,#11790,#11811,#11812));
#11789 = ORIENTED_EDGE('',*,*,#11743,.T.);
#11790 = ORIENTED_EDGE('',*,*,#11791,.T.);
#11791 = EDGE_CURVE('',#11721,#11175,#11792,.T.);
#11792 = SURFACE_CURVE('',#11793,(#11797,#11804),.PCURVE_S1.);
#11793 = LINE('',#11794,#11795);
#11794 = CARTESIAN_POINT('',(18.244221160449,-14.87773858076,0.6));
#11795 = VECTOR('',#11796,1.);
#11796 = DIRECTION('',(-1.,-0.,0.));
#11797 = PCURVE('',#11195,#11798);
#11798 = DEFINITIONAL_REPRESENTATION('',(#11799),#11803);
#11799 = LINE('',#11800,#11801);
#11800 = CARTESIAN_POINT('',(0.,-0.6));
#11801 = VECTOR('',#11802,1.);
#11802 = DIRECTION('',(1.,0.));
#11803 = ( GEOMETRIC_REPRESENTATION_CONTEXT(2) 
PARAMETRIC_REPRESENTATION_CONTEXT() REPRESENTATION_CONTEXT('2D SPACE',''
  ) );
#11804 = PCURVE('',#11223,#11805);
#11805 = DEFINITIONAL_REPRESENTATION('',(#11806),#11810);
#11806 = LINE('',#11807,#11808);
#11807 = CARTESIAN_POINT('',(0.880490373754,3.749927839327));
#11808 = VECTOR('',#11809,1.);
#11809 = DIRECTION('',(1.,-0.));
#11810 = ( GEOMETRIC_REPRESENTATION_CONTEXT(2) 
PARAMETRIC_REPRESENTATION_CONTEXT() REPRESENTATION_CONTEXT('2D SPACE',''
  ) );
#11811 = ORIENTED_EDGE('',*,*,#11172,.F.);
#11812 = ORIENTED_EDGE('',*,*,#11813,.F.);
#11813 = EDGE_CURVE('',#11744,#11173,#11814,.T.);
#11814 = SURFACE_CURVE('',#11815,(#11819,#11826),.PCURVE_S1.);
#11815 = LINE('',#11816,#11817);
#11816 = CARTESIAN_POINT('',(18.244221160449,-14.87773858076,0.));
#11817 = VECTOR('',#11818,1.);
#11818 = DIRECTION('',(-1.,-0.,0.));
#11819 = PCURVE('',#11195,#11820);
#11820 = DEFINITIONAL_REPRESENTATION('',(#11821),#11825);
#11821 = LINE('',#11822,#11823);
#11822 = CARTESIAN_POINT('',(0.,0.));
#11823 = VECTOR('',#11824,1.);
#11824 = DIRECTION('',(1.,0.));
#11825 = ( GEOMETRIC_REPRESENTATION_CONTEXT(2) 
PARAMETRIC_REPRESENTATION_CONTEXT() REPRESENTATION_CONTEXT('2D SPACE',''
  ) );
#11826 = PCURVE('',#11277,#11827);
#11827 = DEFINITIONAL_REPRESENTATION('',(#11828),#11832);
#11828 = LINE('',#11829,#11830);
#11829 = CARTESIAN_POINT('',(0.880490373754,3.749927839327));
#11830 = VECTOR('',#11831,1.);
#11831 = DIRECTION('',(1.,-0.));
#11832 = ( GEOMETRIC_REPRESENTATION_CONTEXT(2) 
PARAMETRIC_REPRESENTATION_CONTEXT() REPRESENTATION_CONTEXT('2D SPACE',''
  ) );
#11833 = ADVANCED_FACE('',(#11834),#11848,.T.);
#11834 = FACE_BOUND('',#11835,.T.);
#11835 = EDGE_LOOP('',(#11836,#11877,#11900,#11934));
#11836 = ORIENTED_EDGE('',*,*,#11837,.T.);
#11837 = EDGE_CURVE('',#11838,#11840,#11842,.T.);
#11838 = VERTEX_POINT('',#11839);
#11839 = CARTESIAN_POINT('',(21.210170335581,-10.84635135242,0.));
#11840 = VERTEX_POINT('',#11841);
#11841 = CARTESIAN_POINT('',(21.210170335581,-10.84635135242,0.6));
#11842 = SURFACE_CURVE('',#11843,(#11847,#11859),.PCURVE_S1.);
#11843 = LINE('',#11844,#11845);
#11844 = CARTESIAN_POINT('',(21.210170335581,-10.84635135242,0.));
#11845 = VECTOR('',#11846,1.);
#11846 = DIRECTION('',(0.,-0.,1.));
#11847 = PCURVE('',#11848,#11853);
#11848 = PLANE('',#11849);
#11849 = AXIS2_PLACEMENT_3D('',#11850,#11851,#11852);
#11850 = CARTESIAN_POINT('',(21.210170335581,-10.84635135242,0.));
#11851 = DIRECTION('',(-1.,0.,0.));
#11852 = DIRECTION('',(0.,1.,-0.));
#11853 = DEFINITIONAL_REPRESENTATION('',(#11854),#11858);
#11854 = LINE('',#11855,#11856);
#11855 = CARTESIAN_POINT('',(0.,0.));
#11856 = VECTOR('',#11857,1.);
#11857 = DIRECTION('',(0.,-1.));
#11858 = ( GEOMETRIC_REPRESENTATION_CONTEXT(2) 
PARAMETRIC_REPRESENTATION_CONTEXT() REPRESENTATION_CONTEXT('2D SPACE',''
  ) );
#11859 = PCURVE('',#11860,#11871);
#11860 = SURFACE_OF_LINEAR_EXTRUSION('',#11861,#11869);
#11861 = B_SPLINE_CURVE_WITH_KNOTS('',2,(#11862,#11863,#11864,#11865,
    #11866,#11867,#11868),.UNSPECIFIED.,.F.,.F.,(3,1,1,1,1,3),(0.,1.,2.,
    3.,4.974358974359,6.948717948718),.UNSPECIFIED.);
#11862 = CARTESIAN_POINT('',(18.244221160449,-11.46065797769,0.));
#11863 = CARTESIAN_POINT('',(18.244221160449,-11.79660691339,0.));
#11864 = CARTESIAN_POINT('',(18.628162801243,-12.30532958744,0.));
#11865 = CARTESIAN_POINT('',(19.271265049572,-12.58368727701,0.));
#11866 = CARTESIAN_POINT('',(20.384695807875,-12.58368727701,0.));
#11867 = CARTESIAN_POINT('',(21.210170335581,-11.63343171605,0.));
#11868 = CARTESIAN_POINT('',(21.210170335581,-10.84635135242,0.));
#11869 = VECTOR('',#11870,1.);
#11870 = DIRECTION('',(-0.,0.,-1.));
#11871 = DEFINITIONAL_REPRESENTATION('',(#11872),#11876);
#11872 = LINE('',#11873,#11874);
#11873 = CARTESIAN_POINT('',(6.948717948718,0.));
#11874 = VECTOR('',#11875,1.);
#11875 = DIRECTION('',(0.,-1.));
#11876 = ( GEOMETRIC_REPRESENTATION_CONTEXT(2) 
PARAMETRIC_REPRESENTATION_CONTEXT() REPRESENTATION_CONTEXT('2D SPACE',''
  ) );
#11877 = ORIENTED_EDGE('',*,*,#11878,.T.);
#11878 = EDGE_CURVE('',#11840,#11879,#11881,.T.);
#11879 = VERTEX_POINT('',#11880);
#11880 = CARTESIAN_POINT('',(21.210170335581,-10.15525639899,0.6));
#11881 = SURFACE_CURVE('',#11882,(#11886,#11893),.PCURVE_S1.);
#11882 = LINE('',#11883,#11884);
#11883 = CARTESIAN_POINT('',(21.210170335581,-10.84635135242,0.6));
#11884 = VECTOR('',#11885,1.);
#11885 = DIRECTION('',(-0.,1.,-0.));
#11886 = PCURVE('',#11848,#11887);
#11887 = DEFINITIONAL_REPRESENTATION('',(#11888),#11892);
#11888 = LINE('',#11889,#11890);
#11889 = CARTESIAN_POINT('',(0.,-0.6));
#11890 = VECTOR('',#11891,1.);
#11891 = DIRECTION('',(1.,0.));
#11892 = ( GEOMETRIC_REPRESENTATION_CONTEXT(2) 
PARAMETRIC_REPRESENTATION_CONTEXT() REPRESENTATION_CONTEXT('2D SPACE',''
  ) );
#11893 = PCURVE('',#11223,#11894);
#11894 = DEFINITIONAL_REPRESENTATION('',(#11895),#11899);
#11895 = LINE('',#11896,#11897);
#11896 = CARTESIAN_POINT('',(-2.085458801378,-0.281459389008));
#11897 = VECTOR('',#11898,1.);
#11898 = DIRECTION('',(-0.,-1.));
#11899 = ( GEOMETRIC_REPRESENTATION_CONTEXT(2) 
PARAMETRIC_REPRESENTATION_CONTEXT() REPRESENTATION_CONTEXT('2D SPACE',''
  ) );
#11900 = ORIENTED_EDGE('',*,*,#11901,.F.);
#11901 = EDGE_CURVE('',#11902,#11879,#11904,.T.);
#11902 = VERTEX_POINT('',#11903);
#11903 = CARTESIAN_POINT('',(21.210170335581,-10.15525639899,0.));
#11904 = SURFACE_CURVE('',#11905,(#11909,#11916),.PCURVE_S1.);
#11905 = LINE('',#11906,#11907);
#11906 = CARTESIAN_POINT('',(21.210170335581,-10.15525639899,0.));
#11907 = VECTOR('',#11908,1.);
#11908 = DIRECTION('',(0.,-0.,1.));
#11909 = PCURVE('',#11848,#11910);
#11910 = DEFINITIONAL_REPRESENTATION('',(#11911),#11915);
#11911 = LINE('',#11912,#11913);
#11912 = CARTESIAN_POINT('',(0.691094953429,0.));
#11913 = VECTOR('',#11914,1.);
#11914 = DIRECTION('',(0.,-1.));
#11915 = ( GEOMETRIC_REPRESENTATION_CONTEXT(2) 
PARAMETRIC_REPRESENTATION_CONTEXT() REPRESENTATION_CONTEXT('2D SPACE',''
  ) );
#11916 = PCURVE('',#11917,#11928);
#11917 = SURFACE_OF_LINEAR_EXTRUSION('',#11918,#11926);
#11918 = B_SPLINE_CURVE_WITH_KNOTS('',2,(#11919,#11920,#11921,#11922,
    #11923,#11924,#11925),.UNSPECIFIED.,.F.,.F.,(3,1,1,1,1,3),(0.,1.,2.,
    2.506493506494,3.012987012987,3.519480519481),.UNSPECIFIED.);
#11919 = CARTESIAN_POINT('',(21.210170335581,-10.15525639899,0.));
#11920 = CARTESIAN_POINT('',(21.210170335581,-9.358577494349,0.));
#11921 = CARTESIAN_POINT('',(20.384695807875,-8.417920474404,0.));
#11922 = CARTESIAN_POINT('',(19.271265049572,-8.417920474404,0.));
#11923 = CARTESIAN_POINT('',(18.628162801243,-8.69627816398,0.));
#11924 = CARTESIAN_POINT('',(18.244221160449,-9.185803755992,0.));
#11925 = CARTESIAN_POINT('',(18.244221160449,-9.512154150667,0.));
#11926 = VECTOR('',#11927,1.);
#11927 = DIRECTION('',(-0.,0.,-1.));
#11928 = DEFINITIONAL_REPRESENTATION('',(#11929),#11933);
#11929 = LINE('',#11930,#11931);
#11930 = CARTESIAN_POINT('',(0.,0.));
#11931 = VECTOR('',#11932,1.);
#11932 = DIRECTION('',(0.,-1.));
#11933 = ( GEOMETRIC_REPRESENTATION_CONTEXT(2) 
PARAMETRIC_REPRESENTATION_CONTEXT() REPRESENTATION_CONTEXT('2D SPACE',''
  ) );
#11934 = ORIENTED_EDGE('',*,*,#11935,.F.);
#11935 = EDGE_CURVE('',#11838,#11902,#11936,.T.);
#11936 = SURFACE_CURVE('',#11937,(#11941,#11948),.PCURVE_S1.);
#11937 = LINE('',#11938,#11939);
#11938 = CARTESIAN_POINT('',(21.210170335581,-10.84635135242,0.));
#11939 = VECTOR('',#11940,1.);
#11940 = DIRECTION('',(-0.,1.,-0.));
#11941 = PCURVE('',#11848,#11942);
#11942 = DEFINITIONAL_REPRESENTATION('',(#11943),#11947);
#11943 = LINE('',#11944,#11945);
#11944 = CARTESIAN_POINT('',(0.,0.));
#11945 = VECTOR('',#11946,1.);
#11946 = DIRECTION('',(1.,0.));
#11947 = ( GEOMETRIC_REPRESENTATION_CONTEXT(2) 
PARAMETRIC_REPRESENTATION_CONTEXT() REPRESENTATION_CONTEXT('2D SPACE',''
  ) );
#11948 = PCURVE('',#11277,#11949);
#11949 = DEFINITIONAL_REPRESENTATION('',(#11950),#11954);
#11950 = LINE('',#11951,#11952);
#11951 = CARTESIAN_POINT('',(-2.085458801378,-0.281459389008));
#11952 = VECTOR('',#11953,1.);
#11953 = DIRECTION('',(-0.,-1.));
#11954 = ( GEOMETRIC_REPRESENTATION_CONTEXT(2) 
PARAMETRIC_REPRESENTATION_CONTEXT() REPRESENTATION_CONTEXT('2D SPACE',''
  ) );
#11955 = ADVANCED_FACE('',(#11956),#11917,.T.);
#11956 = FACE_BOUND('',#11957,.T.);
#11957 = EDGE_LOOP('',(#11958,#11959,#11990,#12018));
#11958 = ORIENTED_EDGE('',*,*,#11901,.T.);
#11959 = ORIENTED_EDGE('',*,*,#11960,.T.);
#11960 = EDGE_CURVE('',#11879,#11961,#11963,.T.);
#11961 = VERTEX_POINT('',#11962);
#11962 = CARTESIAN_POINT('',(18.244221160449,-9.512154150667,0.6));
#11963 = SURFACE_CURVE('',#11964,(#11972,#11979),.PCURVE_S1.);
#11964 = B_SPLINE_CURVE_WITH_KNOTS('',2,(#11965,#11966,#11967,#11968,
    #11969,#11970,#11971),.UNSPECIFIED.,.F.,.F.,(3,1,1,1,1,3),(0.,1.,2.,
    2.506493506494,3.012987012987,3.519480519481),.UNSPECIFIED.);
#11965 = CARTESIAN_POINT('',(21.210170335581,-10.15525639899,0.6));
#11966 = CARTESIAN_POINT('',(21.210170335581,-9.358577494349,0.6));
#11967 = CARTESIAN_POINT('',(20.384695807875,-8.417920474404,0.6));
#11968 = CARTESIAN_POINT('',(19.271265049572,-8.417920474404,0.6));
#11969 = CARTESIAN_POINT('',(18.628162801243,-8.69627816398,0.6));
#11970 = CARTESIAN_POINT('',(18.244221160449,-9.185803755992,0.6));
#11971 = CARTESIAN_POINT('',(18.244221160449,-9.512154150667,0.6));
#11972 = PCURVE('',#11917,#11973);
#11973 = DEFINITIONAL_REPRESENTATION('',(#11974),#11978);
#11974 = LINE('',#11975,#11976);
#11975 = CARTESIAN_POINT('',(0.,-0.6));
#11976 = VECTOR('',#11977,1.);
#11977 = DIRECTION('',(1.,0.));
#11978 = ( GEOMETRIC_REPRESENTATION_CONTEXT(2) 
PARAMETRIC_REPRESENTATION_CONTEXT() REPRESENTATION_CONTEXT('2D SPACE',''
  ) );
#11979 = PCURVE('',#11223,#11980);
#11980 = DEFINITIONAL_REPRESENTATION('',(#11981),#11989);
#11981 = B_SPLINE_CURVE_WITH_KNOTS('',2,(#11982,#11983,#11984,#11985,
    #11986,#11987,#11988),.UNSPECIFIED.,.F.,.F.,(3,1,1,1,1,3),(0.,1.,2.,
    2.506493506494,3.012987012987,3.519480519481),.UNSPECIFIED.);
#11982 = CARTESIAN_POINT('',(-2.085458801378,-0.972554342437));
#11983 = CARTESIAN_POINT('',(-2.085458801378,-1.769233247084));
#11984 = CARTESIAN_POINT('',(-1.259984273671,-2.709890267029));
#11985 = CARTESIAN_POINT('',(-0.146553515369,-2.709890267029));
#11986 = CARTESIAN_POINT('',(0.49654873296,-2.431532577453));
#11987 = CARTESIAN_POINT('',(0.880490373754,-1.942006985441));
#11988 = CARTESIAN_POINT('',(0.880490373754,-1.615656590766));
#11989 = ( GEOMETRIC_REPRESENTATION_CONTEXT(2) 
PARAMETRIC_REPRESENTATION_CONTEXT() REPRESENTATION_CONTEXT('2D SPACE',''
  ) );
#11990 = ORIENTED_EDGE('',*,*,#11991,.F.);
#11991 = EDGE_CURVE('',#11992,#11961,#11994,.T.);
#11992 = VERTEX_POINT('',#11993);
#11993 = CARTESIAN_POINT('',(18.244221160449,-9.512154150667,0.));
#11994 = SURFACE_CURVE('',#11995,(#11999,#12006),.PCURVE_S1.);
#11995 = LINE('',#11996,#11997);
#11996 = CARTESIAN_POINT('',(18.244221160449,-9.512154150667,0.));
#11997 = VECTOR('',#11998,1.);
#11998 = DIRECTION('',(0.,-0.,1.));
#11999 = PCURVE('',#11917,#12000);
#12000 = DEFINITIONAL_REPRESENTATION('',(#12001),#12005);
#12001 = LINE('',#12002,#12003);
#12002 = CARTESIAN_POINT('',(3.519480519481,0.));
#12003 = VECTOR('',#12004,1.);
#12004 = DIRECTION('',(0.,-1.));
#12005 = ( GEOMETRIC_REPRESENTATION_CONTEXT(2) 
PARAMETRIC_REPRESENTATION_CONTEXT() REPRESENTATION_CONTEXT('2D SPACE',''
  ) );
#12006 = PCURVE('',#12007,#12012);
#12007 = PLANE('',#12008);
#12008 = AXIS2_PLACEMENT_3D('',#12009,#12010,#12011);
#12009 = CARTESIAN_POINT('',(18.244221160449,-9.512154150667,0.));
#12010 = DIRECTION('',(1.,0.,-0.));
#12011 = DIRECTION('',(0.,-1.,-0.));
#12012 = DEFINITIONAL_REPRESENTATION('',(#12013),#12017);
#12013 = LINE('',#12014,#12015);
#12014 = CARTESIAN_POINT('',(0.,0.));
#12015 = VECTOR('',#12016,1.);
#12016 = DIRECTION('',(0.,-1.));
#12017 = ( GEOMETRIC_REPRESENTATION_CONTEXT(2) 
PARAMETRIC_REPRESENTATION_CONTEXT() REPRESENTATION_CONTEXT('2D SPACE',''
  ) );
#12018 = ORIENTED_EDGE('',*,*,#12019,.F.);
#12019 = EDGE_CURVE('',#11902,#11992,#12020,.T.);
#12020 = SURFACE_CURVE('',#12021,(#12029,#12036),.PCURVE_S1.);
#12021 = B_SPLINE_CURVE_WITH_KNOTS('',2,(#12022,#12023,#12024,#12025,
    #12026,#12027,#12028),.UNSPECIFIED.,.F.,.F.,(3,1,1,1,1,3),(0.,1.,2.,
    2.506493506494,3.012987012987,3.519480519481),.UNSPECIFIED.);
#12022 = CARTESIAN_POINT('',(21.210170335581,-10.15525639899,0.));
#12023 = CARTESIAN_POINT('',(21.210170335581,-9.358577494349,0.));
#12024 = CARTESIAN_POINT('',(20.384695807875,-8.417920474404,0.));
#12025 = CARTESIAN_POINT('',(19.271265049572,-8.417920474404,0.));
#12026 = CARTESIAN_POINT('',(18.628162801243,-8.69627816398,0.));
#12027 = CARTESIAN_POINT('',(18.244221160449,-9.185803755992,0.));
#12028 = CARTESIAN_POINT('',(18.244221160449,-9.512154150667,0.));
#12029 = PCURVE('',#11917,#12030);
#12030 = DEFINITIONAL_REPRESENTATION('',(#12031),#12035);
#12031 = LINE('',#12032,#12033);
#12032 = CARTESIAN_POINT('',(0.,0.));
#12033 = VECTOR('',#12034,1.);
#12034 = DIRECTION('',(1.,0.));
#12035 = ( GEOMETRIC_REPRESENTATION_CONTEXT(2) 
PARAMETRIC_REPRESENTATION_CONTEXT() REPRESENTATION_CONTEXT('2D SPACE',''
  ) );
#12036 = PCURVE('',#11277,#12037);
#12037 = DEFINITIONAL_REPRESENTATION('',(#12038),#12046);
#12038 = B_SPLINE_CURVE_WITH_KNOTS('',2,(#12039,#12040,#12041,#12042,
    #12043,#12044,#12045),.UNSPECIFIED.,.F.,.F.,(3,1,1,1,1,3),(0.,1.,2.,
    2.506493506494,3.012987012987,3.519480519481),.UNSPECIFIED.);
#12039 = CARTESIAN_POINT('',(-2.085458801378,-0.972554342437));
#12040 = CARTESIAN_POINT('',(-2.085458801378,-1.769233247084));
#12041 = CARTESIAN_POINT('',(-1.259984273671,-2.709890267029));
#12042 = CARTESIAN_POINT('',(-0.146553515369,-2.709890267029));
#12043 = CARTESIAN_POINT('',(0.49654873296,-2.431532577453));
#12044 = CARTESIAN_POINT('',(0.880490373754,-1.942006985441));
#12045 = CARTESIAN_POINT('',(0.880490373754,-1.615656590766));
#12046 = ( GEOMETRIC_REPRESENTATION_CONTEXT(2) 
PARAMETRIC_REPRESENTATION_CONTEXT() REPRESENTATION_CONTEXT('2D SPACE',''
  ) );
#12047 = ADVANCED_FACE('',(#12048),#12007,.T.);
#12048 = FACE_BOUND('',#12049,.T.);
#12049 = EDGE_LOOP('',(#12050,#12051,#12074,#12097));
#12050 = ORIENTED_EDGE('',*,*,#11991,.T.);
#12051 = ORIENTED_EDGE('',*,*,#12052,.T.);
#12052 = EDGE_CURVE('',#11961,#12053,#12055,.T.);
#12053 = VERTEX_POINT('',#12054);
#12054 = CARTESIAN_POINT('',(18.244221160449,-11.46065797769,0.6));
#12055 = SURFACE_CURVE('',#12056,(#12060,#12067),.PCURVE_S1.);
#12056 = LINE('',#12057,#12058);
#12057 = CARTESIAN_POINT('',(18.244221160449,-9.512154150667,0.6));
#12058 = VECTOR('',#12059,1.);
#12059 = DIRECTION('',(-0.,-1.,-0.));
#12060 = PCURVE('',#12007,#12061);
#12061 = DEFINITIONAL_REPRESENTATION('',(#12062),#12066);
#12062 = LINE('',#12063,#12064);
#12063 = CARTESIAN_POINT('',(0.,-0.6));
#12064 = VECTOR('',#12065,1.);
#12065 = DIRECTION('',(1.,0.));
#12066 = ( GEOMETRIC_REPRESENTATION_CONTEXT(2) 
PARAMETRIC_REPRESENTATION_CONTEXT() REPRESENTATION_CONTEXT('2D SPACE',''
  ) );
#12067 = PCURVE('',#11223,#12068);
#12068 = DEFINITIONAL_REPRESENTATION('',(#12069),#12073);
#12069 = LINE('',#12070,#12071);
#12070 = CARTESIAN_POINT('',(0.880490373754,-1.615656590766));
#12071 = VECTOR('',#12072,1.);
#12072 = DIRECTION('',(-0.,1.));
#12073 = ( GEOMETRIC_REPRESENTATION_CONTEXT(2) 
PARAMETRIC_REPRESENTATION_CONTEXT() REPRESENTATION_CONTEXT('2D SPACE',''
  ) );
#12074 = ORIENTED_EDGE('',*,*,#12075,.F.);
#12075 = EDGE_CURVE('',#12076,#12053,#12078,.T.);
#12076 = VERTEX_POINT('',#12077);
#12077 = CARTESIAN_POINT('',(18.244221160449,-11.46065797769,0.));
#12078 = SURFACE_CURVE('',#12079,(#12083,#12090),.PCURVE_S1.);
#12079 = LINE('',#12080,#12081);
#12080 = CARTESIAN_POINT('',(18.244221160449,-11.46065797769,0.));
#12081 = VECTOR('',#12082,1.);
#12082 = DIRECTION('',(0.,-0.,1.));
#12083 = PCURVE('',#12007,#12084);
#12084 = DEFINITIONAL_REPRESENTATION('',(#12085),#12089);
#12085 = LINE('',#12086,#12087);
#12086 = CARTESIAN_POINT('',(1.948503827029,-0.));
#12087 = VECTOR('',#12088,1.);
#12088 = DIRECTION('',(0.,-1.));
#12089 = ( GEOMETRIC_REPRESENTATION_CONTEXT(2) 
PARAMETRIC_REPRESENTATION_CONTEXT() REPRESENTATION_CONTEXT('2D SPACE',''
  ) );
#12090 = PCURVE('',#11860,#12091);
#12091 = DEFINITIONAL_REPRESENTATION('',(#12092),#12096);
#12092 = LINE('',#12093,#12094);
#12093 = CARTESIAN_POINT('',(0.,0.));
#12094 = VECTOR('',#12095,1.);
#12095 = DIRECTION('',(0.,-1.));
#12096 = ( GEOMETRIC_REPRESENTATION_CONTEXT(2) 
PARAMETRIC_REPRESENTATION_CONTEXT() REPRESENTATION_CONTEXT('2D SPACE',''
  ) );
#12097 = ORIENTED_EDGE('',*,*,#12098,.F.);
#12098 = EDGE_CURVE('',#11992,#12076,#12099,.T.);
#12099 = SURFACE_CURVE('',#12100,(#12104,#12111),.PCURVE_S1.);
#12100 = LINE('',#12101,#12102);
#12101 = CARTESIAN_POINT('',(18.244221160449,-9.512154150667,0.));
#12102 = VECTOR('',#12103,1.);
#12103 = DIRECTION('',(-0.,-1.,-0.));
#12104 = PCURVE('',#12007,#12105);
#12105 = DEFINITIONAL_REPRESENTATION('',(#12106),#12110);
#12106 = LINE('',#12107,#12108);
#12107 = CARTESIAN_POINT('',(0.,0.));
#12108 = VECTOR('',#12109,1.);
#12109 = DIRECTION('',(1.,0.));
#12110 = ( GEOMETRIC_REPRESENTATION_CONTEXT(2) 
PARAMETRIC_REPRESENTATION_CONTEXT() REPRESENTATION_CONTEXT('2D SPACE',''
  ) );
#12111 = PCURVE('',#11277,#12112);
#12112 = DEFINITIONAL_REPRESENTATION('',(#12113),#12117);
#12113 = LINE('',#12114,#12115);
#12114 = CARTESIAN_POINT('',(0.880490373754,-1.615656590766));
#12115 = VECTOR('',#12116,1.);
#12116 = DIRECTION('',(-0.,1.));
#12117 = ( GEOMETRIC_REPRESENTATION_CONTEXT(2) 
PARAMETRIC_REPRESENTATION_CONTEXT() REPRESENTATION_CONTEXT('2D SPACE',''
  ) );
#12118 = ADVANCED_FACE('',(#12119),#11860,.T.);
#12119 = FACE_BOUND('',#12120,.T.);
#12120 = EDGE_LOOP('',(#12121,#12122,#12151,#12152));
#12121 = ORIENTED_EDGE('',*,*,#12075,.T.);
#12122 = ORIENTED_EDGE('',*,*,#12123,.T.);
#12123 = EDGE_CURVE('',#12053,#11840,#12124,.T.);
#12124 = SURFACE_CURVE('',#12125,(#12133,#12140),.PCURVE_S1.);
#12125 = B_SPLINE_CURVE_WITH_KNOTS('',2,(#12126,#12127,#12128,#12129,
    #12130,#12131,#12132),.UNSPECIFIED.,.F.,.F.,(3,1,1,1,1,3),(0.,1.,2.,
    3.,4.974358974359,6.948717948718),.UNSPECIFIED.);
#12126 = CARTESIAN_POINT('',(18.244221160449,-11.46065797769,0.6));
#12127 = CARTESIAN_POINT('',(18.244221160449,-11.79660691339,0.6));
#12128 = CARTESIAN_POINT('',(18.628162801243,-12.30532958744,0.6));
#12129 = CARTESIAN_POINT('',(19.271265049572,-12.58368727701,0.6));
#12130 = CARTESIAN_POINT('',(20.384695807875,-12.58368727701,0.6));
#12131 = CARTESIAN_POINT('',(21.210170335581,-11.63343171605,0.6));
#12132 = CARTESIAN_POINT('',(21.210170335581,-10.84635135242,0.6));
#12133 = PCURVE('',#11860,#12134);
#12134 = DEFINITIONAL_REPRESENTATION('',(#12135),#12139);
#12135 = LINE('',#12136,#12137);
#12136 = CARTESIAN_POINT('',(0.,-0.6));
#12137 = VECTOR('',#12138,1.);
#12138 = DIRECTION('',(1.,0.));
#12139 = ( GEOMETRIC_REPRESENTATION_CONTEXT(2) 
PARAMETRIC_REPRESENTATION_CONTEXT() REPRESENTATION_CONTEXT('2D SPACE',''
  ) );
#12140 = PCURVE('',#11223,#12141);
#12141 = DEFINITIONAL_REPRESENTATION('',(#12142),#12150);
#12142 = B_SPLINE_CURVE_WITH_KNOTS('',2,(#12143,#12144,#12145,#12146,
    #12147,#12148,#12149),.UNSPECIFIED.,.F.,.F.,(3,1,1,1,1,3),(0.,1.,2.,
    3.,4.974358974359,6.948717948718),.UNSPECIFIED.);
#12143 = CARTESIAN_POINT('',(0.880490373754,0.332847236262));
#12144 = CARTESIAN_POINT('',(0.880490373754,0.668796171957));
#12145 = CARTESIAN_POINT('',(0.49654873296,1.177518846009));
#12146 = CARTESIAN_POINT('',(-0.146553515369,1.455876535584));
#12147 = CARTESIAN_POINT('',(-1.259984273671,1.455876535584));
#12148 = CARTESIAN_POINT('',(-2.085458801378,0.50562097462));
#12149 = CARTESIAN_POINT('',(-2.085458801378,-0.281459389008));
#12150 = ( GEOMETRIC_REPRESENTATION_CONTEXT(2) 
PARAMETRIC_REPRESENTATION_CONTEXT() REPRESENTATION_CONTEXT('2D SPACE',''
  ) );
#12151 = ORIENTED_EDGE('',*,*,#11837,.F.);
#12152 = ORIENTED_EDGE('',*,*,#12153,.F.);
#12153 = EDGE_CURVE('',#12076,#11838,#12154,.T.);
#12154 = SURFACE_CURVE('',#12155,(#12163,#12170),.PCURVE_S1.);
#12155 = B_SPLINE_CURVE_WITH_KNOTS('',2,(#12156,#12157,#12158,#12159,
    #12160,#12161,#12162),.UNSPECIFIED.,.F.,.F.,(3,1,1,1,1,3),(0.,1.,2.,
    3.,4.974358974359,6.948717948718),.UNSPECIFIED.);
#12156 = CARTESIAN_POINT('',(18.244221160449,-11.46065797769,0.));
#12157 = CARTESIAN_POINT('',(18.244221160449,-11.79660691339,0.));
#12158 = CARTESIAN_POINT('',(18.628162801243,-12.30532958744,0.));
#12159 = CARTESIAN_POINT('',(19.271265049572,-12.58368727701,0.));
#12160 = CARTESIAN_POINT('',(20.384695807875,-12.58368727701,0.));
#12161 = CARTESIAN_POINT('',(21.210170335581,-11.63343171605,0.));
#12162 = CARTESIAN_POINT('',(21.210170335581,-10.84635135242,0.));
#12163 = PCURVE('',#11860,#12164);
#12164 = DEFINITIONAL_REPRESENTATION('',(#12165),#12169);
#12165 = LINE('',#12166,#12167);
#12166 = CARTESIAN_POINT('',(0.,0.));
#12167 = VECTOR('',#12168,1.);
#12168 = DIRECTION('',(1.,0.));
#12169 = ( GEOMETRIC_REPRESENTATION_CONTEXT(2) 
PARAMETRIC_REPRESENTATION_CONTEXT() REPRESENTATION_CONTEXT('2D SPACE',''
  ) );
#12170 = PCURVE('',#11277,#12171);
#12171 = DEFINITIONAL_REPRESENTATION('',(#12172),#12180);
#12172 = B_SPLINE_CURVE_WITH_KNOTS('',2,(#12173,#12174,#12175,#12176,
    #12177,#12178,#12179),.UNSPECIFIED.,.F.,.F.,(3,1,1,1,1,3),(0.,1.,2.,
    3.,4.974358974359,6.948717948718),.UNSPECIFIED.);
#12173 = CARTESIAN_POINT('',(0.880490373754,0.332847236262));
#12174 = CARTESIAN_POINT('',(0.880490373754,0.668796171957));
#12175 = CARTESIAN_POINT('',(0.49654873296,1.177518846009));
#12176 = CARTESIAN_POINT('',(-0.146553515369,1.455876535584));
#12177 = CARTESIAN_POINT('',(-1.259984273671,1.455876535584));
#12178 = CARTESIAN_POINT('',(-2.085458801378,0.50562097462));
#12179 = CARTESIAN_POINT('',(-2.085458801378,-0.281459389008));
#12180 = ( GEOMETRIC_REPRESENTATION_CONTEXT(2) 
PARAMETRIC_REPRESENTATION_CONTEXT() REPRESENTATION_CONTEXT('2D SPACE',''
  ) );
#12181 = ADVANCED_FACE('',(#12182,#12192),#11277,.F.);
#12182 = FACE_BOUND('',#12183,.T.);
#12183 = EDGE_LOOP('',(#12184,#12185,#12186,#12187,#12188,#12189,#12190,
    #12191));
#12184 = ORIENTED_EDGE('',*,*,#11263,.T.);
#12185 = ORIENTED_EDGE('',*,*,#11344,.T.);
#12186 = ORIENTED_EDGE('',*,*,#11420,.T.);
#12187 = ORIENTED_EDGE('',*,*,#11507,.T.);
#12188 = ORIENTED_EDGE('',*,*,#11601,.T.);
#12189 = ORIENTED_EDGE('',*,*,#11695,.T.);
#12190 = ORIENTED_EDGE('',*,*,#11766,.T.);
#12191 = ORIENTED_EDGE('',*,*,#11813,.T.);
#12192 = FACE_BOUND('',#12193,.T.);
#12193 = EDGE_LOOP('',(#12194,#12195,#12196,#12197));
#12194 = ORIENTED_EDGE('',*,*,#11935,.T.);
#12195 = ORIENTED_EDGE('',*,*,#12019,.T.);
#12196 = ORIENTED_EDGE('',*,*,#12098,.T.);
#12197 = ORIENTED_EDGE('',*,*,#12153,.T.);
#12198 = ADVANCED_FACE('',(#12199,#12209),#11223,.T.);
#12199 = FACE_BOUND('',#12200,.F.);
#12200 = EDGE_LOOP('',(#12201,#12202,#12203,#12204,#12205,#12206,#12207,
    #12208));
#12201 = ORIENTED_EDGE('',*,*,#11207,.T.);
#12202 = ORIENTED_EDGE('',*,*,#11293,.T.);
#12203 = ORIENTED_EDGE('',*,*,#11369,.T.);
#12204 = ORIENTED_EDGE('',*,*,#11445,.T.);
#12205 = ORIENTED_EDGE('',*,*,#11532,.T.);
#12206 = ORIENTED_EDGE('',*,*,#11644,.T.);
#12207 = ORIENTED_EDGE('',*,*,#11720,.T.);
#12208 = ORIENTED_EDGE('',*,*,#11791,.T.);
#12209 = FACE_BOUND('',#12210,.F.);
#12210 = EDGE_LOOP('',(#12211,#12212,#12213,#12214));
#12211 = ORIENTED_EDGE('',*,*,#11878,.T.);
#12212 = ORIENTED_EDGE('',*,*,#11960,.T.);
#12213 = ORIENTED_EDGE('',*,*,#12052,.T.);
#12214 = ORIENTED_EDGE('',*,*,#12123,.T.);
#12215 = MANIFOLD_SOLID_BREP('',#12216);
#12216 = CLOSED_SHELL('',(#12217,#12337,#12418,#12506,#12582,#12658,
    #12740,#12832,#12908,#12984,#13055,#13102,#13116));
#12217 = ADVANCED_FACE('',(#12218),#12232,.T.);
#12218 = FACE_BOUND('',#12219,.T.);
#12219 = EDGE_LOOP('',(#12220,#12255,#12283,#12311));
#12220 = ORIENTED_EDGE('',*,*,#12221,.T.);
#12221 = EDGE_CURVE('',#12222,#12224,#12226,.T.);
#12222 = VERTEX_POINT('',#12223);
#12223 = CARTESIAN_POINT('',(26.442746411543,-12.95803037679,0.));
#12224 = VERTEX_POINT('',#12225);
#12225 = CARTESIAN_POINT('',(26.442746411543,-12.95803037679,0.6));
#12226 = SURFACE_CURVE('',#12227,(#12231,#12243),.PCURVE_S1.);
#12227 = LINE('',#12228,#12229);
#12228 = CARTESIAN_POINT('',(26.442746411543,-12.95803037679,0.));
#12229 = VECTOR('',#12230,1.);
#12230 = DIRECTION('',(0.,-0.,1.));
#12231 = PCURVE('',#12232,#12237);
#12232 = PLANE('',#12233);
#12233 = AXIS2_PLACEMENT_3D('',#12234,#12235,#12236);
#12234 = CARTESIAN_POINT('',(26.442746411543,-12.95803037679,0.));
#12235 = DIRECTION('',(-1.,0.,0.));
#12236 = DIRECTION('',(0.,1.,-0.));
#12237 = DEFINITIONAL_REPRESENTATION('',(#12238),#12242);
#12238 = LINE('',#12239,#12240);
#12239 = CARTESIAN_POINT('',(0.,0.));
#12240 = VECTOR('',#12241,1.);
#12241 = DIRECTION('',(0.,-1.));
#12242 = ( GEOMETRIC_REPRESENTATION_CONTEXT(2) 
PARAMETRIC_REPRESENTATION_CONTEXT() REPRESENTATION_CONTEXT('2D SPACE',''
  ) );
#12243 = PCURVE('',#12244,#12249);
#12244 = PLANE('',#12245);
#12245 = AXIS2_PLACEMENT_3D('',#12246,#12247,#12248);
#12246 = CARTESIAN_POINT('',(26.989863249674,-12.95803037679,0.));
#12247 = DIRECTION('',(0.,-1.,-0.));
#12248 = DIRECTION('',(-1.,-0.,0.));
#12249 = DEFINITIONAL_REPRESENTATION('',(#12250),#12254);
#12250 = LINE('',#12251,#12252);
#12251 = CARTESIAN_POINT('',(0.547116838131,0.));
#12252 = VECTOR('',#12253,1.);
#12253 = DIRECTION('',(0.,-1.));
#12254 = ( GEOMETRIC_REPRESENTATION_CONTEXT(2) 
PARAMETRIC_REPRESENTATION_CONTEXT() REPRESENTATION_CONTEXT('2D SPACE',''
  ) );
#12255 = ORIENTED_EDGE('',*,*,#12256,.T.);
#12256 = EDGE_CURVE('',#12224,#12257,#12259,.T.);
#12257 = VERTEX_POINT('',#12258);
#12258 = CARTESIAN_POINT('',(26.442746411543,-12.18054855418,0.6));
#12259 = SURFACE_CURVE('',#12260,(#12264,#12271),.PCURVE_S1.);
#12260 = LINE('',#12261,#12262);
#12261 = CARTESIAN_POINT('',(26.442746411543,-12.95803037679,0.6));
#12262 = VECTOR('',#12263,1.);
#12263 = DIRECTION('',(-0.,1.,-0.));
#12264 = PCURVE('',#12232,#12265);
#12265 = DEFINITIONAL_REPRESENTATION('',(#12266),#12270);
#12266 = LINE('',#12267,#12268);
#12267 = CARTESIAN_POINT('',(0.,-0.6));
#12268 = VECTOR('',#12269,1.);
#12269 = DIRECTION('',(1.,0.));
#12270 = ( GEOMETRIC_REPRESENTATION_CONTEXT(2) 
PARAMETRIC_REPRESENTATION_CONTEXT() REPRESENTATION_CONTEXT('2D SPACE',''
  ) );
#12271 = PCURVE('',#12272,#12277);
#12272 = PLANE('',#12273);
#12273 = AXIS2_PLACEMENT_3D('',#12274,#12275,#12276);
#12274 = CARTESIAN_POINT('',(25.250915347313,-10.82349603645,0.6));
#12275 = DIRECTION('',(-0.,-0.,1.));
#12276 = DIRECTION('',(-1.,0.,0.));
#12277 = DEFINITIONAL_REPRESENTATION('',(#12278),#12282);
#12278 = LINE('',#12279,#12280);
#12279 = CARTESIAN_POINT('',(-1.191831064229,2.13453434034));
#12280 = VECTOR('',#12281,1.);
#12281 = DIRECTION('',(-0.,-1.));
#12282 = ( GEOMETRIC_REPRESENTATION_CONTEXT(2) 
PARAMETRIC_REPRESENTATION_CONTEXT() REPRESENTATION_CONTEXT('2D SPACE',''
  ) );
#12283 = ORIENTED_EDGE('',*,*,#12284,.F.);
#12284 = EDGE_CURVE('',#12285,#12257,#12287,.T.);
#12285 = VERTEX_POINT('',#12286);
#12286 = CARTESIAN_POINT('',(26.442746411543,-12.18054855418,0.));
#12287 = SURFACE_CURVE('',#12288,(#12292,#12299),.PCURVE_S1.);
#12288 = LINE('',#12289,#12290);
#12289 = CARTESIAN_POINT('',(26.442746411543,-12.18054855418,0.));
#12290 = VECTOR('',#12291,1.);
#12291 = DIRECTION('',(0.,-0.,1.));
#12292 = PCURVE('',#12232,#12293);
#12293 = DEFINITIONAL_REPRESENTATION('',(#12294),#12298);
#12294 = LINE('',#12295,#12296);
#12295 = CARTESIAN_POINT('',(0.777481822607,0.));
#12296 = VECTOR('',#12297,1.);
#12297 = DIRECTION('',(0.,-1.));
#12298 = ( GEOMETRIC_REPRESENTATION_CONTEXT(2) 
PARAMETRIC_REPRESENTATION_CONTEXT() REPRESENTATION_CONTEXT('2D SPACE',''
  ) );
#12299 = PCURVE('',#12300,#12305);
#12300 = PLANE('',#12301);
#12301 = AXIS2_PLACEMENT_3D('',#12302,#12303,#12304);
#12302 = CARTESIAN_POINT('',(26.442746411543,-12.18054855418,0.));
#12303 = DIRECTION('',(0.,-1.,-0.));
#12304 = DIRECTION('',(-1.,-0.,0.));
#12305 = DEFINITIONAL_REPRESENTATION('',(#12306),#12310);
#12306 = LINE('',#12307,#12308);
#12307 = CARTESIAN_POINT('',(0.,0.));
#12308 = VECTOR('',#12309,1.);
#12309 = DIRECTION('',(0.,-1.));
#12310 = ( GEOMETRIC_REPRESENTATION_CONTEXT(2) 
PARAMETRIC_REPRESENTATION_CONTEXT() REPRESENTATION_CONTEXT('2D SPACE',''
  ) );
#12311 = ORIENTED_EDGE('',*,*,#12312,.F.);
#12312 = EDGE_CURVE('',#12222,#12285,#12313,.T.);
#12313 = SURFACE_CURVE('',#12314,(#12318,#12325),.PCURVE_S1.);
#12314 = LINE('',#12315,#12316);
#12315 = CARTESIAN_POINT('',(26.442746411543,-12.95803037679,0.));
#12316 = VECTOR('',#12317,1.);
#12317 = DIRECTION('',(-0.,1.,-0.));
#12318 = PCURVE('',#12232,#12319);
#12319 = DEFINITIONAL_REPRESENTATION('',(#12320),#12324);
#12320 = LINE('',#12321,#12322);
#12321 = CARTESIAN_POINT('',(0.,0.));
#12322 = VECTOR('',#12323,1.);
#12323 = DIRECTION('',(1.,0.));
#12324 = ( GEOMETRIC_REPRESENTATION_CONTEXT(2) 
PARAMETRIC_REPRESENTATION_CONTEXT() REPRESENTATION_CONTEXT('2D SPACE',''
  ) );
#12325 = PCURVE('',#12326,#12331);
#12326 = PLANE('',#12327);
#12327 = AXIS2_PLACEMENT_3D('',#12328,#12329,#12330);
#12328 = CARTESIAN_POINT('',(25.250915347313,-10.82349603645,0.));
#12329 = DIRECTION('',(-0.,-0.,1.));
#12330 = DIRECTION('',(-1.,0.,0.));
#12331 = DEFINITIONAL_REPRESENTATION('',(#12332),#12336);
#12332 = LINE('',#12333,#12334);
#12333 = CARTESIAN_POINT('',(-1.191831064229,2.13453434034));
#12334 = VECTOR('',#12335,1.);
#12335 = DIRECTION('',(-0.,-1.));
#12336 = ( GEOMETRIC_REPRESENTATION_CONTEXT(2) 
PARAMETRIC_REPRESENTATION_CONTEXT() REPRESENTATION_CONTEXT('2D SPACE',''
  ) );
#12337 = ADVANCED_FACE('',(#12338),#12300,.T.);
#12338 = FACE_BOUND('',#12339,.T.);
#12339 = EDGE_LOOP('',(#12340,#12341,#12364,#12397));
#12340 = ORIENTED_EDGE('',*,*,#12284,.T.);
#12341 = ORIENTED_EDGE('',*,*,#12342,.T.);
#12342 = EDGE_CURVE('',#12257,#12343,#12345,.T.);
#12343 = VERTEX_POINT('',#12344);
#12344 = CARTESIAN_POINT('',(26.404352247463,-12.18054855418,0.6));
#12345 = SURFACE_CURVE('',#12346,(#12350,#12357),.PCURVE_S1.);
#12346 = LINE('',#12347,#12348);
#12347 = CARTESIAN_POINT('',(26.442746411543,-12.18054855418,0.6));
#12348 = VECTOR('',#12349,1.);
#12349 = DIRECTION('',(-1.,-0.,0.));
#12350 = PCURVE('',#12300,#12351);
#12351 = DEFINITIONAL_REPRESENTATION('',(#12352),#12356);
#12352 = LINE('',#12353,#12354);
#12353 = CARTESIAN_POINT('',(0.,-0.6));
#12354 = VECTOR('',#12355,1.);
#12355 = DIRECTION('',(1.,0.));
#12356 = ( GEOMETRIC_REPRESENTATION_CONTEXT(2) 
PARAMETRIC_REPRESENTATION_CONTEXT() REPRESENTATION_CONTEXT('2D SPACE',''
  ) );
#12357 = PCURVE('',#12272,#12358);
#12358 = DEFINITIONAL_REPRESENTATION('',(#12359),#12363);
#12359 = LINE('',#12360,#12361);
#12360 = CARTESIAN_POINT('',(-1.191831064229,1.357052517732));
#12361 = VECTOR('',#12362,1.);
#12362 = DIRECTION('',(1.,-0.));
#12363 = ( GEOMETRIC_REPRESENTATION_CONTEXT(2) 
PARAMETRIC_REPRESENTATION_CONTEXT() REPRESENTATION_CONTEXT('2D SPACE',''
  ) );
#12364 = ORIENTED_EDGE('',*,*,#12365,.F.);
#12365 = EDGE_CURVE('',#12366,#12343,#12368,.T.);
#12366 = VERTEX_POINT('',#12367);
#12367 = CARTESIAN_POINT('',(26.404352247463,-12.18054855418,0.));
#12368 = SURFACE_CURVE('',#12369,(#12373,#12380),.PCURVE_S1.);
#12369 = LINE('',#12370,#12371);
#12370 = CARTESIAN_POINT('',(26.404352247463,-12.18054855418,0.));
#12371 = VECTOR('',#12372,1.);
#12372 = DIRECTION('',(0.,-0.,1.));
#12373 = PCURVE('',#12300,#12374);
#12374 = DEFINITIONAL_REPRESENTATION('',(#12375),#12379);
#12375 = LINE('',#12376,#12377);
#12376 = CARTESIAN_POINT('',(3.839416407939E-02,0.));
#12377 = VECTOR('',#12378,1.);
#12378 = DIRECTION('',(0.,-1.));
#12379 = ( GEOMETRIC_REPRESENTATION_CONTEXT(2) 
PARAMETRIC_REPRESENTATION_CONTEXT() REPRESENTATION_CONTEXT('2D SPACE',''
  ) );
#12380 = PCURVE('',#12381,#12391);
#12381 = SURFACE_OF_LINEAR_EXTRUSION('',#12382,#12389);
#12382 = B_SPLINE_CURVE_WITH_KNOTS('',2,(#12383,#12384,#12385,#12386,
    #12387,#12388),.UNSPECIFIED.,.F.,.F.,(3,1,1,1,3),(0.,1.,2.,
    3.227272727273,4.454545454545),.UNSPECIFIED.);
#12383 = CARTESIAN_POINT('',(26.404352247463,-12.18054855418,0.));
#12384 = CARTESIAN_POINT('',(26.269972673185,-12.52609603089,0.));
#12385 = CARTESIAN_POINT('',(25.598074801796,-13.07321286902,0.));
#12386 = CARTESIAN_POINT('',(24.187089271879,-13.07321286902,0.));
#12387 = CARTESIAN_POINT('',(23.294424957033,-12.10376022602,0.));
#12388 = CARTESIAN_POINT('',(23.294424957033,-11.20149737015,0.));
#12389 = VECTOR('',#12390,1.);
#12390 = DIRECTION('',(-0.,0.,-1.));
#12391 = DEFINITIONAL_REPRESENTATION('',(#12392),#12396);
#12392 = LINE('',#12393,#12394);
#12393 = CARTESIAN_POINT('',(0.,0.));
#12394 = VECTOR('',#12395,1.);
#12395 = DIRECTION('',(0.,-1.));
#12396 = ( GEOMETRIC_REPRESENTATION_CONTEXT(2) 
PARAMETRIC_REPRESENTATION_CONTEXT() REPRESENTATION_CONTEXT('2D SPACE',''
  ) );
#12397 = ORIENTED_EDGE('',*,*,#12398,.F.);
#12398 = EDGE_CURVE('',#12285,#12366,#12399,.T.);
#12399 = SURFACE_CURVE('',#12400,(#12404,#12411),.PCURVE_S1.);
#12400 = LINE('',#12401,#12402);
#12401 = CARTESIAN_POINT('',(26.442746411543,-12.18054855418,0.));
#12402 = VECTOR('',#12403,1.);
#12403 = DIRECTION('',(-1.,-0.,0.));
#12404 = PCURVE('',#12300,#12405);
#12405 = DEFINITIONAL_REPRESENTATION('',(#12406),#12410);
#12406 = LINE('',#12407,#12408);
#12407 = CARTESIAN_POINT('',(0.,0.));
#12408 = VECTOR('',#12409,1.);
#12409 = DIRECTION('',(1.,0.));
#12410 = ( GEOMETRIC_REPRESENTATION_CONTEXT(2) 
PARAMETRIC_REPRESENTATION_CONTEXT() REPRESENTATION_CONTEXT('2D SPACE',''
  ) );
#12411 = PCURVE('',#12326,#12412);
#12412 = DEFINITIONAL_REPRESENTATION('',(#12413),#12417);
#12413 = LINE('',#12414,#12415);
#12414 = CARTESIAN_POINT('',(-1.191831064229,1.357052517732));
#12415 = VECTOR('',#12416,1.);
#12416 = DIRECTION('',(1.,-0.));
#12417 = ( GEOMETRIC_REPRESENTATION_CONTEXT(2) 
PARAMETRIC_REPRESENTATION_CONTEXT() REPRESENTATION_CONTEXT('2D SPACE',''
  ) );
#12418 = ADVANCED_FACE('',(#12419),#12381,.T.);
#12419 = FACE_BOUND('',#12420,.T.);
#12420 = EDGE_LOOP('',(#12421,#12422,#12451,#12479));
#12421 = ORIENTED_EDGE('',*,*,#12365,.T.);
#12422 = ORIENTED_EDGE('',*,*,#12423,.T.);
#12423 = EDGE_CURVE('',#12343,#12424,#12426,.T.);
#12424 = VERTEX_POINT('',#12425);
#12425 = CARTESIAN_POINT('',(23.294424957033,-11.20149737015,0.6));
#12426 = SURFACE_CURVE('',#12427,(#12434,#12441),.PCURVE_S1.);
#12427 = B_SPLINE_CURVE_WITH_KNOTS('',2,(#12428,#12429,#12430,#12431,
    #12432,#12433),.UNSPECIFIED.,.F.,.F.,(3,1,1,1,3),(0.,1.,2.,
    3.227272727273,4.454545454545),.UNSPECIFIED.);
#12428 = CARTESIAN_POINT('',(26.404352247463,-12.18054855418,0.6));
#12429 = CARTESIAN_POINT('',(26.269972673185,-12.52609603089,0.6));
#12430 = CARTESIAN_POINT('',(25.598074801796,-13.07321286902,0.6));
#12431 = CARTESIAN_POINT('',(24.187089271879,-13.07321286902,0.6));
#12432 = CARTESIAN_POINT('',(23.294424957033,-12.10376022602,0.6));
#12433 = CARTESIAN_POINT('',(23.294424957033,-11.20149737015,0.6));
#12434 = PCURVE('',#12381,#12435);
#12435 = DEFINITIONAL_REPRESENTATION('',(#12436),#12440);
#12436 = LINE('',#12437,#12438);
#12437 = CARTESIAN_POINT('',(0.,-0.6));
#12438 = VECTOR('',#12439,1.);
#12439 = DIRECTION('',(1.,0.));
#12440 = ( GEOMETRIC_REPRESENTATION_CONTEXT(2) 
PARAMETRIC_REPRESENTATION_CONTEXT() REPRESENTATION_CONTEXT('2D SPACE',''
  ) );
#12441 = PCURVE('',#12272,#12442);
#12442 = DEFINITIONAL_REPRESENTATION('',(#12443),#12450);
#12443 = B_SPLINE_CURVE_WITH_KNOTS('',2,(#12444,#12445,#12446,#12447,
    #12448,#12449),.UNSPECIFIED.,.F.,.F.,(3,1,1,1,3),(0.,1.,2.,
    3.227272727273,4.454545454545),.UNSPECIFIED.);
#12444 = CARTESIAN_POINT('',(-1.15343690015,1.357052517732));
#12445 = CARTESIAN_POINT('',(-1.019057325872,1.702599994447));
#12446 = CARTESIAN_POINT('',(-0.347159454483,2.249716832578));
#12447 = CARTESIAN_POINT('',(1.063826075434,2.249716832578));
#12448 = CARTESIAN_POINT('',(1.95649039028,1.280264189574));
#12449 = CARTESIAN_POINT('',(1.95649039028,0.378001333708));
#12450 = ( GEOMETRIC_REPRESENTATION_CONTEXT(2) 
PARAMETRIC_REPRESENTATION_CONTEXT() REPRESENTATION_CONTEXT('2D SPACE',''
  ) );
#12451 = ORIENTED_EDGE('',*,*,#12452,.F.);
#12452 = EDGE_CURVE('',#12453,#12424,#12455,.T.);
#12453 = VERTEX_POINT('',#12454);
#12454 = CARTESIAN_POINT('',(23.294424957033,-11.20149737015,0.));
#12455 = SURFACE_CURVE('',#12456,(#12460,#12467),.PCURVE_S1.);
#12456 = LINE('',#12457,#12458);
#12457 = CARTESIAN_POINT('',(23.294424957033,-11.20149737015,0.));
#12458 = VECTOR('',#12459,1.);
#12459 = DIRECTION('',(0.,-0.,1.));
#12460 = PCURVE('',#12381,#12461);
#12461 = DEFINITIONAL_REPRESENTATION('',(#12462),#12466);
#12462 = LINE('',#12463,#12464);
#12463 = CARTESIAN_POINT('',(4.454545454545,0.));
#12464 = VECTOR('',#12465,1.);
#12465 = DIRECTION('',(0.,-1.));
#12466 = ( GEOMETRIC_REPRESENTATION_CONTEXT(2) 
PARAMETRIC_REPRESENTATION_CONTEXT() REPRESENTATION_CONTEXT('2D SPACE',''
  ) );
#12467 = PCURVE('',#12468,#12473);
#12468 = PLANE('',#12469);
#12469 = AXIS2_PLACEMENT_3D('',#12470,#12471,#12472);
#12470 = CARTESIAN_POINT('',(23.294424957033,-11.20149737015,0.));
#12471 = DIRECTION('',(-1.,0.,0.));
#12472 = DIRECTION('',(0.,1.,-0.));
#12473 = DEFINITIONAL_REPRESENTATION('',(#12474),#12478);
#12474 = LINE('',#12475,#12476);
#12475 = CARTESIAN_POINT('',(0.,0.));
#12476 = VECTOR('',#12477,1.);
#12477 = DIRECTION('',(0.,-1.));
#12478 = ( GEOMETRIC_REPRESENTATION_CONTEXT(2) 
PARAMETRIC_REPRESENTATION_CONTEXT() REPRESENTATION_CONTEXT('2D SPACE',''
  ) );
#12479 = ORIENTED_EDGE('',*,*,#12480,.F.);
#12480 = EDGE_CURVE('',#12366,#12453,#12481,.T.);
#12481 = SURFACE_CURVE('',#12482,(#12489,#12496),.PCURVE_S1.);
#12482 = B_SPLINE_CURVE_WITH_KNOTS('',2,(#12483,#12484,#12485,#12486,
    #12487,#12488),.UNSPECIFIED.,.F.,.F.,(3,1,1,1,3),(0.,1.,2.,
    3.227272727273,4.454545454545),.UNSPECIFIED.);
#12483 = CARTESIAN_POINT('',(26.404352247463,-12.18054855418,0.));
#12484 = CARTESIAN_POINT('',(26.269972673185,-12.52609603089,0.));
#12485 = CARTESIAN_POINT('',(25.598074801796,-13.07321286902,0.));
#12486 = CARTESIAN_POINT('',(24.187089271879,-13.07321286902,0.));
#12487 = CARTESIAN_POINT('',(23.294424957033,-12.10376022602,0.));
#12488 = CARTESIAN_POINT('',(23.294424957033,-11.20149737015,0.));
#12489 = PCURVE('',#12381,#12490);
#12490 = DEFINITIONAL_REPRESENTATION('',(#12491),#12495);
#12491 = LINE('',#12492,#12493);
#12492 = CARTESIAN_POINT('',(0.,0.));
#12493 = VECTOR('',#12494,1.);
#12494 = DIRECTION('',(1.,0.));
#12495 = ( GEOMETRIC_REPRESENTATION_CONTEXT(2) 
PARAMETRIC_REPRESENTATION_CONTEXT() REPRESENTATION_CONTEXT('2D SPACE',''
  ) );
#12496 = PCURVE('',#12326,#12497);
#12497 = DEFINITIONAL_REPRESENTATION('',(#12498),#12505);
#12498 = B_SPLINE_CURVE_WITH_KNOTS('',2,(#12499,#12500,#12501,#12502,
    #12503,#12504),.UNSPECIFIED.,.F.,.F.,(3,1,1,1,3),(0.,1.,2.,
    3.227272727273,4.454545454545),.UNSPECIFIED.);
#12499 = CARTESIAN_POINT('',(-1.15343690015,1.357052517732));
#12500 = CARTESIAN_POINT('',(-1.019057325872,1.702599994447));
#12501 = CARTESIAN_POINT('',(-0.347159454483,2.249716832578));
#12502 = CARTESIAN_POINT('',(1.063826075434,2.249716832578));
#12503 = CARTESIAN_POINT('',(1.95649039028,1.280264189574));
#12504 = CARTESIAN_POINT('',(1.95649039028,0.378001333708));
#12505 = ( GEOMETRIC_REPRESENTATION_CONTEXT(2) 
PARAMETRIC_REPRESENTATION_CONTEXT() REPRESENTATION_CONTEXT('2D SPACE',''
  ) );
#12506 = ADVANCED_FACE('',(#12507),#12468,.T.);
#12507 = FACE_BOUND('',#12508,.T.);
#12508 = EDGE_LOOP('',(#12509,#12510,#12533,#12561));
#12509 = ORIENTED_EDGE('',*,*,#12452,.T.);
#12510 = ORIENTED_EDGE('',*,*,#12511,.T.);
#12511 = EDGE_CURVE('',#12424,#12512,#12514,.T.);
#12512 = VERTEX_POINT('',#12513);
#12513 = CARTESIAN_POINT('',(23.294424957033,-8.04357737463,0.6));
#12514 = SURFACE_CURVE('',#12515,(#12519,#12526),.PCURVE_S1.);
#12515 = LINE('',#12516,#12517);
#12516 = CARTESIAN_POINT('',(23.294424957033,-11.20149737015,0.6));
#12517 = VECTOR('',#12518,1.);
#12518 = DIRECTION('',(-0.,1.,-0.));
#12519 = PCURVE('',#12468,#12520);
#12520 = DEFINITIONAL_REPRESENTATION('',(#12521),#12525);
#12521 = LINE('',#12522,#12523);
#12522 = CARTESIAN_POINT('',(0.,-0.6));
#12523 = VECTOR('',#12524,1.);
#12524 = DIRECTION('',(1.,0.));
#12525 = ( GEOMETRIC_REPRESENTATION_CONTEXT(2) 
PARAMETRIC_REPRESENTATION_CONTEXT() REPRESENTATION_CONTEXT('2D SPACE',''
  ) );
#12526 = PCURVE('',#12272,#12527);
#12527 = DEFINITIONAL_REPRESENTATION('',(#12528),#12532);
#12528 = LINE('',#12529,#12530);
#12529 = CARTESIAN_POINT('',(1.95649039028,0.378001333708));
#12530 = VECTOR('',#12531,1.);
#12531 = DIRECTION('',(-0.,-1.));
#12532 = ( GEOMETRIC_REPRESENTATION_CONTEXT(2) 
PARAMETRIC_REPRESENTATION_CONTEXT() REPRESENTATION_CONTEXT('2D SPACE',''
  ) );
#12533 = ORIENTED_EDGE('',*,*,#12534,.F.);
#12534 = EDGE_CURVE('',#12535,#12512,#12537,.T.);
#12535 = VERTEX_POINT('',#12536);
#12536 = CARTESIAN_POINT('',(23.294424957033,-8.04357737463,0.));
#12537 = SURFACE_CURVE('',#12538,(#12542,#12549),.PCURVE_S1.);
#12538 = LINE('',#12539,#12540);
#12539 = CARTESIAN_POINT('',(23.294424957033,-8.04357737463,0.));
#12540 = VECTOR('',#12541,1.);
#12541 = DIRECTION('',(0.,-0.,1.));
#12542 = PCURVE('',#12468,#12543);
#12543 = DEFINITIONAL_REPRESENTATION('',(#12544),#12548);
#12544 = LINE('',#12545,#12546);
#12545 = CARTESIAN_POINT('',(3.157919995529,0.));
#12546 = VECTOR('',#12547,1.);
#12547 = DIRECTION('',(0.,-1.));
#12548 = ( GEOMETRIC_REPRESENTATION_CONTEXT(2) 
PARAMETRIC_REPRESENTATION_CONTEXT() REPRESENTATION_CONTEXT('2D SPACE',''
  ) );
#12549 = PCURVE('',#12550,#12555);
#12550 = PLANE('',#12551);
#12551 = AXIS2_PLACEMENT_3D('',#12552,#12553,#12554);
#12552 = CARTESIAN_POINT('',(23.294424957033,-8.04357737463,0.));
#12553 = DIRECTION('',(0.,1.,0.));
#12554 = DIRECTION('',(1.,0.,-0.));
#12555 = DEFINITIONAL_REPRESENTATION('',(#12556),#12560);
#12556 = LINE('',#12557,#12558);
#12557 = CARTESIAN_POINT('',(0.,0.));
#12558 = VECTOR('',#12559,1.);
#12559 = DIRECTION('',(0.,-1.));
#12560 = ( GEOMETRIC_REPRESENTATION_CONTEXT(2) 
PARAMETRIC_REPRESENTATION_CONTEXT() REPRESENTATION_CONTEXT('2D SPACE',''
  ) );
#12561 = ORIENTED_EDGE('',*,*,#12562,.F.);
#12562 = EDGE_CURVE('',#12453,#12535,#12563,.T.);
#12563 = SURFACE_CURVE('',#12564,(#12568,#12575),.PCURVE_S1.);
#12564 = LINE('',#12565,#12566);
#12565 = CARTESIAN_POINT('',(23.294424957033,-11.20149737015,0.));
#12566 = VECTOR('',#12567,1.);
#12567 = DIRECTION('',(-0.,1.,-0.));
#12568 = PCURVE('',#12468,#12569);
#12569 = DEFINITIONAL_REPRESENTATION('',(#12570),#12574);
#12570 = LINE('',#12571,#12572);
#12571 = CARTESIAN_POINT('',(0.,0.));
#12572 = VECTOR('',#12573,1.);
#12573 = DIRECTION('',(1.,0.));
#12574 = ( GEOMETRIC_REPRESENTATION_CONTEXT(2) 
PARAMETRIC_REPRESENTATION_CONTEXT() REPRESENTATION_CONTEXT('2D SPACE',''
  ) );
#12575 = PCURVE('',#12326,#12576);
#12576 = DEFINITIONAL_REPRESENTATION('',(#12577),#12581);
#12577 = LINE('',#12578,#12579);
#12578 = CARTESIAN_POINT('',(1.95649039028,0.378001333708));
#12579 = VECTOR('',#12580,1.);
#12580 = DIRECTION('',(-0.,-1.));
#12581 = ( GEOMETRIC_REPRESENTATION_CONTEXT(2) 
PARAMETRIC_REPRESENTATION_CONTEXT() REPRESENTATION_CONTEXT('2D SPACE',''
  ) );
#12582 = ADVANCED_FACE('',(#12583),#12550,.T.);
#12583 = FACE_BOUND('',#12584,.T.);
#12584 = EDGE_LOOP('',(#12585,#12586,#12609,#12637));
#12585 = ORIENTED_EDGE('',*,*,#12534,.T.);
#12586 = ORIENTED_EDGE('',*,*,#12587,.T.);
#12587 = EDGE_CURVE('',#12512,#12588,#12590,.T.);
#12588 = VERTEX_POINT('',#12589);
#12589 = CARTESIAN_POINT('',(23.841541795165,-8.04357737463,0.6));
#12590 = SURFACE_CURVE('',#12591,(#12595,#12602),.PCURVE_S1.);
#12591 = LINE('',#12592,#12593);
#12592 = CARTESIAN_POINT('',(23.294424957033,-8.04357737463,0.6));
#12593 = VECTOR('',#12594,1.);
#12594 = DIRECTION('',(1.,-0.,-0.));
#12595 = PCURVE('',#12550,#12596);
#12596 = DEFINITIONAL_REPRESENTATION('',(#12597),#12601);
#12597 = LINE('',#12598,#12599);
#12598 = CARTESIAN_POINT('',(0.,-0.6));
#12599 = VECTOR('',#12600,1.);
#12600 = DIRECTION('',(1.,0.));
#12601 = ( GEOMETRIC_REPRESENTATION_CONTEXT(2) 
PARAMETRIC_REPRESENTATION_CONTEXT() REPRESENTATION_CONTEXT('2D SPACE',''
  ) );
#12602 = PCURVE('',#12272,#12603);
#12603 = DEFINITIONAL_REPRESENTATION('',(#12604),#12608);
#12604 = LINE('',#12605,#12606);
#12605 = CARTESIAN_POINT('',(1.95649039028,-2.779918661821));
#12606 = VECTOR('',#12607,1.);
#12607 = DIRECTION('',(-1.,-0.));
#12608 = ( GEOMETRIC_REPRESENTATION_CONTEXT(2) 
PARAMETRIC_REPRESENTATION_CONTEXT() REPRESENTATION_CONTEXT('2D SPACE',''
  ) );
#12609 = ORIENTED_EDGE('',*,*,#12610,.F.);
#12610 = EDGE_CURVE('',#12611,#12588,#12613,.T.);
#12611 = VERTEX_POINT('',#12612);
#12612 = CARTESIAN_POINT('',(23.841541795165,-8.04357737463,0.));
#12613 = SURFACE_CURVE('',#12614,(#12618,#12625),.PCURVE_S1.);
#12614 = LINE('',#12615,#12616);
#12615 = CARTESIAN_POINT('',(23.841541795165,-8.04357737463,0.));
#12616 = VECTOR('',#12617,1.);
#12617 = DIRECTION('',(0.,-0.,1.));
#12618 = PCURVE('',#12550,#12619);
#12619 = DEFINITIONAL_REPRESENTATION('',(#12620),#12624);
#12620 = LINE('',#12621,#12622);
#12621 = CARTESIAN_POINT('',(0.547116838131,0.));
#12622 = VECTOR('',#12623,1.);
#12623 = DIRECTION('',(0.,-1.));
#12624 = ( GEOMETRIC_REPRESENTATION_CONTEXT(2) 
PARAMETRIC_REPRESENTATION_CONTEXT() REPRESENTATION_CONTEXT('2D SPACE',''
  ) );
#12625 = PCURVE('',#12626,#12631);
#12626 = PLANE('',#12627);
#12627 = AXIS2_PLACEMENT_3D('',#12628,#12629,#12630);
#12628 = CARTESIAN_POINT('',(23.841541795165,-8.04357737463,0.));
#12629 = DIRECTION('',(1.,0.,-0.));
#12630 = DIRECTION('',(0.,-1.,-0.));
#12631 = DEFINITIONAL_REPRESENTATION('',(#12632),#12636);
#12632 = LINE('',#12633,#12634);
#12633 = CARTESIAN_POINT('',(0.,0.));
#12634 = VECTOR('',#12635,1.);
#12635 = DIRECTION('',(0.,-1.));
#12636 = ( GEOMETRIC_REPRESENTATION_CONTEXT(2) 
PARAMETRIC_REPRESENTATION_CONTEXT() REPRESENTATION_CONTEXT('2D SPACE',''
  ) );
#12637 = ORIENTED_EDGE('',*,*,#12638,.F.);
#12638 = EDGE_CURVE('',#12535,#12611,#12639,.T.);
#12639 = SURFACE_CURVE('',#12640,(#12644,#12651),.PCURVE_S1.);
#12640 = LINE('',#12641,#12642);
#12641 = CARTESIAN_POINT('',(23.294424957033,-8.04357737463,0.));
#12642 = VECTOR('',#12643,1.);
#12643 = DIRECTION('',(1.,-0.,-0.));
#12644 = PCURVE('',#12550,#12645);
#12645 = DEFINITIONAL_REPRESENTATION('',(#12646),#12650);
#12646 = LINE('',#12647,#12648);
#12647 = CARTESIAN_POINT('',(0.,0.));
#12648 = VECTOR('',#12649,1.);
#12649 = DIRECTION('',(1.,0.));
#12650 = ( GEOMETRIC_REPRESENTATION_CONTEXT(2) 
PARAMETRIC_REPRESENTATION_CONTEXT() REPRESENTATION_CONTEXT('2D SPACE',''
  ) );
#12651 = PCURVE('',#12326,#12652);
#12652 = DEFINITIONAL_REPRESENTATION('',(#12653),#12657);
#12653 = LINE('',#12654,#12655);
#12654 = CARTESIAN_POINT('',(1.95649039028,-2.779918661821));
#12655 = VECTOR('',#12656,1.);
#12656 = DIRECTION('',(-1.,-0.));
#12657 = ( GEOMETRIC_REPRESENTATION_CONTEXT(2) 
PARAMETRIC_REPRESENTATION_CONTEXT() REPRESENTATION_CONTEXT('2D SPACE',''
  ) );
#12658 = ADVANCED_FACE('',(#12659),#12626,.T.);
#12659 = FACE_BOUND('',#12660,.T.);
#12660 = EDGE_LOOP('',(#12661,#12662,#12685,#12719));
#12661 = ORIENTED_EDGE('',*,*,#12610,.T.);
#12662 = ORIENTED_EDGE('',*,*,#12663,.T.);
#12663 = EDGE_CURVE('',#12588,#12664,#12666,.T.);
#12664 = VERTEX_POINT('',#12665);
#12665 = CARTESIAN_POINT('',(23.841541795165,-11.09591341894,0.6));
#12666 = SURFACE_CURVE('',#12667,(#12671,#12678),.PCURVE_S1.);
#12667 = LINE('',#12668,#12669);
#12668 = CARTESIAN_POINT('',(23.841541795165,-8.04357737463,0.6));
#12669 = VECTOR('',#12670,1.);
#12670 = DIRECTION('',(-0.,-1.,-0.));
#12671 = PCURVE('',#12626,#12672);
#12672 = DEFINITIONAL_REPRESENTATION('',(#12673),#12677);
#12673 = LINE('',#12674,#12675);
#12674 = CARTESIAN_POINT('',(0.,-0.6));
#12675 = VECTOR('',#12676,1.);
#12676 = DIRECTION('',(1.,0.));
#12677 = ( GEOMETRIC_REPRESENTATION_CONTEXT(2) 
PARAMETRIC_REPRESENTATION_CONTEXT() REPRESENTATION_CONTEXT('2D SPACE',''
  ) );
#12678 = PCURVE('',#12272,#12679);
#12679 = DEFINITIONAL_REPRESENTATION('',(#12680),#12684);
#12680 = LINE('',#12681,#12682);
#12681 = CARTESIAN_POINT('',(1.409373552149,-2.779918661821));
#12682 = VECTOR('',#12683,1.);
#12683 = DIRECTION('',(-0.,1.));
#12684 = ( GEOMETRIC_REPRESENTATION_CONTEXT(2) 
PARAMETRIC_REPRESENTATION_CONTEXT() REPRESENTATION_CONTEXT('2D SPACE',''
  ) );
#12685 = ORIENTED_EDGE('',*,*,#12686,.F.);
#12686 = EDGE_CURVE('',#12687,#12664,#12689,.T.);
#12687 = VERTEX_POINT('',#12688);
#12688 = CARTESIAN_POINT('',(23.841541795165,-11.09591341894,0.));
#12689 = SURFACE_CURVE('',#12690,(#12694,#12701),.PCURVE_S1.);
#12690 = LINE('',#12691,#12692);
#12691 = CARTESIAN_POINT('',(23.841541795165,-11.09591341894,0.));
#12692 = VECTOR('',#12693,1.);
#12693 = DIRECTION('',(0.,-0.,1.));
#12694 = PCURVE('',#12626,#12695);
#12695 = DEFINITIONAL_REPRESENTATION('',(#12696),#12700);
#12696 = LINE('',#12697,#12698);
#12697 = CARTESIAN_POINT('',(3.052336044311,-0.));
#12698 = VECTOR('',#12699,1.);
#12699 = DIRECTION('',(0.,-1.));
#12700 = ( GEOMETRIC_REPRESENTATION_CONTEXT(2) 
PARAMETRIC_REPRESENTATION_CONTEXT() REPRESENTATION_CONTEXT('2D SPACE',''
  ) );
#12701 = PCURVE('',#12702,#12713);
#12702 = SURFACE_OF_LINEAR_EXTRUSION('',#12703,#12711);
#12703 = B_SPLINE_CURVE_WITH_KNOTS('',2,(#12704,#12705,#12706,#12707,
    #12708,#12709,#12710),.UNSPECIFIED.,.F.,.F.,(3,1,1,1,1,3),(0.,1.,2.,
    2.5625,3.125,3.6875),.UNSPECIFIED.);
#12704 = CARTESIAN_POINT('',(23.841541795165,-11.09591341894,0.));
#12705 = CARTESIAN_POINT('',(23.841541795165,-11.84459961848,0.));
#12706 = CARTESIAN_POINT('',(24.494242584514,-12.58368727701,0.));
#12707 = CARTESIAN_POINT('',(25.454096686499,-12.58368727701,0.));
#12708 = CARTESIAN_POINT('',(26.058804770749,-12.34372375152,0.));
#12709 = CARTESIAN_POINT('',(26.442746411543,-11.86379670052,0.));
#12710 = CARTESIAN_POINT('',(26.442746411543,-11.48945360075,0.));
#12711 = VECTOR('',#12712,1.);
#12712 = DIRECTION('',(-0.,0.,-1.));
#12713 = DEFINITIONAL_REPRESENTATION('',(#12714),#12718);
#12714 = LINE('',#12715,#12716);
#12715 = CARTESIAN_POINT('',(0.,0.));
#12716 = VECTOR('',#12717,1.);
#12717 = DIRECTION('',(0.,-1.));
#12718 = ( GEOMETRIC_REPRESENTATION_CONTEXT(2) 
PARAMETRIC_REPRESENTATION_CONTEXT() REPRESENTATION_CONTEXT('2D SPACE',''
  ) );
#12719 = ORIENTED_EDGE('',*,*,#12720,.F.);
#12720 = EDGE_CURVE('',#12611,#12687,#12721,.T.);
#12721 = SURFACE_CURVE('',#12722,(#12726,#12733),.PCURVE_S1.);
#12722 = LINE('',#12723,#12724);
#12723 = CARTESIAN_POINT('',(23.841541795165,-8.04357737463,0.));
#12724 = VECTOR('',#12725,1.);
#12725 = DIRECTION('',(-0.,-1.,-0.));
#12726 = PCURVE('',#12626,#12727);
#12727 = DEFINITIONAL_REPRESENTATION('',(#12728),#12732);
#12728 = LINE('',#12729,#12730);
#12729 = CARTESIAN_POINT('',(0.,0.));
#12730 = VECTOR('',#12731,1.);
#12731 = DIRECTION('',(1.,0.));
#12732 = ( GEOMETRIC_REPRESENTATION_CONTEXT(2) 
PARAMETRIC_REPRESENTATION_CONTEXT() REPRESENTATION_CONTEXT('2D SPACE',''
  ) );
#12733 = PCURVE('',#12326,#12734);
#12734 = DEFINITIONAL_REPRESENTATION('',(#12735),#12739);
#12735 = LINE('',#12736,#12737);
#12736 = CARTESIAN_POINT('',(1.409373552149,-2.779918661821));
#12737 = VECTOR('',#12738,1.);
#12738 = DIRECTION('',(-0.,1.));
#12739 = ( GEOMETRIC_REPRESENTATION_CONTEXT(2) 
PARAMETRIC_REPRESENTATION_CONTEXT() REPRESENTATION_CONTEXT('2D SPACE',''
  ) );
#12740 = ADVANCED_FACE('',(#12741),#12702,.T.);
#12741 = FACE_BOUND('',#12742,.T.);
#12742 = EDGE_LOOP('',(#12743,#12744,#12775,#12803));
#12743 = ORIENTED_EDGE('',*,*,#12686,.T.);
#12744 = ORIENTED_EDGE('',*,*,#12745,.T.);
#12745 = EDGE_CURVE('',#12664,#12746,#12748,.T.);
#12746 = VERTEX_POINT('',#12747);
#12747 = CARTESIAN_POINT('',(26.442746411543,-11.48945360075,0.6));
#12748 = SURFACE_CURVE('',#12749,(#12757,#12764),.PCURVE_S1.);
#12749 = B_SPLINE_CURVE_WITH_KNOTS('',2,(#12750,#12751,#12752,#12753,
    #12754,#12755,#12756),.UNSPECIFIED.,.F.,.F.,(3,1,1,1,1,3),(0.,1.,2.,
    2.5625,3.125,3.6875),.UNSPECIFIED.);
#12750 = CARTESIAN_POINT('',(23.841541795165,-11.09591341894,0.6));
#12751 = CARTESIAN_POINT('',(23.841541795165,-11.84459961848,0.6));
#12752 = CARTESIAN_POINT('',(24.494242584514,-12.58368727701,0.6));
#12753 = CARTESIAN_POINT('',(25.454096686499,-12.58368727701,0.6));
#12754 = CARTESIAN_POINT('',(26.058804770749,-12.34372375152,0.6));
#12755 = CARTESIAN_POINT('',(26.442746411543,-11.86379670052,0.6));
#12756 = CARTESIAN_POINT('',(26.442746411543,-11.48945360075,0.6));
#12757 = PCURVE('',#12702,#12758);
#12758 = DEFINITIONAL_REPRESENTATION('',(#12759),#12763);
#12759 = LINE('',#12760,#12761);
#12760 = CARTESIAN_POINT('',(0.,-0.6));
#12761 = VECTOR('',#12762,1.);
#12762 = DIRECTION('',(1.,0.));
#12763 = ( GEOMETRIC_REPRESENTATION_CONTEXT(2) 
PARAMETRIC_REPRESENTATION_CONTEXT() REPRESENTATION_CONTEXT('2D SPACE',''
  ) );
#12764 = PCURVE('',#12272,#12765);
#12765 = DEFINITIONAL_REPRESENTATION('',(#12766),#12774);
#12766 = B_SPLINE_CURVE_WITH_KNOTS('',2,(#12767,#12768,#12769,#12770,
    #12771,#12772,#12773),.UNSPECIFIED.,.F.,.F.,(3,1,1,1,1,3),(0.,1.,2.,
    2.5625,3.125,3.6875),.UNSPECIFIED.);
#12767 = CARTESIAN_POINT('',(1.409373552149,0.27241738249));
#12768 = CARTESIAN_POINT('',(1.409373552149,1.021103582038));
#12769 = CARTESIAN_POINT('',(0.756672762799,1.760191240566));
#12770 = CARTESIAN_POINT('',(-0.203181339185,1.760191240566));
#12771 = CARTESIAN_POINT('',(-0.807889423435,1.52022771507));
#12772 = CARTESIAN_POINT('',(-1.191831064229,1.040300664078));
#12773 = CARTESIAN_POINT('',(-1.191831064229,0.665957564304));
#12774 = ( GEOMETRIC_REPRESENTATION_CONTEXT(2) 
PARAMETRIC_REPRESENTATION_CONTEXT() REPRESENTATION_CONTEXT('2D SPACE',''
  ) );
#12775 = ORIENTED_EDGE('',*,*,#12776,.F.);
#12776 = EDGE_CURVE('',#12777,#12746,#12779,.T.);
#12777 = VERTEX_POINT('',#12778);
#12778 = CARTESIAN_POINT('',(26.442746411543,-11.48945360075,0.));
#12779 = SURFACE_CURVE('',#12780,(#12784,#12791),.PCURVE_S1.);
#12780 = LINE('',#12781,#12782);
#12781 = CARTESIAN_POINT('',(26.442746411543,-11.48945360075,0.));
#12782 = VECTOR('',#12783,1.);
#12783 = DIRECTION('',(0.,-0.,1.));
#12784 = PCURVE('',#12702,#12785);
#12785 = DEFINITIONAL_REPRESENTATION('',(#12786),#12790);
#12786 = LINE('',#12787,#12788);
#12787 = CARTESIAN_POINT('',(3.6875,0.));
#12788 = VECTOR('',#12789,1.);
#12789 = DIRECTION('',(0.,-1.));
#12790 = ( GEOMETRIC_REPRESENTATION_CONTEXT(2) 
PARAMETRIC_REPRESENTATION_CONTEXT() REPRESENTATION_CONTEXT('2D SPACE',''
  ) );
#12791 = PCURVE('',#12792,#12797);
#12792 = PLANE('',#12793);
#12793 = AXIS2_PLACEMENT_3D('',#12794,#12795,#12796);
#12794 = CARTESIAN_POINT('',(26.442746411543,-11.48945360075,0.));
#12795 = DIRECTION('',(-1.,0.,0.));
#12796 = DIRECTION('',(0.,1.,-0.));
#12797 = DEFINITIONAL_REPRESENTATION('',(#12798),#12802);
#12798 = LINE('',#12799,#12800);
#12799 = CARTESIAN_POINT('',(0.,0.));
#12800 = VECTOR('',#12801,1.);
#12801 = DIRECTION('',(0.,-1.));
#12802 = ( GEOMETRIC_REPRESENTATION_CONTEXT(2) 
PARAMETRIC_REPRESENTATION_CONTEXT() REPRESENTATION_CONTEXT('2D SPACE',''
  ) );
#12803 = ORIENTED_EDGE('',*,*,#12804,.F.);
#12804 = EDGE_CURVE('',#12687,#12777,#12805,.T.);
#12805 = SURFACE_CURVE('',#12806,(#12814,#12821),.PCURVE_S1.);
#12806 = B_SPLINE_CURVE_WITH_KNOTS('',2,(#12807,#12808,#12809,#12810,
    #12811,#12812,#12813),.UNSPECIFIED.,.F.,.F.,(3,1,1,1,1,3),(0.,1.,2.,
    2.5625,3.125,3.6875),.UNSPECIFIED.);
#12807 = CARTESIAN_POINT('',(23.841541795165,-11.09591341894,0.));
#12808 = CARTESIAN_POINT('',(23.841541795165,-11.84459961848,0.));
#12809 = CARTESIAN_POINT('',(24.494242584514,-12.58368727701,0.));
#12810 = CARTESIAN_POINT('',(25.454096686499,-12.58368727701,0.));
#12811 = CARTESIAN_POINT('',(26.058804770749,-12.34372375152,0.));
#12812 = CARTESIAN_POINT('',(26.442746411543,-11.86379670052,0.));
#12813 = CARTESIAN_POINT('',(26.442746411543,-11.48945360075,0.));
#12814 = PCURVE('',#12702,#12815);
#12815 = DEFINITIONAL_REPRESENTATION('',(#12816),#12820);
#12816 = LINE('',#12817,#12818);
#12817 = CARTESIAN_POINT('',(0.,0.));
#12818 = VECTOR('',#12819,1.);
#12819 = DIRECTION('',(1.,0.));
#12820 = ( GEOMETRIC_REPRESENTATION_CONTEXT(2) 
PARAMETRIC_REPRESENTATION_CONTEXT() REPRESENTATION_CONTEXT('2D SPACE',''
  ) );
#12821 = PCURVE('',#12326,#12822);
#12822 = DEFINITIONAL_REPRESENTATION('',(#12823),#12831);
#12823 = B_SPLINE_CURVE_WITH_KNOTS('',2,(#12824,#12825,#12826,#12827,
    #12828,#12829,#12830),.UNSPECIFIED.,.F.,.F.,(3,1,1,1,1,3),(0.,1.,2.,
    2.5625,3.125,3.6875),.UNSPECIFIED.);
#12824 = CARTESIAN_POINT('',(1.409373552149,0.27241738249));
#12825 = CARTESIAN_POINT('',(1.409373552149,1.021103582038));
#12826 = CARTESIAN_POINT('',(0.756672762799,1.760191240566));
#12827 = CARTESIAN_POINT('',(-0.203181339185,1.760191240566));
#12828 = CARTESIAN_POINT('',(-0.807889423435,1.52022771507));
#12829 = CARTESIAN_POINT('',(-1.191831064229,1.040300664078));
#12830 = CARTESIAN_POINT('',(-1.191831064229,0.665957564304));
#12831 = ( GEOMETRIC_REPRESENTATION_CONTEXT(2) 
PARAMETRIC_REPRESENTATION_CONTEXT() REPRESENTATION_CONTEXT('2D SPACE',''
  ) );
#12832 = ADVANCED_FACE('',(#12833),#12792,.T.);
#12833 = FACE_BOUND('',#12834,.T.);
#12834 = EDGE_LOOP('',(#12835,#12836,#12859,#12887));
#12835 = ORIENTED_EDGE('',*,*,#12776,.T.);
#12836 = ORIENTED_EDGE('',*,*,#12837,.T.);
#12837 = EDGE_CURVE('',#12746,#12838,#12840,.T.);
#12838 = VERTEX_POINT('',#12839);
#12839 = CARTESIAN_POINT('',(26.442746411543,-8.04357737463,0.6));
#12840 = SURFACE_CURVE('',#12841,(#12845,#12852),.PCURVE_S1.);
#12841 = LINE('',#12842,#12843);
#12842 = CARTESIAN_POINT('',(26.442746411543,-11.48945360075,0.6));
#12843 = VECTOR('',#12844,1.);
#12844 = DIRECTION('',(-0.,1.,-0.));
#12845 = PCURVE('',#12792,#12846);
#12846 = DEFINITIONAL_REPRESENTATION('',(#12847),#12851);
#12847 = LINE('',#12848,#12849);
#12848 = CARTESIAN_POINT('',(0.,-0.6));
#12849 = VECTOR('',#12850,1.);
#12850 = DIRECTION('',(1.,0.));
#12851 = ( GEOMETRIC_REPRESENTATION_CONTEXT(2) 
PARAMETRIC_REPRESENTATION_CONTEXT() REPRESENTATION_CONTEXT('2D SPACE',''
  ) );
#12852 = PCURVE('',#12272,#12853);
#12853 = DEFINITIONAL_REPRESENTATION('',(#12854),#12858);
#12854 = LINE('',#12855,#12856);
#12855 = CARTESIAN_POINT('',(-1.191831064229,0.665957564304));
#12856 = VECTOR('',#12857,1.);
#12857 = DIRECTION('',(-0.,-1.));
#12858 = ( GEOMETRIC_REPRESENTATION_CONTEXT(2) 
PARAMETRIC_REPRESENTATION_CONTEXT() REPRESENTATION_CONTEXT('2D SPACE',''
  ) );
#12859 = ORIENTED_EDGE('',*,*,#12860,.F.);
#12860 = EDGE_CURVE('',#12861,#12838,#12863,.T.);
#12861 = VERTEX_POINT('',#12862);
#12862 = CARTESIAN_POINT('',(26.442746411543,-8.04357737463,0.));
#12863 = SURFACE_CURVE('',#12864,(#12868,#12875),.PCURVE_S1.);
#12864 = LINE('',#12865,#12866);
#12865 = CARTESIAN_POINT('',(26.442746411543,-8.04357737463,0.));
#12866 = VECTOR('',#12867,1.);
#12867 = DIRECTION('',(0.,-0.,1.));
#12868 = PCURVE('',#12792,#12869);
#12869 = DEFINITIONAL_REPRESENTATION('',(#12870),#12874);
#12870 = LINE('',#12871,#12872);
#12871 = CARTESIAN_POINT('',(3.445876226124,0.));
#12872 = VECTOR('',#12873,1.);
#12873 = DIRECTION('',(0.,-1.));
#12874 = ( GEOMETRIC_REPRESENTATION_CONTEXT(2) 
PARAMETRIC_REPRESENTATION_CONTEXT() REPRESENTATION_CONTEXT('2D SPACE',''
  ) );
#12875 = PCURVE('',#12876,#12881);
#12876 = PLANE('',#12877);
#12877 = AXIS2_PLACEMENT_3D('',#12878,#12879,#12880);
#12878 = CARTESIAN_POINT('',(26.442746411543,-8.04357737463,0.));
#12879 = DIRECTION('',(0.,1.,0.));
#12880 = DIRECTION('',(1.,0.,-0.));
#12881 = DEFINITIONAL_REPRESENTATION('',(#12882),#12886);
#12882 = LINE('',#12883,#12884);
#12883 = CARTESIAN_POINT('',(0.,0.));
#12884 = VECTOR('',#12885,1.);
#12885 = DIRECTION('',(0.,-1.));
#12886 = ( GEOMETRIC_REPRESENTATION_CONTEXT(2) 
PARAMETRIC_REPRESENTATION_CONTEXT() REPRESENTATION_CONTEXT('2D SPACE',''
  ) );
#12887 = ORIENTED_EDGE('',*,*,#12888,.F.);
#12888 = EDGE_CURVE('',#12777,#12861,#12889,.T.);
#12889 = SURFACE_CURVE('',#12890,(#12894,#12901),.PCURVE_S1.);
#12890 = LINE('',#12891,#12892);
#12891 = CARTESIAN_POINT('',(26.442746411543,-11.48945360075,0.));
#12892 = VECTOR('',#12893,1.);
#12893 = DIRECTION('',(-0.,1.,-0.));
#12894 = PCURVE('',#12792,#12895);
#12895 = DEFINITIONAL_REPRESENTATION('',(#12896),#12900);
#12896 = LINE('',#12897,#12898);
#12897 = CARTESIAN_POINT('',(0.,0.));
#12898 = VECTOR('',#12899,1.);
#12899 = DIRECTION('',(1.,0.));
#12900 = ( GEOMETRIC_REPRESENTATION_CONTEXT(2) 
PARAMETRIC_REPRESENTATION_CONTEXT() REPRESENTATION_CONTEXT('2D SPACE',''
  ) );
#12901 = PCURVE('',#12326,#12902);
#12902 = DEFINITIONAL_REPRESENTATION('',(#12903),#12907);
#12903 = LINE('',#12904,#12905);
#12904 = CARTESIAN_POINT('',(-1.191831064229,0.665957564304));
#12905 = VECTOR('',#12906,1.);
#12906 = DIRECTION('',(-0.,-1.));
#12907 = ( GEOMETRIC_REPRESENTATION_CONTEXT(2) 
PARAMETRIC_REPRESENTATION_CONTEXT() REPRESENTATION_CONTEXT('2D SPACE',''
  ) );
#12908 = ADVANCED_FACE('',(#12909),#12876,.T.);
#12909 = FACE_BOUND('',#12910,.T.);
#12910 = EDGE_LOOP('',(#12911,#12912,#12935,#12963));
#12911 = ORIENTED_EDGE('',*,*,#12860,.T.);
#12912 = ORIENTED_EDGE('',*,*,#12913,.T.);
#12913 = EDGE_CURVE('',#12838,#12914,#12916,.T.);
#12914 = VERTEX_POINT('',#12915);
#12915 = CARTESIAN_POINT('',(26.989863249674,-8.04357737463,0.6));
#12916 = SURFACE_CURVE('',#12917,(#12921,#12928),.PCURVE_S1.);
#12917 = LINE('',#12918,#12919);
#12918 = CARTESIAN_POINT('',(26.442746411543,-8.04357737463,0.6));
#12919 = VECTOR('',#12920,1.);
#12920 = DIRECTION('',(1.,-0.,-0.));
#12921 = PCURVE('',#12876,#12922);
#12922 = DEFINITIONAL_REPRESENTATION('',(#12923),#12927);
#12923 = LINE('',#12924,#12925);
#12924 = CARTESIAN_POINT('',(0.,-0.6));
#12925 = VECTOR('',#12926,1.);
#12926 = DIRECTION('',(1.,0.));
#12927 = ( GEOMETRIC_REPRESENTATION_CONTEXT(2) 
PARAMETRIC_REPRESENTATION_CONTEXT() REPRESENTATION_CONTEXT('2D SPACE',''
  ) );
#12928 = PCURVE('',#12272,#12929);
#12929 = DEFINITIONAL_REPRESENTATION('',(#12930),#12934);
#12930 = LINE('',#12931,#12932);
#12931 = CARTESIAN_POINT('',(-1.191831064229,-2.779918661821));
#12932 = VECTOR('',#12933,1.);
#12933 = DIRECTION('',(-1.,-0.));
#12934 = ( GEOMETRIC_REPRESENTATION_CONTEXT(2) 
PARAMETRIC_REPRESENTATION_CONTEXT() REPRESENTATION_CONTEXT('2D SPACE',''
  ) );
#12935 = ORIENTED_EDGE('',*,*,#12936,.F.);
#12936 = EDGE_CURVE('',#12937,#12914,#12939,.T.);
#12937 = VERTEX_POINT('',#12938);
#12938 = CARTESIAN_POINT('',(26.989863249674,-8.04357737463,0.));
#12939 = SURFACE_CURVE('',#12940,(#12944,#12951),.PCURVE_S1.);
#12940 = LINE('',#12941,#12942);
#12941 = CARTESIAN_POINT('',(26.989863249674,-8.04357737463,0.));
#12942 = VECTOR('',#12943,1.);
#12943 = DIRECTION('',(0.,-0.,1.));
#12944 = PCURVE('',#12876,#12945);
#12945 = DEFINITIONAL_REPRESENTATION('',(#12946),#12950);
#12946 = LINE('',#12947,#12948);
#12947 = CARTESIAN_POINT('',(0.547116838131,0.));
#12948 = VECTOR('',#12949,1.);
#12949 = DIRECTION('',(0.,-1.));
#12950 = ( GEOMETRIC_REPRESENTATION_CONTEXT(2) 
PARAMETRIC_REPRESENTATION_CONTEXT() REPRESENTATION_CONTEXT('2D SPACE',''
  ) );
#12951 = PCURVE('',#12952,#12957);
#12952 = PLANE('',#12953);
#12953 = AXIS2_PLACEMENT_3D('',#12954,#12955,#12956);
#12954 = CARTESIAN_POINT('',(26.989863249674,-8.04357737463,0.));
#12955 = DIRECTION('',(1.,0.,-0.));
#12956 = DIRECTION('',(0.,-1.,-0.));
#12957 = DEFINITIONAL_REPRESENTATION('',(#12958),#12962);
#12958 = LINE('',#12959,#12960);
#12959 = CARTESIAN_POINT('',(0.,0.));
#12960 = VECTOR('',#12961,1.);
#12961 = DIRECTION('',(0.,-1.));
#12962 = ( GEOMETRIC_REPRESENTATION_CONTEXT(2) 
PARAMETRIC_REPRESENTATION_CONTEXT() REPRESENTATION_CONTEXT('2D SPACE',''
  ) );
#12963 = ORIENTED_EDGE('',*,*,#12964,.F.);
#12964 = EDGE_CURVE('',#12861,#12937,#12965,.T.);
#12965 = SURFACE_CURVE('',#12966,(#12970,#12977),.PCURVE_S1.);
#12966 = LINE('',#12967,#12968);
#12967 = CARTESIAN_POINT('',(26.442746411543,-8.04357737463,0.));
#12968 = VECTOR('',#12969,1.);
#12969 = DIRECTION('',(1.,-0.,-0.));
#12970 = PCURVE('',#12876,#12971);
#12971 = DEFINITIONAL_REPRESENTATION('',(#12972),#12976);
#12972 = LINE('',#12973,#12974);
#12973 = CARTESIAN_POINT('',(0.,0.));
#12974 = VECTOR('',#12975,1.);
#12975 = DIRECTION('',(1.,0.));
#12976 = ( GEOMETRIC_REPRESENTATION_CONTEXT(2) 
PARAMETRIC_REPRESENTATION_CONTEXT() REPRESENTATION_CONTEXT('2D SPACE',''
  ) );
#12977 = PCURVE('',#12326,#12978);
#12978 = DEFINITIONAL_REPRESENTATION('',(#12979),#12983);
#12979 = LINE('',#12980,#12981);
#12980 = CARTESIAN_POINT('',(-1.191831064229,-2.779918661821));
#12981 = VECTOR('',#12982,1.);
#12982 = DIRECTION('',(-1.,-0.));
#12983 = ( GEOMETRIC_REPRESENTATION_CONTEXT(2) 
PARAMETRIC_REPRESENTATION_CONTEXT() REPRESENTATION_CONTEXT('2D SPACE',''
  ) );
#12984 = ADVANCED_FACE('',(#12985),#12952,.T.);
#12985 = FACE_BOUND('',#12986,.T.);
#12986 = EDGE_LOOP('',(#12987,#12988,#13011,#13034));
#12987 = ORIENTED_EDGE('',*,*,#12936,.T.);
#12988 = ORIENTED_EDGE('',*,*,#12989,.T.);
#12989 = EDGE_CURVE('',#12914,#12990,#12992,.T.);
#12990 = VERTEX_POINT('',#12991);
#12991 = CARTESIAN_POINT('',(26.989863249674,-12.95803037679,0.6));
#12992 = SURFACE_CURVE('',#12993,(#12997,#13004),.PCURVE_S1.);
#12993 = LINE('',#12994,#12995);
#12994 = CARTESIAN_POINT('',(26.989863249674,-8.04357737463,0.6));
#12995 = VECTOR('',#12996,1.);
#12996 = DIRECTION('',(-0.,-1.,-0.));
#12997 = PCURVE('',#12952,#12998);
#12998 = DEFINITIONAL_REPRESENTATION('',(#12999),#13003);
#12999 = LINE('',#13000,#13001);
#13000 = CARTESIAN_POINT('',(0.,-0.6));
#13001 = VECTOR('',#13002,1.);
#13002 = DIRECTION('',(1.,0.));
#13003 = ( GEOMETRIC_REPRESENTATION_CONTEXT(2) 
PARAMETRIC_REPRESENTATION_CONTEXT() REPRESENTATION_CONTEXT('2D SPACE',''
  ) );
#13004 = PCURVE('',#12272,#13005);
#13005 = DEFINITIONAL_REPRESENTATION('',(#13006),#13010);
#13006 = LINE('',#13007,#13008);
#13007 = CARTESIAN_POINT('',(-1.73894790236,-2.779918661821));
#13008 = VECTOR('',#13009,1.);
#13009 = DIRECTION('',(-0.,1.));
#13010 = ( GEOMETRIC_REPRESENTATION_CONTEXT(2) 
PARAMETRIC_REPRESENTATION_CONTEXT() REPRESENTATION_CONTEXT('2D SPACE',''
  ) );
#13011 = ORIENTED_EDGE('',*,*,#13012,.F.);
#13012 = EDGE_CURVE('',#13013,#12990,#13015,.T.);
#13013 = VERTEX_POINT('',#13014);
#13014 = CARTESIAN_POINT('',(26.989863249674,-12.95803037679,0.));
#13015 = SURFACE_CURVE('',#13016,(#13020,#13027),.PCURVE_S1.);
#13016 = LINE('',#13017,#13018);
#13017 = CARTESIAN_POINT('',(26.989863249674,-12.95803037679,0.));
#13018 = VECTOR('',#13019,1.);
#13019 = DIRECTION('',(0.,-0.,1.));
#13020 = PCURVE('',#12952,#13021);
#13021 = DEFINITIONAL_REPRESENTATION('',(#13022),#13026);
#13022 = LINE('',#13023,#13024);
#13023 = CARTESIAN_POINT('',(4.914453002161,-0.));
#13024 = VECTOR('',#13025,1.);
#13025 = DIRECTION('',(0.,-1.));
#13026 = ( GEOMETRIC_REPRESENTATION_CONTEXT(2) 
PARAMETRIC_REPRESENTATION_CONTEXT() REPRESENTATION_CONTEXT('2D SPACE',''
  ) );
#13027 = PCURVE('',#12244,#13028);
#13028 = DEFINITIONAL_REPRESENTATION('',(#13029),#13033);
#13029 = LINE('',#13030,#13031);
#13030 = CARTESIAN_POINT('',(0.,0.));
#13031 = VECTOR('',#13032,1.);
#13032 = DIRECTION('',(0.,-1.));
#13033 = ( GEOMETRIC_REPRESENTATION_CONTEXT(2) 
PARAMETRIC_REPRESENTATION_CONTEXT() REPRESENTATION_CONTEXT('2D SPACE',''
  ) );
#13034 = ORIENTED_EDGE('',*,*,#13035,.F.);
#13035 = EDGE_CURVE('',#12937,#13013,#13036,.T.);
#13036 = SURFACE_CURVE('',#13037,(#13041,#13048),.PCURVE_S1.);
#13037 = LINE('',#13038,#13039);
#13038 = CARTESIAN_POINT('',(26.989863249674,-8.04357737463,0.));
#13039 = VECTOR('',#13040,1.);
#13040 = DIRECTION('',(-0.,-1.,-0.));
#13041 = PCURVE('',#12952,#13042);
#13042 = DEFINITIONAL_REPRESENTATION('',(#13043),#13047);
#13043 = LINE('',#13044,#13045);
#13044 = CARTESIAN_POINT('',(0.,0.));
#13045 = VECTOR('',#13046,1.);
#13046 = DIRECTION('',(1.,0.));
#13047 = ( GEOMETRIC_REPRESENTATION_CONTEXT(2) 
PARAMETRIC_REPRESENTATION_CONTEXT() REPRESENTATION_CONTEXT('2D SPACE',''
  ) );
#13048 = PCURVE('',#12326,#13049);
#13049 = DEFINITIONAL_REPRESENTATION('',(#13050),#13054);
#13050 = LINE('',#13051,#13052);
#13051 = CARTESIAN_POINT('',(-1.73894790236,-2.779918661821));
#13052 = VECTOR('',#13053,1.);
#13053 = DIRECTION('',(-0.,1.));
#13054 = ( GEOMETRIC_REPRESENTATION_CONTEXT(2) 
PARAMETRIC_REPRESENTATION_CONTEXT() REPRESENTATION_CONTEXT('2D SPACE',''
  ) );
#13055 = ADVANCED_FACE('',(#13056),#12244,.T.);
#13056 = FACE_BOUND('',#13057,.T.);
#13057 = EDGE_LOOP('',(#13058,#13059,#13080,#13081));
#13058 = ORIENTED_EDGE('',*,*,#13012,.T.);
#13059 = ORIENTED_EDGE('',*,*,#13060,.T.);
#13060 = EDGE_CURVE('',#12990,#12224,#13061,.T.);
#13061 = SURFACE_CURVE('',#13062,(#13066,#13073),.PCURVE_S1.);
#13062 = LINE('',#13063,#13064);
#13063 = CARTESIAN_POINT('',(26.989863249674,-12.95803037679,0.6));
#13064 = VECTOR('',#13065,1.);
#13065 = DIRECTION('',(-1.,-0.,0.));
#13066 = PCURVE('',#12244,#13067);
#13067 = DEFINITIONAL_REPRESENTATION('',(#13068),#13072);
#13068 = LINE('',#13069,#13070);
#13069 = CARTESIAN_POINT('',(0.,-0.6));
#13070 = VECTOR('',#13071,1.);
#13071 = DIRECTION('',(1.,0.));
#13072 = ( GEOMETRIC_REPRESENTATION_CONTEXT(2) 
PARAMETRIC_REPRESENTATION_CONTEXT() REPRESENTATION_CONTEXT('2D SPACE',''
  ) );
#13073 = PCURVE('',#12272,#13074);
#13074 = DEFINITIONAL_REPRESENTATION('',(#13075),#13079);
#13075 = LINE('',#13076,#13077);
#13076 = CARTESIAN_POINT('',(-1.73894790236,2.13453434034));
#13077 = VECTOR('',#13078,1.);
#13078 = DIRECTION('',(1.,-0.));
#13079 = ( GEOMETRIC_REPRESENTATION_CONTEXT(2) 
PARAMETRIC_REPRESENTATION_CONTEXT() REPRESENTATION_CONTEXT('2D SPACE',''
  ) );
#13080 = ORIENTED_EDGE('',*,*,#12221,.F.);
#13081 = ORIENTED_EDGE('',*,*,#13082,.F.);
#13082 = EDGE_CURVE('',#13013,#12222,#13083,.T.);
#13083 = SURFACE_CURVE('',#13084,(#13088,#13095),.PCURVE_S1.);
#13084 = LINE('',#13085,#13086);
#13085 = CARTESIAN_POINT('',(26.989863249674,-12.95803037679,0.));
#13086 = VECTOR('',#13087,1.);
#13087 = DIRECTION('',(-1.,-0.,0.));
#13088 = PCURVE('',#12244,#13089);
#13089 = DEFINITIONAL_REPRESENTATION('',(#13090),#13094);
#13090 = LINE('',#13091,#13092);
#13091 = CARTESIAN_POINT('',(0.,0.));
#13092 = VECTOR('',#13093,1.);
#13093 = DIRECTION('',(1.,0.));
#13094 = ( GEOMETRIC_REPRESENTATION_CONTEXT(2) 
PARAMETRIC_REPRESENTATION_CONTEXT() REPRESENTATION_CONTEXT('2D SPACE',''
  ) );
#13095 = PCURVE('',#12326,#13096);
#13096 = DEFINITIONAL_REPRESENTATION('',(#13097),#13101);
#13097 = LINE('',#13098,#13099);
#13098 = CARTESIAN_POINT('',(-1.73894790236,2.13453434034));
#13099 = VECTOR('',#13100,1.);
#13100 = DIRECTION('',(1.,-0.));
#13101 = ( GEOMETRIC_REPRESENTATION_CONTEXT(2) 
PARAMETRIC_REPRESENTATION_CONTEXT() REPRESENTATION_CONTEXT('2D SPACE',''
  ) );
#13102 = ADVANCED_FACE('',(#13103),#12326,.F.);
#13103 = FACE_BOUND('',#13104,.T.);
#13104 = EDGE_LOOP('',(#13105,#13106,#13107,#13108,#13109,#13110,#13111,
    #13112,#13113,#13114,#13115));
#13105 = ORIENTED_EDGE('',*,*,#12312,.T.);
#13106 = ORIENTED_EDGE('',*,*,#12398,.T.);
#13107 = ORIENTED_EDGE('',*,*,#12480,.T.);
#13108 = ORIENTED_EDGE('',*,*,#12562,.T.);
#13109 = ORIENTED_EDGE('',*,*,#12638,.T.);
#13110 = ORIENTED_EDGE('',*,*,#12720,.T.);
#13111 = ORIENTED_EDGE('',*,*,#12804,.T.);
#13112 = ORIENTED_EDGE('',*,*,#12888,.T.);
#13113 = ORIENTED_EDGE('',*,*,#12964,.T.);
#13114 = ORIENTED_EDGE('',*,*,#13035,.T.);
#13115 = ORIENTED_EDGE('',*,*,#13082,.T.);
#13116 = ADVANCED_FACE('',(#13117),#12272,.T.);
#13117 = FACE_BOUND('',#13118,.F.);
#13118 = EDGE_LOOP('',(#13119,#13120,#13121,#13122,#13123,#13124,#13125,
    #13126,#13127,#13128,#13129));
#13119 = ORIENTED_EDGE('',*,*,#12256,.T.);
#13120 = ORIENTED_EDGE('',*,*,#12342,.T.);
#13121 = ORIENTED_EDGE('',*,*,#12423,.T.);
#13122 = ORIENTED_EDGE('',*,*,#12511,.T.);
#13123 = ORIENTED_EDGE('',*,*,#12587,.T.);
#13124 = ORIENTED_EDGE('',*,*,#12663,.T.);
#13125 = ORIENTED_EDGE('',*,*,#12745,.T.);
#13126 = ORIENTED_EDGE('',*,*,#12837,.T.);
#13127 = ORIENTED_EDGE('',*,*,#12913,.T.);
#13128 = ORIENTED_EDGE('',*,*,#12989,.T.);
#13129 = ORIENTED_EDGE('',*,*,#13060,.T.);
#13130 = MANIFOLD_SOLID_BREP('',#13131);
#13131 = CLOSED_SHELL('',(#13132,#13255,#13335,#13411,#13487,#13563,
    #13642,#13722,#13798,#13874,#13950,#14026,#14102,#14178,#14254,
    #14325,#14372,#14391));
#13132 = ADVANCED_FACE('',(#13133),#13147,.T.);
#13133 = FACE_BOUND('',#13134,.T.);
#13134 = EDGE_LOOP('',(#13135,#13170,#13198,#13229));
#13135 = ORIENTED_EDGE('',*,*,#13136,.T.);
#13136 = EDGE_CURVE('',#13137,#13139,#13141,.T.);
#13137 = VERTEX_POINT('',#13138);
#13138 = CARTESIAN_POINT('',(30.744264008579,-12.95803037679,0.));
#13139 = VERTEX_POINT('',#13140);
#13140 = CARTESIAN_POINT('',(30.744264008579,-12.95803037679,0.6));
#13141 = SURFACE_CURVE('',#13142,(#13146,#13158),.PCURVE_S1.);
#13142 = LINE('',#13143,#13144);
#13143 = CARTESIAN_POINT('',(30.744264008579,-12.95803037679,0.));
#13144 = VECTOR('',#13145,1.);
#13145 = DIRECTION('',(0.,-0.,1.));
#13146 = PCURVE('',#13147,#13152);
#13147 = PLANE('',#13148);
#13148 = AXIS2_PLACEMENT_3D('',#13149,#13150,#13151);
#13149 = CARTESIAN_POINT('',(30.744264008579,-12.95803037679,0.));
#13150 = DIRECTION('',(0.,-1.,-0.));
#13151 = DIRECTION('',(-1.,-0.,0.));
#13152 = DEFINITIONAL_REPRESENTATION('',(#13153),#13157);
#13153 = LINE('',#13154,#13155);
#13154 = CARTESIAN_POINT('',(0.,0.));
#13155 = VECTOR('',#13156,1.);
#13156 = DIRECTION('',(0.,-1.));
#13157 = ( GEOMETRIC_REPRESENTATION_CONTEXT(2) 
PARAMETRIC_REPRESENTATION_CONTEXT() REPRESENTATION_CONTEXT('2D SPACE',''
  ) );
#13158 = PCURVE('',#13159,#13164);
#13159 = PLANE('',#13160);
#13160 = AXIS2_PLACEMENT_3D('',#13161,#13162,#13163);
#13161 = CARTESIAN_POINT('',(30.744264008579,-12.47810332579,0.));
#13162 = DIRECTION('',(1.,0.,-0.));
#13163 = DIRECTION('',(0.,-1.,-0.));
#13164 = DEFINITIONAL_REPRESENTATION('',(#13165),#13169);
#13165 = LINE('',#13166,#13167);
#13166 = CARTESIAN_POINT('',(0.479927050992,-0.));
#13167 = VECTOR('',#13168,1.);
#13168 = DIRECTION('',(0.,-1.));
#13169 = ( GEOMETRIC_REPRESENTATION_CONTEXT(2) 
PARAMETRIC_REPRESENTATION_CONTEXT() REPRESENTATION_CONTEXT('2D SPACE',''
  ) );
#13170 = ORIENTED_EDGE('',*,*,#13171,.T.);
#13171 = EDGE_CURVE('',#13139,#13172,#13174,.T.);
#13172 = VERTEX_POINT('',#13173);
#13173 = CARTESIAN_POINT('',(29.765212824555,-12.95803037679,0.6));
#13174 = SURFACE_CURVE('',#13175,(#13179,#13186),.PCURVE_S1.);
#13175 = LINE('',#13176,#13177);
#13176 = CARTESIAN_POINT('',(30.744264008579,-12.95803037679,0.6));
#13177 = VECTOR('',#13178,1.);
#13178 = DIRECTION('',(-1.,-0.,0.));
#13179 = PCURVE('',#13147,#13180);
#13180 = DEFINITIONAL_REPRESENTATION('',(#13181),#13185);
#13181 = LINE('',#13182,#13183);
#13182 = CARTESIAN_POINT('',(0.,-0.6));
#13183 = VECTOR('',#13184,1.);
#13184 = DIRECTION('',(1.,0.));
#13185 = ( GEOMETRIC_REPRESENTATION_CONTEXT(2) 
PARAMETRIC_REPRESENTATION_CONTEXT() REPRESENTATION_CONTEXT('2D SPACE',''
  ) );
#13186 = PCURVE('',#13187,#13192);
#13187 = PLANE('',#13188);
#13188 = AXIS2_PLACEMENT_3D('',#13189,#13190,#13191);
#13189 = CARTESIAN_POINT('',(29.594463030343,-9.787061205214,0.6));
#13190 = DIRECTION('',(-0.,-0.,1.));
#13191 = DIRECTION('',(-1.,0.,0.));
#13192 = DEFINITIONAL_REPRESENTATION('',(#13193),#13197);
#13193 = LINE('',#13194,#13195);
#13194 = CARTESIAN_POINT('',(-1.149800978236,3.170969171577));
#13195 = VECTOR('',#13196,1.);
#13196 = DIRECTION('',(1.,-0.));
#13197 = ( GEOMETRIC_REPRESENTATION_CONTEXT(2) 
PARAMETRIC_REPRESENTATION_CONTEXT() REPRESENTATION_CONTEXT('2D SPACE',''
  ) );
#13198 = ORIENTED_EDGE('',*,*,#13199,.F.);
#13199 = EDGE_CURVE('',#13200,#13172,#13202,.T.);
#13200 = VERTEX_POINT('',#13201);
#13201 = CARTESIAN_POINT('',(29.765212824555,-12.95803037679,0.));
#13202 = SURFACE_CURVE('',#13203,(#13207,#13214),.PCURVE_S1.);
#13203 = LINE('',#13204,#13205);
#13204 = CARTESIAN_POINT('',(29.765212824555,-12.95803037679,0.));
#13205 = VECTOR('',#13206,1.);
#13206 = DIRECTION('',(0.,-0.,1.));
#13207 = PCURVE('',#13147,#13208);
#13208 = DEFINITIONAL_REPRESENTATION('',(#13209),#13213);
#13209 = LINE('',#13210,#13211);
#13210 = CARTESIAN_POINT('',(0.979051184024,0.));
#13211 = VECTOR('',#13212,1.);
#13212 = DIRECTION('',(0.,-1.));
#13213 = ( GEOMETRIC_REPRESENTATION_CONTEXT(2) 
PARAMETRIC_REPRESENTATION_CONTEXT() REPRESENTATION_CONTEXT('2D SPACE',''
  ) );
#13214 = PCURVE('',#13215,#13223);
#13215 = SURFACE_OF_LINEAR_EXTRUSION('',#13216,#13221);
#13216 = B_SPLINE_CURVE_WITH_KNOTS('',2,(#13217,#13218,#13219,#13220),
  .UNSPECIFIED.,.F.,.F.,(3,1,3),(0.,1.,2.),.UNSPECIFIED.);
#13217 = CARTESIAN_POINT('',(29.765212824555,-12.95803037679,0.));
#13218 = CARTESIAN_POINT('',(29.477256593959,-12.95803037679,0.));
#13219 = CARTESIAN_POINT('',(29.160504740305,-12.62208144109,0.));
#13220 = CARTESIAN_POINT('',(29.160504740305,-12.35332229254,0.));
#13221 = VECTOR('',#13222,1.);
#13222 = DIRECTION('',(-0.,0.,-1.));
#13223 = DEFINITIONAL_REPRESENTATION('',(#13224),#13228);
#13224 = LINE('',#13225,#13226);
#13225 = CARTESIAN_POINT('',(0.,0.));
#13226 = VECTOR('',#13227,1.);
#13227 = DIRECTION('',(0.,-1.));
#13228 = ( GEOMETRIC_REPRESENTATION_CONTEXT(2) 
PARAMETRIC_REPRESENTATION_CONTEXT() REPRESENTATION_CONTEXT('2D SPACE',''
  ) );
#13229 = ORIENTED_EDGE('',*,*,#13230,.F.);
#13230 = EDGE_CURVE('',#13137,#13200,#13231,.T.);
#13231 = SURFACE_CURVE('',#13232,(#13236,#13243),.PCURVE_S1.);
#13232 = LINE('',#13233,#13234);
#13233 = CARTESIAN_POINT('',(30.744264008579,-12.95803037679,0.));
#13234 = VECTOR('',#13235,1.);
#13235 = DIRECTION('',(-1.,-0.,0.));
#13236 = PCURVE('',#13147,#13237);
#13237 = DEFINITIONAL_REPRESENTATION('',(#13238),#13242);
#13238 = LINE('',#13239,#13240);
#13239 = CARTESIAN_POINT('',(0.,0.));
#13240 = VECTOR('',#13241,1.);
#13241 = DIRECTION('',(1.,0.));
#13242 = ( GEOMETRIC_REPRESENTATION_CONTEXT(2) 
PARAMETRIC_REPRESENTATION_CONTEXT() REPRESENTATION_CONTEXT('2D SPACE',''
  ) );
#13243 = PCURVE('',#13244,#13249);
#13244 = PLANE('',#13245);
#13245 = AXIS2_PLACEMENT_3D('',#13246,#13247,#13248);
#13246 = CARTESIAN_POINT('',(29.594463030343,-9.787061205214,0.));
#13247 = DIRECTION('',(-0.,-0.,1.));
#13248 = DIRECTION('',(-1.,0.,0.));
#13249 = DEFINITIONAL_REPRESENTATION('',(#13250),#13254);
#13250 = LINE('',#13251,#13252);
#13251 = CARTESIAN_POINT('',(-1.149800978236,3.170969171577));
#13252 = VECTOR('',#13253,1.);
#13253 = DIRECTION('',(1.,-0.));
#13254 = ( GEOMETRIC_REPRESENTATION_CONTEXT(2) 
PARAMETRIC_REPRESENTATION_CONTEXT() REPRESENTATION_CONTEXT('2D SPACE',''
  ) );
#13255 = ADVANCED_FACE('',(#13256),#13215,.T.);
#13256 = FACE_BOUND('',#13257,.T.);
#13257 = EDGE_LOOP('',(#13258,#13259,#13284,#13312));
#13258 = ORIENTED_EDGE('',*,*,#13199,.T.);
#13259 = ORIENTED_EDGE('',*,*,#13260,.T.);
#13260 = EDGE_CURVE('',#13172,#13261,#13263,.T.);
#13261 = VERTEX_POINT('',#13262);
#13262 = CARTESIAN_POINT('',(29.160504740305,-12.35332229254,0.6));
#13263 = SURFACE_CURVE('',#13264,(#13269,#13276),.PCURVE_S1.);
#13264 = B_SPLINE_CURVE_WITH_KNOTS('',2,(#13265,#13266,#13267,#13268),
  .UNSPECIFIED.,.F.,.F.,(3,1,3),(0.,1.,2.),.UNSPECIFIED.);
#13265 = CARTESIAN_POINT('',(29.765212824555,-12.95803037679,0.6));
#13266 = CARTESIAN_POINT('',(29.477256593959,-12.95803037679,0.6));
#13267 = CARTESIAN_POINT('',(29.160504740305,-12.62208144109,0.6));
#13268 = CARTESIAN_POINT('',(29.160504740305,-12.35332229254,0.6));
#13269 = PCURVE('',#13215,#13270);
#13270 = DEFINITIONAL_REPRESENTATION('',(#13271),#13275);
#13271 = LINE('',#13272,#13273);
#13272 = CARTESIAN_POINT('',(0.,-0.6));
#13273 = VECTOR('',#13274,1.);
#13274 = DIRECTION('',(1.,0.));
#13275 = ( GEOMETRIC_REPRESENTATION_CONTEXT(2) 
PARAMETRIC_REPRESENTATION_CONTEXT() REPRESENTATION_CONTEXT('2D SPACE',''
  ) );
#13276 = PCURVE('',#13187,#13277);
#13277 = DEFINITIONAL_REPRESENTATION('',(#13278),#13283);
#13278 = B_SPLINE_CURVE_WITH_KNOTS('',2,(#13279,#13280,#13281,#13282),
  .UNSPECIFIED.,.F.,.F.,(3,1,3),(0.,1.,2.),.UNSPECIFIED.);
#13279 = CARTESIAN_POINT('',(-0.170749794212,3.170969171577));
#13280 = CARTESIAN_POINT('',(0.117206436383,3.170969171577));
#13281 = CARTESIAN_POINT('',(0.433958290038,2.835020235883));
#13282 = CARTESIAN_POINT('',(0.433958290038,2.566261087327));
#13283 = ( GEOMETRIC_REPRESENTATION_CONTEXT(2) 
PARAMETRIC_REPRESENTATION_CONTEXT() REPRESENTATION_CONTEXT('2D SPACE',''
  ) );
#13284 = ORIENTED_EDGE('',*,*,#13285,.F.);
#13285 = EDGE_CURVE('',#13286,#13261,#13288,.T.);
#13286 = VERTEX_POINT('',#13287);
#13287 = CARTESIAN_POINT('',(29.160504740305,-12.35332229254,0.));
#13288 = SURFACE_CURVE('',#13289,(#13293,#13300),.PCURVE_S1.);
#13289 = LINE('',#13290,#13291);
#13290 = CARTESIAN_POINT('',(29.160504740305,-12.35332229254,0.));
#13291 = VECTOR('',#13292,1.);
#13292 = DIRECTION('',(0.,-0.,1.));
#13293 = PCURVE('',#13215,#13294);
#13294 = DEFINITIONAL_REPRESENTATION('',(#13295),#13299);
#13295 = LINE('',#13296,#13297);
#13296 = CARTESIAN_POINT('',(2.,0.));
#13297 = VECTOR('',#13298,1.);
#13298 = DIRECTION('',(0.,-1.));
#13299 = ( GEOMETRIC_REPRESENTATION_CONTEXT(2) 
PARAMETRIC_REPRESENTATION_CONTEXT() REPRESENTATION_CONTEXT('2D SPACE',''
  ) );
#13300 = PCURVE('',#13301,#13306);
#13301 = PLANE('',#13302);
#13302 = AXIS2_PLACEMENT_3D('',#13303,#13304,#13305);
#13303 = CARTESIAN_POINT('',(29.160504740305,-12.35332229254,0.));
#13304 = DIRECTION('',(-1.,0.,0.));
#13305 = DIRECTION('',(0.,1.,-0.));
#13306 = DEFINITIONAL_REPRESENTATION('',(#13307),#13311);
#13307 = LINE('',#13308,#13309);
#13308 = CARTESIAN_POINT('',(0.,0.));
#13309 = VECTOR('',#13310,1.);
#13310 = DIRECTION('',(0.,-1.));
#13311 = ( GEOMETRIC_REPRESENTATION_CONTEXT(2) 
PARAMETRIC_REPRESENTATION_CONTEXT() REPRESENTATION_CONTEXT('2D SPACE',''
  ) );
#13312 = ORIENTED_EDGE('',*,*,#13313,.F.);
#13313 = EDGE_CURVE('',#13200,#13286,#13314,.T.);
#13314 = SURFACE_CURVE('',#13315,(#13320,#13327),.PCURVE_S1.);
#13315 = B_SPLINE_CURVE_WITH_KNOTS('',2,(#13316,#13317,#13318,#13319),
  .UNSPECIFIED.,.F.,.F.,(3,1,3),(0.,1.,2.),.UNSPECIFIED.);
#13316 = CARTESIAN_POINT('',(29.765212824555,-12.95803037679,0.));
#13317 = CARTESIAN_POINT('',(29.477256593959,-12.95803037679,0.));
#13318 = CARTESIAN_POINT('',(29.160504740305,-12.62208144109,0.));
#13319 = CARTESIAN_POINT('',(29.160504740305,-12.35332229254,0.));
#13320 = PCURVE('',#13215,#13321);
#13321 = DEFINITIONAL_REPRESENTATION('',(#13322),#13326);
#13322 = LINE('',#13323,#13324);
#13323 = CARTESIAN_POINT('',(0.,0.));
#13324 = VECTOR('',#13325,1.);
#13325 = DIRECTION('',(1.,0.));
#13326 = ( GEOMETRIC_REPRESENTATION_CONTEXT(2) 
PARAMETRIC_REPRESENTATION_CONTEXT() REPRESENTATION_CONTEXT('2D SPACE',''
  ) );
#13327 = PCURVE('',#13244,#13328);
#13328 = DEFINITIONAL_REPRESENTATION('',(#13329),#13334);
#13329 = B_SPLINE_CURVE_WITH_KNOTS('',2,(#13330,#13331,#13332,#13333),
  .UNSPECIFIED.,.F.,.F.,(3,1,3),(0.,1.,2.),.UNSPECIFIED.);
#13330 = CARTESIAN_POINT('',(-0.170749794212,3.170969171577));
#13331 = CARTESIAN_POINT('',(0.117206436383,3.170969171577));
#13332 = CARTESIAN_POINT('',(0.433958290038,2.835020235883));
#13333 = CARTESIAN_POINT('',(0.433958290038,2.566261087327));
#13334 = ( GEOMETRIC_REPRESENTATION_CONTEXT(2) 
PARAMETRIC_REPRESENTATION_CONTEXT() REPRESENTATION_CONTEXT('2D SPACE',''
  ) );
#13335 = ADVANCED_FACE('',(#13336),#13301,.T.);
#13336 = FACE_BOUND('',#13337,.T.);
#13337 = EDGE_LOOP('',(#13338,#13339,#13362,#13390));
#13338 = ORIENTED_EDGE('',*,*,#13285,.T.);
#13339 = ORIENTED_EDGE('',*,*,#13340,.T.);
#13340 = EDGE_CURVE('',#13261,#13341,#13343,.T.);
#13341 = VERTEX_POINT('',#13342);
#13342 = CARTESIAN_POINT('',(29.160504740305,-8.523504425623,0.6));
#13343 = SURFACE_CURVE('',#13344,(#13348,#13355),.PCURVE_S1.);
#13344 = LINE('',#13345,#13346);
#13345 = CARTESIAN_POINT('',(29.160504740305,-12.35332229254,0.6));
#13346 = VECTOR('',#13347,1.);
#13347 = DIRECTION('',(-0.,1.,-0.));
#13348 = PCURVE('',#13301,#13349);
#13349 = DEFINITIONAL_REPRESENTATION('',(#13350),#13354);
#13350 = LINE('',#13351,#13352);
#13351 = CARTESIAN_POINT('',(0.,-0.6));
#13352 = VECTOR('',#13353,1.);
#13353 = DIRECTION('',(1.,0.));
#13354 = ( GEOMETRIC_REPRESENTATION_CONTEXT(2) 
PARAMETRIC_REPRESENTATION_CONTEXT() REPRESENTATION_CONTEXT('2D SPACE',''
  ) );
#13355 = PCURVE('',#13187,#13356);
#13356 = DEFINITIONAL_REPRESENTATION('',(#13357),#13361);
#13357 = LINE('',#13358,#13359);
#13358 = CARTESIAN_POINT('',(0.433958290038,2.566261087327));
#13359 = VECTOR('',#13360,1.);
#13360 = DIRECTION('',(-0.,-1.));
#13361 = ( GEOMETRIC_REPRESENTATION_CONTEXT(2) 
PARAMETRIC_REPRESENTATION_CONTEXT() REPRESENTATION_CONTEXT('2D SPACE',''
  ) );
#13362 = ORIENTED_EDGE('',*,*,#13363,.F.);
#13363 = EDGE_CURVE('',#13364,#13341,#13366,.T.);
#13364 = VERTEX_POINT('',#13365);
#13365 = CARTESIAN_POINT('',(29.160504740305,-8.523504425623,0.));
#13366 = SURFACE_CURVE('',#13367,(#13371,#13378),.PCURVE_S1.);
#13367 = LINE('',#13368,#13369);
#13368 = CARTESIAN_POINT('',(29.160504740305,-8.523504425623,0.));
#13369 = VECTOR('',#13370,1.);
#13370 = DIRECTION('',(0.,-0.,1.));
#13371 = PCURVE('',#13301,#13372);
#13372 = DEFINITIONAL_REPRESENTATION('',(#13373),#13377);
#13373 = LINE('',#13374,#13375);
#13374 = CARTESIAN_POINT('',(3.829817866918,0.));
#13375 = VECTOR('',#13376,1.);
#13376 = DIRECTION('',(0.,-1.));
#13377 = ( GEOMETRIC_REPRESENTATION_CONTEXT(2) 
PARAMETRIC_REPRESENTATION_CONTEXT() REPRESENTATION_CONTEXT('2D SPACE',''
  ) );
#13378 = PCURVE('',#13379,#13384);
#13379 = PLANE('',#13380);
#13380 = AXIS2_PLACEMENT_3D('',#13381,#13382,#13383);
#13381 = CARTESIAN_POINT('',(29.160504740305,-8.523504425623,0.));
#13382 = DIRECTION('',(0.,-1.,-0.));
#13383 = DIRECTION('',(-1.,-0.,0.));
#13384 = DEFINITIONAL_REPRESENTATION('',(#13385),#13389);
#13385 = LINE('',#13386,#13387);
#13386 = CARTESIAN_POINT('',(0.,0.));
#13387 = VECTOR('',#13388,1.);
#13388 = DIRECTION('',(0.,-1.));
#13389 = ( GEOMETRIC_REPRESENTATION_CONTEXT(2) 
PARAMETRIC_REPRESENTATION_CONTEXT() REPRESENTATION_CONTEXT('2D SPACE',''
  ) );
#13390 = ORIENTED_EDGE('',*,*,#13391,.F.);
#13391 = EDGE_CURVE('',#13286,#13364,#13392,.T.);
#13392 = SURFACE_CURVE('',#13393,(#13397,#13404),.PCURVE_S1.);
#13393 = LINE('',#13394,#13395);
#13394 = CARTESIAN_POINT('',(29.160504740305,-12.35332229254,0.));
#13395 = VECTOR('',#13396,1.);
#13396 = DIRECTION('',(-0.,1.,-0.));
#13397 = PCURVE('',#13301,#13398);
#13398 = DEFINITIONAL_REPRESENTATION('',(#13399),#13403);
#13399 = LINE('',#13400,#13401);
#13400 = CARTESIAN_POINT('',(0.,0.));
#13401 = VECTOR('',#13402,1.);
#13402 = DIRECTION('',(1.,0.));
#13403 = ( GEOMETRIC_REPRESENTATION_CONTEXT(2) 
PARAMETRIC_REPRESENTATION_CONTEXT() REPRESENTATION_CONTEXT('2D SPACE',''
  ) );
#13404 = PCURVE('',#13244,#13405);
#13405 = DEFINITIONAL_REPRESENTATION('',(#13406),#13410);
#13406 = LINE('',#13407,#13408);
#13407 = CARTESIAN_POINT('',(0.433958290038,2.566261087327));
#13408 = VECTOR('',#13409,1.);
#13409 = DIRECTION('',(-0.,-1.));
#13410 = ( GEOMETRIC_REPRESENTATION_CONTEXT(2) 
PARAMETRIC_REPRESENTATION_CONTEXT() REPRESENTATION_CONTEXT('2D SPACE',''
  ) );
#13411 = ADVANCED_FACE('',(#13412),#13379,.T.);
#13412 = FACE_BOUND('',#13413,.T.);
#13413 = EDGE_LOOP('',(#13414,#13415,#13438,#13466));
#13414 = ORIENTED_EDGE('',*,*,#13363,.T.);
#13415 = ORIENTED_EDGE('',*,*,#13416,.T.);
#13416 = EDGE_CURVE('',#13341,#13417,#13419,.T.);
#13417 = VERTEX_POINT('',#13418);
#13418 = CARTESIAN_POINT('',(28.306234589538,-8.523504425623,0.6));
#13419 = SURFACE_CURVE('',#13420,(#13424,#13431),.PCURVE_S1.);
#13420 = LINE('',#13421,#13422);
#13421 = CARTESIAN_POINT('',(29.160504740305,-8.523504425623,0.6));
#13422 = VECTOR('',#13423,1.);
#13423 = DIRECTION('',(-1.,-0.,0.));
#13424 = PCURVE('',#13379,#13425);
#13425 = DEFINITIONAL_REPRESENTATION('',(#13426),#13430);
#13426 = LINE('',#13427,#13428);
#13427 = CARTESIAN_POINT('',(0.,-0.6));
#13428 = VECTOR('',#13429,1.);
#13429 = DIRECTION('',(1.,0.));
#13430 = ( GEOMETRIC_REPRESENTATION_CONTEXT(2) 
PARAMETRIC_REPRESENTATION_CONTEXT() REPRESENTATION_CONTEXT('2D SPACE',''
  ) );
#13431 = PCURVE('',#13187,#13432);
#13432 = DEFINITIONAL_REPRESENTATION('',(#13433),#13437);
#13433 = LINE('',#13434,#13435);
#13434 = CARTESIAN_POINT('',(0.433958290038,-1.263556779591));
#13435 = VECTOR('',#13436,1.);
#13436 = DIRECTION('',(1.,-0.));
#13437 = ( GEOMETRIC_REPRESENTATION_CONTEXT(2) 
PARAMETRIC_REPRESENTATION_CONTEXT() REPRESENTATION_CONTEXT('2D SPACE',''
  ) );
#13438 = ORIENTED_EDGE('',*,*,#13439,.F.);
#13439 = EDGE_CURVE('',#13440,#13417,#13442,.T.);
#13440 = VERTEX_POINT('',#13441);
#13441 = CARTESIAN_POINT('',(28.306234589538,-8.523504425623,0.));
#13442 = SURFACE_CURVE('',#13443,(#13447,#13454),.PCURVE_S1.);
#13443 = LINE('',#13444,#13445);
#13444 = CARTESIAN_POINT('',(28.306234589538,-8.523504425623,0.));
#13445 = VECTOR('',#13446,1.);
#13446 = DIRECTION('',(0.,-0.,1.));
#13447 = PCURVE('',#13379,#13448);
#13448 = DEFINITIONAL_REPRESENTATION('',(#13449),#13453);
#13449 = LINE('',#13450,#13451);
#13450 = CARTESIAN_POINT('',(0.854270150766,0.));
#13451 = VECTOR('',#13452,1.);
#13452 = DIRECTION('',(0.,-1.));
#13453 = ( GEOMETRIC_REPRESENTATION_CONTEXT(2) 
PARAMETRIC_REPRESENTATION_CONTEXT() REPRESENTATION_CONTEXT('2D SPACE',''
  ) );
#13454 = PCURVE('',#13455,#13460);
#13455 = PLANE('',#13456);
#13456 = AXIS2_PLACEMENT_3D('',#13457,#13458,#13459);
#13457 = CARTESIAN_POINT('',(28.306234589538,-8.523504425623,0.));
#13458 = DIRECTION('',(-1.,0.,0.));
#13459 = DIRECTION('',(0.,1.,-0.));
#13460 = DEFINITIONAL_REPRESENTATION('',(#13461),#13465);
#13461 = LINE('',#13462,#13463);
#13462 = CARTESIAN_POINT('',(0.,0.));
#13463 = VECTOR('',#13464,1.);
#13464 = DIRECTION('',(0.,-1.));
#13465 = ( GEOMETRIC_REPRESENTATION_CONTEXT(2) 
PARAMETRIC_REPRESENTATION_CONTEXT() REPRESENTATION_CONTEXT('2D SPACE',''
  ) );
#13466 = ORIENTED_EDGE('',*,*,#13467,.F.);
#13467 = EDGE_CURVE('',#13364,#13440,#13468,.T.);
#13468 = SURFACE_CURVE('',#13469,(#13473,#13480),.PCURVE_S1.);
#13469 = LINE('',#13470,#13471);
#13470 = CARTESIAN_POINT('',(29.160504740305,-8.523504425623,0.));
#13471 = VECTOR('',#13472,1.);
#13472 = DIRECTION('',(-1.,-0.,0.));
#13473 = PCURVE('',#13379,#13474);
#13474 = DEFINITIONAL_REPRESENTATION('',(#13475),#13479);
#13475 = LINE('',#13476,#13477);
#13476 = CARTESIAN_POINT('',(0.,0.));
#13477 = VECTOR('',#13478,1.);
#13478 = DIRECTION('',(1.,0.));
#13479 = ( GEOMETRIC_REPRESENTATION_CONTEXT(2) 
PARAMETRIC_REPRESENTATION_CONTEXT() REPRESENTATION_CONTEXT('2D SPACE',''
  ) );
#13480 = PCURVE('',#13244,#13481);
#13481 = DEFINITIONAL_REPRESENTATION('',(#13482),#13486);
#13482 = LINE('',#13483,#13484);
#13483 = CARTESIAN_POINT('',(0.433958290038,-1.263556779591));
#13484 = VECTOR('',#13485,1.);
#13485 = DIRECTION('',(1.,-0.));
#13486 = ( GEOMETRIC_REPRESENTATION_CONTEXT(2) 
PARAMETRIC_REPRESENTATION_CONTEXT() REPRESENTATION_CONTEXT('2D SPACE',''
  ) );
#13487 = ADVANCED_FACE('',(#13488),#13455,.T.);
#13488 = FACE_BOUND('',#13489,.T.);
#13489 = EDGE_LOOP('',(#13490,#13491,#13514,#13542));
#13490 = ORIENTED_EDGE('',*,*,#13439,.T.);
#13491 = ORIENTED_EDGE('',*,*,#13492,.T.);
#13492 = EDGE_CURVE('',#13417,#13493,#13495,.T.);
#13493 = VERTEX_POINT('',#13494);
#13494 = CARTESIAN_POINT('',(28.306234589538,-8.04357737463,0.6));
#13495 = SURFACE_CURVE('',#13496,(#13500,#13507),.PCURVE_S1.);
#13496 = LINE('',#13497,#13498);
#13497 = CARTESIAN_POINT('',(28.306234589538,-8.523504425623,0.6));
#13498 = VECTOR('',#13499,1.);
#13499 = DIRECTION('',(-0.,1.,-0.));
#13500 = PCURVE('',#13455,#13501);
#13501 = DEFINITIONAL_REPRESENTATION('',(#13502),#13506);
#13502 = LINE('',#13503,#13504);
#13503 = CARTESIAN_POINT('',(0.,-0.6));
#13504 = VECTOR('',#13505,1.);
#13505 = DIRECTION('',(1.,0.));
#13506 = ( GEOMETRIC_REPRESENTATION_CONTEXT(2) 
PARAMETRIC_REPRESENTATION_CONTEXT() REPRESENTATION_CONTEXT('2D SPACE',''
  ) );
#13507 = PCURVE('',#13187,#13508);
#13508 = DEFINITIONAL_REPRESENTATION('',(#13509),#13513);
#13509 = LINE('',#13510,#13511);
#13510 = CARTESIAN_POINT('',(1.288228440804,-1.263556779591));
#13511 = VECTOR('',#13512,1.);
#13512 = DIRECTION('',(-0.,-1.));
#13513 = ( GEOMETRIC_REPRESENTATION_CONTEXT(2) 
PARAMETRIC_REPRESENTATION_CONTEXT() REPRESENTATION_CONTEXT('2D SPACE',''
  ) );
#13514 = ORIENTED_EDGE('',*,*,#13515,.F.);
#13515 = EDGE_CURVE('',#13516,#13493,#13518,.T.);
#13516 = VERTEX_POINT('',#13517);
#13517 = CARTESIAN_POINT('',(28.306234589538,-8.04357737463,0.));
#13518 = SURFACE_CURVE('',#13519,(#13523,#13530),.PCURVE_S1.);
#13519 = LINE('',#13520,#13521);
#13520 = CARTESIAN_POINT('',(28.306234589538,-8.04357737463,0.));
#13521 = VECTOR('',#13522,1.);
#13522 = DIRECTION('',(0.,-0.,1.));
#13523 = PCURVE('',#13455,#13524);
#13524 = DEFINITIONAL_REPRESENTATION('',(#13525),#13529);
#13525 = LINE('',#13526,#13527);
#13526 = CARTESIAN_POINT('',(0.479927050992,0.));
#13527 = VECTOR('',#13528,1.);
#13528 = DIRECTION('',(0.,-1.));
#13529 = ( GEOMETRIC_REPRESENTATION_CONTEXT(2) 
PARAMETRIC_REPRESENTATION_CONTEXT() REPRESENTATION_CONTEXT('2D SPACE',''
  ) );
#13530 = PCURVE('',#13531,#13536);
#13531 = PLANE('',#13532);
#13532 = AXIS2_PLACEMENT_3D('',#13533,#13534,#13535);
#13533 = CARTESIAN_POINT('',(28.306234589538,-8.04357737463,0.));
#13534 = DIRECTION('',(0.,1.,0.));
#13535 = DIRECTION('',(1.,0.,-0.));
#13536 = DEFINITIONAL_REPRESENTATION('',(#13537),#13541);
#13537 = LINE('',#13538,#13539);
#13538 = CARTESIAN_POINT('',(0.,0.));
#13539 = VECTOR('',#13540,1.);
#13540 = DIRECTION('',(0.,-1.));
#13541 = ( GEOMETRIC_REPRESENTATION_CONTEXT(2) 
PARAMETRIC_REPRESENTATION_CONTEXT() REPRESENTATION_CONTEXT('2D SPACE',''
  ) );
#13542 = ORIENTED_EDGE('',*,*,#13543,.F.);
#13543 = EDGE_CURVE('',#13440,#13516,#13544,.T.);
#13544 = SURFACE_CURVE('',#13545,(#13549,#13556),.PCURVE_S1.);
#13545 = LINE('',#13546,#13547);
#13546 = CARTESIAN_POINT('',(28.306234589538,-8.523504425623,0.));
#13547 = VECTOR('',#13548,1.);
#13548 = DIRECTION('',(-0.,1.,-0.));
#13549 = PCURVE('',#13455,#13550);
#13550 = DEFINITIONAL_REPRESENTATION('',(#13551),#13555);
#13551 = LINE('',#13552,#13553);
#13552 = CARTESIAN_POINT('',(0.,0.));
#13553 = VECTOR('',#13554,1.);
#13554 = DIRECTION('',(1.,0.));
#13555 = ( GEOMETRIC_REPRESENTATION_CONTEXT(2) 
PARAMETRIC_REPRESENTATION_CONTEXT() REPRESENTATION_CONTEXT('2D SPACE',''
  ) );
#13556 = PCURVE('',#13244,#13557);
#13557 = DEFINITIONAL_REPRESENTATION('',(#13558),#13562);
#13558 = LINE('',#13559,#13560);
#13559 = CARTESIAN_POINT('',(1.288228440804,-1.263556779591));
#13560 = VECTOR('',#13561,1.);
#13561 = DIRECTION('',(-0.,-1.));
#13562 = ( GEOMETRIC_REPRESENTATION_CONTEXT(2) 
PARAMETRIC_REPRESENTATION_CONTEXT() REPRESENTATION_CONTEXT('2D SPACE',''
  ) );
#13563 = ADVANCED_FACE('',(#13564),#13531,.T.);
#13564 = FACE_BOUND('',#13565,.T.);
#13565 = EDGE_LOOP('',(#13566,#13567,#13590,#13621));
#13566 = ORIENTED_EDGE('',*,*,#13515,.T.);
#13567 = ORIENTED_EDGE('',*,*,#13568,.T.);
#13568 = EDGE_CURVE('',#13493,#13569,#13571,.T.);
#13569 = VERTEX_POINT('',#13570);
#13570 = CARTESIAN_POINT('',(28.862949968689,-8.04357737463,0.6));
#13571 = SURFACE_CURVE('',#13572,(#13576,#13583),.PCURVE_S1.);
#13572 = LINE('',#13573,#13574);
#13573 = CARTESIAN_POINT('',(28.306234589538,-8.04357737463,0.6));
#13574 = VECTOR('',#13575,1.);
#13575 = DIRECTION('',(1.,-0.,-0.));
#13576 = PCURVE('',#13531,#13577);
#13577 = DEFINITIONAL_REPRESENTATION('',(#13578),#13582);
#13578 = LINE('',#13579,#13580);
#13579 = CARTESIAN_POINT('',(0.,-0.6));
#13580 = VECTOR('',#13581,1.);
#13581 = DIRECTION('',(1.,0.));
#13582 = ( GEOMETRIC_REPRESENTATION_CONTEXT(2) 
PARAMETRIC_REPRESENTATION_CONTEXT() REPRESENTATION_CONTEXT('2D SPACE',''
  ) );
#13583 = PCURVE('',#13187,#13584);
#13584 = DEFINITIONAL_REPRESENTATION('',(#13585),#13589);
#13585 = LINE('',#13586,#13587);
#13586 = CARTESIAN_POINT('',(1.288228440804,-1.743483830584));
#13587 = VECTOR('',#13588,1.);
#13588 = DIRECTION('',(-1.,-0.));
#13589 = ( GEOMETRIC_REPRESENTATION_CONTEXT(2) 
PARAMETRIC_REPRESENTATION_CONTEXT() REPRESENTATION_CONTEXT('2D SPACE',''
  ) );
#13590 = ORIENTED_EDGE('',*,*,#13591,.F.);
#13591 = EDGE_CURVE('',#13592,#13569,#13594,.T.);
#13592 = VERTEX_POINT('',#13593);
#13593 = CARTESIAN_POINT('',(28.862949968689,-8.04357737463,0.));
#13594 = SURFACE_CURVE('',#13595,(#13599,#13606),.PCURVE_S1.);
#13595 = LINE('',#13596,#13597);
#13596 = CARTESIAN_POINT('',(28.862949968689,-8.04357737463,0.));
#13597 = VECTOR('',#13598,1.);
#13598 = DIRECTION('',(0.,-0.,1.));
#13599 = PCURVE('',#13531,#13600);
#13600 = DEFINITIONAL_REPRESENTATION('',(#13601),#13605);
#13601 = LINE('',#13602,#13603);
#13602 = CARTESIAN_POINT('',(0.556715379151,0.));
#13603 = VECTOR('',#13604,1.);
#13604 = DIRECTION('',(0.,-1.));
#13605 = ( GEOMETRIC_REPRESENTATION_CONTEXT(2) 
PARAMETRIC_REPRESENTATION_CONTEXT() REPRESENTATION_CONTEXT('2D SPACE',''
  ) );
#13606 = PCURVE('',#13607,#13615);
#13607 = SURFACE_OF_LINEAR_EXTRUSION('',#13608,#13613);
#13608 = B_SPLINE_CURVE_WITH_KNOTS('',2,(#13609,#13610,#13611,#13612),
  .UNSPECIFIED.,.F.,.F.,(3,1,3),(0.,1.,2.),.UNSPECIFIED.);
#13609 = CARTESIAN_POINT('',(28.862949968689,-8.04357737463,0.));
#13610 = CARTESIAN_POINT('',(29.064519330106,-8.04357737463,0.));
#13611 = CARTESIAN_POINT('',(29.208497445404,-7.870803636273,0.));
#13612 = CARTESIAN_POINT('',(29.208497445404,-7.669234274856,0.));
#13613 = VECTOR('',#13614,1.);
#13614 = DIRECTION('',(-0.,0.,-1.));
#13615 = DEFINITIONAL_REPRESENTATION('',(#13616),#13620);
#13616 = LINE('',#13617,#13618);
#13617 = CARTESIAN_POINT('',(0.,0.));
#13618 = VECTOR('',#13619,1.);
#13619 = DIRECTION('',(0.,-1.));
#13620 = ( GEOMETRIC_REPRESENTATION_CONTEXT(2) 
PARAMETRIC_REPRESENTATION_CONTEXT() REPRESENTATION_CONTEXT('2D SPACE',''
  ) );
#13621 = ORIENTED_EDGE('',*,*,#13622,.F.);
#13622 = EDGE_CURVE('',#13516,#13592,#13623,.T.);
#13623 = SURFACE_CURVE('',#13624,(#13628,#13635),.PCURVE_S1.);
#13624 = LINE('',#13625,#13626);
#13625 = CARTESIAN_POINT('',(28.306234589538,-8.04357737463,0.));
#13626 = VECTOR('',#13627,1.);
#13627 = DIRECTION('',(1.,-0.,-0.));
#13628 = PCURVE('',#13531,#13629);
#13629 = DEFINITIONAL_REPRESENTATION('',(#13630),#13634);
#13630 = LINE('',#13631,#13632);
#13631 = CARTESIAN_POINT('',(0.,0.));
#13632 = VECTOR('',#13633,1.);
#13633 = DIRECTION('',(1.,0.));
#13634 = ( GEOMETRIC_REPRESENTATION_CONTEXT(2) 
PARAMETRIC_REPRESENTATION_CONTEXT() REPRESENTATION_CONTEXT('2D SPACE',''
  ) );
#13635 = PCURVE('',#13244,#13636);
#13636 = DEFINITIONAL_REPRESENTATION('',(#13637),#13641);
#13637 = LINE('',#13638,#13639);
#13638 = CARTESIAN_POINT('',(1.288228440804,-1.743483830584));
#13639 = VECTOR('',#13640,1.);
#13640 = DIRECTION('',(-1.,-0.));
#13641 = ( GEOMETRIC_REPRESENTATION_CONTEXT(2) 
PARAMETRIC_REPRESENTATION_CONTEXT() REPRESENTATION_CONTEXT('2D SPACE',''
  ) );
#13642 = ADVANCED_FACE('',(#13643),#13607,.T.);
#13643 = FACE_BOUND('',#13644,.T.);
#13644 = EDGE_LOOP('',(#13645,#13646,#13671,#13699));
#13645 = ORIENTED_EDGE('',*,*,#13591,.T.);
#13646 = ORIENTED_EDGE('',*,*,#13647,.T.);
#13647 = EDGE_CURVE('',#13569,#13648,#13650,.T.);
#13648 = VERTEX_POINT('',#13649);
#13649 = CARTESIAN_POINT('',(29.208497445404,-7.669234274856,0.6));
#13650 = SURFACE_CURVE('',#13651,(#13656,#13663),.PCURVE_S1.);
#13651 = B_SPLINE_CURVE_WITH_KNOTS('',2,(#13652,#13653,#13654,#13655),
  .UNSPECIFIED.,.F.,.F.,(3,1,3),(0.,1.,2.),.UNSPECIFIED.);
#13652 = CARTESIAN_POINT('',(28.862949968689,-8.04357737463,0.6));
#13653 = CARTESIAN_POINT('',(29.064519330106,-8.04357737463,0.6));
#13654 = CARTESIAN_POINT('',(29.208497445404,-7.870803636273,0.6));
#13655 = CARTESIAN_POINT('',(29.208497445404,-7.669234274856,0.6));
#13656 = PCURVE('',#13607,#13657);
#13657 = DEFINITIONAL_REPRESENTATION('',(#13658),#13662);
#13658 = LINE('',#13659,#13660);
#13659 = CARTESIAN_POINT('',(0.,-0.6));
#13660 = VECTOR('',#13661,1.);
#13661 = DIRECTION('',(1.,0.));
#13662 = ( GEOMETRIC_REPRESENTATION_CONTEXT(2) 
PARAMETRIC_REPRESENTATION_CONTEXT() REPRESENTATION_CONTEXT('2D SPACE',''
  ) );
#13663 = PCURVE('',#13187,#13664);
#13664 = DEFINITIONAL_REPRESENTATION('',(#13665),#13670);
#13665 = B_SPLINE_CURVE_WITH_KNOTS('',2,(#13666,#13667,#13668,#13669),
  .UNSPECIFIED.,.F.,.F.,(3,1,3),(0.,1.,2.),.UNSPECIFIED.);
#13666 = CARTESIAN_POINT('',(0.731513061653,-1.743483830584));
#13667 = CARTESIAN_POINT('',(0.529943700237,-1.743483830584));
#13668 = CARTESIAN_POINT('',(0.385965584939,-1.916257568941));
#13669 = CARTESIAN_POINT('',(0.385965584939,-2.117826930358));
#13670 = ( GEOMETRIC_REPRESENTATION_CONTEXT(2) 
PARAMETRIC_REPRESENTATION_CONTEXT() REPRESENTATION_CONTEXT('2D SPACE',''
  ) );
#13671 = ORIENTED_EDGE('',*,*,#13672,.F.);
#13672 = EDGE_CURVE('',#13673,#13648,#13675,.T.);
#13673 = VERTEX_POINT('',#13674);
#13674 = CARTESIAN_POINT('',(29.208497445404,-7.669234274856,0.));
#13675 = SURFACE_CURVE('',#13676,(#13680,#13687),.PCURVE_S1.);
#13676 = LINE('',#13677,#13678);
#13677 = CARTESIAN_POINT('',(29.208497445404,-7.669234274856,0.));
#13678 = VECTOR('',#13679,1.);
#13679 = DIRECTION('',(0.,-0.,1.));
#13680 = PCURVE('',#13607,#13681);
#13681 = DEFINITIONAL_REPRESENTATION('',(#13682),#13686);
#13682 = LINE('',#13683,#13684);
#13683 = CARTESIAN_POINT('',(2.,0.));
#13684 = VECTOR('',#13685,1.);
#13685 = DIRECTION('',(0.,-1.));
#13686 = ( GEOMETRIC_REPRESENTATION_CONTEXT(2) 
PARAMETRIC_REPRESENTATION_CONTEXT() REPRESENTATION_CONTEXT('2D SPACE',''
  ) );
#13687 = PCURVE('',#13688,#13693);
#13688 = PLANE('',#13689);
#13689 = AXIS2_PLACEMENT_3D('',#13690,#13691,#13692);
#13690 = CARTESIAN_POINT('',(29.208497445404,-7.669234274856,0.));
#13691 = DIRECTION('',(-1.,0.,0.));
#13692 = DIRECTION('',(0.,1.,-0.));
#13693 = DEFINITIONAL_REPRESENTATION('',(#13694),#13698);
#13694 = LINE('',#13695,#13696);
#13695 = CARTESIAN_POINT('',(0.,0.));
#13696 = VECTOR('',#13697,1.);
#13697 = DIRECTION('',(0.,-1.));
#13698 = ( GEOMETRIC_REPRESENTATION_CONTEXT(2) 
PARAMETRIC_REPRESENTATION_CONTEXT() REPRESENTATION_CONTEXT('2D SPACE',''
  ) );
#13699 = ORIENTED_EDGE('',*,*,#13700,.F.);
#13700 = EDGE_CURVE('',#13592,#13673,#13701,.T.);
#13701 = SURFACE_CURVE('',#13702,(#13707,#13714),.PCURVE_S1.);
#13702 = B_SPLINE_CURVE_WITH_KNOTS('',2,(#13703,#13704,#13705,#13706),
  .UNSPECIFIED.,.F.,.F.,(3,1,3),(0.,1.,2.),.UNSPECIFIED.);
#13703 = CARTESIAN_POINT('',(28.862949968689,-8.04357737463,0.));
#13704 = CARTESIAN_POINT('',(29.064519330106,-8.04357737463,0.));
#13705 = CARTESIAN_POINT('',(29.208497445404,-7.870803636273,0.));
#13706 = CARTESIAN_POINT('',(29.208497445404,-7.669234274856,0.));
#13707 = PCURVE('',#13607,#13708);
#13708 = DEFINITIONAL_REPRESENTATION('',(#13709),#13713);
#13709 = LINE('',#13710,#13711);
#13710 = CARTESIAN_POINT('',(0.,0.));
#13711 = VECTOR('',#13712,1.);
#13712 = DIRECTION('',(1.,0.));
#13713 = ( GEOMETRIC_REPRESENTATION_CONTEXT(2) 
PARAMETRIC_REPRESENTATION_CONTEXT() REPRESENTATION_CONTEXT('2D SPACE',''
  ) );
#13714 = PCURVE('',#13244,#13715);
#13715 = DEFINITIONAL_REPRESENTATION('',(#13716),#13721);
#13716 = B_SPLINE_CURVE_WITH_KNOTS('',2,(#13717,#13718,#13719,#13720),
  .UNSPECIFIED.,.F.,.F.,(3,1,3),(0.,1.,2.),.UNSPECIFIED.);
#13717 = CARTESIAN_POINT('',(0.731513061653,-1.743483830584));
#13718 = CARTESIAN_POINT('',(0.529943700237,-1.743483830584));
#13719 = CARTESIAN_POINT('',(0.385965584939,-1.916257568941));
#13720 = CARTESIAN_POINT('',(0.385965584939,-2.117826930358));
#13721 = ( GEOMETRIC_REPRESENTATION_CONTEXT(2) 
PARAMETRIC_REPRESENTATION_CONTEXT() REPRESENTATION_CONTEXT('2D SPACE',''
  ) );
#13722 = ADVANCED_FACE('',(#13723),#13688,.T.);
#13723 = FACE_BOUND('',#13724,.T.);
#13724 = EDGE_LOOP('',(#13725,#13726,#13749,#13777));
#13725 = ORIENTED_EDGE('',*,*,#13672,.T.);
#13726 = ORIENTED_EDGE('',*,*,#13727,.T.);
#13727 = EDGE_CURVE('',#13648,#13728,#13730,.T.);
#13728 = VERTEX_POINT('',#13729);
#13729 = CARTESIAN_POINT('',(29.208497445404,-6.670986008792,0.6));
#13730 = SURFACE_CURVE('',#13731,(#13735,#13742),.PCURVE_S1.);
#13731 = LINE('',#13732,#13733);
#13732 = CARTESIAN_POINT('',(29.208497445404,-7.669234274856,0.6));
#13733 = VECTOR('',#13734,1.);
#13734 = DIRECTION('',(-0.,1.,-0.));
#13735 = PCURVE('',#13688,#13736);
#13736 = DEFINITIONAL_REPRESENTATION('',(#13737),#13741);
#13737 = LINE('',#13738,#13739);
#13738 = CARTESIAN_POINT('',(0.,-0.6));
#13739 = VECTOR('',#13740,1.);
#13740 = DIRECTION('',(1.,0.));
#13741 = ( GEOMETRIC_REPRESENTATION_CONTEXT(2) 
PARAMETRIC_REPRESENTATION_CONTEXT() REPRESENTATION_CONTEXT('2D SPACE',''
  ) );
#13742 = PCURVE('',#13187,#13743);
#13743 = DEFINITIONAL_REPRESENTATION('',(#13744),#13748);
#13744 = LINE('',#13745,#13746);
#13745 = CARTESIAN_POINT('',(0.385965584939,-2.117826930358));
#13746 = VECTOR('',#13747,1.);
#13747 = DIRECTION('',(-0.,-1.));
#13748 = ( GEOMETRIC_REPRESENTATION_CONTEXT(2) 
PARAMETRIC_REPRESENTATION_CONTEXT() REPRESENTATION_CONTEXT('2D SPACE',''
  ) );
#13749 = ORIENTED_EDGE('',*,*,#13750,.F.);
#13750 = EDGE_CURVE('',#13751,#13728,#13753,.T.);
#13751 = VERTEX_POINT('',#13752);
#13752 = CARTESIAN_POINT('',(29.208497445404,-6.670986008792,0.));
#13753 = SURFACE_CURVE('',#13754,(#13758,#13765),.PCURVE_S1.);
#13754 = LINE('',#13755,#13756);
#13755 = CARTESIAN_POINT('',(29.208497445404,-6.670986008792,0.));
#13756 = VECTOR('',#13757,1.);
#13757 = DIRECTION('',(0.,-0.,1.));
#13758 = PCURVE('',#13688,#13759);
#13759 = DEFINITIONAL_REPRESENTATION('',(#13760),#13764);
#13760 = LINE('',#13761,#13762);
#13761 = CARTESIAN_POINT('',(0.998248266064,0.));
#13762 = VECTOR('',#13763,1.);
#13763 = DIRECTION('',(0.,-1.));
#13764 = ( GEOMETRIC_REPRESENTATION_CONTEXT(2) 
PARAMETRIC_REPRESENTATION_CONTEXT() REPRESENTATION_CONTEXT('2D SPACE',''
  ) );
#13765 = PCURVE('',#13766,#13771);
#13766 = PLANE('',#13767);
#13767 = AXIS2_PLACEMENT_3D('',#13768,#13769,#13770);
#13768 = CARTESIAN_POINT('',(29.208497445404,-6.670986008792,0.));
#13769 = DIRECTION('',(0.,1.,0.));
#13770 = DIRECTION('',(1.,0.,-0.));
#13771 = DEFINITIONAL_REPRESENTATION('',(#13772),#13776);
#13772 = LINE('',#13773,#13774);
#13773 = CARTESIAN_POINT('',(0.,0.));
#13774 = VECTOR('',#13775,1.);
#13775 = DIRECTION('',(0.,-1.));
#13776 = ( GEOMETRIC_REPRESENTATION_CONTEXT(2) 
PARAMETRIC_REPRESENTATION_CONTEXT() REPRESENTATION_CONTEXT('2D SPACE',''
  ) );
#13777 = ORIENTED_EDGE('',*,*,#13778,.F.);
#13778 = EDGE_CURVE('',#13673,#13751,#13779,.T.);
#13779 = SURFACE_CURVE('',#13780,(#13784,#13791),.PCURVE_S1.);
#13780 = LINE('',#13781,#13782);
#13781 = CARTESIAN_POINT('',(29.208497445404,-7.669234274856,0.));
#13782 = VECTOR('',#13783,1.);
#13783 = DIRECTION('',(-0.,1.,-0.));
#13784 = PCURVE('',#13688,#13785);
#13785 = DEFINITIONAL_REPRESENTATION('',(#13786),#13790);
#13786 = LINE('',#13787,#13788);
#13787 = CARTESIAN_POINT('',(0.,0.));
#13788 = VECTOR('',#13789,1.);
#13789 = DIRECTION('',(1.,0.));
#13790 = ( GEOMETRIC_REPRESENTATION_CONTEXT(2) 
PARAMETRIC_REPRESENTATION_CONTEXT() REPRESENTATION_CONTEXT('2D SPACE',''
  ) );
#13791 = PCURVE('',#13244,#13792);
#13792 = DEFINITIONAL_REPRESENTATION('',(#13793),#13797);
#13793 = LINE('',#13794,#13795);
#13794 = CARTESIAN_POINT('',(0.385965584939,-2.117826930358));
#13795 = VECTOR('',#13796,1.);
#13796 = DIRECTION('',(-0.,-1.));
#13797 = ( GEOMETRIC_REPRESENTATION_CONTEXT(2) 
PARAMETRIC_REPRESENTATION_CONTEXT() REPRESENTATION_CONTEXT('2D SPACE',''
  ) );
#13798 = ADVANCED_FACE('',(#13799),#13766,.T.);
#13799 = FACE_BOUND('',#13800,.T.);
#13800 = EDGE_LOOP('',(#13801,#13802,#13825,#13853));
#13801 = ORIENTED_EDGE('',*,*,#13750,.T.);
#13802 = ORIENTED_EDGE('',*,*,#13803,.T.);
#13803 = EDGE_CURVE('',#13728,#13804,#13806,.T.);
#13804 = VERTEX_POINT('',#13805);
#13805 = CARTESIAN_POINT('',(29.707621578436,-6.670986008792,0.6));
#13806 = SURFACE_CURVE('',#13807,(#13811,#13818),.PCURVE_S1.);
#13807 = LINE('',#13808,#13809);
#13808 = CARTESIAN_POINT('',(29.208497445404,-6.670986008792,0.6));
#13809 = VECTOR('',#13810,1.);
#13810 = DIRECTION('',(1.,-0.,-0.));
#13811 = PCURVE('',#13766,#13812);
#13812 = DEFINITIONAL_REPRESENTATION('',(#13813),#13817);
#13813 = LINE('',#13814,#13815);
#13814 = CARTESIAN_POINT('',(0.,-0.6));
#13815 = VECTOR('',#13816,1.);
#13816 = DIRECTION('',(1.,0.));
#13817 = ( GEOMETRIC_REPRESENTATION_CONTEXT(2) 
PARAMETRIC_REPRESENTATION_CONTEXT() REPRESENTATION_CONTEXT('2D SPACE',''
  ) );
#13818 = PCURVE('',#13187,#13819);
#13819 = DEFINITIONAL_REPRESENTATION('',(#13820),#13824);
#13820 = LINE('',#13821,#13822);
#13821 = CARTESIAN_POINT('',(0.385965584939,-3.116075196422));
#13822 = VECTOR('',#13823,1.);
#13823 = DIRECTION('',(-1.,-0.));
#13824 = ( GEOMETRIC_REPRESENTATION_CONTEXT(2) 
PARAMETRIC_REPRESENTATION_CONTEXT() REPRESENTATION_CONTEXT('2D SPACE',''
  ) );
#13825 = ORIENTED_EDGE('',*,*,#13826,.F.);
#13826 = EDGE_CURVE('',#13827,#13804,#13829,.T.);
#13827 = VERTEX_POINT('',#13828);
#13828 = CARTESIAN_POINT('',(29.707621578436,-6.670986008792,0.));
#13829 = SURFACE_CURVE('',#13830,(#13834,#13841),.PCURVE_S1.);
#13830 = LINE('',#13831,#13832);
#13831 = CARTESIAN_POINT('',(29.707621578436,-6.670986008792,0.));
#13832 = VECTOR('',#13833,1.);
#13833 = DIRECTION('',(0.,-0.,1.));
#13834 = PCURVE('',#13766,#13835);
#13835 = DEFINITIONAL_REPRESENTATION('',(#13836),#13840);
#13836 = LINE('',#13837,#13838);
#13837 = CARTESIAN_POINT('',(0.499124133032,0.));
#13838 = VECTOR('',#13839,1.);
#13839 = DIRECTION('',(0.,-1.));
#13840 = ( GEOMETRIC_REPRESENTATION_CONTEXT(2) 
PARAMETRIC_REPRESENTATION_CONTEXT() REPRESENTATION_CONTEXT('2D SPACE',''
  ) );
#13841 = PCURVE('',#13842,#13847);
#13842 = PLANE('',#13843);
#13843 = AXIS2_PLACEMENT_3D('',#13844,#13845,#13846);
#13844 = CARTESIAN_POINT('',(29.707621578436,-6.670986008792,0.));
#13845 = DIRECTION('',(1.,0.,-0.));
#13846 = DIRECTION('',(0.,-1.,-0.));
#13847 = DEFINITIONAL_REPRESENTATION('',(#13848),#13852);
#13848 = LINE('',#13849,#13850);
#13849 = CARTESIAN_POINT('',(0.,0.));
#13850 = VECTOR('',#13851,1.);
#13851 = DIRECTION('',(0.,-1.));
#13852 = ( GEOMETRIC_REPRESENTATION_CONTEXT(2) 
PARAMETRIC_REPRESENTATION_CONTEXT() REPRESENTATION_CONTEXT('2D SPACE',''
  ) );
#13853 = ORIENTED_EDGE('',*,*,#13854,.F.);
#13854 = EDGE_CURVE('',#13751,#13827,#13855,.T.);
#13855 = SURFACE_CURVE('',#13856,(#13860,#13867),.PCURVE_S1.);
#13856 = LINE('',#13857,#13858);
#13857 = CARTESIAN_POINT('',(29.208497445404,-6.670986008792,0.));
#13858 = VECTOR('',#13859,1.);
#13859 = DIRECTION('',(1.,-0.,-0.));
#13860 = PCURVE('',#13766,#13861);
#13861 = DEFINITIONAL_REPRESENTATION('',(#13862),#13866);
#13862 = LINE('',#13863,#13864);
#13863 = CARTESIAN_POINT('',(0.,0.));
#13864 = VECTOR('',#13865,1.);
#13865 = DIRECTION('',(1.,0.));
#13866 = ( GEOMETRIC_REPRESENTATION_CONTEXT(2) 
PARAMETRIC_REPRESENTATION_CONTEXT() REPRESENTATION_CONTEXT('2D SPACE',''
  ) );
#13867 = PCURVE('',#13244,#13868);
#13868 = DEFINITIONAL_REPRESENTATION('',(#13869),#13873);
#13869 = LINE('',#13870,#13871);
#13870 = CARTESIAN_POINT('',(0.385965584939,-3.116075196422));
#13871 = VECTOR('',#13872,1.);
#13872 = DIRECTION('',(-1.,-0.));
#13873 = ( GEOMETRIC_REPRESENTATION_CONTEXT(2) 
PARAMETRIC_REPRESENTATION_CONTEXT() REPRESENTATION_CONTEXT('2D SPACE',''
  ) );
#13874 = ADVANCED_FACE('',(#13875),#13842,.T.);
#13875 = FACE_BOUND('',#13876,.T.);
#13876 = EDGE_LOOP('',(#13877,#13878,#13901,#13929));
#13877 = ORIENTED_EDGE('',*,*,#13826,.T.);
#13878 = ORIENTED_EDGE('',*,*,#13879,.T.);
#13879 = EDGE_CURVE('',#13804,#13880,#13882,.T.);
#13880 = VERTEX_POINT('',#13881);
#13881 = CARTESIAN_POINT('',(29.707621578436,-8.04357737463,0.6));
#13882 = SURFACE_CURVE('',#13883,(#13887,#13894),.PCURVE_S1.);
#13883 = LINE('',#13884,#13885);
#13884 = CARTESIAN_POINT('',(29.707621578436,-6.670986008792,0.6));
#13885 = VECTOR('',#13886,1.);
#13886 = DIRECTION('',(-0.,-1.,-0.));
#13887 = PCURVE('',#13842,#13888);
#13888 = DEFINITIONAL_REPRESENTATION('',(#13889),#13893);
#13889 = LINE('',#13890,#13891);
#13890 = CARTESIAN_POINT('',(0.,-0.6));
#13891 = VECTOR('',#13892,1.);
#13892 = DIRECTION('',(1.,0.));
#13893 = ( GEOMETRIC_REPRESENTATION_CONTEXT(2) 
PARAMETRIC_REPRESENTATION_CONTEXT() REPRESENTATION_CONTEXT('2D SPACE',''
  ) );
#13894 = PCURVE('',#13187,#13895);
#13895 = DEFINITIONAL_REPRESENTATION('',(#13896),#13900);
#13896 = LINE('',#13897,#13898);
#13897 = CARTESIAN_POINT('',(-0.113158548093,-3.116075196422));
#13898 = VECTOR('',#13899,1.);
#13899 = DIRECTION('',(-0.,1.));
#13900 = ( GEOMETRIC_REPRESENTATION_CONTEXT(2) 
PARAMETRIC_REPRESENTATION_CONTEXT() REPRESENTATION_CONTEXT('2D SPACE',''
  ) );
#13901 = ORIENTED_EDGE('',*,*,#13902,.F.);
#13902 = EDGE_CURVE('',#13903,#13880,#13905,.T.);
#13903 = VERTEX_POINT('',#13904);
#13904 = CARTESIAN_POINT('',(29.707621578436,-8.04357737463,0.));
#13905 = SURFACE_CURVE('',#13906,(#13910,#13917),.PCURVE_S1.);
#13906 = LINE('',#13907,#13908);
#13907 = CARTESIAN_POINT('',(29.707621578436,-8.04357737463,0.));
#13908 = VECTOR('',#13909,1.);
#13909 = DIRECTION('',(0.,-0.,1.));
#13910 = PCURVE('',#13842,#13911);
#13911 = DEFINITIONAL_REPRESENTATION('',(#13912),#13916);
#13912 = LINE('',#13913,#13914);
#13913 = CARTESIAN_POINT('',(1.372591365838,-0.));
#13914 = VECTOR('',#13915,1.);
#13915 = DIRECTION('',(0.,-1.));
#13916 = ( GEOMETRIC_REPRESENTATION_CONTEXT(2) 
PARAMETRIC_REPRESENTATION_CONTEXT() REPRESENTATION_CONTEXT('2D SPACE',''
  ) );
#13917 = PCURVE('',#13918,#13923);
#13918 = PLANE('',#13919);
#13919 = AXIS2_PLACEMENT_3D('',#13920,#13921,#13922);
#13920 = CARTESIAN_POINT('',(29.707621578436,-8.04357737463,0.));
#13921 = DIRECTION('',(0.,1.,0.));
#13922 = DIRECTION('',(1.,0.,-0.));
#13923 = DEFINITIONAL_REPRESENTATION('',(#13924),#13928);
#13924 = LINE('',#13925,#13926);
#13925 = CARTESIAN_POINT('',(0.,0.));
#13926 = VECTOR('',#13927,1.);
#13927 = DIRECTION('',(0.,-1.));
#13928 = ( GEOMETRIC_REPRESENTATION_CONTEXT(2) 
PARAMETRIC_REPRESENTATION_CONTEXT() REPRESENTATION_CONTEXT('2D SPACE',''
  ) );
#13929 = ORIENTED_EDGE('',*,*,#13930,.F.);
#13930 = EDGE_CURVE('',#13827,#13903,#13931,.T.);
#13931 = SURFACE_CURVE('',#13932,(#13936,#13943),.PCURVE_S1.);
#13932 = LINE('',#13933,#13934);
#13933 = CARTESIAN_POINT('',(29.707621578436,-6.670986008792,0.));
#13934 = VECTOR('',#13935,1.);
#13935 = DIRECTION('',(-0.,-1.,-0.));
#13936 = PCURVE('',#13842,#13937);
#13937 = DEFINITIONAL_REPRESENTATION('',(#13938),#13942);
#13938 = LINE('',#13939,#13940);
#13939 = CARTESIAN_POINT('',(0.,0.));
#13940 = VECTOR('',#13941,1.);
#13941 = DIRECTION('',(1.,0.));
#13942 = ( GEOMETRIC_REPRESENTATION_CONTEXT(2) 
PARAMETRIC_REPRESENTATION_CONTEXT() REPRESENTATION_CONTEXT('2D SPACE',''
  ) );
#13943 = PCURVE('',#13244,#13944);
#13944 = DEFINITIONAL_REPRESENTATION('',(#13945),#13949);
#13945 = LINE('',#13946,#13947);
#13946 = CARTESIAN_POINT('',(-0.113158548093,-3.116075196422));
#13947 = VECTOR('',#13948,1.);
#13948 = DIRECTION('',(-0.,1.));
#13949 = ( GEOMETRIC_REPRESENTATION_CONTEXT(2) 
PARAMETRIC_REPRESENTATION_CONTEXT() REPRESENTATION_CONTEXT('2D SPACE',''
  ) );
#13950 = ADVANCED_FACE('',(#13951),#13918,.T.);
#13951 = FACE_BOUND('',#13952,.T.);
#13952 = EDGE_LOOP('',(#13953,#13954,#13977,#14005));
#13953 = ORIENTED_EDGE('',*,*,#13902,.T.);
#13954 = ORIENTED_EDGE('',*,*,#13955,.T.);
#13955 = EDGE_CURVE('',#13880,#13956,#13958,.T.);
#13956 = VERTEX_POINT('',#13957);
#13957 = CARTESIAN_POINT('',(30.821052336738,-8.04357737463,0.6));
#13958 = SURFACE_CURVE('',#13959,(#13963,#13970),.PCURVE_S1.);
#13959 = LINE('',#13960,#13961);
#13960 = CARTESIAN_POINT('',(29.707621578436,-8.04357737463,0.6));
#13961 = VECTOR('',#13962,1.);
#13962 = DIRECTION('',(1.,-0.,-0.));
#13963 = PCURVE('',#13918,#13964);
#13964 = DEFINITIONAL_REPRESENTATION('',(#13965),#13969);
#13965 = LINE('',#13966,#13967);
#13966 = CARTESIAN_POINT('',(0.,-0.6));
#13967 = VECTOR('',#13968,1.);
#13968 = DIRECTION('',(1.,0.));
#13969 = ( GEOMETRIC_REPRESENTATION_CONTEXT(2) 
PARAMETRIC_REPRESENTATION_CONTEXT() REPRESENTATION_CONTEXT('2D SPACE',''
  ) );
#13970 = PCURVE('',#13187,#13971);
#13971 = DEFINITIONAL_REPRESENTATION('',(#13972),#13976);
#13972 = LINE('',#13973,#13974);
#13973 = CARTESIAN_POINT('',(-0.113158548093,-1.743483830584));
#13974 = VECTOR('',#13975,1.);
#13975 = DIRECTION('',(-1.,-0.));
#13976 = ( GEOMETRIC_REPRESENTATION_CONTEXT(2) 
PARAMETRIC_REPRESENTATION_CONTEXT() REPRESENTATION_CONTEXT('2D SPACE',''
  ) );
#13977 = ORIENTED_EDGE('',*,*,#13978,.F.);
#13978 = EDGE_CURVE('',#13979,#13956,#13981,.T.);
#13979 = VERTEX_POINT('',#13980);
#13980 = CARTESIAN_POINT('',(30.821052336738,-8.04357737463,0.));
#13981 = SURFACE_CURVE('',#13982,(#13986,#13993),.PCURVE_S1.);
#13982 = LINE('',#13983,#13984);
#13983 = CARTESIAN_POINT('',(30.821052336738,-8.04357737463,0.));
#13984 = VECTOR('',#13985,1.);
#13985 = DIRECTION('',(0.,-0.,1.));
#13986 = PCURVE('',#13918,#13987);
#13987 = DEFINITIONAL_REPRESENTATION('',(#13988),#13992);
#13988 = LINE('',#13989,#13990);
#13989 = CARTESIAN_POINT('',(1.113430758302,0.));
#13990 = VECTOR('',#13991,1.);
#13991 = DIRECTION('',(0.,-1.));
#13992 = ( GEOMETRIC_REPRESENTATION_CONTEXT(2) 
PARAMETRIC_REPRESENTATION_CONTEXT() REPRESENTATION_CONTEXT('2D SPACE',''
  ) );
#13993 = PCURVE('',#13994,#13999);
#13994 = PLANE('',#13995);
#13995 = AXIS2_PLACEMENT_3D('',#13996,#13997,#13998);
#13996 = CARTESIAN_POINT('',(30.821052336738,-8.04357737463,0.));
#13997 = DIRECTION('',(1.,0.,-0.));
#13998 = DIRECTION('',(0.,-1.,-0.));
#13999 = DEFINITIONAL_REPRESENTATION('',(#14000),#14004);
#14000 = LINE('',#14001,#14002);
#14001 = CARTESIAN_POINT('',(0.,0.));
#14002 = VECTOR('',#14003,1.);
#14003 = DIRECTION('',(0.,-1.));
#14004 = ( GEOMETRIC_REPRESENTATION_CONTEXT(2) 
PARAMETRIC_REPRESENTATION_CONTEXT() REPRESENTATION_CONTEXT('2D SPACE',''
  ) );
#14005 = ORIENTED_EDGE('',*,*,#14006,.F.);
#14006 = EDGE_CURVE('',#13903,#13979,#14007,.T.);
#14007 = SURFACE_CURVE('',#14008,(#14012,#14019),.PCURVE_S1.);
#14008 = LINE('',#14009,#14010);
#14009 = CARTESIAN_POINT('',(29.707621578436,-8.04357737463,0.));
#14010 = VECTOR('',#14011,1.);
#14011 = DIRECTION('',(1.,-0.,-0.));
#14012 = PCURVE('',#13918,#14013);
#14013 = DEFINITIONAL_REPRESENTATION('',(#14014),#14018);
#14014 = LINE('',#14015,#14016);
#14015 = CARTESIAN_POINT('',(0.,0.));
#14016 = VECTOR('',#14017,1.);
#14017 = DIRECTION('',(1.,0.));
#14018 = ( GEOMETRIC_REPRESENTATION_CONTEXT(2) 
PARAMETRIC_REPRESENTATION_CONTEXT() REPRESENTATION_CONTEXT('2D SPACE',''
  ) );
#14019 = PCURVE('',#13244,#14020);
#14020 = DEFINITIONAL_REPRESENTATION('',(#14021),#14025);
#14021 = LINE('',#14022,#14023);
#14022 = CARTESIAN_POINT('',(-0.113158548093,-1.743483830584));
#14023 = VECTOR('',#14024,1.);
#14024 = DIRECTION('',(-1.,-0.));
#14025 = ( GEOMETRIC_REPRESENTATION_CONTEXT(2) 
PARAMETRIC_REPRESENTATION_CONTEXT() REPRESENTATION_CONTEXT('2D SPACE',''
  ) );
#14026 = ADVANCED_FACE('',(#14027),#13994,.T.);
#14027 = FACE_BOUND('',#14028,.T.);
#14028 = EDGE_LOOP('',(#14029,#14030,#14053,#14081));
#14029 = ORIENTED_EDGE('',*,*,#13978,.T.);
#14030 = ORIENTED_EDGE('',*,*,#14031,.T.);
#14031 = EDGE_CURVE('',#13956,#14032,#14034,.T.);
#14032 = VERTEX_POINT('',#14033);
#14033 = CARTESIAN_POINT('',(30.821052336738,-8.523504425623,0.6));
#14034 = SURFACE_CURVE('',#14035,(#14039,#14046),.PCURVE_S1.);
#14035 = LINE('',#14036,#14037);
#14036 = CARTESIAN_POINT('',(30.821052336738,-8.04357737463,0.6));
#14037 = VECTOR('',#14038,1.);
#14038 = DIRECTION('',(-0.,-1.,-0.));
#14039 = PCURVE('',#13994,#14040);
#14040 = DEFINITIONAL_REPRESENTATION('',(#14041),#14045);
#14041 = LINE('',#14042,#14043);
#14042 = CARTESIAN_POINT('',(0.,-0.6));
#14043 = VECTOR('',#14044,1.);
#14044 = DIRECTION('',(1.,0.));
#14045 = ( GEOMETRIC_REPRESENTATION_CONTEXT(2) 
PARAMETRIC_REPRESENTATION_CONTEXT() REPRESENTATION_CONTEXT('2D SPACE',''
  ) );
#14046 = PCURVE('',#13187,#14047);
#14047 = DEFINITIONAL_REPRESENTATION('',(#14048),#14052);
#14048 = LINE('',#14049,#14050);
#14049 = CARTESIAN_POINT('',(-1.226589306395,-1.743483830584));
#14050 = VECTOR('',#14051,1.);
#14051 = DIRECTION('',(-0.,1.));
#14052 = ( GEOMETRIC_REPRESENTATION_CONTEXT(2) 
PARAMETRIC_REPRESENTATION_CONTEXT() REPRESENTATION_CONTEXT('2D SPACE',''
  ) );
#14053 = ORIENTED_EDGE('',*,*,#14054,.F.);
#14054 = EDGE_CURVE('',#14055,#14032,#14057,.T.);
#14055 = VERTEX_POINT('',#14056);
#14056 = CARTESIAN_POINT('',(30.821052336738,-8.523504425623,0.));
#14057 = SURFACE_CURVE('',#14058,(#14062,#14069),.PCURVE_S1.);
#14058 = LINE('',#14059,#14060);
#14059 = CARTESIAN_POINT('',(30.821052336738,-8.523504425623,0.));
#14060 = VECTOR('',#14061,1.);
#14061 = DIRECTION('',(0.,-0.,1.));
#14062 = PCURVE('',#13994,#14063);
#14063 = DEFINITIONAL_REPRESENTATION('',(#14064),#14068);
#14064 = LINE('',#14065,#14066);
#14065 = CARTESIAN_POINT('',(0.479927050992,-0.));
#14066 = VECTOR('',#14067,1.);
#14067 = DIRECTION('',(0.,-1.));
#14068 = ( GEOMETRIC_REPRESENTATION_CONTEXT(2) 
PARAMETRIC_REPRESENTATION_CONTEXT() REPRESENTATION_CONTEXT('2D SPACE',''
  ) );
#14069 = PCURVE('',#14070,#14075);
#14070 = PLANE('',#14071);
#14071 = AXIS2_PLACEMENT_3D('',#14072,#14073,#14074);
#14072 = CARTESIAN_POINT('',(30.821052336738,-8.523504425623,0.));
#14073 = DIRECTION('',(0.,-1.,-0.));
#14074 = DIRECTION('',(-1.,-0.,0.));
#14075 = DEFINITIONAL_REPRESENTATION('',(#14076),#14080);
#14076 = LINE('',#14077,#14078);
#14077 = CARTESIAN_POINT('',(0.,0.));
#14078 = VECTOR('',#14079,1.);
#14079 = DIRECTION('',(0.,-1.));
#14080 = ( GEOMETRIC_REPRESENTATION_CONTEXT(2) 
PARAMETRIC_REPRESENTATION_CONTEXT() REPRESENTATION_CONTEXT('2D SPACE',''
  ) );
#14081 = ORIENTED_EDGE('',*,*,#14082,.F.);
#14082 = EDGE_CURVE('',#13979,#14055,#14083,.T.);
#14083 = SURFACE_CURVE('',#14084,(#14088,#14095),.PCURVE_S1.);
#14084 = LINE('',#14085,#14086);
#14085 = CARTESIAN_POINT('',(30.821052336738,-8.04357737463,0.));
#14086 = VECTOR('',#14087,1.);
#14087 = DIRECTION('',(-0.,-1.,-0.));
#14088 = PCURVE('',#13994,#14089);
#14089 = DEFINITIONAL_REPRESENTATION('',(#14090),#14094);
#14090 = LINE('',#14091,#14092);
#14091 = CARTESIAN_POINT('',(0.,0.));
#14092 = VECTOR('',#14093,1.);
#14093 = DIRECTION('',(1.,0.));
#14094 = ( GEOMETRIC_REPRESENTATION_CONTEXT(2) 
PARAMETRIC_REPRESENTATION_CONTEXT() REPRESENTATION_CONTEXT('2D SPACE',''
  ) );
#14095 = PCURVE('',#13244,#14096);
#14096 = DEFINITIONAL_REPRESENTATION('',(#14097),#14101);
#14097 = LINE('',#14098,#14099);
#14098 = CARTESIAN_POINT('',(-1.226589306395,-1.743483830584));
#14099 = VECTOR('',#14100,1.);
#14100 = DIRECTION('',(-0.,1.));
#14101 = ( GEOMETRIC_REPRESENTATION_CONTEXT(2) 
PARAMETRIC_REPRESENTATION_CONTEXT() REPRESENTATION_CONTEXT('2D SPACE',''
  ) );
#14102 = ADVANCED_FACE('',(#14103),#14070,.T.);
#14103 = FACE_BOUND('',#14104,.T.);
#14104 = EDGE_LOOP('',(#14105,#14106,#14129,#14157));
#14105 = ORIENTED_EDGE('',*,*,#14054,.T.);
#14106 = ORIENTED_EDGE('',*,*,#14107,.T.);
#14107 = EDGE_CURVE('',#14032,#14108,#14110,.T.);
#14108 = VERTEX_POINT('',#14109);
#14109 = CARTESIAN_POINT('',(29.707621578436,-8.523504425623,0.6));
#14110 = SURFACE_CURVE('',#14111,(#14115,#14122),.PCURVE_S1.);
#14111 = LINE('',#14112,#14113);
#14112 = CARTESIAN_POINT('',(30.821052336738,-8.523504425623,0.6));
#14113 = VECTOR('',#14114,1.);
#14114 = DIRECTION('',(-1.,-0.,0.));
#14115 = PCURVE('',#14070,#14116);
#14116 = DEFINITIONAL_REPRESENTATION('',(#14117),#14121);
#14117 = LINE('',#14118,#14119);
#14118 = CARTESIAN_POINT('',(0.,-0.6));
#14119 = VECTOR('',#14120,1.);
#14120 = DIRECTION('',(1.,0.));
#14121 = ( GEOMETRIC_REPRESENTATION_CONTEXT(2) 
PARAMETRIC_REPRESENTATION_CONTEXT() REPRESENTATION_CONTEXT('2D SPACE',''
  ) );
#14122 = PCURVE('',#13187,#14123);
#14123 = DEFINITIONAL_REPRESENTATION('',(#14124),#14128);
#14124 = LINE('',#14125,#14126);
#14125 = CARTESIAN_POINT('',(-1.226589306395,-1.263556779591));
#14126 = VECTOR('',#14127,1.);
#14127 = DIRECTION('',(1.,-0.));
#14128 = ( GEOMETRIC_REPRESENTATION_CONTEXT(2) 
PARAMETRIC_REPRESENTATION_CONTEXT() REPRESENTATION_CONTEXT('2D SPACE',''
  ) );
#14129 = ORIENTED_EDGE('',*,*,#14130,.F.);
#14130 = EDGE_CURVE('',#14131,#14108,#14133,.T.);
#14131 = VERTEX_POINT('',#14132);
#14132 = CARTESIAN_POINT('',(29.707621578436,-8.523504425623,0.));
#14133 = SURFACE_CURVE('',#14134,(#14138,#14145),.PCURVE_S1.);
#14134 = LINE('',#14135,#14136);
#14135 = CARTESIAN_POINT('',(29.707621578436,-8.523504425623,0.));
#14136 = VECTOR('',#14137,1.);
#14137 = DIRECTION('',(0.,-0.,1.));
#14138 = PCURVE('',#14070,#14139);
#14139 = DEFINITIONAL_REPRESENTATION('',(#14140),#14144);
#14140 = LINE('',#14141,#14142);
#14141 = CARTESIAN_POINT('',(1.113430758302,0.));
#14142 = VECTOR('',#14143,1.);
#14143 = DIRECTION('',(0.,-1.));
#14144 = ( GEOMETRIC_REPRESENTATION_CONTEXT(2) 
PARAMETRIC_REPRESENTATION_CONTEXT() REPRESENTATION_CONTEXT('2D SPACE',''
  ) );
#14145 = PCURVE('',#14146,#14151);
#14146 = PLANE('',#14147);
#14147 = AXIS2_PLACEMENT_3D('',#14148,#14149,#14150);
#14148 = CARTESIAN_POINT('',(29.707621578436,-8.523504425623,0.));
#14149 = DIRECTION('',(1.,0.,-0.));
#14150 = DIRECTION('',(0.,-1.,-0.));
#14151 = DEFINITIONAL_REPRESENTATION('',(#14152),#14156);
#14152 = LINE('',#14153,#14154);
#14153 = CARTESIAN_POINT('',(0.,0.));
#14154 = VECTOR('',#14155,1.);
#14155 = DIRECTION('',(0.,-1.));
#14156 = ( GEOMETRIC_REPRESENTATION_CONTEXT(2) 
PARAMETRIC_REPRESENTATION_CONTEXT() REPRESENTATION_CONTEXT('2D SPACE',''
  ) );
#14157 = ORIENTED_EDGE('',*,*,#14158,.F.);
#14158 = EDGE_CURVE('',#14055,#14131,#14159,.T.);
#14159 = SURFACE_CURVE('',#14160,(#14164,#14171),.PCURVE_S1.);
#14160 = LINE('',#14161,#14162);
#14161 = CARTESIAN_POINT('',(30.821052336738,-8.523504425623,0.));
#14162 = VECTOR('',#14163,1.);
#14163 = DIRECTION('',(-1.,-0.,0.));
#14164 = PCURVE('',#14070,#14165);
#14165 = DEFINITIONAL_REPRESENTATION('',(#14166),#14170);
#14166 = LINE('',#14167,#14168);
#14167 = CARTESIAN_POINT('',(0.,0.));
#14168 = VECTOR('',#14169,1.);
#14169 = DIRECTION('',(1.,0.));
#14170 = ( GEOMETRIC_REPRESENTATION_CONTEXT(2) 
PARAMETRIC_REPRESENTATION_CONTEXT() REPRESENTATION_CONTEXT('2D SPACE',''
  ) );
#14171 = PCURVE('',#13244,#14172);
#14172 = DEFINITIONAL_REPRESENTATION('',(#14173),#14177);
#14173 = LINE('',#14174,#14175);
#14174 = CARTESIAN_POINT('',(-1.226589306395,-1.263556779591));
#14175 = VECTOR('',#14176,1.);
#14176 = DIRECTION('',(1.,-0.));
#14177 = ( GEOMETRIC_REPRESENTATION_CONTEXT(2) 
PARAMETRIC_REPRESENTATION_CONTEXT() REPRESENTATION_CONTEXT('2D SPACE',''
  ) );
#14178 = ADVANCED_FACE('',(#14179),#14146,.T.);
#14179 = FACE_BOUND('',#14180,.T.);
#14180 = EDGE_LOOP('',(#14181,#14182,#14205,#14233));
#14181 = ORIENTED_EDGE('',*,*,#14130,.T.);
#14182 = ORIENTED_EDGE('',*,*,#14183,.T.);
#14183 = EDGE_CURVE('',#14108,#14184,#14186,.T.);
#14184 = VERTEX_POINT('',#14185);
#14185 = CARTESIAN_POINT('',(29.707621578436,-12.47810332579,0.6));
#14186 = SURFACE_CURVE('',#14187,(#14191,#14198),.PCURVE_S1.);
#14187 = LINE('',#14188,#14189);
#14188 = CARTESIAN_POINT('',(29.707621578436,-8.523504425623,0.6));
#14189 = VECTOR('',#14190,1.);
#14190 = DIRECTION('',(-0.,-1.,-0.));
#14191 = PCURVE('',#14146,#14192);
#14192 = DEFINITIONAL_REPRESENTATION('',(#14193),#14197);
#14193 = LINE('',#14194,#14195);
#14194 = CARTESIAN_POINT('',(0.,-0.6));
#14195 = VECTOR('',#14196,1.);
#14196 = DIRECTION('',(1.,0.));
#14197 = ( GEOMETRIC_REPRESENTATION_CONTEXT(2) 
PARAMETRIC_REPRESENTATION_CONTEXT() REPRESENTATION_CONTEXT('2D SPACE',''
  ) );
#14198 = PCURVE('',#13187,#14199);
#14199 = DEFINITIONAL_REPRESENTATION('',(#14200),#14204);
#14200 = LINE('',#14201,#14202);
#14201 = CARTESIAN_POINT('',(-0.113158548093,-1.263556779591));
#14202 = VECTOR('',#14203,1.);
#14203 = DIRECTION('',(-0.,1.));
#14204 = ( GEOMETRIC_REPRESENTATION_CONTEXT(2) 
PARAMETRIC_REPRESENTATION_CONTEXT() REPRESENTATION_CONTEXT('2D SPACE',''
  ) );
#14205 = ORIENTED_EDGE('',*,*,#14206,.F.);
#14206 = EDGE_CURVE('',#14207,#14184,#14209,.T.);
#14207 = VERTEX_POINT('',#14208);
#14208 = CARTESIAN_POINT('',(29.707621578436,-12.47810332579,0.));
#14209 = SURFACE_CURVE('',#14210,(#14214,#14221),.PCURVE_S1.);
#14210 = LINE('',#14211,#14212);
#14211 = CARTESIAN_POINT('',(29.707621578436,-12.47810332579,0.));
#14212 = VECTOR('',#14213,1.);
#14213 = DIRECTION('',(0.,-0.,1.));
#14214 = PCURVE('',#14146,#14215);
#14215 = DEFINITIONAL_REPRESENTATION('',(#14216),#14220);
#14216 = LINE('',#14217,#14218);
#14217 = CARTESIAN_POINT('',(3.954598900176,-0.));
#14218 = VECTOR('',#14219,1.);
#14219 = DIRECTION('',(0.,-1.));
#14220 = ( GEOMETRIC_REPRESENTATION_CONTEXT(2) 
PARAMETRIC_REPRESENTATION_CONTEXT() REPRESENTATION_CONTEXT('2D SPACE',''
  ) );
#14221 = PCURVE('',#14222,#14227);
#14222 = PLANE('',#14223);
#14223 = AXIS2_PLACEMENT_3D('',#14224,#14225,#14226);
#14224 = CARTESIAN_POINT('',(29.707621578436,-12.47810332579,0.));
#14225 = DIRECTION('',(0.,1.,0.));
#14226 = DIRECTION('',(1.,0.,-0.));
#14227 = DEFINITIONAL_REPRESENTATION('',(#14228),#14232);
#14228 = LINE('',#14229,#14230);
#14229 = CARTESIAN_POINT('',(0.,0.));
#14230 = VECTOR('',#14231,1.);
#14231 = DIRECTION('',(0.,-1.));
#14232 = ( GEOMETRIC_REPRESENTATION_CONTEXT(2) 
PARAMETRIC_REPRESENTATION_CONTEXT() REPRESENTATION_CONTEXT('2D SPACE',''
  ) );
#14233 = ORIENTED_EDGE('',*,*,#14234,.F.);
#14234 = EDGE_CURVE('',#14131,#14207,#14235,.T.);
#14235 = SURFACE_CURVE('',#14236,(#14240,#14247),.PCURVE_S1.);
#14236 = LINE('',#14237,#14238);
#14237 = CARTESIAN_POINT('',(29.707621578436,-8.523504425623,0.));
#14238 = VECTOR('',#14239,1.);
#14239 = DIRECTION('',(-0.,-1.,-0.));
#14240 = PCURVE('',#14146,#14241);
#14241 = DEFINITIONAL_REPRESENTATION('',(#14242),#14246);
#14242 = LINE('',#14243,#14244);
#14243 = CARTESIAN_POINT('',(0.,0.));
#14244 = VECTOR('',#14245,1.);
#14245 = DIRECTION('',(1.,0.));
#14246 = ( GEOMETRIC_REPRESENTATION_CONTEXT(2) 
PARAMETRIC_REPRESENTATION_CONTEXT() REPRESENTATION_CONTEXT('2D SPACE',''
  ) );
#14247 = PCURVE('',#13244,#14248);
#14248 = DEFINITIONAL_REPRESENTATION('',(#14249),#14253);
#14249 = LINE('',#14250,#14251);
#14250 = CARTESIAN_POINT('',(-0.113158548093,-1.263556779591));
#14251 = VECTOR('',#14252,1.);
#14252 = DIRECTION('',(-0.,1.));
#14253 = ( GEOMETRIC_REPRESENTATION_CONTEXT(2) 
PARAMETRIC_REPRESENTATION_CONTEXT() REPRESENTATION_CONTEXT('2D SPACE',''
  ) );
#14254 = ADVANCED_FACE('',(#14255),#14222,.T.);
#14255 = FACE_BOUND('',#14256,.T.);
#14256 = EDGE_LOOP('',(#14257,#14258,#14281,#14304));
#14257 = ORIENTED_EDGE('',*,*,#14206,.T.);
#14258 = ORIENTED_EDGE('',*,*,#14259,.T.);
#14259 = EDGE_CURVE('',#14184,#14260,#14262,.T.);
#14260 = VERTEX_POINT('',#14261);
#14261 = CARTESIAN_POINT('',(30.744264008579,-12.47810332579,0.6));
#14262 = SURFACE_CURVE('',#14263,(#14267,#14274),.PCURVE_S1.);
#14263 = LINE('',#14264,#14265);
#14264 = CARTESIAN_POINT('',(29.707621578436,-12.47810332579,0.6));
#14265 = VECTOR('',#14266,1.);
#14266 = DIRECTION('',(1.,-0.,-0.));
#14267 = PCURVE('',#14222,#14268);
#14268 = DEFINITIONAL_REPRESENTATION('',(#14269),#14273);
#14269 = LINE('',#14270,#14271);
#14270 = CARTESIAN_POINT('',(0.,-0.6));
#14271 = VECTOR('',#14272,1.);
#14272 = DIRECTION('',(1.,0.));
#14273 = ( GEOMETRIC_REPRESENTATION_CONTEXT(2) 
PARAMETRIC_REPRESENTATION_CONTEXT() REPRESENTATION_CONTEXT('2D SPACE',''
  ) );
#14274 = PCURVE('',#13187,#14275);
#14275 = DEFINITIONAL_REPRESENTATION('',(#14276),#14280);
#14276 = LINE('',#14277,#14278);
#14277 = CARTESIAN_POINT('',(-0.113158548093,2.691042120585));
#14278 = VECTOR('',#14279,1.);
#14279 = DIRECTION('',(-1.,-0.));
#14280 = ( GEOMETRIC_REPRESENTATION_CONTEXT(2) 
PARAMETRIC_REPRESENTATION_CONTEXT() REPRESENTATION_CONTEXT('2D SPACE',''
  ) );
#14281 = ORIENTED_EDGE('',*,*,#14282,.F.);
#14282 = EDGE_CURVE('',#14283,#14260,#14285,.T.);
#14283 = VERTEX_POINT('',#14284);
#14284 = CARTESIAN_POINT('',(30.744264008579,-12.47810332579,0.));
#14285 = SURFACE_CURVE('',#14286,(#14290,#14297),.PCURVE_S1.);
#14286 = LINE('',#14287,#14288);
#14287 = CARTESIAN_POINT('',(30.744264008579,-12.47810332579,0.));
#14288 = VECTOR('',#14289,1.);
#14289 = DIRECTION('',(0.,-0.,1.));
#14290 = PCURVE('',#14222,#14291);
#14291 = DEFINITIONAL_REPRESENTATION('',(#14292),#14296);
#14292 = LINE('',#14293,#14294);
#14293 = CARTESIAN_POINT('',(1.036642430143,0.));
#14294 = VECTOR('',#14295,1.);
#14295 = DIRECTION('',(0.,-1.));
#14296 = ( GEOMETRIC_REPRESENTATION_CONTEXT(2) 
PARAMETRIC_REPRESENTATION_CONTEXT() REPRESENTATION_CONTEXT('2D SPACE',''
  ) );
#14297 = PCURVE('',#13159,#14298);
#14298 = DEFINITIONAL_REPRESENTATION('',(#14299),#14303);
#14299 = LINE('',#14300,#14301);
#14300 = CARTESIAN_POINT('',(0.,0.));
#14301 = VECTOR('',#14302,1.);
#14302 = DIRECTION('',(0.,-1.));
#14303 = ( GEOMETRIC_REPRESENTATION_CONTEXT(2) 
PARAMETRIC_REPRESENTATION_CONTEXT() REPRESENTATION_CONTEXT('2D SPACE',''
  ) );
#14304 = ORIENTED_EDGE('',*,*,#14305,.F.);
#14305 = EDGE_CURVE('',#14207,#14283,#14306,.T.);
#14306 = SURFACE_CURVE('',#14307,(#14311,#14318),.PCURVE_S1.);
#14307 = LINE('',#14308,#14309);
#14308 = CARTESIAN_POINT('',(29.707621578436,-12.47810332579,0.));
#14309 = VECTOR('',#14310,1.);
#14310 = DIRECTION('',(1.,-0.,-0.));
#14311 = PCURVE('',#14222,#14312);
#14312 = DEFINITIONAL_REPRESENTATION('',(#14313),#14317);
#14313 = LINE('',#14314,#14315);
#14314 = CARTESIAN_POINT('',(0.,0.));
#14315 = VECTOR('',#14316,1.);
#14316 = DIRECTION('',(1.,0.));
#14317 = ( GEOMETRIC_REPRESENTATION_CONTEXT(2) 
PARAMETRIC_REPRESENTATION_CONTEXT() REPRESENTATION_CONTEXT('2D SPACE',''
  ) );
#14318 = PCURVE('',#13244,#14319);
#14319 = DEFINITIONAL_REPRESENTATION('',(#14320),#14324);
#14320 = LINE('',#14321,#14322);
#14321 = CARTESIAN_POINT('',(-0.113158548093,2.691042120585));
#14322 = VECTOR('',#14323,1.);
#14323 = DIRECTION('',(-1.,-0.));
#14324 = ( GEOMETRIC_REPRESENTATION_CONTEXT(2) 
PARAMETRIC_REPRESENTATION_CONTEXT() REPRESENTATION_CONTEXT('2D SPACE',''
  ) );
#14325 = ADVANCED_FACE('',(#14326),#13159,.T.);
#14326 = FACE_BOUND('',#14327,.T.);
#14327 = EDGE_LOOP('',(#14328,#14329,#14350,#14351));
#14328 = ORIENTED_EDGE('',*,*,#14282,.T.);
#14329 = ORIENTED_EDGE('',*,*,#14330,.T.);
#14330 = EDGE_CURVE('',#14260,#13139,#14331,.T.);
#14331 = SURFACE_CURVE('',#14332,(#14336,#14343),.PCURVE_S1.);
#14332 = LINE('',#14333,#14334);
#14333 = CARTESIAN_POINT('',(30.744264008579,-12.47810332579,0.6));
#14334 = VECTOR('',#14335,1.);
#14335 = DIRECTION('',(-0.,-1.,-0.));
#14336 = PCURVE('',#13159,#14337);
#14337 = DEFINITIONAL_REPRESENTATION('',(#14338),#14342);
#14338 = LINE('',#14339,#14340);
#14339 = CARTESIAN_POINT('',(0.,-0.6));
#14340 = VECTOR('',#14341,1.);
#14341 = DIRECTION('',(1.,0.));
#14342 = ( GEOMETRIC_REPRESENTATION_CONTEXT(2) 
PARAMETRIC_REPRESENTATION_CONTEXT() REPRESENTATION_CONTEXT('2D SPACE',''
  ) );
#14343 = PCURVE('',#13187,#14344);
#14344 = DEFINITIONAL_REPRESENTATION('',(#14345),#14349);
#14345 = LINE('',#14346,#14347);
#14346 = CARTESIAN_POINT('',(-1.149800978236,2.691042120585));
#14347 = VECTOR('',#14348,1.);
#14348 = DIRECTION('',(-0.,1.));
#14349 = ( GEOMETRIC_REPRESENTATION_CONTEXT(2) 
PARAMETRIC_REPRESENTATION_CONTEXT() REPRESENTATION_CONTEXT('2D SPACE',''
  ) );
#14350 = ORIENTED_EDGE('',*,*,#13136,.F.);
#14351 = ORIENTED_EDGE('',*,*,#14352,.F.);
#14352 = EDGE_CURVE('',#14283,#13137,#14353,.T.);
#14353 = SURFACE_CURVE('',#14354,(#14358,#14365),.PCURVE_S1.);
#14354 = LINE('',#14355,#14356);
#14355 = CARTESIAN_POINT('',(30.744264008579,-12.47810332579,0.));
#14356 = VECTOR('',#14357,1.);
#14357 = DIRECTION('',(-0.,-1.,-0.));
#14358 = PCURVE('',#13159,#14359);
#14359 = DEFINITIONAL_REPRESENTATION('',(#14360),#14364);
#14360 = LINE('',#14361,#14362);
#14361 = CARTESIAN_POINT('',(0.,0.));
#14362 = VECTOR('',#14363,1.);
#14363 = DIRECTION('',(1.,0.));
#14364 = ( GEOMETRIC_REPRESENTATION_CONTEXT(2) 
PARAMETRIC_REPRESENTATION_CONTEXT() REPRESENTATION_CONTEXT('2D SPACE',''
  ) );
#14365 = PCURVE('',#13244,#14366);
#14366 = DEFINITIONAL_REPRESENTATION('',(#14367),#14371);
#14367 = LINE('',#14368,#14369);
#14368 = CARTESIAN_POINT('',(-1.149800978236,2.691042120585));
#14369 = VECTOR('',#14370,1.);
#14370 = DIRECTION('',(-0.,1.));
#14371 = ( GEOMETRIC_REPRESENTATION_CONTEXT(2) 
PARAMETRIC_REPRESENTATION_CONTEXT() REPRESENTATION_CONTEXT('2D SPACE',''
  ) );
#14372 = ADVANCED_FACE('',(#14373),#13244,.F.);
#14373 = FACE_BOUND('',#14374,.T.);
#14374 = EDGE_LOOP('',(#14375,#14376,#14377,#14378,#14379,#14380,#14381,
    #14382,#14383,#14384,#14385,#14386,#14387,#14388,#14389,#14390));
#14375 = ORIENTED_EDGE('',*,*,#13230,.T.);
#14376 = ORIENTED_EDGE('',*,*,#13313,.T.);
#14377 = ORIENTED_EDGE('',*,*,#13391,.T.);
#14378 = ORIENTED_EDGE('',*,*,#13467,.T.);
#14379 = ORIENTED_EDGE('',*,*,#13543,.T.);
#14380 = ORIENTED_EDGE('',*,*,#13622,.T.);
#14381 = ORIENTED_EDGE('',*,*,#13700,.T.);
#14382 = ORIENTED_EDGE('',*,*,#13778,.T.);
#14383 = ORIENTED_EDGE('',*,*,#13854,.T.);
#14384 = ORIENTED_EDGE('',*,*,#13930,.T.);
#14385 = ORIENTED_EDGE('',*,*,#14006,.T.);
#14386 = ORIENTED_EDGE('',*,*,#14082,.T.);
#14387 = ORIENTED_EDGE('',*,*,#14158,.T.);
#14388 = ORIENTED_EDGE('',*,*,#14234,.T.);
#14389 = ORIENTED_EDGE('',*,*,#14305,.T.);
#14390 = ORIENTED_EDGE('',*,*,#14352,.T.);
#14391 = ADVANCED_FACE('',(#14392),#13187,.T.);
#14392 = FACE_BOUND('',#14393,.F.);
#14393 = EDGE_LOOP('',(#14394,#14395,#14396,#14397,#14398,#14399,#14400,
    #14401,#14402,#14403,#14404,#14405,#14406,#14407,#14408,#14409));
#14394 = ORIENTED_EDGE('',*,*,#13171,.T.);
#14395 = ORIENTED_EDGE('',*,*,#13260,.T.);
#14396 = ORIENTED_EDGE('',*,*,#13340,.T.);
#14397 = ORIENTED_EDGE('',*,*,#13416,.T.);
#14398 = ORIENTED_EDGE('',*,*,#13492,.T.);
#14399 = ORIENTED_EDGE('',*,*,#13568,.T.);
#14400 = ORIENTED_EDGE('',*,*,#13647,.T.);
#14401 = ORIENTED_EDGE('',*,*,#13727,.T.);
#14402 = ORIENTED_EDGE('',*,*,#13803,.T.);
#14403 = ORIENTED_EDGE('',*,*,#13879,.T.);
#14404 = ORIENTED_EDGE('',*,*,#13955,.T.);
#14405 = ORIENTED_EDGE('',*,*,#14031,.T.);
#14406 = ORIENTED_EDGE('',*,*,#14107,.T.);
#14407 = ORIENTED_EDGE('',*,*,#14183,.T.);
#14408 = ORIENTED_EDGE('',*,*,#14259,.T.);
#14409 = ORIENTED_EDGE('',*,*,#14330,.T.);
#14410 = MANIFOLD_SOLID_BREP('',#14411);
#14411 = CLOSED_SHELL('',(#14412,#14544,#14620,#14701,#14789,#14860,
    #14947,#15064,#15140,#15211,#15278,#15293));
#14412 = ADVANCED_FACE('',(#14413),#14427,.T.);
#14413 = FACE_BOUND('',#14414,.T.);
#14414 = EDGE_LOOP('',(#14415,#14462,#14490,#14518));
#14415 = ORIENTED_EDGE('',*,*,#14416,.T.);
#14416 = EDGE_CURVE('',#14417,#14419,#14421,.T.);
#14417 = VERTEX_POINT('',#14418);
#14418 = CARTESIAN_POINT('',(36.072825494739,-10.34722721939,0.));
#14419 = VERTEX_POINT('',#14420);
#14420 = CARTESIAN_POINT('',(36.072825494739,-10.34722721939,0.6));
#14421 = SURFACE_CURVE('',#14422,(#14426,#14438),.PCURVE_S1.);
#14422 = LINE('',#14423,#14424);
#14423 = CARTESIAN_POINT('',(36.072825494739,-10.34722721939,0.));
#14424 = VECTOR('',#14425,1.);
#14425 = DIRECTION('',(0.,-0.,1.));
#14426 = PCURVE('',#14427,#14432);
#14427 = PLANE('',#14428);
#14428 = AXIS2_PLACEMENT_3D('',#14429,#14430,#14431);
#14429 = CARTESIAN_POINT('',(36.072825494739,-10.34722721939,0.));
#14430 = DIRECTION('',(1.,0.,-0.));
#14431 = DIRECTION('',(0.,-1.,-0.));
#14432 = DEFINITIONAL_REPRESENTATION('',(#14433),#14437);
#14433 = LINE('',#14434,#14435);
#14434 = CARTESIAN_POINT('',(0.,0.));
#14435 = VECTOR('',#14436,1.);
#14436 = DIRECTION('',(0.,-1.));
#14437 = ( GEOMETRIC_REPRESENTATION_CONTEXT(2) 
PARAMETRIC_REPRESENTATION_CONTEXT() REPRESENTATION_CONTEXT('2D SPACE',''
  ) );
#14438 = PCURVE('',#14439,#14456);
#14439 = SURFACE_OF_LINEAR_EXTRUSION('',#14440,#14454);
#14440 = B_SPLINE_CURVE_WITH_KNOTS('',2,(#14441,#14442,#14443,#14444,
    #14445,#14446,#14447,#14448,#14449,#14450,#14451,#14452,#14453),
  .UNSPECIFIED.,.F.,.F.,(3,1,1,1,1,1,1,1,1,1,1,3),(0.,1.,2.,
    2.931506849315,3.86301369863,4.794520547945,5.72602739726,
    6.657534246575,7.58904109589,8.493150684931,9.397260273972,
    10.301369863014),.UNSPECIFIED.);
#14441 = CARTESIAN_POINT('',(35.928847379441,-11.87339524154,0.));
#14442 = CARTESIAN_POINT('',(35.698482394965,-12.41091353866,0.));
#14443 = CARTESIAN_POINT('',(34.709832669921,-13.07321286902,0.));
#14444 = CARTESIAN_POINT('',(33.356438386123,-13.07321286902,0.));
#14445 = CARTESIAN_POINT('',(32.386985743118,-12.45890624375,0.));
#14446 = CARTESIAN_POINT('',(31.859065987027,-11.30708132137,0.));
#14447 = CARTESIAN_POINT('',(31.859065987027,-9.694526430044,0.));
#14448 = CARTESIAN_POINT('',(32.386985743118,-8.542701507662,0.));
#14449 = CARTESIAN_POINT('',(33.346839845103,-7.928394882392,0.));
#14450 = CARTESIAN_POINT('',(34.633044341762,-7.928394882392,0.));
#14451 = CARTESIAN_POINT('',(35.554504279667,-8.533102966642,0.));
#14452 = CARTESIAN_POINT('',(36.072825494739,-9.627336642905,0.));
#14453 = CARTESIAN_POINT('',(36.072825494739,-10.34722721939,0.));
#14454 = VECTOR('',#14455,1.);
#14455 = DIRECTION('',(-0.,0.,-1.));
#14456 = DEFINITIONAL_REPRESENTATION('',(#14457),#14461);
#14457 = LINE('',#14458,#14459);
#14458 = CARTESIAN_POINT('',(10.301369863014,0.));
#14459 = VECTOR('',#14460,1.);
#14460 = DIRECTION('',(0.,-1.));
#14461 = ( GEOMETRIC_REPRESENTATION_CONTEXT(2) 
PARAMETRIC_REPRESENTATION_CONTEXT() REPRESENTATION_CONTEXT('2D SPACE',''
  ) );
#14462 = ORIENTED_EDGE('',*,*,#14463,.T.);
#14463 = EDGE_CURVE('',#14419,#14464,#14466,.T.);
#14464 = VERTEX_POINT('',#14465);
#14465 = CARTESIAN_POINT('',(36.072825494739,-10.60638782692,0.6));
#14466 = SURFACE_CURVE('',#14467,(#14471,#14478),.PCURVE_S1.);
#14467 = LINE('',#14468,#14469);
#14468 = CARTESIAN_POINT('',(36.072825494739,-10.34722721939,0.6));
#14469 = VECTOR('',#14470,1.);
#14470 = DIRECTION('',(-0.,-1.,-0.));
#14471 = PCURVE('',#14427,#14472);
#14472 = DEFINITIONAL_REPRESENTATION('',(#14473),#14477);
#14473 = LINE('',#14474,#14475);
#14474 = CARTESIAN_POINT('',(0.,-0.6));
#14475 = VECTOR('',#14476,1.);
#14476 = DIRECTION('',(1.,0.));
#14477 = ( GEOMETRIC_REPRESENTATION_CONTEXT(2) 
PARAMETRIC_REPRESENTATION_CONTEXT() REPRESENTATION_CONTEXT('2D SPACE',''
  ) );
#14478 = PCURVE('',#14479,#14484);
#14479 = PLANE('',#14480);
#14480 = AXIS2_PLACEMENT_3D('',#14481,#14482,#14483);
#14481 = CARTESIAN_POINT('',(33.897111348972,-10.82830632025,0.6));
#14482 = DIRECTION('',(-0.,-0.,1.));
#14483 = DIRECTION('',(-1.,0.,0.));
#14484 = DEFINITIONAL_REPRESENTATION('',(#14485),#14489);
#14485 = LINE('',#14486,#14487);
#14486 = CARTESIAN_POINT('',(-2.175714145766,-0.481079100861));
#14487 = VECTOR('',#14488,1.);
#14488 = DIRECTION('',(-0.,1.));
#14489 = ( GEOMETRIC_REPRESENTATION_CONTEXT(2) 
PARAMETRIC_REPRESENTATION_CONTEXT() REPRESENTATION_CONTEXT('2D SPACE',''
  ) );
#14490 = ORIENTED_EDGE('',*,*,#14491,.F.);
#14491 = EDGE_CURVE('',#14492,#14464,#14494,.T.);
#14492 = VERTEX_POINT('',#14493);
#14493 = CARTESIAN_POINT('',(36.072825494739,-10.60638782692,0.));
#14494 = SURFACE_CURVE('',#14495,(#14499,#14506),.PCURVE_S1.);
#14495 = LINE('',#14496,#14497);
#14496 = CARTESIAN_POINT('',(36.072825494739,-10.60638782692,0.));
#14497 = VECTOR('',#14498,1.);
#14498 = DIRECTION('',(0.,-0.,1.));
#14499 = PCURVE('',#14427,#14500);
#14500 = DEFINITIONAL_REPRESENTATION('',(#14501),#14505);
#14501 = LINE('',#14502,#14503);
#14502 = CARTESIAN_POINT('',(0.259160607536,-0.));
#14503 = VECTOR('',#14504,1.);
#14504 = DIRECTION('',(0.,-1.));
#14505 = ( GEOMETRIC_REPRESENTATION_CONTEXT(2) 
PARAMETRIC_REPRESENTATION_CONTEXT() REPRESENTATION_CONTEXT('2D SPACE',''
  ) );
#14506 = PCURVE('',#14507,#14512);
#14507 = PLANE('',#14508);
#14508 = AXIS2_PLACEMENT_3D('',#14509,#14510,#14511);
#14509 = CARTESIAN_POINT('',(36.072825494739,-10.60638782692,0.));
#14510 = DIRECTION('',(0.,-1.,-0.));
#14511 = DIRECTION('',(-1.,-0.,0.));
#14512 = DEFINITIONAL_REPRESENTATION('',(#14513),#14517);
#14513 = LINE('',#14514,#14515);
#14514 = CARTESIAN_POINT('',(0.,0.));
#14515 = VECTOR('',#14516,1.);
#14516 = DIRECTION('',(0.,-1.));
#14517 = ( GEOMETRIC_REPRESENTATION_CONTEXT(2) 
PARAMETRIC_REPRESENTATION_CONTEXT() REPRESENTATION_CONTEXT('2D SPACE',''
  ) );
#14518 = ORIENTED_EDGE('',*,*,#14519,.F.);
#14519 = EDGE_CURVE('',#14417,#14492,#14520,.T.);
#14520 = SURFACE_CURVE('',#14521,(#14525,#14532),.PCURVE_S1.);
#14521 = LINE('',#14522,#14523);
#14522 = CARTESIAN_POINT('',(36.072825494739,-10.34722721939,0.));
#14523 = VECTOR('',#14524,1.);
#14524 = DIRECTION('',(-0.,-1.,-0.));
#14525 = PCURVE('',#14427,#14526);
#14526 = DEFINITIONAL_REPRESENTATION('',(#14527),#14531);
#14527 = LINE('',#14528,#14529);
#14528 = CARTESIAN_POINT('',(0.,0.));
#14529 = VECTOR('',#14530,1.);
#14530 = DIRECTION('',(1.,0.));
#14531 = ( GEOMETRIC_REPRESENTATION_CONTEXT(2) 
PARAMETRIC_REPRESENTATION_CONTEXT() REPRESENTATION_CONTEXT('2D SPACE',''
  ) );
#14532 = PCURVE('',#14533,#14538);
#14533 = PLANE('',#14534);
#14534 = AXIS2_PLACEMENT_3D('',#14535,#14536,#14537);
#14535 = CARTESIAN_POINT('',(33.897111348972,-10.82830632025,0.));
#14536 = DIRECTION('',(-0.,-0.,1.));
#14537 = DIRECTION('',(-1.,0.,0.));
#14538 = DEFINITIONAL_REPRESENTATION('',(#14539),#14543);
#14539 = LINE('',#14540,#14541);
#14540 = CARTESIAN_POINT('',(-2.175714145766,-0.481079100861));
#14541 = VECTOR('',#14542,1.);
#14542 = DIRECTION('',(-0.,1.));
#14543 = ( GEOMETRIC_REPRESENTATION_CONTEXT(2) 
PARAMETRIC_REPRESENTATION_CONTEXT() REPRESENTATION_CONTEXT('2D SPACE',''
  ) );
#14544 = ADVANCED_FACE('',(#14545),#14507,.T.);
#14545 = FACE_BOUND('',#14546,.T.);
#14546 = EDGE_LOOP('',(#14547,#14548,#14571,#14599));
#14547 = ORIENTED_EDGE('',*,*,#14491,.T.);
#14548 = ORIENTED_EDGE('',*,*,#14549,.T.);
#14549 = EDGE_CURVE('',#14464,#14550,#14552,.T.);
#14550 = VERTEX_POINT('',#14551);
#14551 = CARTESIAN_POINT('',(32.434978448217,-10.60638782692,0.6));
#14552 = SURFACE_CURVE('',#14553,(#14557,#14564),.PCURVE_S1.);
#14553 = LINE('',#14554,#14555);
#14554 = CARTESIAN_POINT('',(36.072825494739,-10.60638782692,0.6));
#14555 = VECTOR('',#14556,1.);
#14556 = DIRECTION('',(-1.,-0.,0.));
#14557 = PCURVE('',#14507,#14558);
#14558 = DEFINITIONAL_REPRESENTATION('',(#14559),#14563);
#14559 = LINE('',#14560,#14561);
#14560 = CARTESIAN_POINT('',(0.,-0.6));
#14561 = VECTOR('',#14562,1.);
#14562 = DIRECTION('',(1.,0.));
#14563 = ( GEOMETRIC_REPRESENTATION_CONTEXT(2) 
PARAMETRIC_REPRESENTATION_CONTEXT() REPRESENTATION_CONTEXT('2D SPACE',''
  ) );
#14564 = PCURVE('',#14479,#14565);
#14565 = DEFINITIONAL_REPRESENTATION('',(#14566),#14570);
#14566 = LINE('',#14567,#14568);
#14567 = CARTESIAN_POINT('',(-2.175714145766,-0.221918493325));
#14568 = VECTOR('',#14569,1.);
#14569 = DIRECTION('',(1.,-0.));
#14570 = ( GEOMETRIC_REPRESENTATION_CONTEXT(2) 
PARAMETRIC_REPRESENTATION_CONTEXT() REPRESENTATION_CONTEXT('2D SPACE',''
  ) );
#14571 = ORIENTED_EDGE('',*,*,#14572,.F.);
#14572 = EDGE_CURVE('',#14573,#14550,#14575,.T.);
#14573 = VERTEX_POINT('',#14574);
#14574 = CARTESIAN_POINT('',(32.434978448217,-10.60638782692,0.));
#14575 = SURFACE_CURVE('',#14576,(#14580,#14587),.PCURVE_S1.);
#14576 = LINE('',#14577,#14578);
#14577 = CARTESIAN_POINT('',(32.434978448217,-10.60638782692,0.));
#14578 = VECTOR('',#14579,1.);
#14579 = DIRECTION('',(0.,-0.,1.));
#14580 = PCURVE('',#14507,#14581);
#14581 = DEFINITIONAL_REPRESENTATION('',(#14582),#14586);
#14582 = LINE('',#14583,#14584);
#14583 = CARTESIAN_POINT('',(3.637847046521,0.));
#14584 = VECTOR('',#14585,1.);
#14585 = DIRECTION('',(0.,-1.));
#14586 = ( GEOMETRIC_REPRESENTATION_CONTEXT(2) 
PARAMETRIC_REPRESENTATION_CONTEXT() REPRESENTATION_CONTEXT('2D SPACE',''
  ) );
#14587 = PCURVE('',#14588,#14593);
#14588 = PLANE('',#14589);
#14589 = AXIS2_PLACEMENT_3D('',#14590,#14591,#14592);
#14590 = CARTESIAN_POINT('',(32.434978448217,-10.60638782692,0.));
#14591 = DIRECTION('',(1.,0.,-0.));
#14592 = DIRECTION('',(0.,-1.,-0.));
#14593 = DEFINITIONAL_REPRESENTATION('',(#14594),#14598);
#14594 = LINE('',#14595,#14596);
#14595 = CARTESIAN_POINT('',(0.,0.));
#14596 = VECTOR('',#14597,1.);
#14597 = DIRECTION('',(0.,-1.));
#14598 = ( GEOMETRIC_REPRESENTATION_CONTEXT(2) 
PARAMETRIC_REPRESENTATION_CONTEXT() REPRESENTATION_CONTEXT('2D SPACE',''
  ) );
#14599 = ORIENTED_EDGE('',*,*,#14600,.F.);
#14600 = EDGE_CURVE('',#14492,#14573,#14601,.T.);
#14601 = SURFACE_CURVE('',#14602,(#14606,#14613),.PCURVE_S1.);
#14602 = LINE('',#14603,#14604);
#14603 = CARTESIAN_POINT('',(36.072825494739,-10.60638782692,0.));
#14604 = VECTOR('',#14605,1.);
#14605 = DIRECTION('',(-1.,-0.,0.));
#14606 = PCURVE('',#14507,#14607);
#14607 = DEFINITIONAL_REPRESENTATION('',(#14608),#14612);
#14608 = LINE('',#14609,#14610);
#14609 = CARTESIAN_POINT('',(0.,0.));
#14610 = VECTOR('',#14611,1.);
#14611 = DIRECTION('',(1.,0.));
#14612 = ( GEOMETRIC_REPRESENTATION_CONTEXT(2) 
PARAMETRIC_REPRESENTATION_CONTEXT() REPRESENTATION_CONTEXT('2D SPACE',''
  ) );
#14613 = PCURVE('',#14533,#14614);
#14614 = DEFINITIONAL_REPRESENTATION('',(#14615),#14619);
#14615 = LINE('',#14616,#14617);
#14616 = CARTESIAN_POINT('',(-2.175714145766,-0.221918493325));
#14617 = VECTOR('',#14618,1.);
#14618 = DIRECTION('',(1.,-0.));
#14619 = ( GEOMETRIC_REPRESENTATION_CONTEXT(2) 
PARAMETRIC_REPRESENTATION_CONTEXT() REPRESENTATION_CONTEXT('2D SPACE',''
  ) );
#14620 = ADVANCED_FACE('',(#14621),#14588,.T.);
#14621 = FACE_BOUND('',#14622,.T.);
#14622 = EDGE_LOOP('',(#14623,#14624,#14647,#14680));
#14623 = ORIENTED_EDGE('',*,*,#14572,.T.);
#14624 = ORIENTED_EDGE('',*,*,#14625,.T.);
#14625 = EDGE_CURVE('',#14550,#14626,#14628,.T.);
#14626 = VERTEX_POINT('',#14627);
#14627 = CARTESIAN_POINT('',(32.434978448217,-10.84635135242,0.6));
#14628 = SURFACE_CURVE('',#14629,(#14633,#14640),.PCURVE_S1.);
#14629 = LINE('',#14630,#14631);
#14630 = CARTESIAN_POINT('',(32.434978448217,-10.60638782692,0.6));
#14631 = VECTOR('',#14632,1.);
#14632 = DIRECTION('',(-0.,-1.,-0.));
#14633 = PCURVE('',#14588,#14634);
#14634 = DEFINITIONAL_REPRESENTATION('',(#14635),#14639);
#14635 = LINE('',#14636,#14637);
#14636 = CARTESIAN_POINT('',(0.,-0.6));
#14637 = VECTOR('',#14638,1.);
#14638 = DIRECTION('',(1.,0.));
#14639 = ( GEOMETRIC_REPRESENTATION_CONTEXT(2) 
PARAMETRIC_REPRESENTATION_CONTEXT() REPRESENTATION_CONTEXT('2D SPACE',''
  ) );
#14640 = PCURVE('',#14479,#14641);
#14641 = DEFINITIONAL_REPRESENTATION('',(#14642),#14646);
#14642 = LINE('',#14643,#14644);
#14643 = CARTESIAN_POINT('',(1.462132900755,-0.221918493325));
#14644 = VECTOR('',#14645,1.);
#14645 = DIRECTION('',(-0.,1.));
#14646 = ( GEOMETRIC_REPRESENTATION_CONTEXT(2) 
PARAMETRIC_REPRESENTATION_CONTEXT() REPRESENTATION_CONTEXT('2D SPACE',''
  ) );
#14647 = ORIENTED_EDGE('',*,*,#14648,.F.);
#14648 = EDGE_CURVE('',#14649,#14626,#14651,.T.);
#14649 = VERTEX_POINT('',#14650);
#14650 = CARTESIAN_POINT('',(32.434978448217,-10.84635135242,0.));
#14651 = SURFACE_CURVE('',#14652,(#14656,#14663),.PCURVE_S1.);
#14652 = LINE('',#14653,#14654);
#14653 = CARTESIAN_POINT('',(32.434978448217,-10.84635135242,0.));
#14654 = VECTOR('',#14655,1.);
#14655 = DIRECTION('',(0.,-0.,1.));
#14656 = PCURVE('',#14588,#14657);
#14657 = DEFINITIONAL_REPRESENTATION('',(#14658),#14662);
#14658 = LINE('',#14659,#14660);
#14659 = CARTESIAN_POINT('',(0.239963525496,-0.));
#14660 = VECTOR('',#14661,1.);
#14661 = DIRECTION('',(0.,-1.));
#14662 = ( GEOMETRIC_REPRESENTATION_CONTEXT(2) 
PARAMETRIC_REPRESENTATION_CONTEXT() REPRESENTATION_CONTEXT('2D SPACE',''
  ) );
#14663 = PCURVE('',#14664,#14674);
#14664 = SURFACE_OF_LINEAR_EXTRUSION('',#14665,#14672);
#14665 = B_SPLINE_CURVE_WITH_KNOTS('',2,(#14666,#14667,#14668,#14669,
    #14670,#14671),.UNSPECIFIED.,.F.,.F.,(3,1,1,1,3),(0.,1.,2.,
    2.696202531646,3.392405063291),.UNSPECIFIED.);
#14666 = CARTESIAN_POINT('',(32.434978448217,-10.84635135242,0.));
#14667 = CARTESIAN_POINT('',(32.434978448217,-11.62383317503,0.));
#14668 = CARTESIAN_POINT('',(33.279650057964,-12.59328581803,0.));
#14669 = CARTESIAN_POINT('',(34.565854554623,-12.59328581803,0.));
#14670 = CARTESIAN_POINT('',(35.324139295191,-12.08456314398,0.));
#14671 = CARTESIAN_POINT('',(35.525708656608,-11.60463609299,0.));
#14672 = VECTOR('',#14673,1.);
#14673 = DIRECTION('',(-0.,0.,-1.));
#14674 = DEFINITIONAL_REPRESENTATION('',(#14675),#14679);
#14675 = LINE('',#14676,#14677);
#14676 = CARTESIAN_POINT('',(0.,0.));
#14677 = VECTOR('',#14678,1.);
#14678 = DIRECTION('',(0.,-1.));
#14679 = ( GEOMETRIC_REPRESENTATION_CONTEXT(2) 
PARAMETRIC_REPRESENTATION_CONTEXT() REPRESENTATION_CONTEXT('2D SPACE',''
  ) );
#14680 = ORIENTED_EDGE('',*,*,#14681,.F.);
#14681 = EDGE_CURVE('',#14573,#14649,#14682,.T.);
#14682 = SURFACE_CURVE('',#14683,(#14687,#14694),.PCURVE_S1.);
#14683 = LINE('',#14684,#14685);
#14684 = CARTESIAN_POINT('',(32.434978448217,-10.60638782692,0.));
#14685 = VECTOR('',#14686,1.);
#14686 = DIRECTION('',(-0.,-1.,-0.));
#14687 = PCURVE('',#14588,#14688);
#14688 = DEFINITIONAL_REPRESENTATION('',(#14689),#14693);
#14689 = LINE('',#14690,#14691);
#14690 = CARTESIAN_POINT('',(0.,0.));
#14691 = VECTOR('',#14692,1.);
#14692 = DIRECTION('',(1.,0.));
#14693 = ( GEOMETRIC_REPRESENTATION_CONTEXT(2) 
PARAMETRIC_REPRESENTATION_CONTEXT() REPRESENTATION_CONTEXT('2D SPACE',''
  ) );
#14694 = PCURVE('',#14533,#14695);
#14695 = DEFINITIONAL_REPRESENTATION('',(#14696),#14700);
#14696 = LINE('',#14697,#14698);
#14697 = CARTESIAN_POINT('',(1.462132900755,-0.221918493325));
#14698 = VECTOR('',#14699,1.);
#14699 = DIRECTION('',(-0.,1.));
#14700 = ( GEOMETRIC_REPRESENTATION_CONTEXT(2) 
PARAMETRIC_REPRESENTATION_CONTEXT() REPRESENTATION_CONTEXT('2D SPACE',''
  ) );
#14701 = ADVANCED_FACE('',(#14702),#14664,.T.);
#14702 = FACE_BOUND('',#14703,.T.);
#14703 = EDGE_LOOP('',(#14704,#14705,#14734,#14762));
#14704 = ORIENTED_EDGE('',*,*,#14648,.T.);
#14705 = ORIENTED_EDGE('',*,*,#14706,.T.);
#14706 = EDGE_CURVE('',#14626,#14707,#14709,.T.);
#14707 = VERTEX_POINT('',#14708);
#14708 = CARTESIAN_POINT('',(35.525708656608,-11.60463609299,0.6));
#14709 = SURFACE_CURVE('',#14710,(#14717,#14724),.PCURVE_S1.);
#14710 = B_SPLINE_CURVE_WITH_KNOTS('',2,(#14711,#14712,#14713,#14714,
    #14715,#14716),.UNSPECIFIED.,.F.,.F.,(3,1,1,1,3),(0.,1.,2.,
    2.696202531646,3.392405063291),.UNSPECIFIED.);
#14711 = CARTESIAN_POINT('',(32.434978448217,-10.84635135242,0.6));
#14712 = CARTESIAN_POINT('',(32.434978448217,-11.62383317503,0.6));
#14713 = CARTESIAN_POINT('',(33.279650057964,-12.59328581803,0.6));
#14714 = CARTESIAN_POINT('',(34.565854554623,-12.59328581803,0.6));
#14715 = CARTESIAN_POINT('',(35.324139295191,-12.08456314398,0.6));
#14716 = CARTESIAN_POINT('',(35.525708656608,-11.60463609299,0.6));
#14717 = PCURVE('',#14664,#14718);
#14718 = DEFINITIONAL_REPRESENTATION('',(#14719),#14723);
#14719 = LINE('',#14720,#14721);
#14720 = CARTESIAN_POINT('',(0.,-0.6));
#14721 = VECTOR('',#14722,1.);
#14722 = DIRECTION('',(1.,0.));
#14723 = ( GEOMETRIC_REPRESENTATION_CONTEXT(2) 
PARAMETRIC_REPRESENTATION_CONTEXT() REPRESENTATION_CONTEXT('2D SPACE',''
  ) );
#14724 = PCURVE('',#14479,#14725);
#14725 = DEFINITIONAL_REPRESENTATION('',(#14726),#14733);
#14726 = B_SPLINE_CURVE_WITH_KNOTS('',2,(#14727,#14728,#14729,#14730,
    #14731,#14732),.UNSPECIFIED.,.F.,.F.,(3,1,1,1,3),(0.,1.,2.,
    2.696202531646,3.392405063291),.UNSPECIFIED.);
#14727 = CARTESIAN_POINT('',(1.462132900755,1.804503217131E-02));
#14728 = CARTESIAN_POINT('',(1.462132900755,0.795526854779));
#14729 = CARTESIAN_POINT('',(0.617461291009,1.764979497783));
#14730 = CARTESIAN_POINT('',(-0.668743205651,1.764979497783));
#14731 = CARTESIAN_POINT('',(-1.427027946218,1.256256823731));
#14732 = CARTESIAN_POINT('',(-1.628597307635,0.776329772739));
#14733 = ( GEOMETRIC_REPRESENTATION_CONTEXT(2) 
PARAMETRIC_REPRESENTATION_CONTEXT() REPRESENTATION_CONTEXT('2D SPACE',''
  ) );
#14734 = ORIENTED_EDGE('',*,*,#14735,.F.);
#14735 = EDGE_CURVE('',#14736,#14707,#14738,.T.);
#14736 = VERTEX_POINT('',#14737);
#14737 = CARTESIAN_POINT('',(35.525708656608,-11.60463609299,0.));
#14738 = SURFACE_CURVE('',#14739,(#14743,#14750),.PCURVE_S1.);
#14739 = LINE('',#14740,#14741);
#14740 = CARTESIAN_POINT('',(35.525708656608,-11.60463609299,0.));
#14741 = VECTOR('',#14742,1.);
#14742 = DIRECTION('',(0.,-0.,1.));
#14743 = PCURVE('',#14664,#14744);
#14744 = DEFINITIONAL_REPRESENTATION('',(#14745),#14749);
#14745 = LINE('',#14746,#14747);
#14746 = CARTESIAN_POINT('',(3.392405063291,0.));
#14747 = VECTOR('',#14748,1.);
#14748 = DIRECTION('',(0.,-1.));
#14749 = ( GEOMETRIC_REPRESENTATION_CONTEXT(2) 
PARAMETRIC_REPRESENTATION_CONTEXT() REPRESENTATION_CONTEXT('2D SPACE',''
  ) );
#14750 = PCURVE('',#14751,#14756);
#14751 = PLANE('',#14752);
#14752 = AXIS2_PLACEMENT_3D('',#14753,#14754,#14755);
#14753 = CARTESIAN_POINT('',(35.525708656608,-11.60463609299,0.));
#14754 = DIRECTION('',(0.554700196225,0.832050294338,0.));
#14755 = DIRECTION('',(0.832050294338,-0.554700196225,-0.));
#14756 = DEFINITIONAL_REPRESENTATION('',(#14757),#14761);
#14757 = LINE('',#14758,#14759);
#14758 = CARTESIAN_POINT('',(0.,0.));
#14759 = VECTOR('',#14760,1.);
#14760 = DIRECTION('',(0.,-1.));
#14761 = ( GEOMETRIC_REPRESENTATION_CONTEXT(2) 
PARAMETRIC_REPRESENTATION_CONTEXT() REPRESENTATION_CONTEXT('2D SPACE',''
  ) );
#14762 = ORIENTED_EDGE('',*,*,#14763,.F.);
#14763 = EDGE_CURVE('',#14649,#14736,#14764,.T.);
#14764 = SURFACE_CURVE('',#14765,(#14772,#14779),.PCURVE_S1.);
#14765 = B_SPLINE_CURVE_WITH_KNOTS('',2,(#14766,#14767,#14768,#14769,
    #14770,#14771),.UNSPECIFIED.,.F.,.F.,(3,1,1,1,3),(0.,1.,2.,
    2.696202531646,3.392405063291),.UNSPECIFIED.);
#14766 = CARTESIAN_POINT('',(32.434978448217,-10.84635135242,0.));
#14767 = CARTESIAN_POINT('',(32.434978448217,-11.62383317503,0.));
#14768 = CARTESIAN_POINT('',(33.279650057964,-12.59328581803,0.));
#14769 = CARTESIAN_POINT('',(34.565854554623,-12.59328581803,0.));
#14770 = CARTESIAN_POINT('',(35.324139295191,-12.08456314398,0.));
#14771 = CARTESIAN_POINT('',(35.525708656608,-11.60463609299,0.));
#14772 = PCURVE('',#14664,#14773);
#14773 = DEFINITIONAL_REPRESENTATION('',(#14774),#14778);
#14774 = LINE('',#14775,#14776);
#14775 = CARTESIAN_POINT('',(0.,0.));
#14776 = VECTOR('',#14777,1.);
#14777 = DIRECTION('',(1.,0.));
#14778 = ( GEOMETRIC_REPRESENTATION_CONTEXT(2) 
PARAMETRIC_REPRESENTATION_CONTEXT() REPRESENTATION_CONTEXT('2D SPACE',''
  ) );
#14779 = PCURVE('',#14533,#14780);
#14780 = DEFINITIONAL_REPRESENTATION('',(#14781),#14788);
#14781 = B_SPLINE_CURVE_WITH_KNOTS('',2,(#14782,#14783,#14784,#14785,
    #14786,#14787),.UNSPECIFIED.,.F.,.F.,(3,1,1,1,3),(0.,1.,2.,
    2.696202531646,3.392405063291),.UNSPECIFIED.);
#14782 = CARTESIAN_POINT('',(1.462132900755,1.804503217131E-02));
#14783 = CARTESIAN_POINT('',(1.462132900755,0.795526854779));
#14784 = CARTESIAN_POINT('',(0.617461291009,1.764979497783));
#14785 = CARTESIAN_POINT('',(-0.668743205651,1.764979497783));
#14786 = CARTESIAN_POINT('',(-1.427027946218,1.256256823731));
#14787 = CARTESIAN_POINT('',(-1.628597307635,0.776329772739));
#14788 = ( GEOMETRIC_REPRESENTATION_CONTEXT(2) 
PARAMETRIC_REPRESENTATION_CONTEXT() REPRESENTATION_CONTEXT('2D SPACE',''
  ) );
#14789 = ADVANCED_FACE('',(#14790),#14751,.T.);
#14790 = FACE_BOUND('',#14791,.T.);
#14791 = EDGE_LOOP('',(#14792,#14793,#14816,#14839));
#14792 = ORIENTED_EDGE('',*,*,#14735,.T.);
#14793 = ORIENTED_EDGE('',*,*,#14794,.T.);
#14794 = EDGE_CURVE('',#14707,#14795,#14797,.T.);
#14795 = VERTEX_POINT('',#14796);
#14796 = CARTESIAN_POINT('',(35.928847379441,-11.87339524154,0.6));
#14797 = SURFACE_CURVE('',#14798,(#14802,#14809),.PCURVE_S1.);
#14798 = LINE('',#14799,#14800);
#14799 = CARTESIAN_POINT('',(35.525708656608,-11.60463609299,0.6));
#14800 = VECTOR('',#14801,1.);
#14801 = DIRECTION('',(0.832050294338,-0.554700196225,-0.));
#14802 = PCURVE('',#14751,#14803);
#14803 = DEFINITIONAL_REPRESENTATION('',(#14804),#14808);
#14804 = LINE('',#14805,#14806);
#14805 = CARTESIAN_POINT('',(0.,-0.6));
#14806 = VECTOR('',#14807,1.);
#14807 = DIRECTION('',(1.,0.));
#14808 = ( GEOMETRIC_REPRESENTATION_CONTEXT(2) 
PARAMETRIC_REPRESENTATION_CONTEXT() REPRESENTATION_CONTEXT('2D SPACE',''
  ) );
#14809 = PCURVE('',#14479,#14810);
#14810 = DEFINITIONAL_REPRESENTATION('',(#14811),#14815);
#14811 = LINE('',#14812,#14813);
#14812 = CARTESIAN_POINT('',(-1.628597307635,0.776329772739));
#14813 = VECTOR('',#14814,1.);
#14814 = DIRECTION('',(-0.832050294338,0.554700196225));
#14815 = ( GEOMETRIC_REPRESENTATION_CONTEXT(2) 
PARAMETRIC_REPRESENTATION_CONTEXT() REPRESENTATION_CONTEXT('2D SPACE',''
  ) );
#14816 = ORIENTED_EDGE('',*,*,#14817,.F.);
#14817 = EDGE_CURVE('',#14818,#14795,#14820,.T.);
#14818 = VERTEX_POINT('',#14819);
#14819 = CARTESIAN_POINT('',(35.928847379441,-11.87339524154,0.));
#14820 = SURFACE_CURVE('',#14821,(#14825,#14832),.PCURVE_S1.);
#14821 = LINE('',#14822,#14823);
#14822 = CARTESIAN_POINT('',(35.928847379441,-11.87339524154,0.));
#14823 = VECTOR('',#14824,1.);
#14824 = DIRECTION('',(0.,-0.,1.));
#14825 = PCURVE('',#14751,#14826);
#14826 = DEFINITIONAL_REPRESENTATION('',(#14827),#14831);
#14827 = LINE('',#14828,#14829);
#14828 = CARTESIAN_POINT('',(0.484512445434,0.));
#14829 = VECTOR('',#14830,1.);
#14830 = DIRECTION('',(0.,-1.));
#14831 = ( GEOMETRIC_REPRESENTATION_CONTEXT(2) 
PARAMETRIC_REPRESENTATION_CONTEXT() REPRESENTATION_CONTEXT('2D SPACE',''
  ) );
#14832 = PCURVE('',#14439,#14833);
#14833 = DEFINITIONAL_REPRESENTATION('',(#14834),#14838);
#14834 = LINE('',#14835,#14836);
#14835 = CARTESIAN_POINT('',(0.,0.));
#14836 = VECTOR('',#14837,1.);
#14837 = DIRECTION('',(0.,-1.));
#14838 = ( GEOMETRIC_REPRESENTATION_CONTEXT(2) 
PARAMETRIC_REPRESENTATION_CONTEXT() REPRESENTATION_CONTEXT('2D SPACE',''
  ) );
#14839 = ORIENTED_EDGE('',*,*,#14840,.F.);
#14840 = EDGE_CURVE('',#14736,#14818,#14841,.T.);
#14841 = SURFACE_CURVE('',#14842,(#14846,#14853),.PCURVE_S1.);
#14842 = LINE('',#14843,#14844);
#14843 = CARTESIAN_POINT('',(35.525708656608,-11.60463609299,0.));
#14844 = VECTOR('',#14845,1.);
#14845 = DIRECTION('',(0.832050294338,-0.554700196225,-0.));
#14846 = PCURVE('',#14751,#14847);
#14847 = DEFINITIONAL_REPRESENTATION('',(#14848),#14852);
#14848 = LINE('',#14849,#14850);
#14849 = CARTESIAN_POINT('',(0.,0.));
#14850 = VECTOR('',#14851,1.);
#14851 = DIRECTION('',(1.,0.));
#14852 = ( GEOMETRIC_REPRESENTATION_CONTEXT(2) 
PARAMETRIC_REPRESENTATION_CONTEXT() REPRESENTATION_CONTEXT('2D SPACE',''
  ) );
#14853 = PCURVE('',#14533,#14854);
#14854 = DEFINITIONAL_REPRESENTATION('',(#14855),#14859);
#14855 = LINE('',#14856,#14857);
#14856 = CARTESIAN_POINT('',(-1.628597307635,0.776329772739));
#14857 = VECTOR('',#14858,1.);
#14858 = DIRECTION('',(-0.832050294338,0.554700196225));
#14859 = ( GEOMETRIC_REPRESENTATION_CONTEXT(2) 
PARAMETRIC_REPRESENTATION_CONTEXT() REPRESENTATION_CONTEXT('2D SPACE',''
  ) );
#14860 = ADVANCED_FACE('',(#14861),#14439,.T.);
#14861 = FACE_BOUND('',#14862,.T.);
#14862 = EDGE_LOOP('',(#14863,#14864,#14905,#14906));
#14863 = ORIENTED_EDGE('',*,*,#14817,.T.);
#14864 = ORIENTED_EDGE('',*,*,#14865,.T.);
#14865 = EDGE_CURVE('',#14795,#14419,#14866,.T.);
#14866 = SURFACE_CURVE('',#14867,(#14881,#14888),.PCURVE_S1.);
#14867 = B_SPLINE_CURVE_WITH_KNOTS('',2,(#14868,#14869,#14870,#14871,
    #14872,#14873,#14874,#14875,#14876,#14877,#14878,#14879,#14880),
  .UNSPECIFIED.,.F.,.F.,(3,1,1,1,1,1,1,1,1,1,1,3),(0.,1.,2.,
    2.931506849315,3.86301369863,4.794520547945,5.72602739726,
    6.657534246575,7.58904109589,8.493150684931,9.397260273972,
    10.301369863014),.UNSPECIFIED.);
#14868 = CARTESIAN_POINT('',(35.928847379441,-11.87339524154,0.6));
#14869 = CARTESIAN_POINT('',(35.698482394965,-12.41091353866,0.6));
#14870 = CARTESIAN_POINT('',(34.709832669921,-13.07321286902,0.6));
#14871 = CARTESIAN_POINT('',(33.356438386123,-13.07321286902,0.6));
#14872 = CARTESIAN_POINT('',(32.386985743118,-12.45890624375,0.6));
#14873 = CARTESIAN_POINT('',(31.859065987027,-11.30708132137,0.6));
#14874 = CARTESIAN_POINT('',(31.859065987027,-9.694526430044,0.6));
#14875 = CARTESIAN_POINT('',(32.386985743118,-8.542701507662,0.6));
#14876 = CARTESIAN_POINT('',(33.346839845103,-7.928394882392,0.6));
#14877 = CARTESIAN_POINT('',(34.633044341762,-7.928394882392,0.6));
#14878 = CARTESIAN_POINT('',(35.554504279667,-8.533102966642,0.6));
#14879 = CARTESIAN_POINT('',(36.072825494739,-9.627336642905,0.6));
#14880 = CARTESIAN_POINT('',(36.072825494739,-10.34722721939,0.6));
#14881 = PCURVE('',#14439,#14882);
#14882 = DEFINITIONAL_REPRESENTATION('',(#14883),#14887);
#14883 = LINE('',#14884,#14885);
#14884 = CARTESIAN_POINT('',(0.,-0.6));
#14885 = VECTOR('',#14886,1.);
#14886 = DIRECTION('',(1.,0.));
#14887 = ( GEOMETRIC_REPRESENTATION_CONTEXT(2) 
PARAMETRIC_REPRESENTATION_CONTEXT() REPRESENTATION_CONTEXT('2D SPACE',''
  ) );
#14888 = PCURVE('',#14479,#14889);
#14889 = DEFINITIONAL_REPRESENTATION('',(#14890),#14904);
#14890 = B_SPLINE_CURVE_WITH_KNOTS('',2,(#14891,#14892,#14893,#14894,
    #14895,#14896,#14897,#14898,#14899,#14900,#14901,#14902,#14903),
  .UNSPECIFIED.,.F.,.F.,(3,1,1,1,1,1,1,1,1,1,1,3),(0.,1.,2.,
    2.931506849315,3.86301369863,4.794520547945,5.72602739726,
    6.657534246575,7.58904109589,8.493150684931,9.397260273972,
    10.301369863014),.UNSPECIFIED.);
#14891 = CARTESIAN_POINT('',(-2.031736030469,1.045088921295));
#14892 = CARTESIAN_POINT('',(-1.801371045992,1.582607218406));
#14893 = CARTESIAN_POINT('',(-0.812721320948,2.244906548775));
#14894 = CARTESIAN_POINT('',(0.54067296285,2.244906548775));
#14895 = CARTESIAN_POINT('',(1.510125605854,1.630599923505));
#14896 = CARTESIAN_POINT('',(2.038045361946,0.478775001124));
#14897 = CARTESIAN_POINT('',(2.038045361946,-1.13377989021));
#14898 = CARTESIAN_POINT('',(1.510125605854,-2.285604812592));
#14899 = CARTESIAN_POINT('',(0.55027150387,-2.899911437862));
#14900 = CARTESIAN_POINT('',(-0.73593299279,-2.899911437862));
#14901 = CARTESIAN_POINT('',(-1.657392930695,-2.295203353611));
#14902 = CARTESIAN_POINT('',(-2.175714145766,-1.200969677349));
#14903 = CARTESIAN_POINT('',(-2.175714145766,-0.481079100861));
#14904 = ( GEOMETRIC_REPRESENTATION_CONTEXT(2) 
PARAMETRIC_REPRESENTATION_CONTEXT() REPRESENTATION_CONTEXT('2D SPACE',''
  ) );
#14905 = ORIENTED_EDGE('',*,*,#14416,.F.);
#14906 = ORIENTED_EDGE('',*,*,#14907,.F.);
#14907 = EDGE_CURVE('',#14818,#14417,#14908,.T.);
#14908 = SURFACE_CURVE('',#14909,(#14923,#14930),.PCURVE_S1.);
#14909 = B_SPLINE_CURVE_WITH_KNOTS('',2,(#14910,#14911,#14912,#14913,
    #14914,#14915,#14916,#14917,#14918,#14919,#14920,#14921,#14922),
  .UNSPECIFIED.,.F.,.F.,(3,1,1,1,1,1,1,1,1,1,1,3),(0.,1.,2.,
    2.931506849315,3.86301369863,4.794520547945,5.72602739726,
    6.657534246575,7.58904109589,8.493150684931,9.397260273972,
    10.301369863014),.UNSPECIFIED.);
#14910 = CARTESIAN_POINT('',(35.928847379441,-11.87339524154,0.));
#14911 = CARTESIAN_POINT('',(35.698482394965,-12.41091353866,0.));
#14912 = CARTESIAN_POINT('',(34.709832669921,-13.07321286902,0.));
#14913 = CARTESIAN_POINT('',(33.356438386123,-13.07321286902,0.));
#14914 = CARTESIAN_POINT('',(32.386985743118,-12.45890624375,0.));
#14915 = CARTESIAN_POINT('',(31.859065987027,-11.30708132137,0.));
#14916 = CARTESIAN_POINT('',(31.859065987027,-9.694526430044,0.));
#14917 = CARTESIAN_POINT('',(32.386985743118,-8.542701507662,0.));
#14918 = CARTESIAN_POINT('',(33.346839845103,-7.928394882392,0.));
#14919 = CARTESIAN_POINT('',(34.633044341762,-7.928394882392,0.));
#14920 = CARTESIAN_POINT('',(35.554504279667,-8.533102966642,0.));
#14921 = CARTESIAN_POINT('',(36.072825494739,-9.627336642905,0.));
#14922 = CARTESIAN_POINT('',(36.072825494739,-10.34722721939,0.));
#14923 = PCURVE('',#14439,#14924);
#14924 = DEFINITIONAL_REPRESENTATION('',(#14925),#14929);
#14925 = LINE('',#14926,#14927);
#14926 = CARTESIAN_POINT('',(0.,0.));
#14927 = VECTOR('',#14928,1.);
#14928 = DIRECTION('',(1.,0.));
#14929 = ( GEOMETRIC_REPRESENTATION_CONTEXT(2) 
PARAMETRIC_REPRESENTATION_CONTEXT() REPRESENTATION_CONTEXT('2D SPACE',''
  ) );
#14930 = PCURVE('',#14533,#14931);
#14931 = DEFINITIONAL_REPRESENTATION('',(#14932),#14946);
#14932 = B_SPLINE_CURVE_WITH_KNOTS('',2,(#14933,#14934,#14935,#14936,
    #14937,#14938,#14939,#14940,#14941,#14942,#14943,#14944,#14945),
  .UNSPECIFIED.,.F.,.F.,(3,1,1,1,1,1,1,1,1,1,1,3),(0.,1.,2.,
    2.931506849315,3.86301369863,4.794520547945,5.72602739726,
    6.657534246575,7.58904109589,8.493150684931,9.397260273972,
    10.301369863014),.UNSPECIFIED.);
#14933 = CARTESIAN_POINT('',(-2.031736030469,1.045088921295));
#14934 = CARTESIAN_POINT('',(-1.801371045992,1.582607218406));
#14935 = CARTESIAN_POINT('',(-0.812721320948,2.244906548775));
#14936 = CARTESIAN_POINT('',(0.54067296285,2.244906548775));
#14937 = CARTESIAN_POINT('',(1.510125605854,1.630599923505));
#14938 = CARTESIAN_POINT('',(2.038045361946,0.478775001124));
#14939 = CARTESIAN_POINT('',(2.038045361946,-1.13377989021));
#14940 = CARTESIAN_POINT('',(1.510125605854,-2.285604812592));
#14941 = CARTESIAN_POINT('',(0.55027150387,-2.899911437862));
#14942 = CARTESIAN_POINT('',(-0.73593299279,-2.899911437862));
#14943 = CARTESIAN_POINT('',(-1.657392930695,-2.295203353611));
#14944 = CARTESIAN_POINT('',(-2.175714145766,-1.200969677349));
#14945 = CARTESIAN_POINT('',(-2.175714145766,-0.481079100861));
#14946 = ( GEOMETRIC_REPRESENTATION_CONTEXT(2) 
PARAMETRIC_REPRESENTATION_CONTEXT() REPRESENTATION_CONTEXT('2D SPACE',''
  ) );
#14947 = ADVANCED_FACE('',(#14948),#14962,.T.);
#14948 = FACE_BOUND('',#14949,.T.);
#14949 = EDGE_LOOP('',(#14950,#14992,#15015,#15043));
#14950 = ORIENTED_EDGE('',*,*,#14951,.T.);
#14951 = EDGE_CURVE('',#14952,#14954,#14956,.T.);
#14952 = VERTEX_POINT('',#14953);
#14953 = CARTESIAN_POINT('',(32.434978448217,-10.13605931695,0.));
#14954 = VERTEX_POINT('',#14955);
#14955 = CARTESIAN_POINT('',(32.434978448217,-10.13605931695,0.6));
#14956 = SURFACE_CURVE('',#14957,(#14961,#14973),.PCURVE_S1.);
#14957 = LINE('',#14958,#14959);
#14958 = CARTESIAN_POINT('',(32.434978448217,-10.13605931695,0.));
#14959 = VECTOR('',#14960,1.);
#14960 = DIRECTION('',(0.,-0.,1.));
#14961 = PCURVE('',#14962,#14967);
#14962 = PLANE('',#14963);
#14963 = AXIS2_PLACEMENT_3D('',#14964,#14965,#14966);
#14964 = CARTESIAN_POINT('',(32.434978448217,-10.13605931695,0.));
#14965 = DIRECTION('',(1.,0.,-0.));
#14966 = DIRECTION('',(0.,-1.,-0.));
#14967 = DEFINITIONAL_REPRESENTATION('',(#14968),#14972);
#14968 = LINE('',#14969,#14970);
#14969 = CARTESIAN_POINT('',(0.,0.));
#14970 = VECTOR('',#14971,1.);
#14971 = DIRECTION('',(0.,-1.));
#14972 = ( GEOMETRIC_REPRESENTATION_CONTEXT(2) 
PARAMETRIC_REPRESENTATION_CONTEXT() REPRESENTATION_CONTEXT('2D SPACE',''
  ) );
#14973 = PCURVE('',#14974,#14986);
#14974 = SURFACE_OF_LINEAR_EXTRUSION('',#14975,#14984);
#14975 = B_SPLINE_CURVE_WITH_KNOTS('',2,(#14976,#14977,#14978,#14979,
    #14980,#14981,#14982,#14983),.UNSPECIFIED.,.F.,.F.,(3,1,1,1,1,1,3),(
    0.,1.,2.,3.,4.086956521739,5.173913043478,6.260869565218),
  .UNSPECIFIED.);
#14976 = CARTESIAN_POINT('',(35.477715951508,-10.10726369389,0.));
#14977 = CARTESIAN_POINT('',(35.477715951508,-9.588942478825,0.));
#14978 = CARTESIAN_POINT('',(35.112971392754,-8.821059197238,0.));
#14979 = CARTESIAN_POINT('',(34.441073521365,-8.389124851345,0.));
#14980 = CARTESIAN_POINT('',(33.51961358346,-8.389124851345,0.));
#14981 = CARTESIAN_POINT('',(32.818920089011,-8.830657738258,0.));
#14982 = CARTESIAN_POINT('',(32.434978448217,-9.617738101885,0.));
#14983 = CARTESIAN_POINT('',(32.434978448217,-10.13605931695,0.));
#14984 = VECTOR('',#14985,1.);
#14985 = DIRECTION('',(-0.,0.,-1.));
#14986 = DEFINITIONAL_REPRESENTATION('',(#14987),#14991);
#14987 = LINE('',#14988,#14989);
#14988 = CARTESIAN_POINT('',(6.260869565218,0.));
#14989 = VECTOR('',#14990,1.);
#14990 = DIRECTION('',(0.,-1.));
#14991 = ( GEOMETRIC_REPRESENTATION_CONTEXT(2) 
PARAMETRIC_REPRESENTATION_CONTEXT() REPRESENTATION_CONTEXT('2D SPACE',''
  ) );
#14992 = ORIENTED_EDGE('',*,*,#14993,.T.);
#14993 = EDGE_CURVE('',#14954,#14994,#14996,.T.);
#14994 = VERTEX_POINT('',#14995);
#14995 = CARTESIAN_POINT('',(32.434978448217,-10.18405202205,0.6));
#14996 = SURFACE_CURVE('',#14997,(#15001,#15008),.PCURVE_S1.);
#14997 = LINE('',#14998,#14999);
#14998 = CARTESIAN_POINT('',(32.434978448217,-10.13605931695,0.6));
#14999 = VECTOR('',#15000,1.);
#15000 = DIRECTION('',(-0.,-1.,-0.));
#15001 = PCURVE('',#14962,#15002);
#15002 = DEFINITIONAL_REPRESENTATION('',(#15003),#15007);
#15003 = LINE('',#15004,#15005);
#15004 = CARTESIAN_POINT('',(0.,-0.6));
#15005 = VECTOR('',#15006,1.);
#15006 = DIRECTION('',(1.,0.));
#15007 = ( GEOMETRIC_REPRESENTATION_CONTEXT(2) 
PARAMETRIC_REPRESENTATION_CONTEXT() REPRESENTATION_CONTEXT('2D SPACE',''
  ) );
#15008 = PCURVE('',#14479,#15009);
#15009 = DEFINITIONAL_REPRESENTATION('',(#15010),#15014);
#15010 = LINE('',#15011,#15012);
#15011 = CARTESIAN_POINT('',(1.462132900755,-0.692247003297));
#15012 = VECTOR('',#15013,1.);
#15013 = DIRECTION('',(-0.,1.));
#15014 = ( GEOMETRIC_REPRESENTATION_CONTEXT(2) 
PARAMETRIC_REPRESENTATION_CONTEXT() REPRESENTATION_CONTEXT('2D SPACE',''
  ) );
#15015 = ORIENTED_EDGE('',*,*,#15016,.F.);
#15016 = EDGE_CURVE('',#15017,#14994,#15019,.T.);
#15017 = VERTEX_POINT('',#15018);
#15018 = CARTESIAN_POINT('',(32.434978448217,-10.18405202205,0.));
#15019 = SURFACE_CURVE('',#15020,(#15024,#15031),.PCURVE_S1.);
#15020 = LINE('',#15021,#15022);
#15021 = CARTESIAN_POINT('',(32.434978448217,-10.18405202205,0.));
#15022 = VECTOR('',#15023,1.);
#15023 = DIRECTION('',(0.,-0.,1.));
#15024 = PCURVE('',#14962,#15025);
#15025 = DEFINITIONAL_REPRESENTATION('',(#15026),#15030);
#15026 = LINE('',#15027,#15028);
#15027 = CARTESIAN_POINT('',(4.799270509923E-02,-0.));
#15028 = VECTOR('',#15029,1.);
#15029 = DIRECTION('',(0.,-1.));
#15030 = ( GEOMETRIC_REPRESENTATION_CONTEXT(2) 
PARAMETRIC_REPRESENTATION_CONTEXT() REPRESENTATION_CONTEXT('2D SPACE',''
  ) );
#15031 = PCURVE('',#15032,#15037);
#15032 = PLANE('',#15033);
#15033 = AXIS2_PLACEMENT_3D('',#15034,#15035,#15036);
#15034 = CARTESIAN_POINT('',(32.434978448217,-10.18405202205,0.));
#15035 = DIRECTION('',(0.,1.,0.));
#15036 = DIRECTION('',(1.,0.,-0.));
#15037 = DEFINITIONAL_REPRESENTATION('',(#15038),#15042);
#15038 = LINE('',#15039,#15040);
#15039 = CARTESIAN_POINT('',(0.,0.));
#15040 = VECTOR('',#15041,1.);
#15041 = DIRECTION('',(0.,-1.));
#15042 = ( GEOMETRIC_REPRESENTATION_CONTEXT(2) 
PARAMETRIC_REPRESENTATION_CONTEXT() REPRESENTATION_CONTEXT('2D SPACE',''
  ) );
#15043 = ORIENTED_EDGE('',*,*,#15044,.F.);
#15044 = EDGE_CURVE('',#14952,#15017,#15045,.T.);
#15045 = SURFACE_CURVE('',#15046,(#15050,#15057),.PCURVE_S1.);
#15046 = LINE('',#15047,#15048);
#15047 = CARTESIAN_POINT('',(32.434978448217,-10.13605931695,0.));
#15048 = VECTOR('',#15049,1.);
#15049 = DIRECTION('',(-0.,-1.,-0.));
#15050 = PCURVE('',#14962,#15051);
#15051 = DEFINITIONAL_REPRESENTATION('',(#15052),#15056);
#15052 = LINE('',#15053,#15054);
#15053 = CARTESIAN_POINT('',(0.,0.));
#15054 = VECTOR('',#15055,1.);
#15055 = DIRECTION('',(1.,0.));
#15056 = ( GEOMETRIC_REPRESENTATION_CONTEXT(2) 
PARAMETRIC_REPRESENTATION_CONTEXT() REPRESENTATION_CONTEXT('2D SPACE',''
  ) );
#15057 = PCURVE('',#14533,#15058);
#15058 = DEFINITIONAL_REPRESENTATION('',(#15059),#15063);
#15059 = LINE('',#15060,#15061);
#15060 = CARTESIAN_POINT('',(1.462132900755,-0.692247003297));
#15061 = VECTOR('',#15062,1.);
#15062 = DIRECTION('',(-0.,1.));
#15063 = ( GEOMETRIC_REPRESENTATION_CONTEXT(2) 
PARAMETRIC_REPRESENTATION_CONTEXT() REPRESENTATION_CONTEXT('2D SPACE',''
  ) );
#15064 = ADVANCED_FACE('',(#15065),#15032,.T.);
#15065 = FACE_BOUND('',#15066,.T.);
#15066 = EDGE_LOOP('',(#15067,#15068,#15091,#15119));
#15067 = ORIENTED_EDGE('',*,*,#15016,.T.);
#15068 = ORIENTED_EDGE('',*,*,#15069,.T.);
#15069 = EDGE_CURVE('',#14994,#15070,#15072,.T.);
#15070 = VERTEX_POINT('',#15071);
#15071 = CARTESIAN_POINT('',(35.477715951508,-10.18405202205,0.6));
#15072 = SURFACE_CURVE('',#15073,(#15077,#15084),.PCURVE_S1.);
#15073 = LINE('',#15074,#15075);
#15074 = CARTESIAN_POINT('',(32.434978448217,-10.18405202205,0.6));
#15075 = VECTOR('',#15076,1.);
#15076 = DIRECTION('',(1.,-0.,-0.));
#15077 = PCURVE('',#15032,#15078);
#15078 = DEFINITIONAL_REPRESENTATION('',(#15079),#15083);
#15079 = LINE('',#15080,#15081);
#15080 = CARTESIAN_POINT('',(0.,-0.6));
#15081 = VECTOR('',#15082,1.);
#15082 = DIRECTION('',(1.,0.));
#15083 = ( GEOMETRIC_REPRESENTATION_CONTEXT(2) 
PARAMETRIC_REPRESENTATION_CONTEXT() REPRESENTATION_CONTEXT('2D SPACE',''
  ) );
#15084 = PCURVE('',#14479,#15085);
#15085 = DEFINITIONAL_REPRESENTATION('',(#15086),#15090);
#15086 = LINE('',#15087,#15088);
#15087 = CARTESIAN_POINT('',(1.462132900755,-0.644254298198));
#15088 = VECTOR('',#15089,1.);
#15089 = DIRECTION('',(-1.,-0.));
#15090 = ( GEOMETRIC_REPRESENTATION_CONTEXT(2) 
PARAMETRIC_REPRESENTATION_CONTEXT() REPRESENTATION_CONTEXT('2D SPACE',''
  ) );
#15091 = ORIENTED_EDGE('',*,*,#15092,.F.);
#15092 = EDGE_CURVE('',#15093,#15070,#15095,.T.);
#15093 = VERTEX_POINT('',#15094);
#15094 = CARTESIAN_POINT('',(35.477715951508,-10.18405202205,0.));
#15095 = SURFACE_CURVE('',#15096,(#15100,#15107),.PCURVE_S1.);
#15096 = LINE('',#15097,#15098);
#15097 = CARTESIAN_POINT('',(35.477715951508,-10.18405202205,0.));
#15098 = VECTOR('',#15099,1.);
#15099 = DIRECTION('',(0.,-0.,1.));
#15100 = PCURVE('',#15032,#15101);
#15101 = DEFINITIONAL_REPRESENTATION('',(#15102),#15106);
#15102 = LINE('',#15103,#15104);
#15103 = CARTESIAN_POINT('',(3.042737503291,0.));
#15104 = VECTOR('',#15105,1.);
#15105 = DIRECTION('',(0.,-1.));
#15106 = ( GEOMETRIC_REPRESENTATION_CONTEXT(2) 
PARAMETRIC_REPRESENTATION_CONTEXT() REPRESENTATION_CONTEXT('2D SPACE',''
  ) );
#15107 = PCURVE('',#15108,#15113);
#15108 = PLANE('',#15109);
#15109 = AXIS2_PLACEMENT_3D('',#15110,#15111,#15112);
#15110 = CARTESIAN_POINT('',(35.477715951508,-10.18405202205,0.));
#15111 = DIRECTION('',(-1.,0.,0.));
#15112 = DIRECTION('',(0.,1.,-0.));
#15113 = DEFINITIONAL_REPRESENTATION('',(#15114),#15118);
#15114 = LINE('',#15115,#15116);
#15115 = CARTESIAN_POINT('',(0.,0.));
#15116 = VECTOR('',#15117,1.);
#15117 = DIRECTION('',(0.,-1.));
#15118 = ( GEOMETRIC_REPRESENTATION_CONTEXT(2) 
PARAMETRIC_REPRESENTATION_CONTEXT() REPRESENTATION_CONTEXT('2D SPACE',''
  ) );
#15119 = ORIENTED_EDGE('',*,*,#15120,.F.);
#15120 = EDGE_CURVE('',#15017,#15093,#15121,.T.);
#15121 = SURFACE_CURVE('',#15122,(#15126,#15133),.PCURVE_S1.);
#15122 = LINE('',#15123,#15124);
#15123 = CARTESIAN_POINT('',(32.434978448217,-10.18405202205,0.));
#15124 = VECTOR('',#15125,1.);
#15125 = DIRECTION('',(1.,-0.,-0.));
#15126 = PCURVE('',#15032,#15127);
#15127 = DEFINITIONAL_REPRESENTATION('',(#15128),#15132);
#15128 = LINE('',#15129,#15130);
#15129 = CARTESIAN_POINT('',(0.,0.));
#15130 = VECTOR('',#15131,1.);
#15131 = DIRECTION('',(1.,0.));
#15132 = ( GEOMETRIC_REPRESENTATION_CONTEXT(2) 
PARAMETRIC_REPRESENTATION_CONTEXT() REPRESENTATION_CONTEXT('2D SPACE',''
  ) );
#15133 = PCURVE('',#14533,#15134);
#15134 = DEFINITIONAL_REPRESENTATION('',(#15135),#15139);
#15135 = LINE('',#15136,#15137);
#15136 = CARTESIAN_POINT('',(1.462132900755,-0.644254298198));
#15137 = VECTOR('',#15138,1.);
#15138 = DIRECTION('',(-1.,-0.));
#15139 = ( GEOMETRIC_REPRESENTATION_CONTEXT(2) 
PARAMETRIC_REPRESENTATION_CONTEXT() REPRESENTATION_CONTEXT('2D SPACE',''
  ) );
#15140 = ADVANCED_FACE('',(#15141),#15108,.T.);
#15141 = FACE_BOUND('',#15142,.T.);
#15142 = EDGE_LOOP('',(#15143,#15144,#15167,#15190));
#15143 = ORIENTED_EDGE('',*,*,#15092,.T.);
#15144 = ORIENTED_EDGE('',*,*,#15145,.T.);
#15145 = EDGE_CURVE('',#15070,#15146,#15148,.T.);
#15146 = VERTEX_POINT('',#15147);
#15147 = CARTESIAN_POINT('',(35.477715951508,-10.10726369389,0.6));
#15148 = SURFACE_CURVE('',#15149,(#15153,#15160),.PCURVE_S1.);
#15149 = LINE('',#15150,#15151);
#15150 = CARTESIAN_POINT('',(35.477715951508,-10.18405202205,0.6));
#15151 = VECTOR('',#15152,1.);
#15152 = DIRECTION('',(-0.,1.,-0.));
#15153 = PCURVE('',#15108,#15154);
#15154 = DEFINITIONAL_REPRESENTATION('',(#15155),#15159);
#15155 = LINE('',#15156,#15157);
#15156 = CARTESIAN_POINT('',(0.,-0.6));
#15157 = VECTOR('',#15158,1.);
#15158 = DIRECTION('',(1.,0.));
#15159 = ( GEOMETRIC_REPRESENTATION_CONTEXT(2) 
PARAMETRIC_REPRESENTATION_CONTEXT() REPRESENTATION_CONTEXT('2D SPACE',''
  ) );
#15160 = PCURVE('',#14479,#15161);
#15161 = DEFINITIONAL_REPRESENTATION('',(#15162),#15166);
#15162 = LINE('',#15163,#15164);
#15163 = CARTESIAN_POINT('',(-1.580604602536,-0.644254298198));
#15164 = VECTOR('',#15165,1.);
#15165 = DIRECTION('',(-0.,-1.));
#15166 = ( GEOMETRIC_REPRESENTATION_CONTEXT(2) 
PARAMETRIC_REPRESENTATION_CONTEXT() REPRESENTATION_CONTEXT('2D SPACE',''
  ) );
#15167 = ORIENTED_EDGE('',*,*,#15168,.F.);
#15168 = EDGE_CURVE('',#15169,#15146,#15171,.T.);
#15169 = VERTEX_POINT('',#15170);
#15170 = CARTESIAN_POINT('',(35.477715951508,-10.10726369389,0.));
#15171 = SURFACE_CURVE('',#15172,(#15176,#15183),.PCURVE_S1.);
#15172 = LINE('',#15173,#15174);
#15173 = CARTESIAN_POINT('',(35.477715951508,-10.10726369389,0.));
#15174 = VECTOR('',#15175,1.);
#15175 = DIRECTION('',(0.,-0.,1.));
#15176 = PCURVE('',#15108,#15177);
#15177 = DEFINITIONAL_REPRESENTATION('',(#15178),#15182);
#15178 = LINE('',#15179,#15180);
#15179 = CARTESIAN_POINT('',(7.678832815876E-02,0.));
#15180 = VECTOR('',#15181,1.);
#15181 = DIRECTION('',(0.,-1.));
#15182 = ( GEOMETRIC_REPRESENTATION_CONTEXT(2) 
PARAMETRIC_REPRESENTATION_CONTEXT() REPRESENTATION_CONTEXT('2D SPACE',''
  ) );
#15183 = PCURVE('',#14974,#15184);
#15184 = DEFINITIONAL_REPRESENTATION('',(#15185),#15189);
#15185 = LINE('',#15186,#15187);
#15186 = CARTESIAN_POINT('',(0.,0.));
#15187 = VECTOR('',#15188,1.);
#15188 = DIRECTION('',(0.,-1.));
#15189 = ( GEOMETRIC_REPRESENTATION_CONTEXT(2) 
PARAMETRIC_REPRESENTATION_CONTEXT() REPRESENTATION_CONTEXT('2D SPACE',''
  ) );
#15190 = ORIENTED_EDGE('',*,*,#15191,.F.);
#15191 = EDGE_CURVE('',#15093,#15169,#15192,.T.);
#15192 = SURFACE_CURVE('',#15193,(#15197,#15204),.PCURVE_S1.);
#15193 = LINE('',#15194,#15195);
#15194 = CARTESIAN_POINT('',(35.477715951508,-10.18405202205,0.));
#15195 = VECTOR('',#15196,1.);
#15196 = DIRECTION('',(-0.,1.,-0.));
#15197 = PCURVE('',#15108,#15198);
#15198 = DEFINITIONAL_REPRESENTATION('',(#15199),#15203);
#15199 = LINE('',#15200,#15201);
#15200 = CARTESIAN_POINT('',(0.,0.));
#15201 = VECTOR('',#15202,1.);
#15202 = DIRECTION('',(1.,0.));
#15203 = ( GEOMETRIC_REPRESENTATION_CONTEXT(2) 
PARAMETRIC_REPRESENTATION_CONTEXT() REPRESENTATION_CONTEXT('2D SPACE',''
  ) );
#15204 = PCURVE('',#14533,#15205);
#15205 = DEFINITIONAL_REPRESENTATION('',(#15206),#15210);
#15206 = LINE('',#15207,#15208);
#15207 = CARTESIAN_POINT('',(-1.580604602536,-0.644254298198));
#15208 = VECTOR('',#15209,1.);
#15209 = DIRECTION('',(-0.,-1.));
#15210 = ( GEOMETRIC_REPRESENTATION_CONTEXT(2) 
PARAMETRIC_REPRESENTATION_CONTEXT() REPRESENTATION_CONTEXT('2D SPACE',''
  ) );
#15211 = ADVANCED_FACE('',(#15212),#14974,.T.);
#15212 = FACE_BOUND('',#15213,.T.);
#15213 = EDGE_LOOP('',(#15214,#15215,#15246,#15247));
#15214 = ORIENTED_EDGE('',*,*,#15168,.T.);
#15215 = ORIENTED_EDGE('',*,*,#15216,.T.);
#15216 = EDGE_CURVE('',#15146,#14954,#15217,.T.);
#15217 = SURFACE_CURVE('',#15218,(#15227,#15234),.PCURVE_S1.);
#15218 = B_SPLINE_CURVE_WITH_KNOTS('',2,(#15219,#15220,#15221,#15222,
    #15223,#15224,#15225,#15226),.UNSPECIFIED.,.F.,.F.,(3,1,1,1,1,1,3),(
    0.,1.,2.,3.,4.086956521739,5.173913043478,6.260869565218),
  .UNSPECIFIED.);
#15219 = CARTESIAN_POINT('',(35.477715951508,-10.10726369389,0.6));
#15220 = CARTESIAN_POINT('',(35.477715951508,-9.588942478825,0.6));
#15221 = CARTESIAN_POINT('',(35.112971392754,-8.821059197238,0.6));
#15222 = CARTESIAN_POINT('',(34.441073521365,-8.389124851345,0.6));
#15223 = CARTESIAN_POINT('',(33.51961358346,-8.389124851345,0.6));
#15224 = CARTESIAN_POINT('',(32.818920089011,-8.830657738258,0.6));
#15225 = CARTESIAN_POINT('',(32.434978448217,-9.617738101885,0.6));
#15226 = CARTESIAN_POINT('',(32.434978448217,-10.13605931695,0.6));
#15227 = PCURVE('',#14974,#15228);
#15228 = DEFINITIONAL_REPRESENTATION('',(#15229),#15233);
#15229 = LINE('',#15230,#15231);
#15230 = CARTESIAN_POINT('',(0.,-0.6));
#15231 = VECTOR('',#15232,1.);
#15232 = DIRECTION('',(1.,0.));
#15233 = ( GEOMETRIC_REPRESENTATION_CONTEXT(2) 
PARAMETRIC_REPRESENTATION_CONTEXT() REPRESENTATION_CONTEXT('2D SPACE',''
  ) );
#15234 = PCURVE('',#14479,#15235);
#15235 = DEFINITIONAL_REPRESENTATION('',(#15236),#15245);
#15236 = B_SPLINE_CURVE_WITH_KNOTS('',2,(#15237,#15238,#15239,#15240,
    #15241,#15242,#15243,#15244),.UNSPECIFIED.,.F.,.F.,(3,1,1,1,1,1,3),(
    0.,1.,2.,3.,4.086956521739,5.173913043478,6.260869565218),
  .UNSPECIFIED.);
#15237 = CARTESIAN_POINT('',(-1.580604602536,-0.721042626357));
#15238 = CARTESIAN_POINT('',(-1.580604602536,-1.239363841428));
#15239 = CARTESIAN_POINT('',(-1.215860043782,-2.007247123016));
#15240 = CARTESIAN_POINT('',(-0.543962172393,-2.439181468909));
#15241 = CARTESIAN_POINT('',(0.377497765512,-2.439181468909));
#15242 = CARTESIAN_POINT('',(1.078191259961,-1.997648581996));
#15243 = CARTESIAN_POINT('',(1.462132900755,-1.210568218369));
#15244 = CARTESIAN_POINT('',(1.462132900755,-0.692247003297));
#15245 = ( GEOMETRIC_REPRESENTATION_CONTEXT(2) 
PARAMETRIC_REPRESENTATION_CONTEXT() REPRESENTATION_CONTEXT('2D SPACE',''
  ) );
#15246 = ORIENTED_EDGE('',*,*,#14951,.F.);
#15247 = ORIENTED_EDGE('',*,*,#15248,.F.);
#15248 = EDGE_CURVE('',#15169,#14952,#15249,.T.);
#15249 = SURFACE_CURVE('',#15250,(#15259,#15266),.PCURVE_S1.);
#15250 = B_SPLINE_CURVE_WITH_KNOTS('',2,(#15251,#15252,#15253,#15254,
    #15255,#15256,#15257,#15258),.UNSPECIFIED.,.F.,.F.,(3,1,1,1,1,1,3),(
    0.,1.,2.,3.,4.086956521739,5.173913043478,6.260869565218),
  .UNSPECIFIED.);
#15251 = CARTESIAN_POINT('',(35.477715951508,-10.10726369389,0.));
#15252 = CARTESIAN_POINT('',(35.477715951508,-9.588942478825,0.));
#15253 = CARTESIAN_POINT('',(35.112971392754,-8.821059197238,0.));
#15254 = CARTESIAN_POINT('',(34.441073521365,-8.389124851345,0.));
#15255 = CARTESIAN_POINT('',(33.51961358346,-8.389124851345,0.));
#15256 = CARTESIAN_POINT('',(32.818920089011,-8.830657738258,0.));
#15257 = CARTESIAN_POINT('',(32.434978448217,-9.617738101885,0.));
#15258 = CARTESIAN_POINT('',(32.434978448217,-10.13605931695,0.));
#15259 = PCURVE('',#14974,#15260);
#15260 = DEFINITIONAL_REPRESENTATION('',(#15261),#15265);
#15261 = LINE('',#15262,#15263);
#15262 = CARTESIAN_POINT('',(0.,0.));
#15263 = VECTOR('',#15264,1.);
#15264 = DIRECTION('',(1.,0.));
#15265 = ( GEOMETRIC_REPRESENTATION_CONTEXT(2) 
PARAMETRIC_REPRESENTATION_CONTEXT() REPRESENTATION_CONTEXT('2D SPACE',''
  ) );
#15266 = PCURVE('',#14533,#15267);
#15267 = DEFINITIONAL_REPRESENTATION('',(#15268),#15277);
#15268 = B_SPLINE_CURVE_WITH_KNOTS('',2,(#15269,#15270,#15271,#15272,
    #15273,#15274,#15275,#15276),.UNSPECIFIED.,.F.,.F.,(3,1,1,1,1,1,3),(
    0.,1.,2.,3.,4.086956521739,5.173913043478,6.260869565218),
  .UNSPECIFIED.);
#15269 = CARTESIAN_POINT('',(-1.580604602536,-0.721042626357));
#15270 = CARTESIAN_POINT('',(-1.580604602536,-1.239363841428));
#15271 = CARTESIAN_POINT('',(-1.215860043782,-2.007247123016));
#15272 = CARTESIAN_POINT('',(-0.543962172393,-2.439181468909));
#15273 = CARTESIAN_POINT('',(0.377497765512,-2.439181468909));
#15274 = CARTESIAN_POINT('',(1.078191259961,-1.997648581996));
#15275 = CARTESIAN_POINT('',(1.462132900755,-1.210568218369));
#15276 = CARTESIAN_POINT('',(1.462132900755,-0.692247003297));
#15277 = ( GEOMETRIC_REPRESENTATION_CONTEXT(2) 
PARAMETRIC_REPRESENTATION_CONTEXT() REPRESENTATION_CONTEXT('2D SPACE',''
  ) );
#15278 = ADVANCED_FACE('',(#15279,#15287),#14533,.F.);
#15279 = FACE_BOUND('',#15280,.T.);
#15280 = EDGE_LOOP('',(#15281,#15282,#15283,#15284,#15285,#15286));
#15281 = ORIENTED_EDGE('',*,*,#14519,.T.);
#15282 = ORIENTED_EDGE('',*,*,#14600,.T.);
#15283 = ORIENTED_EDGE('',*,*,#14681,.T.);
#15284 = ORIENTED_EDGE('',*,*,#14763,.T.);
#15285 = ORIENTED_EDGE('',*,*,#14840,.T.);
#15286 = ORIENTED_EDGE('',*,*,#14907,.T.);
#15287 = FACE_BOUND('',#15288,.T.);
#15288 = EDGE_LOOP('',(#15289,#15290,#15291,#15292));
#15289 = ORIENTED_EDGE('',*,*,#15044,.T.);
#15290 = ORIENTED_EDGE('',*,*,#15120,.T.);
#15291 = ORIENTED_EDGE('',*,*,#15191,.T.);
#15292 = ORIENTED_EDGE('',*,*,#15248,.T.);
#15293 = ADVANCED_FACE('',(#15294,#15302),#14479,.T.);
#15294 = FACE_BOUND('',#15295,.F.);
#15295 = EDGE_LOOP('',(#15296,#15297,#15298,#15299,#15300,#15301));
#15296 = ORIENTED_EDGE('',*,*,#14463,.T.);
#15297 = ORIENTED_EDGE('',*,*,#14549,.T.);
#15298 = ORIENTED_EDGE('',*,*,#14625,.T.);
#15299 = ORIENTED_EDGE('',*,*,#14706,.T.);
#15300 = ORIENTED_EDGE('',*,*,#14794,.T.);
#15301 = ORIENTED_EDGE('',*,*,#14865,.T.);
#15302 = FACE_BOUND('',#15303,.F.);
#15303 = EDGE_LOOP('',(#15304,#15305,#15306,#15307));
#15304 = ORIENTED_EDGE('',*,*,#14993,.T.);
#15305 = ORIENTED_EDGE('',*,*,#15069,.T.);
#15306 = ORIENTED_EDGE('',*,*,#15145,.T.);
#15307 = ORIENTED_EDGE('',*,*,#15216,.T.);
#15308 = MANIFOLD_SOLID_BREP('',#15309);
#15309 = CLOSED_SHELL('',(#15310,#15430,#15506,#15582,#15658,#15738,
    #15822,#15898,#15974,#16054,#16133,#16180,#16194));
#15310 = ADVANCED_FACE('',(#15311),#15325,.T.);
#15311 = FACE_BOUND('',#15312,.T.);
#15312 = EDGE_LOOP('',(#15313,#15348,#15376,#15404));
#15313 = ORIENTED_EDGE('',*,*,#15314,.T.);
#15314 = EDGE_CURVE('',#15315,#15317,#15319,.T.);
#15315 = VERTEX_POINT('',#15316);
#15316 = CARTESIAN_POINT('',(38.166678657211,-12.95803037679,0.));
#15317 = VERTEX_POINT('',#15318);
#15318 = CARTESIAN_POINT('',(38.166678657211,-12.95803037679,0.6));
#15319 = SURFACE_CURVE('',#15320,(#15324,#15336),.PCURVE_S1.);
#15320 = LINE('',#15321,#15322);
#15321 = CARTESIAN_POINT('',(38.166678657211,-12.95803037679,0.));
#15322 = VECTOR('',#15323,1.);
#15323 = DIRECTION('',(0.,-0.,1.));
#15324 = PCURVE('',#15325,#15330);
#15325 = PLANE('',#15326);
#15326 = AXIS2_PLACEMENT_3D('',#15327,#15328,#15329);
#15327 = CARTESIAN_POINT('',(38.166678657211,-12.95803037679,0.));
#15328 = DIRECTION('',(0.,-1.,-0.));
#15329 = DIRECTION('',(-1.,-0.,0.));
#15330 = DEFINITIONAL_REPRESENTATION('',(#15331),#15335);
#15331 = LINE('',#15332,#15333);
#15332 = CARTESIAN_POINT('',(0.,0.));
#15333 = VECTOR('',#15334,1.);
#15334 = DIRECTION('',(0.,-1.));
#15335 = ( GEOMETRIC_REPRESENTATION_CONTEXT(2) 
PARAMETRIC_REPRESENTATION_CONTEXT() REPRESENTATION_CONTEXT('2D SPACE',''
  ) );
#15336 = PCURVE('',#15337,#15342);
#15337 = PLANE('',#15338);
#15338 = AXIS2_PLACEMENT_3D('',#15339,#15340,#15341);
#15339 = CARTESIAN_POINT('',(38.166678657211,-9.598541019845,0.));
#15340 = DIRECTION('',(1.,0.,-0.));
#15341 = DIRECTION('',(0.,-1.,-0.));
#15342 = DEFINITIONAL_REPRESENTATION('',(#15343),#15347);
#15343 = LINE('',#15344,#15345);
#15344 = CARTESIAN_POINT('',(3.359489356946,-0.));
#15345 = VECTOR('',#15346,1.);
#15346 = DIRECTION('',(0.,-1.));
#15347 = ( GEOMETRIC_REPRESENTATION_CONTEXT(2) 
PARAMETRIC_REPRESENTATION_CONTEXT() REPRESENTATION_CONTEXT('2D SPACE',''
  ) );
#15348 = ORIENTED_EDGE('',*,*,#15349,.T.);
#15349 = EDGE_CURVE('',#15317,#15350,#15352,.T.);
#15350 = VERTEX_POINT('',#15351);
#15351 = CARTESIAN_POINT('',(37.61956181908,-12.95803037679,0.6));
#15352 = SURFACE_CURVE('',#15353,(#15357,#15364),.PCURVE_S1.);
#15353 = LINE('',#15354,#15355);
#15354 = CARTESIAN_POINT('',(38.166678657211,-12.95803037679,0.6));
#15355 = VECTOR('',#15356,1.);
#15356 = DIRECTION('',(-1.,-0.,0.));
#15357 = PCURVE('',#15325,#15358);
#15358 = DEFINITIONAL_REPRESENTATION('',(#15359),#15363);
#15359 = LINE('',#15360,#15361);
#15360 = CARTESIAN_POINT('',(0.,-0.6));
#15361 = VECTOR('',#15362,1.);
#15362 = DIRECTION('',(1.,0.));
#15363 = ( GEOMETRIC_REPRESENTATION_CONTEXT(2) 
PARAMETRIC_REPRESENTATION_CONTEXT() REPRESENTATION_CONTEXT('2D SPACE',''
  ) );
#15364 = PCURVE('',#15365,#15370);
#15365 = PLANE('',#15366);
#15366 = AXIS2_PLACEMENT_3D('',#15367,#15368,#15369);
#15367 = CARTESIAN_POINT('',(38.26693164169,-9.909788013047,0.6));
#15368 = DIRECTION('',(-0.,-0.,1.));
#15369 = DIRECTION('',(-1.,0.,0.));
#15370 = DEFINITIONAL_REPRESENTATION('',(#15371),#15375);
#15371 = LINE('',#15372,#15373);
#15372 = CARTESIAN_POINT('',(0.100252984479,3.048242363745));
#15373 = VECTOR('',#15374,1.);
#15374 = DIRECTION('',(1.,-0.));
#15375 = ( GEOMETRIC_REPRESENTATION_CONTEXT(2) 
PARAMETRIC_REPRESENTATION_CONTEXT() REPRESENTATION_CONTEXT('2D SPACE',''
  ) );
#15376 = ORIENTED_EDGE('',*,*,#15377,.F.);
#15377 = EDGE_CURVE('',#15378,#15350,#15380,.T.);
#15378 = VERTEX_POINT('',#15379);
#15379 = CARTESIAN_POINT('',(37.61956181908,-12.95803037679,0.));
#15380 = SURFACE_CURVE('',#15381,(#15385,#15392),.PCURVE_S1.);
#15381 = LINE('',#15382,#15383);
#15382 = CARTESIAN_POINT('',(37.61956181908,-12.95803037679,0.));
#15383 = VECTOR('',#15384,1.);
#15384 = DIRECTION('',(0.,-0.,1.));
#15385 = PCURVE('',#15325,#15386);
#15386 = DEFINITIONAL_REPRESENTATION('',(#15387),#15391);
#15387 = LINE('',#15388,#15389);
#15388 = CARTESIAN_POINT('',(0.547116838131,0.));
#15389 = VECTOR('',#15390,1.);
#15390 = DIRECTION('',(0.,-1.));
#15391 = ( GEOMETRIC_REPRESENTATION_CONTEXT(2) 
PARAMETRIC_REPRESENTATION_CONTEXT() REPRESENTATION_CONTEXT('2D SPACE',''
  ) );
#15392 = PCURVE('',#15393,#15398);
#15393 = PLANE('',#15394);
#15394 = AXIS2_PLACEMENT_3D('',#15395,#15396,#15397);
#15395 = CARTESIAN_POINT('',(37.61956181908,-12.95803037679,0.));
#15396 = DIRECTION('',(-1.,0.,0.));
#15397 = DIRECTION('',(0.,1.,-0.));
#15398 = DEFINITIONAL_REPRESENTATION('',(#15399),#15403);
#15399 = LINE('',#15400,#15401);
#15400 = CARTESIAN_POINT('',(0.,0.));
#15401 = VECTOR('',#15402,1.);
#15402 = DIRECTION('',(0.,-1.));
#15403 = ( GEOMETRIC_REPRESENTATION_CONTEXT(2) 
PARAMETRIC_REPRESENTATION_CONTEXT() REPRESENTATION_CONTEXT('2D SPACE',''
  ) );
#15404 = ORIENTED_EDGE('',*,*,#15405,.F.);
#15405 = EDGE_CURVE('',#15315,#15378,#15406,.T.);
#15406 = SURFACE_CURVE('',#15407,(#15411,#15418),.PCURVE_S1.);
#15407 = LINE('',#15408,#15409);
#15408 = CARTESIAN_POINT('',(38.166678657211,-12.95803037679,0.));
#15409 = VECTOR('',#15410,1.);
#15410 = DIRECTION('',(-1.,-0.,0.));
#15411 = PCURVE('',#15325,#15412);
#15412 = DEFINITIONAL_REPRESENTATION('',(#15413),#15417);
#15413 = LINE('',#15414,#15415);
#15414 = CARTESIAN_POINT('',(0.,0.));
#15415 = VECTOR('',#15416,1.);
#15416 = DIRECTION('',(1.,0.));
#15417 = ( GEOMETRIC_REPRESENTATION_CONTEXT(2) 
PARAMETRIC_REPRESENTATION_CONTEXT() REPRESENTATION_CONTEXT('2D SPACE',''
  ) );
#15418 = PCURVE('',#15419,#15424);
#15419 = PLANE('',#15420);
#15420 = AXIS2_PLACEMENT_3D('',#15421,#15422,#15423);
#15421 = CARTESIAN_POINT('',(38.26693164169,-9.909788013047,0.));
#15422 = DIRECTION('',(-0.,-0.,1.));
#15423 = DIRECTION('',(-1.,0.,0.));
#15424 = DEFINITIONAL_REPRESENTATION('',(#15425),#15429);
#15425 = LINE('',#15426,#15427);
#15426 = CARTESIAN_POINT('',(0.100252984479,3.048242363745));
#15427 = VECTOR('',#15428,1.);
#15428 = DIRECTION('',(1.,-0.));
#15429 = ( GEOMETRIC_REPRESENTATION_CONTEXT(2) 
PARAMETRIC_REPRESENTATION_CONTEXT() REPRESENTATION_CONTEXT('2D SPACE',''
  ) );
#15430 = ADVANCED_FACE('',(#15431),#15393,.T.);
#15431 = FACE_BOUND('',#15432,.T.);
#15432 = EDGE_LOOP('',(#15433,#15434,#15457,#15485));
#15433 = ORIENTED_EDGE('',*,*,#15377,.T.);
#15434 = ORIENTED_EDGE('',*,*,#15435,.T.);
#15435 = EDGE_CURVE('',#15350,#15436,#15438,.T.);
#15436 = VERTEX_POINT('',#15437);
#15437 = CARTESIAN_POINT('',(37.61956181908,-8.04357737463,0.6));
#15438 = SURFACE_CURVE('',#15439,(#15443,#15450),.PCURVE_S1.);
#15439 = LINE('',#15440,#15441);
#15440 = CARTESIAN_POINT('',(37.61956181908,-12.95803037679,0.6));
#15441 = VECTOR('',#15442,1.);
#15442 = DIRECTION('',(-0.,1.,-0.));
#15443 = PCURVE('',#15393,#15444);
#15444 = DEFINITIONAL_REPRESENTATION('',(#15445),#15449);
#15445 = LINE('',#15446,#15447);
#15446 = CARTESIAN_POINT('',(0.,-0.6));
#15447 = VECTOR('',#15448,1.);
#15448 = DIRECTION('',(1.,0.));
#15449 = ( GEOMETRIC_REPRESENTATION_CONTEXT(2) 
PARAMETRIC_REPRESENTATION_CONTEXT() REPRESENTATION_CONTEXT('2D SPACE',''
  ) );
#15450 = PCURVE('',#15365,#15451);
#15451 = DEFINITIONAL_REPRESENTATION('',(#15452),#15456);
#15452 = LINE('',#15453,#15454);
#15453 = CARTESIAN_POINT('',(0.647369822611,3.048242363745));
#15454 = VECTOR('',#15455,1.);
#15455 = DIRECTION('',(-0.,-1.));
#15456 = ( GEOMETRIC_REPRESENTATION_CONTEXT(2) 
PARAMETRIC_REPRESENTATION_CONTEXT() REPRESENTATION_CONTEXT('2D SPACE',''
  ) );
#15457 = ORIENTED_EDGE('',*,*,#15458,.F.);
#15458 = EDGE_CURVE('',#15459,#15436,#15461,.T.);
#15459 = VERTEX_POINT('',#15460);
#15460 = CARTESIAN_POINT('',(37.61956181908,-8.04357737463,0.));
#15461 = SURFACE_CURVE('',#15462,(#15466,#15473),.PCURVE_S1.);
#15462 = LINE('',#15463,#15464);
#15463 = CARTESIAN_POINT('',(37.61956181908,-8.04357737463,0.));
#15464 = VECTOR('',#15465,1.);
#15465 = DIRECTION('',(0.,-0.,1.));
#15466 = PCURVE('',#15393,#15467);
#15467 = DEFINITIONAL_REPRESENTATION('',(#15468),#15472);
#15468 = LINE('',#15469,#15470);
#15469 = CARTESIAN_POINT('',(4.914453002161,0.));
#15470 = VECTOR('',#15471,1.);
#15471 = DIRECTION('',(0.,-1.));
#15472 = ( GEOMETRIC_REPRESENTATION_CONTEXT(2) 
PARAMETRIC_REPRESENTATION_CONTEXT() REPRESENTATION_CONTEXT('2D SPACE',''
  ) );
#15473 = PCURVE('',#15474,#15479);
#15474 = PLANE('',#15475);
#15475 = AXIS2_PLACEMENT_3D('',#15476,#15477,#15478);
#15476 = CARTESIAN_POINT('',(37.61956181908,-8.04357737463,0.));
#15477 = DIRECTION('',(0.,1.,0.));
#15478 = DIRECTION('',(1.,0.,-0.));
#15479 = DEFINITIONAL_REPRESENTATION('',(#15480),#15484);
#15480 = LINE('',#15481,#15482);
#15481 = CARTESIAN_POINT('',(0.,0.));
#15482 = VECTOR('',#15483,1.);
#15483 = DIRECTION('',(0.,-1.));
#15484 = ( GEOMETRIC_REPRESENTATION_CONTEXT(2) 
PARAMETRIC_REPRESENTATION_CONTEXT() REPRESENTATION_CONTEXT('2D SPACE',''
  ) );
#15485 = ORIENTED_EDGE('',*,*,#15486,.F.);
#15486 = EDGE_CURVE('',#15378,#15459,#15487,.T.);
#15487 = SURFACE_CURVE('',#15488,(#15492,#15499),.PCURVE_S1.);
#15488 = LINE('',#15489,#15490);
#15489 = CARTESIAN_POINT('',(37.61956181908,-12.95803037679,0.));
#15490 = VECTOR('',#15491,1.);
#15491 = DIRECTION('',(-0.,1.,-0.));
#15492 = PCURVE('',#15393,#15493);
#15493 = DEFINITIONAL_REPRESENTATION('',(#15494),#15498);
#15494 = LINE('',#15495,#15496);
#15495 = CARTESIAN_POINT('',(0.,0.));
#15496 = VECTOR('',#15497,1.);
#15497 = DIRECTION('',(1.,0.));
#15498 = ( GEOMETRIC_REPRESENTATION_CONTEXT(2) 
PARAMETRIC_REPRESENTATION_CONTEXT() REPRESENTATION_CONTEXT('2D SPACE',''
  ) );
#15499 = PCURVE('',#15419,#15500);
#15500 = DEFINITIONAL_REPRESENTATION('',(#15501),#15505);
#15501 = LINE('',#15502,#15503);
#15502 = CARTESIAN_POINT('',(0.647369822611,3.048242363745));
#15503 = VECTOR('',#15504,1.);
#15504 = DIRECTION('',(-0.,-1.));
#15505 = ( GEOMETRIC_REPRESENTATION_CONTEXT(2) 
PARAMETRIC_REPRESENTATION_CONTEXT() REPRESENTATION_CONTEXT('2D SPACE',''
  ) );
#15506 = ADVANCED_FACE('',(#15507),#15474,.T.);
#15507 = FACE_BOUND('',#15508,.T.);
#15508 = EDGE_LOOP('',(#15509,#15510,#15533,#15561));
#15509 = ORIENTED_EDGE('',*,*,#15458,.T.);
#15510 = ORIENTED_EDGE('',*,*,#15511,.T.);
#15511 = EDGE_CURVE('',#15436,#15512,#15514,.T.);
#15512 = VERTEX_POINT('',#15513);
#15513 = CARTESIAN_POINT('',(38.166678657211,-8.04357737463,0.6));
#15514 = SURFACE_CURVE('',#15515,(#15519,#15526),.PCURVE_S1.);
#15515 = LINE('',#15516,#15517);
#15516 = CARTESIAN_POINT('',(37.61956181908,-8.04357737463,0.6));
#15517 = VECTOR('',#15518,1.);
#15518 = DIRECTION('',(1.,-0.,-0.));
#15519 = PCURVE('',#15474,#15520);
#15520 = DEFINITIONAL_REPRESENTATION('',(#15521),#15525);
#15521 = LINE('',#15522,#15523);
#15522 = CARTESIAN_POINT('',(0.,-0.6));
#15523 = VECTOR('',#15524,1.);
#15524 = DIRECTION('',(1.,0.));
#15525 = ( GEOMETRIC_REPRESENTATION_CONTEXT(2) 
PARAMETRIC_REPRESENTATION_CONTEXT() REPRESENTATION_CONTEXT('2D SPACE',''
  ) );
#15526 = PCURVE('',#15365,#15527);
#15527 = DEFINITIONAL_REPRESENTATION('',(#15528),#15532);
#15528 = LINE('',#15529,#15530);
#15529 = CARTESIAN_POINT('',(0.647369822611,-1.866210638416));
#15530 = VECTOR('',#15531,1.);
#15531 = DIRECTION('',(-1.,-0.));
#15532 = ( GEOMETRIC_REPRESENTATION_CONTEXT(2) 
PARAMETRIC_REPRESENTATION_CONTEXT() REPRESENTATION_CONTEXT('2D SPACE',''
  ) );
#15533 = ORIENTED_EDGE('',*,*,#15534,.F.);
#15534 = EDGE_CURVE('',#15535,#15512,#15537,.T.);
#15535 = VERTEX_POINT('',#15536);
#15536 = CARTESIAN_POINT('',(38.166678657211,-8.04357737463,0.));
#15537 = SURFACE_CURVE('',#15538,(#15542,#15549),.PCURVE_S1.);
#15538 = LINE('',#15539,#15540);
#15539 = CARTESIAN_POINT('',(38.166678657211,-8.04357737463,0.));
#15540 = VECTOR('',#15541,1.);
#15541 = DIRECTION('',(0.,-0.,1.));
#15542 = PCURVE('',#15474,#15543);
#15543 = DEFINITIONAL_REPRESENTATION('',(#15544),#15548);
#15544 = LINE('',#15545,#15546);
#15545 = CARTESIAN_POINT('',(0.547116838131,0.));
#15546 = VECTOR('',#15547,1.);
#15547 = DIRECTION('',(0.,-1.));
#15548 = ( GEOMETRIC_REPRESENTATION_CONTEXT(2) 
PARAMETRIC_REPRESENTATION_CONTEXT() REPRESENTATION_CONTEXT('2D SPACE',''
  ) );
#15549 = PCURVE('',#15550,#15555);
#15550 = PLANE('',#15551);
#15551 = AXIS2_PLACEMENT_3D('',#15552,#15553,#15554);
#15552 = CARTESIAN_POINT('',(38.166678657211,-8.04357737463,0.));
#15553 = DIRECTION('',(1.,0.,-0.));
#15554 = DIRECTION('',(0.,-1.,-0.));
#15555 = DEFINITIONAL_REPRESENTATION('',(#15556),#15560);
#15556 = LINE('',#15557,#15558);
#15557 = CARTESIAN_POINT('',(0.,0.));
#15558 = VECTOR('',#15559,1.);
#15559 = DIRECTION('',(0.,-1.));
#15560 = ( GEOMETRIC_REPRESENTATION_CONTEXT(2) 
PARAMETRIC_REPRESENTATION_CONTEXT() REPRESENTATION_CONTEXT('2D SPACE',''
  ) );
#15561 = ORIENTED_EDGE('',*,*,#15562,.F.);
#15562 = EDGE_CURVE('',#15459,#15535,#15563,.T.);
#15563 = SURFACE_CURVE('',#15564,(#15568,#15575),.PCURVE_S1.);
#15564 = LINE('',#15565,#15566);
#15565 = CARTESIAN_POINT('',(37.61956181908,-8.04357737463,0.));
#15566 = VECTOR('',#15567,1.);
#15567 = DIRECTION('',(1.,-0.,-0.));
#15568 = PCURVE('',#15474,#15569);
#15569 = DEFINITIONAL_REPRESENTATION('',(#15570),#15574);
#15570 = LINE('',#15571,#15572);
#15571 = CARTESIAN_POINT('',(0.,0.));
#15572 = VECTOR('',#15573,1.);
#15573 = DIRECTION('',(1.,0.));
#15574 = ( GEOMETRIC_REPRESENTATION_CONTEXT(2) 
PARAMETRIC_REPRESENTATION_CONTEXT() REPRESENTATION_CONTEXT('2D SPACE',''
  ) );
#15575 = PCURVE('',#15419,#15576);
#15576 = DEFINITIONAL_REPRESENTATION('',(#15577),#15581);
#15577 = LINE('',#15578,#15579);
#15578 = CARTESIAN_POINT('',(0.647369822611,-1.866210638416));
#15579 = VECTOR('',#15580,1.);
#15580 = DIRECTION('',(-1.,-0.));
#15581 = ( GEOMETRIC_REPRESENTATION_CONTEXT(2) 
PARAMETRIC_REPRESENTATION_CONTEXT() REPRESENTATION_CONTEXT('2D SPACE',''
  ) );
#15582 = ADVANCED_FACE('',(#15583),#15550,.T.);
#15583 = FACE_BOUND('',#15584,.T.);
#15584 = EDGE_LOOP('',(#15585,#15586,#15609,#15637));
#15585 = ORIENTED_EDGE('',*,*,#15534,.T.);
#15586 = ORIENTED_EDGE('',*,*,#15587,.T.);
#15587 = EDGE_CURVE('',#15512,#15588,#15590,.T.);
#15588 = VERTEX_POINT('',#15589);
#15589 = CARTESIAN_POINT('',(38.166678657211,-8.926643148456,0.6));
#15590 = SURFACE_CURVE('',#15591,(#15595,#15602),.PCURVE_S1.);
#15591 = LINE('',#15592,#15593);
#15592 = CARTESIAN_POINT('',(38.166678657211,-8.04357737463,0.6));
#15593 = VECTOR('',#15594,1.);
#15594 = DIRECTION('',(-0.,-1.,-0.));
#15595 = PCURVE('',#15550,#15596);
#15596 = DEFINITIONAL_REPRESENTATION('',(#15597),#15601);
#15597 = LINE('',#15598,#15599);
#15598 = CARTESIAN_POINT('',(0.,-0.6));
#15599 = VECTOR('',#15600,1.);
#15600 = DIRECTION('',(1.,0.));
#15601 = ( GEOMETRIC_REPRESENTATION_CONTEXT(2) 
PARAMETRIC_REPRESENTATION_CONTEXT() REPRESENTATION_CONTEXT('2D SPACE',''
  ) );
#15602 = PCURVE('',#15365,#15603);
#15603 = DEFINITIONAL_REPRESENTATION('',(#15604),#15608);
#15604 = LINE('',#15605,#15606);
#15605 = CARTESIAN_POINT('',(0.100252984479,-1.866210638416));
#15606 = VECTOR('',#15607,1.);
#15607 = DIRECTION('',(-0.,1.));
#15608 = ( GEOMETRIC_REPRESENTATION_CONTEXT(2) 
PARAMETRIC_REPRESENTATION_CONTEXT() REPRESENTATION_CONTEXT('2D SPACE',''
  ) );
#15609 = ORIENTED_EDGE('',*,*,#15610,.F.);
#15610 = EDGE_CURVE('',#15611,#15588,#15613,.T.);
#15611 = VERTEX_POINT('',#15612);
#15612 = CARTESIAN_POINT('',(38.166678657211,-8.926643148456,0.));
#15613 = SURFACE_CURVE('',#15614,(#15618,#15625),.PCURVE_S1.);
#15614 = LINE('',#15615,#15616);
#15615 = CARTESIAN_POINT('',(38.166678657211,-8.926643148456,0.));
#15616 = VECTOR('',#15617,1.);
#15617 = DIRECTION('',(0.,-0.,1.));
#15618 = PCURVE('',#15550,#15619);
#15619 = DEFINITIONAL_REPRESENTATION('',(#15620),#15624);
#15620 = LINE('',#15621,#15622);
#15621 = CARTESIAN_POINT('',(0.883065773826,-0.));
#15622 = VECTOR('',#15623,1.);
#15623 = DIRECTION('',(0.,-1.));
#15624 = ( GEOMETRIC_REPRESENTATION_CONTEXT(2) 
PARAMETRIC_REPRESENTATION_CONTEXT() REPRESENTATION_CONTEXT('2D SPACE',''
  ) );
#15625 = PCURVE('',#15626,#15631);
#15626 = PLANE('',#15627);
#15627 = AXIS2_PLACEMENT_3D('',#15628,#15629,#15630);
#15628 = CARTESIAN_POINT('',(38.166678657211,-8.926643148456,0.));
#15629 = DIRECTION('',(0.,1.,0.));
#15630 = DIRECTION('',(1.,0.,-0.));
#15631 = DEFINITIONAL_REPRESENTATION('',(#15632),#15636);
#15632 = LINE('',#15633,#15634);
#15633 = CARTESIAN_POINT('',(0.,0.));
#15634 = VECTOR('',#15635,1.);
#15635 = DIRECTION('',(0.,-1.));
#15636 = ( GEOMETRIC_REPRESENTATION_CONTEXT(2) 
PARAMETRIC_REPRESENTATION_CONTEXT() REPRESENTATION_CONTEXT('2D SPACE',''
  ) );
#15637 = ORIENTED_EDGE('',*,*,#15638,.F.);
#15638 = EDGE_CURVE('',#15535,#15611,#15639,.T.);
#15639 = SURFACE_CURVE('',#15640,(#15644,#15651),.PCURVE_S1.);
#15640 = LINE('',#15641,#15642);
#15641 = CARTESIAN_POINT('',(38.166678657211,-8.04357737463,0.));
#15642 = VECTOR('',#15643,1.);
#15643 = DIRECTION('',(-0.,-1.,-0.));
#15644 = PCURVE('',#15550,#15645);
#15645 = DEFINITIONAL_REPRESENTATION('',(#15646),#15650);
#15646 = LINE('',#15647,#15648);
#15647 = CARTESIAN_POINT('',(0.,0.));
#15648 = VECTOR('',#15649,1.);
#15649 = DIRECTION('',(1.,0.));
#15650 = ( GEOMETRIC_REPRESENTATION_CONTEXT(2) 
PARAMETRIC_REPRESENTATION_CONTEXT() REPRESENTATION_CONTEXT('2D SPACE',''
  ) );
#15651 = PCURVE('',#15419,#15652);
#15652 = DEFINITIONAL_REPRESENTATION('',(#15653),#15657);
#15653 = LINE('',#15654,#15655);
#15654 = CARTESIAN_POINT('',(0.100252984479,-1.866210638416));
#15655 = VECTOR('',#15656,1.);
#15656 = DIRECTION('',(-0.,1.));
#15657 = ( GEOMETRIC_REPRESENTATION_CONTEXT(2) 
PARAMETRIC_REPRESENTATION_CONTEXT() REPRESENTATION_CONTEXT('2D SPACE',''
  ) );
#15658 = ADVANCED_FACE('',(#15659),#15626,.T.);
#15659 = FACE_BOUND('',#15660,.T.);
#15660 = EDGE_LOOP('',(#15661,#15662,#15685,#15717));
#15661 = ORIENTED_EDGE('',*,*,#15610,.T.);
#15662 = ORIENTED_EDGE('',*,*,#15663,.T.);
#15663 = EDGE_CURVE('',#15588,#15664,#15666,.T.);
#15664 = VERTEX_POINT('',#15665);
#15665 = CARTESIAN_POINT('',(38.20507282129,-8.926643148456,0.6));
#15666 = SURFACE_CURVE('',#15667,(#15671,#15678),.PCURVE_S1.);
#15667 = LINE('',#15668,#15669);
#15668 = CARTESIAN_POINT('',(38.166678657211,-8.926643148456,0.6));
#15669 = VECTOR('',#15670,1.);
#15670 = DIRECTION('',(1.,-0.,-0.));
#15671 = PCURVE('',#15626,#15672);
#15672 = DEFINITIONAL_REPRESENTATION('',(#15673),#15677);
#15673 = LINE('',#15674,#15675);
#15674 = CARTESIAN_POINT('',(0.,-0.6));
#15675 = VECTOR('',#15676,1.);
#15676 = DIRECTION('',(1.,0.));
#15677 = ( GEOMETRIC_REPRESENTATION_CONTEXT(2) 
PARAMETRIC_REPRESENTATION_CONTEXT() REPRESENTATION_CONTEXT('2D SPACE',''
  ) );
#15678 = PCURVE('',#15365,#15679);
#15679 = DEFINITIONAL_REPRESENTATION('',(#15680),#15684);
#15680 = LINE('',#15681,#15682);
#15681 = CARTESIAN_POINT('',(0.100252984479,-0.98314486459));
#15682 = VECTOR('',#15683,1.);
#15683 = DIRECTION('',(-1.,-0.));
#15684 = ( GEOMETRIC_REPRESENTATION_CONTEXT(2) 
PARAMETRIC_REPRESENTATION_CONTEXT() REPRESENTATION_CONTEXT('2D SPACE',''
  ) );
#15685 = ORIENTED_EDGE('',*,*,#15686,.F.);
#15686 = EDGE_CURVE('',#15687,#15664,#15689,.T.);
#15687 = VERTEX_POINT('',#15688);
#15688 = CARTESIAN_POINT('',(38.20507282129,-8.926643148456,0.));
#15689 = SURFACE_CURVE('',#15690,(#15694,#15701),.PCURVE_S1.);
#15690 = LINE('',#15691,#15692);
#15691 = CARTESIAN_POINT('',(38.20507282129,-8.926643148456,0.));
#15692 = VECTOR('',#15693,1.);
#15693 = DIRECTION('',(0.,-0.,1.));
#15694 = PCURVE('',#15626,#15695);
#15695 = DEFINITIONAL_REPRESENTATION('',(#15696),#15700);
#15696 = LINE('',#15697,#15698);
#15697 = CARTESIAN_POINT('',(3.839416407938E-02,0.));
#15698 = VECTOR('',#15699,1.);
#15699 = DIRECTION('',(0.,-1.));
#15700 = ( GEOMETRIC_REPRESENTATION_CONTEXT(2) 
PARAMETRIC_REPRESENTATION_CONTEXT() REPRESENTATION_CONTEXT('2D SPACE',''
  ) );
#15701 = PCURVE('',#15702,#15711);
#15702 = SURFACE_OF_LINEAR_EXTRUSION('',#15703,#15709);
#15703 = B_SPLINE_CURVE_WITH_KNOTS('',2,(#15704,#15705,#15706,#15707,
    #15708),.UNSPECIFIED.,.F.,.F.,(3,1,1,3),(0.,1.,2.,3.),
  .UNSPECIFIED.);
#15704 = CARTESIAN_POINT('',(38.20507282129,-8.926643148456,0.));
#15705 = CARTESIAN_POINT('',(38.301058231489,-8.68667962296,0.));
#15706 = CARTESIAN_POINT('',(38.665802790243,-8.293139441146,0.));
#15707 = CARTESIAN_POINT('',(39.251313792453,-8.04357737463,0.));
#15708 = CARTESIAN_POINT('',(39.673649597326,-8.04357737463,0.));
#15709 = VECTOR('',#15710,1.);
#15710 = DIRECTION('',(-0.,0.,-1.));
#15711 = DEFINITIONAL_REPRESENTATION('',(#15712),#15716);
#15712 = LINE('',#15713,#15714);
#15713 = CARTESIAN_POINT('',(0.,0.));
#15714 = VECTOR('',#15715,1.);
#15715 = DIRECTION('',(0.,-1.));
#15716 = ( GEOMETRIC_REPRESENTATION_CONTEXT(2) 
PARAMETRIC_REPRESENTATION_CONTEXT() REPRESENTATION_CONTEXT('2D SPACE',''
  ) );
#15717 = ORIENTED_EDGE('',*,*,#15718,.F.);
#15718 = EDGE_CURVE('',#15611,#15687,#15719,.T.);
#15719 = SURFACE_CURVE('',#15720,(#15724,#15731),.PCURVE_S1.);
#15720 = LINE('',#15721,#15722);
#15721 = CARTESIAN_POINT('',(38.166678657211,-8.926643148456,0.));
#15722 = VECTOR('',#15723,1.);
#15723 = DIRECTION('',(1.,-0.,-0.));
#15724 = PCURVE('',#15626,#15725);
#15725 = DEFINITIONAL_REPRESENTATION('',(#15726),#15730);
#15726 = LINE('',#15727,#15728);
#15727 = CARTESIAN_POINT('',(0.,0.));
#15728 = VECTOR('',#15729,1.);
#15729 = DIRECTION('',(1.,0.));
#15730 = ( GEOMETRIC_REPRESENTATION_CONTEXT(2) 
PARAMETRIC_REPRESENTATION_CONTEXT() REPRESENTATION_CONTEXT('2D SPACE',''
  ) );
#15731 = PCURVE('',#15419,#15732);
#15732 = DEFINITIONAL_REPRESENTATION('',(#15733),#15737);
#15733 = LINE('',#15734,#15735);
#15734 = CARTESIAN_POINT('',(0.100252984479,-0.98314486459));
#15735 = VECTOR('',#15736,1.);
#15736 = DIRECTION('',(-1.,-0.));
#15737 = ( GEOMETRIC_REPRESENTATION_CONTEXT(2) 
PARAMETRIC_REPRESENTATION_CONTEXT() REPRESENTATION_CONTEXT('2D SPACE',''
  ) );
#15738 = ADVANCED_FACE('',(#15739),#15702,.T.);
#15739 = FACE_BOUND('',#15740,.T.);
#15740 = EDGE_LOOP('',(#15741,#15742,#15769,#15797));
#15741 = ORIENTED_EDGE('',*,*,#15686,.T.);
#15742 = ORIENTED_EDGE('',*,*,#15743,.T.);
#15743 = EDGE_CURVE('',#15664,#15744,#15746,.T.);
#15744 = VERTEX_POINT('',#15745);
#15745 = CARTESIAN_POINT('',(39.673649597326,-8.04357737463,0.6));
#15746 = SURFACE_CURVE('',#15747,(#15753,#15760),.PCURVE_S1.);
#15747 = B_SPLINE_CURVE_WITH_KNOTS('',2,(#15748,#15749,#15750,#15751,
    #15752),.UNSPECIFIED.,.F.,.F.,(3,1,1,3),(0.,1.,2.,3.),
  .UNSPECIFIED.);
#15748 = CARTESIAN_POINT('',(38.20507282129,-8.926643148456,0.6));
#15749 = CARTESIAN_POINT('',(38.301058231489,-8.68667962296,0.6));
#15750 = CARTESIAN_POINT('',(38.665802790243,-8.293139441146,0.6));
#15751 = CARTESIAN_POINT('',(39.251313792453,-8.04357737463,0.6));
#15752 = CARTESIAN_POINT('',(39.673649597326,-8.04357737463,0.6));
#15753 = PCURVE('',#15702,#15754);
#15754 = DEFINITIONAL_REPRESENTATION('',(#15755),#15759);
#15755 = LINE('',#15756,#15757);
#15756 = CARTESIAN_POINT('',(0.,-0.6));
#15757 = VECTOR('',#15758,1.);
#15758 = DIRECTION('',(1.,0.));
#15759 = ( GEOMETRIC_REPRESENTATION_CONTEXT(2) 
PARAMETRIC_REPRESENTATION_CONTEXT() REPRESENTATION_CONTEXT('2D SPACE',''
  ) );
#15760 = PCURVE('',#15365,#15761);
#15761 = DEFINITIONAL_REPRESENTATION('',(#15762),#15768);
#15762 = B_SPLINE_CURVE_WITH_KNOTS('',2,(#15763,#15764,#15765,#15766,
    #15767),.UNSPECIFIED.,.F.,.F.,(3,1,1,3),(0.,1.,2.,3.),
  .UNSPECIFIED.);
#15763 = CARTESIAN_POINT('',(6.185882039996E-02,-0.98314486459));
#15764 = CARTESIAN_POINT('',(-3.412658979848E-02,-1.223108390087));
#15765 = CARTESIAN_POINT('',(-0.398871148553,-1.6166485719));
#15766 = CARTESIAN_POINT('',(-0.984382150763,-1.866210638416));
#15767 = CARTESIAN_POINT('',(-1.406717955636,-1.866210638416));
#15768 = ( GEOMETRIC_REPRESENTATION_CONTEXT(2) 
PARAMETRIC_REPRESENTATION_CONTEXT() REPRESENTATION_CONTEXT('2D SPACE',''
  ) );
#15769 = ORIENTED_EDGE('',*,*,#15770,.F.);
#15770 = EDGE_CURVE('',#15771,#15744,#15773,.T.);
#15771 = VERTEX_POINT('',#15772);
#15772 = CARTESIAN_POINT('',(39.673649597326,-8.04357737463,0.));
#15773 = SURFACE_CURVE('',#15774,(#15778,#15785),.PCURVE_S1.);
#15774 = LINE('',#15775,#15776);
#15775 = CARTESIAN_POINT('',(39.673649597326,-8.04357737463,0.));
#15776 = VECTOR('',#15777,1.);
#15777 = DIRECTION('',(0.,-0.,1.));
#15778 = PCURVE('',#15702,#15779);
#15779 = DEFINITIONAL_REPRESENTATION('',(#15780),#15784);
#15780 = LINE('',#15781,#15782);
#15781 = CARTESIAN_POINT('',(3.,0.));
#15782 = VECTOR('',#15783,1.);
#15783 = DIRECTION('',(0.,-1.));
#15784 = ( GEOMETRIC_REPRESENTATION_CONTEXT(2) 
PARAMETRIC_REPRESENTATION_CONTEXT() REPRESENTATION_CONTEXT('2D SPACE',''
  ) );
#15785 = PCURVE('',#15786,#15791);
#15786 = PLANE('',#15787);
#15787 = AXIS2_PLACEMENT_3D('',#15788,#15789,#15790);
#15788 = CARTESIAN_POINT('',(39.673649597326,-8.04357737463,0.));
#15789 = DIRECTION('',(0.,1.,0.));
#15790 = DIRECTION('',(1.,0.,-0.));
#15791 = DEFINITIONAL_REPRESENTATION('',(#15792),#15796);
#15792 = LINE('',#15793,#15794);
#15793 = CARTESIAN_POINT('',(0.,0.));
#15794 = VECTOR('',#15795,1.);
#15795 = DIRECTION('',(0.,-1.));
#15796 = ( GEOMETRIC_REPRESENTATION_CONTEXT(2) 
PARAMETRIC_REPRESENTATION_CONTEXT() REPRESENTATION_CONTEXT('2D SPACE',''
  ) );
#15797 = ORIENTED_EDGE('',*,*,#15798,.F.);
#15798 = EDGE_CURVE('',#15687,#15771,#15799,.T.);
#15799 = SURFACE_CURVE('',#15800,(#15806,#15813),.PCURVE_S1.);
#15800 = B_SPLINE_CURVE_WITH_KNOTS('',2,(#15801,#15802,#15803,#15804,
    #15805),.UNSPECIFIED.,.F.,.F.,(3,1,1,3),(0.,1.,2.,3.),
  .UNSPECIFIED.);
#15801 = CARTESIAN_POINT('',(38.20507282129,-8.926643148456,0.));
#15802 = CARTESIAN_POINT('',(38.301058231489,-8.68667962296,0.));
#15803 = CARTESIAN_POINT('',(38.665802790243,-8.293139441146,0.));
#15804 = CARTESIAN_POINT('',(39.251313792453,-8.04357737463,0.));
#15805 = CARTESIAN_POINT('',(39.673649597326,-8.04357737463,0.));
#15806 = PCURVE('',#15702,#15807);
#15807 = DEFINITIONAL_REPRESENTATION('',(#15808),#15812);
#15808 = LINE('',#15809,#15810);
#15809 = CARTESIAN_POINT('',(0.,0.));
#15810 = VECTOR('',#15811,1.);
#15811 = DIRECTION('',(1.,0.));
#15812 = ( GEOMETRIC_REPRESENTATION_CONTEXT(2) 
PARAMETRIC_REPRESENTATION_CONTEXT() REPRESENTATION_CONTEXT('2D SPACE',''
  ) );
#15813 = PCURVE('',#15419,#15814);
#15814 = DEFINITIONAL_REPRESENTATION('',(#15815),#15821);
#15815 = B_SPLINE_CURVE_WITH_KNOTS('',2,(#15816,#15817,#15818,#15819,
    #15820),.UNSPECIFIED.,.F.,.F.,(3,1,1,3),(0.,1.,2.,3.),
  .UNSPECIFIED.);
#15816 = CARTESIAN_POINT('',(6.185882039996E-02,-0.98314486459));
#15817 = CARTESIAN_POINT('',(-3.412658979848E-02,-1.223108390087));
#15818 = CARTESIAN_POINT('',(-0.398871148553,-1.6166485719));
#15819 = CARTESIAN_POINT('',(-0.984382150763,-1.866210638416));
#15820 = CARTESIAN_POINT('',(-1.406717955636,-1.866210638416));
#15821 = ( GEOMETRIC_REPRESENTATION_CONTEXT(2) 
PARAMETRIC_REPRESENTATION_CONTEXT() REPRESENTATION_CONTEXT('2D SPACE',''
  ) );
#15822 = ADVANCED_FACE('',(#15823),#15786,.T.);
#15823 = FACE_BOUND('',#15824,.T.);
#15824 = EDGE_LOOP('',(#15825,#15826,#15849,#15877));
#15825 = ORIENTED_EDGE('',*,*,#15770,.T.);
#15826 = ORIENTED_EDGE('',*,*,#15827,.T.);
#15827 = EDGE_CURVE('',#15744,#15828,#15830,.T.);
#15828 = VERTEX_POINT('',#15829);
#15829 = CARTESIAN_POINT('',(39.999999992001,-8.04357737463,0.6));
#15830 = SURFACE_CURVE('',#15831,(#15835,#15842),.PCURVE_S1.);
#15831 = LINE('',#15832,#15833);
#15832 = CARTESIAN_POINT('',(39.673649597326,-8.04357737463,0.6));
#15833 = VECTOR('',#15834,1.);
#15834 = DIRECTION('',(1.,-0.,-0.));
#15835 = PCURVE('',#15786,#15836);
#15836 = DEFINITIONAL_REPRESENTATION('',(#15837),#15841);
#15837 = LINE('',#15838,#15839);
#15838 = CARTESIAN_POINT('',(0.,-0.6));
#15839 = VECTOR('',#15840,1.);
#15840 = DIRECTION('',(1.,0.));
#15841 = ( GEOMETRIC_REPRESENTATION_CONTEXT(2) 
PARAMETRIC_REPRESENTATION_CONTEXT() REPRESENTATION_CONTEXT('2D SPACE',''
  ) );
#15842 = PCURVE('',#15365,#15843);
#15843 = DEFINITIONAL_REPRESENTATION('',(#15844),#15848);
#15844 = LINE('',#15845,#15846);
#15845 = CARTESIAN_POINT('',(-1.406717955636,-1.866210638416));
#15846 = VECTOR('',#15847,1.);
#15847 = DIRECTION('',(-1.,-0.));
#15848 = ( GEOMETRIC_REPRESENTATION_CONTEXT(2) 
PARAMETRIC_REPRESENTATION_CONTEXT() REPRESENTATION_CONTEXT('2D SPACE',''
  ) );
#15849 = ORIENTED_EDGE('',*,*,#15850,.F.);
#15850 = EDGE_CURVE('',#15851,#15828,#15853,.T.);
#15851 = VERTEX_POINT('',#15852);
#15852 = CARTESIAN_POINT('',(39.999999992001,-8.04357737463,0.));
#15853 = SURFACE_CURVE('',#15854,(#15858,#15865),.PCURVE_S1.);
#15854 = LINE('',#15855,#15856);
#15855 = CARTESIAN_POINT('',(39.999999992001,-8.04357737463,0.));
#15856 = VECTOR('',#15857,1.);
#15857 = DIRECTION('',(0.,-0.,1.));
#15858 = PCURVE('',#15786,#15859);
#15859 = DEFINITIONAL_REPRESENTATION('',(#15860),#15864);
#15860 = LINE('',#15861,#15862);
#15861 = CARTESIAN_POINT('',(0.326350394675,0.));
#15862 = VECTOR('',#15863,1.);
#15863 = DIRECTION('',(0.,-1.));
#15864 = ( GEOMETRIC_REPRESENTATION_CONTEXT(2) 
PARAMETRIC_REPRESENTATION_CONTEXT() REPRESENTATION_CONTEXT('2D SPACE',''
  ) );
#15865 = PCURVE('',#15866,#15871);
#15866 = PLANE('',#15867);
#15867 = AXIS2_PLACEMENT_3D('',#15868,#15869,#15870);
#15868 = CARTESIAN_POINT('',(39.999999992001,-8.04357737463,0.));
#15869 = DIRECTION('',(1.,0.,-0.));
#15870 = DIRECTION('',(0.,-1.,-0.));
#15871 = DEFINITIONAL_REPRESENTATION('',(#15872),#15876);
#15872 = LINE('',#15873,#15874);
#15873 = CARTESIAN_POINT('',(0.,0.));
#15874 = VECTOR('',#15875,1.);
#15875 = DIRECTION('',(0.,-1.));
#15876 = ( GEOMETRIC_REPRESENTATION_CONTEXT(2) 
PARAMETRIC_REPRESENTATION_CONTEXT() REPRESENTATION_CONTEXT('2D SPACE',''
  ) );
#15877 = ORIENTED_EDGE('',*,*,#15878,.F.);
#15878 = EDGE_CURVE('',#15771,#15851,#15879,.T.);
#15879 = SURFACE_CURVE('',#15880,(#15884,#15891),.PCURVE_S1.);
#15880 = LINE('',#15881,#15882);
#15881 = CARTESIAN_POINT('',(39.673649597326,-8.04357737463,0.));
#15882 = VECTOR('',#15883,1.);
#15883 = DIRECTION('',(1.,-0.,-0.));
#15884 = PCURVE('',#15786,#15885);
#15885 = DEFINITIONAL_REPRESENTATION('',(#15886),#15890);
#15886 = LINE('',#15887,#15888);
#15887 = CARTESIAN_POINT('',(0.,0.));
#15888 = VECTOR('',#15889,1.);
#15889 = DIRECTION('',(1.,0.));
#15890 = ( GEOMETRIC_REPRESENTATION_CONTEXT(2) 
PARAMETRIC_REPRESENTATION_CONTEXT() REPRESENTATION_CONTEXT('2D SPACE',''
  ) );
#15891 = PCURVE('',#15419,#15892);
#15892 = DEFINITIONAL_REPRESENTATION('',(#15893),#15897);
#15893 = LINE('',#15894,#15895);
#15894 = CARTESIAN_POINT('',(-1.406717955636,-1.866210638416));
#15895 = VECTOR('',#15896,1.);
#15896 = DIRECTION('',(-1.,-0.));
#15897 = ( GEOMETRIC_REPRESENTATION_CONTEXT(2) 
PARAMETRIC_REPRESENTATION_CONTEXT() REPRESENTATION_CONTEXT('2D SPACE',''
  ) );
#15898 = ADVANCED_FACE('',(#15899),#15866,.T.);
#15899 = FACE_BOUND('',#15900,.T.);
#15900 = EDGE_LOOP('',(#15901,#15902,#15925,#15953));
#15901 = ORIENTED_EDGE('',*,*,#15850,.T.);
#15902 = ORIENTED_EDGE('',*,*,#15903,.T.);
#15903 = EDGE_CURVE('',#15828,#15904,#15906,.T.);
#15904 = VERTEX_POINT('',#15905);
#15905 = CARTESIAN_POINT('',(39.999999992001,-8.581095671742,0.6));
#15906 = SURFACE_CURVE('',#15907,(#15911,#15918),.PCURVE_S1.);
#15907 = LINE('',#15908,#15909);
#15908 = CARTESIAN_POINT('',(39.999999992001,-8.04357737463,0.6));
#15909 = VECTOR('',#15910,1.);
#15910 = DIRECTION('',(-0.,-1.,-0.));
#15911 = PCURVE('',#15866,#15912);
#15912 = DEFINITIONAL_REPRESENTATION('',(#15913),#15917);
#15913 = LINE('',#15914,#15915);
#15914 = CARTESIAN_POINT('',(0.,-0.6));
#15915 = VECTOR('',#15916,1.);
#15916 = DIRECTION('',(1.,0.));
#15917 = ( GEOMETRIC_REPRESENTATION_CONTEXT(2) 
PARAMETRIC_REPRESENTATION_CONTEXT() REPRESENTATION_CONTEXT('2D SPACE',''
  ) );
#15918 = PCURVE('',#15365,#15919);
#15919 = DEFINITIONAL_REPRESENTATION('',(#15920),#15924);
#15920 = LINE('',#15921,#15922);
#15921 = CARTESIAN_POINT('',(-1.733068350311,-1.866210638416));
#15922 = VECTOR('',#15923,1.);
#15923 = DIRECTION('',(-0.,1.));
#15924 = ( GEOMETRIC_REPRESENTATION_CONTEXT(2) 
PARAMETRIC_REPRESENTATION_CONTEXT() REPRESENTATION_CONTEXT('2D SPACE',''
  ) );
#15925 = ORIENTED_EDGE('',*,*,#15926,.F.);
#15926 = EDGE_CURVE('',#15927,#15904,#15929,.T.);
#15927 = VERTEX_POINT('',#15928);
#15928 = CARTESIAN_POINT('',(39.999999992001,-8.581095671742,0.));
#15929 = SURFACE_CURVE('',#15930,(#15934,#15941),.PCURVE_S1.);
#15930 = LINE('',#15931,#15932);
#15931 = CARTESIAN_POINT('',(39.999999992001,-8.581095671742,0.));
#15932 = VECTOR('',#15933,1.);
#15933 = DIRECTION('',(0.,-0.,1.));
#15934 = PCURVE('',#15866,#15935);
#15935 = DEFINITIONAL_REPRESENTATION('',(#15936),#15940);
#15936 = LINE('',#15937,#15938);
#15937 = CARTESIAN_POINT('',(0.537518297111,-0.));
#15938 = VECTOR('',#15939,1.);
#15939 = DIRECTION('',(0.,-1.));
#15940 = ( GEOMETRIC_REPRESENTATION_CONTEXT(2) 
PARAMETRIC_REPRESENTATION_CONTEXT() REPRESENTATION_CONTEXT('2D SPACE',''
  ) );
#15941 = PCURVE('',#15942,#15947);
#15942 = PLANE('',#15943);
#15943 = AXIS2_PLACEMENT_3D('',#15944,#15945,#15946);
#15944 = CARTESIAN_POINT('',(39.999999992001,-8.581095671742,0.));
#15945 = DIRECTION('',(0.,-1.,-0.));
#15946 = DIRECTION('',(-1.,-0.,0.));
#15947 = DEFINITIONAL_REPRESENTATION('',(#15948),#15952);
#15948 = LINE('',#15949,#15950);
#15949 = CARTESIAN_POINT('',(0.,0.));
#15950 = VECTOR('',#15951,1.);
#15951 = DIRECTION('',(0.,-1.));
#15952 = ( GEOMETRIC_REPRESENTATION_CONTEXT(2) 
PARAMETRIC_REPRESENTATION_CONTEXT() REPRESENTATION_CONTEXT('2D SPACE',''
  ) );
#15953 = ORIENTED_EDGE('',*,*,#15954,.F.);
#15954 = EDGE_CURVE('',#15851,#15927,#15955,.T.);
#15955 = SURFACE_CURVE('',#15956,(#15960,#15967),.PCURVE_S1.);
#15956 = LINE('',#15957,#15958);
#15957 = CARTESIAN_POINT('',(39.999999992001,-8.04357737463,0.));
#15958 = VECTOR('',#15959,1.);
#15959 = DIRECTION('',(-0.,-1.,-0.));
#15960 = PCURVE('',#15866,#15961);
#15961 = DEFINITIONAL_REPRESENTATION('',(#15962),#15966);
#15962 = LINE('',#15963,#15964);
#15963 = CARTESIAN_POINT('',(0.,0.));
#15964 = VECTOR('',#15965,1.);
#15965 = DIRECTION('',(1.,0.));
#15966 = ( GEOMETRIC_REPRESENTATION_CONTEXT(2) 
PARAMETRIC_REPRESENTATION_CONTEXT() REPRESENTATION_CONTEXT('2D SPACE',''
  ) );
#15967 = PCURVE('',#15419,#15968);
#15968 = DEFINITIONAL_REPRESENTATION('',(#15969),#15973);
#15969 = LINE('',#15970,#15971);
#15970 = CARTESIAN_POINT('',(-1.733068350311,-1.866210638416));
#15971 = VECTOR('',#15972,1.);
#15972 = DIRECTION('',(-0.,1.));
#15973 = ( GEOMETRIC_REPRESENTATION_CONTEXT(2) 
PARAMETRIC_REPRESENTATION_CONTEXT() REPRESENTATION_CONTEXT('2D SPACE',''
  ) );
#15974 = ADVANCED_FACE('',(#15975),#15942,.T.);
#15975 = FACE_BOUND('',#15976,.T.);
#15976 = EDGE_LOOP('',(#15977,#15978,#16001,#16033));
#15977 = ORIENTED_EDGE('',*,*,#15926,.T.);
#15978 = ORIENTED_EDGE('',*,*,#15979,.T.);
#15979 = EDGE_CURVE('',#15904,#15980,#15982,.T.);
#15980 = VERTEX_POINT('',#15981);
#15981 = CARTESIAN_POINT('',(39.568065646108,-8.581095671742,0.6));
#15982 = SURFACE_CURVE('',#15983,(#15987,#15994),.PCURVE_S1.);
#15983 = LINE('',#15984,#15985);
#15984 = CARTESIAN_POINT('',(39.999999992001,-8.581095671742,0.6));
#15985 = VECTOR('',#15986,1.);
#15986 = DIRECTION('',(-1.,-0.,0.));
#15987 = PCURVE('',#15942,#15988);
#15988 = DEFINITIONAL_REPRESENTATION('',(#15989),#15993);
#15989 = LINE('',#15990,#15991);
#15990 = CARTESIAN_POINT('',(0.,-0.6));
#15991 = VECTOR('',#15992,1.);
#15992 = DIRECTION('',(1.,0.));
#15993 = ( GEOMETRIC_REPRESENTATION_CONTEXT(2) 
PARAMETRIC_REPRESENTATION_CONTEXT() REPRESENTATION_CONTEXT('2D SPACE',''
  ) );
#15994 = PCURVE('',#15365,#15995);
#15995 = DEFINITIONAL_REPRESENTATION('',(#15996),#16000);
#15996 = LINE('',#15997,#15998);
#15997 = CARTESIAN_POINT('',(-1.733068350311,-1.328692341305));
#15998 = VECTOR('',#15999,1.);
#15999 = DIRECTION('',(1.,-0.));
#16000 = ( GEOMETRIC_REPRESENTATION_CONTEXT(2) 
PARAMETRIC_REPRESENTATION_CONTEXT() REPRESENTATION_CONTEXT('2D SPACE',''
  ) );
#16001 = ORIENTED_EDGE('',*,*,#16002,.F.);
#16002 = EDGE_CURVE('',#16003,#15980,#16005,.T.);
#16003 = VERTEX_POINT('',#16004);
#16004 = CARTESIAN_POINT('',(39.568065646108,-8.581095671742,0.));
#16005 = SURFACE_CURVE('',#16006,(#16010,#16017),.PCURVE_S1.);
#16006 = LINE('',#16007,#16008);
#16007 = CARTESIAN_POINT('',(39.568065646108,-8.581095671742,0.));
#16008 = VECTOR('',#16009,1.);
#16009 = DIRECTION('',(0.,-0.,1.));
#16010 = PCURVE('',#15942,#16011);
#16011 = DEFINITIONAL_REPRESENTATION('',(#16012),#16016);
#16012 = LINE('',#16013,#16014);
#16013 = CARTESIAN_POINT('',(0.431934345893,0.));
#16014 = VECTOR('',#16015,1.);
#16015 = DIRECTION('',(0.,-1.));
#16016 = ( GEOMETRIC_REPRESENTATION_CONTEXT(2) 
PARAMETRIC_REPRESENTATION_CONTEXT() REPRESENTATION_CONTEXT('2D SPACE',''
  ) );
#16017 = PCURVE('',#16018,#16027);
#16018 = SURFACE_OF_LINEAR_EXTRUSION('',#16019,#16025);
#16019 = B_SPLINE_CURVE_WITH_KNOTS('',2,(#16020,#16021,#16022,#16023,
    #16024),.UNSPECIFIED.,.F.,.F.,(3,1,1,3),(0.,1.,2.,3.),
  .UNSPECIFIED.);
#16020 = CARTESIAN_POINT('',(39.568065646108,-8.581095671742,0.));
#16021 = CARTESIAN_POINT('',(39.155328382255,-8.581095671742,0.));
#16022 = CARTESIAN_POINT('',(38.521824674945,-8.830657738258,0.));
#16023 = CARTESIAN_POINT('',(38.166678657211,-9.28178916619,0.));
#16024 = CARTESIAN_POINT('',(38.166678657211,-9.598541019845,0.));
#16025 = VECTOR('',#16026,1.);
#16026 = DIRECTION('',(-0.,0.,-1.));
#16027 = DEFINITIONAL_REPRESENTATION('',(#16028),#16032);
#16028 = LINE('',#16029,#16030);
#16029 = CARTESIAN_POINT('',(0.,0.));
#16030 = VECTOR('',#16031,1.);
#16031 = DIRECTION('',(0.,-1.));
#16032 = ( GEOMETRIC_REPRESENTATION_CONTEXT(2) 
PARAMETRIC_REPRESENTATION_CONTEXT() REPRESENTATION_CONTEXT('2D SPACE',''
  ) );
#16033 = ORIENTED_EDGE('',*,*,#16034,.F.);
#16034 = EDGE_CURVE('',#15927,#16003,#16035,.T.);
#16035 = SURFACE_CURVE('',#16036,(#16040,#16047),.PCURVE_S1.);
#16036 = LINE('',#16037,#16038);
#16037 = CARTESIAN_POINT('',(39.999999992001,-8.581095671742,0.));
#16038 = VECTOR('',#16039,1.);
#16039 = DIRECTION('',(-1.,-0.,0.));
#16040 = PCURVE('',#15942,#16041);
#16041 = DEFINITIONAL_REPRESENTATION('',(#16042),#16046);
#16042 = LINE('',#16043,#16044);
#16043 = CARTESIAN_POINT('',(0.,0.));
#16044 = VECTOR('',#16045,1.);
#16045 = DIRECTION('',(1.,0.));
#16046 = ( GEOMETRIC_REPRESENTATION_CONTEXT(2) 
PARAMETRIC_REPRESENTATION_CONTEXT() REPRESENTATION_CONTEXT('2D SPACE',''
  ) );
#16047 = PCURVE('',#15419,#16048);
#16048 = DEFINITIONAL_REPRESENTATION('',(#16049),#16053);
#16049 = LINE('',#16050,#16051);
#16050 = CARTESIAN_POINT('',(-1.733068350311,-1.328692341305));
#16051 = VECTOR('',#16052,1.);
#16052 = DIRECTION('',(1.,-0.));
#16053 = ( GEOMETRIC_REPRESENTATION_CONTEXT(2) 
PARAMETRIC_REPRESENTATION_CONTEXT() REPRESENTATION_CONTEXT('2D SPACE',''
  ) );
#16054 = ADVANCED_FACE('',(#16055),#16018,.T.);
#16055 = FACE_BOUND('',#16056,.T.);
#16056 = EDGE_LOOP('',(#16057,#16058,#16085,#16108));
#16057 = ORIENTED_EDGE('',*,*,#16002,.T.);
#16058 = ORIENTED_EDGE('',*,*,#16059,.T.);
#16059 = EDGE_CURVE('',#15980,#16060,#16062,.T.);
#16060 = VERTEX_POINT('',#16061);
#16061 = CARTESIAN_POINT('',(38.166678657211,-9.598541019845,0.6));
#16062 = SURFACE_CURVE('',#16063,(#16069,#16076),.PCURVE_S1.);
#16063 = B_SPLINE_CURVE_WITH_KNOTS('',2,(#16064,#16065,#16066,#16067,
    #16068),.UNSPECIFIED.,.F.,.F.,(3,1,1,3),(0.,1.,2.,3.),
  .UNSPECIFIED.);
#16064 = CARTESIAN_POINT('',(39.568065646108,-8.581095671742,0.6));
#16065 = CARTESIAN_POINT('',(39.155328382255,-8.581095671742,0.6));
#16066 = CARTESIAN_POINT('',(38.521824674945,-8.830657738258,0.6));
#16067 = CARTESIAN_POINT('',(38.166678657211,-9.28178916619,0.6));
#16068 = CARTESIAN_POINT('',(38.166678657211,-9.598541019845,0.6));
#16069 = PCURVE('',#16018,#16070);
#16070 = DEFINITIONAL_REPRESENTATION('',(#16071),#16075);
#16071 = LINE('',#16072,#16073);
#16072 = CARTESIAN_POINT('',(0.,-0.6));
#16073 = VECTOR('',#16074,1.);
#16074 = DIRECTION('',(1.,0.));
#16075 = ( GEOMETRIC_REPRESENTATION_CONTEXT(2) 
PARAMETRIC_REPRESENTATION_CONTEXT() REPRESENTATION_CONTEXT('2D SPACE',''
  ) );
#16076 = PCURVE('',#15365,#16077);
#16077 = DEFINITIONAL_REPRESENTATION('',(#16078),#16084);
#16078 = B_SPLINE_CURVE_WITH_KNOTS('',2,(#16079,#16080,#16081,#16082,
    #16083),.UNSPECIFIED.,.F.,.F.,(3,1,1,3),(0.,1.,2.,3.),
  .UNSPECIFIED.);
#16079 = CARTESIAN_POINT('',(-1.301134004418,-1.328692341305));
#16080 = CARTESIAN_POINT('',(-0.888396740565,-1.328692341305));
#16081 = CARTESIAN_POINT('',(-0.254893033255,-1.079130274789));
#16082 = CARTESIAN_POINT('',(0.100252984479,-0.627998846856));
#16083 = CARTESIAN_POINT('',(0.100252984479,-0.311246993201));
#16084 = ( GEOMETRIC_REPRESENTATION_CONTEXT(2) 
PARAMETRIC_REPRESENTATION_CONTEXT() REPRESENTATION_CONTEXT('2D SPACE',''
  ) );
#16085 = ORIENTED_EDGE('',*,*,#16086,.F.);
#16086 = EDGE_CURVE('',#16087,#16060,#16089,.T.);
#16087 = VERTEX_POINT('',#16088);
#16088 = CARTESIAN_POINT('',(38.166678657211,-9.598541019845,0.));
#16089 = SURFACE_CURVE('',#16090,(#16094,#16101),.PCURVE_S1.);
#16090 = LINE('',#16091,#16092);
#16091 = CARTESIAN_POINT('',(38.166678657211,-9.598541019845,0.));
#16092 = VECTOR('',#16093,1.);
#16093 = DIRECTION('',(0.,-0.,1.));
#16094 = PCURVE('',#16018,#16095);
#16095 = DEFINITIONAL_REPRESENTATION('',(#16096),#16100);
#16096 = LINE('',#16097,#16098);
#16097 = CARTESIAN_POINT('',(3.,0.));
#16098 = VECTOR('',#16099,1.);
#16099 = DIRECTION('',(0.,-1.));
#16100 = ( GEOMETRIC_REPRESENTATION_CONTEXT(2) 
PARAMETRIC_REPRESENTATION_CONTEXT() REPRESENTATION_CONTEXT('2D SPACE',''
  ) );
#16101 = PCURVE('',#15337,#16102);
#16102 = DEFINITIONAL_REPRESENTATION('',(#16103),#16107);
#16103 = LINE('',#16104,#16105);
#16104 = CARTESIAN_POINT('',(0.,0.));
#16105 = VECTOR('',#16106,1.);
#16106 = DIRECTION('',(0.,-1.));
#16107 = ( GEOMETRIC_REPRESENTATION_CONTEXT(2) 
PARAMETRIC_REPRESENTATION_CONTEXT() REPRESENTATION_CONTEXT('2D SPACE',''
  ) );
#16108 = ORIENTED_EDGE('',*,*,#16109,.F.);
#16109 = EDGE_CURVE('',#16003,#16087,#16110,.T.);
#16110 = SURFACE_CURVE('',#16111,(#16117,#16124),.PCURVE_S1.);
#16111 = B_SPLINE_CURVE_WITH_KNOTS('',2,(#16112,#16113,#16114,#16115,
    #16116),.UNSPECIFIED.,.F.,.F.,(3,1,1,3),(0.,1.,2.,3.),
  .UNSPECIFIED.);
#16112 = CARTESIAN_POINT('',(39.568065646108,-8.581095671742,0.));
#16113 = CARTESIAN_POINT('',(39.155328382255,-8.581095671742,0.));
#16114 = CARTESIAN_POINT('',(38.521824674945,-8.830657738258,0.));
#16115 = CARTESIAN_POINT('',(38.166678657211,-9.28178916619,0.));
#16116 = CARTESIAN_POINT('',(38.166678657211,-9.598541019845,0.));
#16117 = PCURVE('',#16018,#16118);
#16118 = DEFINITIONAL_REPRESENTATION('',(#16119),#16123);
#16119 = LINE('',#16120,#16121);
#16120 = CARTESIAN_POINT('',(0.,0.));
#16121 = VECTOR('',#16122,1.);
#16122 = DIRECTION('',(1.,0.));
#16123 = ( GEOMETRIC_REPRESENTATION_CONTEXT(2) 
PARAMETRIC_REPRESENTATION_CONTEXT() REPRESENTATION_CONTEXT('2D SPACE',''
  ) );
#16124 = PCURVE('',#15419,#16125);
#16125 = DEFINITIONAL_REPRESENTATION('',(#16126),#16132);
#16126 = B_SPLINE_CURVE_WITH_KNOTS('',2,(#16127,#16128,#16129,#16130,
    #16131),.UNSPECIFIED.,.F.,.F.,(3,1,1,3),(0.,1.,2.,3.),
  .UNSPECIFIED.);
#16127 = CARTESIAN_POINT('',(-1.301134004418,-1.328692341305));
#16128 = CARTESIAN_POINT('',(-0.888396740565,-1.328692341305));
#16129 = CARTESIAN_POINT('',(-0.254893033255,-1.079130274789));
#16130 = CARTESIAN_POINT('',(0.100252984479,-0.627998846856));
#16131 = CARTESIAN_POINT('',(0.100252984479,-0.311246993201));
#16132 = ( GEOMETRIC_REPRESENTATION_CONTEXT(2) 
PARAMETRIC_REPRESENTATION_CONTEXT() REPRESENTATION_CONTEXT('2D SPACE',''
  ) );
#16133 = ADVANCED_FACE('',(#16134),#15337,.T.);
#16134 = FACE_BOUND('',#16135,.T.);
#16135 = EDGE_LOOP('',(#16136,#16137,#16158,#16159));
#16136 = ORIENTED_EDGE('',*,*,#16086,.T.);
#16137 = ORIENTED_EDGE('',*,*,#16138,.T.);
#16138 = EDGE_CURVE('',#16060,#15317,#16139,.T.);
#16139 = SURFACE_CURVE('',#16140,(#16144,#16151),.PCURVE_S1.);
#16140 = LINE('',#16141,#16142);
#16141 = CARTESIAN_POINT('',(38.166678657211,-9.598541019845,0.6));
#16142 = VECTOR('',#16143,1.);
#16143 = DIRECTION('',(-0.,-1.,-0.));
#16144 = PCURVE('',#15337,#16145);
#16145 = DEFINITIONAL_REPRESENTATION('',(#16146),#16150);
#16146 = LINE('',#16147,#16148);
#16147 = CARTESIAN_POINT('',(0.,-0.6));
#16148 = VECTOR('',#16149,1.);
#16149 = DIRECTION('',(1.,0.));
#16150 = ( GEOMETRIC_REPRESENTATION_CONTEXT(2) 
PARAMETRIC_REPRESENTATION_CONTEXT() REPRESENTATION_CONTEXT('2D SPACE',''
  ) );
#16151 = PCURVE('',#15365,#16152);
#16152 = DEFINITIONAL_REPRESENTATION('',(#16153),#16157);
#16153 = LINE('',#16154,#16155);
#16154 = CARTESIAN_POINT('',(0.100252984479,-0.311246993201));
#16155 = VECTOR('',#16156,1.);
#16156 = DIRECTION('',(-0.,1.));
#16157 = ( GEOMETRIC_REPRESENTATION_CONTEXT(2) 
PARAMETRIC_REPRESENTATION_CONTEXT() REPRESENTATION_CONTEXT('2D SPACE',''
  ) );
#16158 = ORIENTED_EDGE('',*,*,#15314,.F.);
#16159 = ORIENTED_EDGE('',*,*,#16160,.F.);
#16160 = EDGE_CURVE('',#16087,#15315,#16161,.T.);
#16161 = SURFACE_CURVE('',#16162,(#16166,#16173),.PCURVE_S1.);
#16162 = LINE('',#16163,#16164);
#16163 = CARTESIAN_POINT('',(38.166678657211,-9.598541019845,0.));
#16164 = VECTOR('',#16165,1.);
#16165 = DIRECTION('',(-0.,-1.,-0.));
#16166 = PCURVE('',#15337,#16167);
#16167 = DEFINITIONAL_REPRESENTATION('',(#16168),#16172);
#16168 = LINE('',#16169,#16170);
#16169 = CARTESIAN_POINT('',(0.,0.));
#16170 = VECTOR('',#16171,1.);
#16171 = DIRECTION('',(1.,0.));
#16172 = ( GEOMETRIC_REPRESENTATION_CONTEXT(2) 
PARAMETRIC_REPRESENTATION_CONTEXT() REPRESENTATION_CONTEXT('2D SPACE',''
  ) );
#16173 = PCURVE('',#15419,#16174);
#16174 = DEFINITIONAL_REPRESENTATION('',(#16175),#16179);
#16175 = LINE('',#16176,#16177);
#16176 = CARTESIAN_POINT('',(0.100252984479,-0.311246993201));
#16177 = VECTOR('',#16178,1.);
#16178 = DIRECTION('',(-0.,1.));
#16179 = ( GEOMETRIC_REPRESENTATION_CONTEXT(2) 
PARAMETRIC_REPRESENTATION_CONTEXT() REPRESENTATION_CONTEXT('2D SPACE',''
  ) );
#16180 = ADVANCED_FACE('',(#16181),#15419,.F.);
#16181 = FACE_BOUND('',#16182,.T.);
#16182 = EDGE_LOOP('',(#16183,#16184,#16185,#16186,#16187,#16188,#16189,
    #16190,#16191,#16192,#16193));
#16183 = ORIENTED_EDGE('',*,*,#15405,.T.);
#16184 = ORIENTED_EDGE('',*,*,#15486,.T.);
#16185 = ORIENTED_EDGE('',*,*,#15562,.T.);
#16186 = ORIENTED_EDGE('',*,*,#15638,.T.);
#16187 = ORIENTED_EDGE('',*,*,#15718,.T.);
#16188 = ORIENTED_EDGE('',*,*,#15798,.T.);
#16189 = ORIENTED_EDGE('',*,*,#15878,.T.);
#16190 = ORIENTED_EDGE('',*,*,#15954,.T.);
#16191 = ORIENTED_EDGE('',*,*,#16034,.T.);
#16192 = ORIENTED_EDGE('',*,*,#16109,.T.);
#16193 = ORIENTED_EDGE('',*,*,#16160,.T.);
#16194 = ADVANCED_FACE('',(#16195),#15365,.T.);
#16195 = FACE_BOUND('',#16196,.F.);
#16196 = EDGE_LOOP('',(#16197,#16198,#16199,#16200,#16201,#16202,#16203,
    #16204,#16205,#16206,#16207));
#16197 = ORIENTED_EDGE('',*,*,#15349,.T.);
#16198 = ORIENTED_EDGE('',*,*,#15435,.T.);
#16199 = ORIENTED_EDGE('',*,*,#15511,.T.);
#16200 = ORIENTED_EDGE('',*,*,#15587,.T.);
#16201 = ORIENTED_EDGE('',*,*,#15663,.T.);
#16202 = ORIENTED_EDGE('',*,*,#15743,.T.);
#16203 = ORIENTED_EDGE('',*,*,#15827,.T.);
#16204 = ORIENTED_EDGE('',*,*,#15903,.T.);
#16205 = ORIENTED_EDGE('',*,*,#15979,.T.);
#16206 = ORIENTED_EDGE('',*,*,#16059,.T.);
#16207 = ORIENTED_EDGE('',*,*,#16138,.T.);
#16208 = ( GEOMETRIC_REPRESENTATION_CONTEXT(3) 
GLOBAL_UNCERTAINTY_ASSIGNED_CONTEXT((#16212)) 
GLOBAL_UNIT_ASSIGNED_CONTEXT((#16209,#16210,#16211)) 
REPRESENTATION_CONTEXT('Context #1',
  '3D Context with UNIT and UNCERTAINTY') );
#16209 = ( LENGTH_UNIT() NAMED_UNIT(*) SI_UNIT(.MILLI.,.METRE.) );
#16210 = ( NAMED_UNIT(*) PLANE_ANGLE_UNIT() SI_UNIT($,.RADIAN.) );
#16211 = ( NAMED_UNIT(*) SI_UNIT($,.STERADIAN.) SOLID_ANGLE_UNIT() );
#16212 = UNCERTAINTY_MEASURE_WITH_UNIT(LENGTH_MEASURE(1.E-07),#16209,
  'distance_accuracy_value','confusion accuracy');
#16213 = CONTEXT_DEPENDENT_SHAPE_REPRESENTATION(#16214,#16216);
#16214 = ( REPRESENTATION_RELATIONSHIP('','',#32,#10) 
REPRESENTATION_RELATIONSHIP_WITH_TRANSFORMATION(#16215) 
SHAPE_REPRESENTATION_RELATIONSHIP() );
#16215 = ITEM_DEFINED_TRANSFORMATION('','',#11,#15);
#16216 = PRODUCT_DEFINITION_SHAPE('Placement','Placement of an item',
  #16217);
#16217 = NEXT_ASSEMBLY_USAGE_OCCURRENCE('1','=>[0:1:1:2]','',#5,#27,$);
#16218 = PRODUCT_RELATED_PRODUCT_CATEGORY('part',$,(#29));
ENDSEC;
END-ISO-10303-21;
